Unit weight [kN/m3],Undrained Shear Strength [kPa],Saturated permeability [m/s],Soil Type [-],Slope angle [°],Slope length [m],Total length [m],Slope height [m],Total height Upstream [m],Total height Downstream [m],Soil depth upstream [m],Soil depth downstream [m],Bedrock depth upstream [m],Bedrock depth downstream [m],Initial piezometric surface depth - upstream [m],Initial piezometric surface depth - downstream [m],Return period of precipitation [years],Accumulated precipitation [mm],Precipitation duration [hrs],Factor of safety [-],Depth of slip surface [m],Final Piezometric surface depth - upstream [m],Final Piezometric surface depth - downstream [m]
12,175,0.0000000100,3,20,20,100,7.2794046853,25,17.7205953147,22.5000000000,15.2205953147,2.5000000000,2.5000000000,22.5000000000,15.2205953147,30.0000000000,315.9000000000,100,12.6230000000,20.0000000000,22.5000000000,15.2205953147
15,175,0.0000000100,3,20,20,100,7.2794046853,25,17.7205953147,22.5000000000,15.2205953147,2.5000000000,2.5000000000,22.5000000000,15.2205953147,30.0000000000,315.9000000000,100,9.9240000000,20.0000000000,22.5000000000,15.2205953147
18,175,0.0000000100,3,20,20,100,7.2794046853,25,17.7205953147,22.5000000000,15.2205953147,2.5000000000,2.5000000000,22.5000000000,15.2205953147,30.0000000000,315.9000000000,100,8.1750000000,20.0000000000,22.5000000000,15.2205953147
21,175,0.0000000100,3,20,20,100,7.2794046853,25,17.7205953147,22.5000000000,15.2205953147,2.5000000000,2.5000000000,22.5000000000,15.2205953147,30.0000000000,315.9000000000,100,6.9500000000,20.0000000000,22.5000000000,15.2205953147
24,175,0.0000000100,3,20,20,100,7.2794046853,25,17.7205953147,22.5000000000,15.2205953147,2.5000000000,2.5000000000,22.5000000000,15.2205953147,30.0000000000,315.9000000000,100,6.0450000000,20.0000000000,22.5000000000,15.2205953147
18,25,0.0000000100,3,20,20,100,7.2794046853,25,17.7205953147,22.5000000000,15.2205953147,2.5000000000,2.5000000000,22.5000000000,15.2205953147,30.0000000000,315.9000000000,100,1.1680000000,20.0000000000,22.5000000000,15.2205953147
18,75,0.0000000100,3,20,20,100,7.2794046853,25,17.7205953147,22.5000000000,15.2205953147,2.5000000000,2.5000000000,22.5000000000,15.2205953147,30.0000000000,315.9000000000,100,3.5040000000,20.0000000000,22.5000000000,15.2205953147
18,225,0.0000000100,3,20,20,100,7.2794046853,25,17.7205953147,22.5000000000,15.2205953147,2.5000000000,2.5000000000,22.5000000000,15.2205953147,30.0000000000,315.9000000000,100,10.5110000000,20.0000000000,22.5000000000,15.2205953147
18,275,0.0000000100,3,20,20,100,7.2794046853,25,17.7205953147,22.5000000000,15.2205953147,2.5000000000,2.5000000000,22.5000000000,15.2205953147,30.0000000000,315.9000000000,100,12.8470000000,20.0000000000,22.5000000000,15.2205953147
18,325,0.0000000100,3,20,20,100,7.2794046853,25,17.7205953147,22.5000000000,15.2205953147,2.5000000000,2.5000000000,22.5000000000,15.2205953147,30.0000000000,315.9000000000,100,15.1820000000,20.0000000000,22.5000000000,15.2205953147
12,175,0.0000000100,3,20,20,100,7.2794046853,25,17.7205953147,22.5000000000,15.2205953147,2.5000000000,2.5000000000,22.5000000000,15.2205953147,200.0000000000,480.5000000000,100,12.6230000000,20.0000000000,22.5000000000,15.2205953147
15,175,0.0000000100,3,20,20,100,7.2794046853,25,17.7205953147,22.5000000000,15.2205953147,2.5000000000,2.5000000000,22.5000000000,15.2205953147,200.0000000000,480.5000000000,100,9.9240000000,20.0000000000,22.5000000000,15.2205953147
18,175,0.0000000100,3,20,20,100,7.2794046853,25,17.7205953147,22.5000000000,15.2205953147,2.5000000000,2.5000000000,22.5000000000,15.2205953147,200.0000000000,480.5000000000,100,8.1750000000,20.0000000000,22.5000000000,15.2205953147
21,175,0.0000000100,3,20,20,100,7.2794046853,25,17.7205953147,22.5000000000,15.2205953147,2.5000000000,2.5000000000,22.5000000000,15.2205953147,200.0000000000,480.5000000000,100,6.9500000000,20.0000000000,22.5000000000,15.2205953147
24,175,0.0000000100,3,20,20,100,7.2794046853,25,17.7205953147,22.5000000000,15.2205953147,2.5000000000,2.5000000000,22.5000000000,15.2205953147,200.0000000000,480.5000000000,100,6.0450000000,20.0000000000,22.5000000000,15.2205953147
18,25,0.0000000100,3,20,20,100,7.2794046853,25,17.7205953147,22.5000000000,15.2205953147,2.5000000000,2.5000000000,22.5000000000,15.2205953147,200.0000000000,480.5000000000,100,1.1680000000,20.0000000000,22.5000000000,15.2205953147
18,75,0.0000000100,3,20,20,100,7.2794046853,25,17.7205953147,22.5000000000,15.2205953147,2.5000000000,2.5000000000,22.5000000000,15.2205953147,200.0000000000,480.5000000000,100,3.5040000000,20.0000000000,22.5000000000,15.2205953147
18,225,0.0000000100,3,20,20,100,7.2794046853,25,17.7205953147,22.5000000000,15.2205953147,2.5000000000,2.5000000000,22.5000000000,15.2205953147,200.0000000000,480.5000000000,100,10.5110000000,20.0000000000,22.5000000000,15.2205953147
18,275,0.0000000100,3,20,20,100,7.2794046853,25,17.7205953147,22.5000000000,15.2205953147,2.5000000000,2.5000000000,22.5000000000,15.2205953147,200.0000000000,480.5000000000,100,12.8470000000,20.0000000000,22.5000000000,15.2205953147
18,325,0.0000000100,3,20,20,100,7.2794046853,25,17.7205953147,22.5000000000,15.2205953147,2.5000000000,2.5000000000,22.5000000000,15.2205953147,200.0000000000,480.5000000000,100,15.1820000000,20.0000000000,22.5000000000,15.2205953147
12,175,0.0000000100,3,20,20,100,7.2794046853,25,17.7205953147,22.5000000000,15.2205953147,2.5000000000,2.5000000000,22.5000000000,15.2205953147,500.0000000000,586.0000000000,100,12.6230000000,20.0000000000,22.5000000000,15.2205953147
15,175,0.0000000100,3,20,20,100,7.2794046853,25,17.7205953147,22.5000000000,15.2205953147,2.5000000000,2.5000000000,22.5000000000,15.2205953147,500.0000000000,586.0000000000,100,9.9240000000,20.0000000000,22.5000000000,15.2205953147
18,175,0.0000000100,3,20,20,100,7.2794046853,25,17.7205953147,22.5000000000,15.2205953147,2.5000000000,2.5000000000,22.5000000000,15.2205953147,500.0000000000,586.0000000000,100,8.1750000000,20.0000000000,22.5000000000,15.2205953147
21,175,0.0000000100,3,20,20,100,7.2794046853,25,17.7205953147,22.5000000000,15.2205953147,2.5000000000,2.5000000000,22.5000000000,15.2205953147,500.0000000000,586.0000000000,100,6.9500000000,20.0000000000,22.5000000000,15.2205953147
24,175,0.0000000100,3,20,20,100,7.2794046853,25,17.7205953147,22.5000000000,15.2205953147,2.5000000000,2.5000000000,22.5000000000,15.2205953147,500.0000000000,586.0000000000,100,6.0450000000,20.0000000000,22.5000000000,15.2205953147
18,25,0.0000000100,3,20,20,100,7.2794046853,25,17.7205953147,22.5000000000,15.2205953147,2.5000000000,2.5000000000,22.5000000000,15.2205953147,500.0000000000,586.0000000000,100,1.1680000000,20.0000000000,22.5000000000,15.2205953147
18,75,0.0000000100,3,20,20,100,7.2794046853,25,17.7205953147,22.5000000000,15.2205953147,2.5000000000,2.5000000000,22.5000000000,15.2205953147,500.0000000000,586.0000000000,100,3.5040000000,20.0000000000,22.5000000000,15.2205953147
18,225,0.0000000100,3,20,20,100,7.2794046853,25,17.7205953147,22.5000000000,15.2205953147,2.5000000000,2.5000000000,22.5000000000,15.2205953147,500.0000000000,586.0000000000,100,10.5110000000,20.0000000000,22.5000000000,15.2205953147
18,275,0.0000000100,3,20,20,100,7.2794046853,25,17.7205953147,22.5000000000,15.2205953147,2.5000000000,2.5000000000,22.5000000000,15.2205953147,500.0000000000,586.0000000000,100,12.8470000000,20.0000000000,22.5000000000,15.2205953147
18,325,0.0000000100,3,20,20,100,7.2794046853,25,17.7205953147,22.5000000000,15.2205953147,2.5000000000,2.5000000000,22.5000000000,15.2205953147,500.0000000000,586.0000000000,100,15.1820000000,20.0000000000,22.5000000000,15.2205953147
12,175,0.0000000100,3,20,40,200,14.5588093706,45,30.4411906294,40.5000000000,25.9411906294,4.5000000000,4.5000000000,40.5000000000,25.9411906294,30.0000000000,315.9000000000,100,6.3720000000,36.0000000000,40.5000000000,25.9411906294
15,175,0.0000000100,3,20,40,200,14.5588093706,45,30.4411906294,40.5000000000,25.9411906294,4.5000000000,4.5000000000,40.5000000000,25.9411906294,30.0000000000,315.9000000000,100,5.0090000000,36.0000000000,40.5000000000,25.9411906294
18,175,0.0000000100,3,20,40,200,14.5588093706,45,30.4411906294,40.5000000000,25.9411906294,4.5000000000,4.5000000000,40.5000000000,25.9411906294,30.0000000000,315.9000000000,100,4.1270000000,36.0000000000,40.5000000000,25.9411906294
21,175,0.0000000100,3,20,40,200,14.5588093706,45,30.4411906294,40.5000000000,25.9411906294,4.5000000000,4.5000000000,40.5000000000,25.9411906294,30.0000000000,315.9000000000,100,3.5090000000,36.0000000000,40.5000000000,25.9411906294
24,175,0.0000000100,3,20,40,200,14.5588093706,45,30.4411906294,40.5000000000,25.9411906294,4.5000000000,4.5000000000,40.5000000000,25.9411906294,30.0000000000,315.9000000000,100,3.0520000000,36.0000000000,40.5000000000,25.9411906294
18,75,0.0000000100,3,20,40,200,14.5588093706,45,30.4411906294,40.5000000000,25.9411906294,4.5000000000,4.5000000000,40.5000000000,25.9411906294,30.0000000000,315.9000000000,100,1.7690000000,36.0000000000,40.5000000000,25.9411906294
18,225,0.0000000100,3,20,40,200,14.5588093706,45,30.4411906294,40.5000000000,25.9411906294,4.5000000000,4.5000000000,40.5000000000,25.9411906294,30.0000000000,315.9000000000,100,5.3060000000,36.0000000000,40.5000000000,25.9411906294
18,275,0.0000000100,3,20,40,200,14.5588093706,45,30.4411906294,40.5000000000,25.9411906294,4.5000000000,4.5000000000,40.5000000000,25.9411906294,30.0000000000,315.9000000000,100,6.4850000000,36.0000000000,40.5000000000,25.9411906294
18,325,0.0000000100,3,20,40,200,14.5588093706,45,30.4411906294,40.5000000000,25.9411906294,4.5000000000,4.5000000000,40.5000000000,25.9411906294,30.0000000000,315.9000000000,100,7.6640000000,36.0000000000,40.5000000000,25.9411906294
12,175,0.0000000100,3,20,40,200,14.5588093706,45,30.4411906294,40.5000000000,25.9411906294,4.5000000000,4.5000000000,40.5000000000,25.9411906294,200.0000000000,480.5000000000,100,6.3720000000,36.0000000000,40.5000000000,25.9411906294
15,175,0.0000000100,3,20,40,200,14.5588093706,45,30.4411906294,40.5000000000,25.9411906294,4.5000000000,4.5000000000,40.5000000000,25.9411906294,200.0000000000,480.5000000000,100,5.0090000000,36.0000000000,40.5000000000,25.9411906294
18,175,0.0000000100,3,20,40,200,14.5588093706,45,30.4411906294,40.5000000000,25.9411906294,4.5000000000,4.5000000000,40.5000000000,25.9411906294,200.0000000000,480.5000000000,100,4.1270000000,36.0000000000,40.5000000000,25.9411906294
21,175,0.0000000100,3,20,40,200,14.5588093706,45,30.4411906294,40.5000000000,25.9411906294,4.5000000000,4.5000000000,40.5000000000,25.9411906294,200.0000000000,480.5000000000,100,3.5090000000,36.0000000000,40.5000000000,25.9411906294
24,175,0.0000000100,3,20,40,200,14.5588093706,45,30.4411906294,40.5000000000,25.9411906294,4.5000000000,4.5000000000,40.5000000000,25.9411906294,200.0000000000,480.5000000000,100,3.0520000000,36.0000000000,40.5000000000,25.9411906294
18,75,0.0000000100,3,20,40,200,14.5588093706,45,30.4411906294,40.5000000000,25.9411906294,4.5000000000,4.5000000000,40.5000000000,25.9411906294,200.0000000000,480.5000000000,100,1.7690000000,36.0000000000,40.5000000000,25.9411906294
18,225,0.0000000100,3,20,40,200,14.5588093706,45,30.4411906294,40.5000000000,25.9411906294,4.5000000000,4.5000000000,40.5000000000,25.9411906294,200.0000000000,480.5000000000,100,5.3060000000,36.0000000000,40.5000000000,25.9411906294
18,275,0.0000000100,3,20,40,200,14.5588093706,45,30.4411906294,40.5000000000,25.9411906294,4.5000000000,4.5000000000,40.5000000000,25.9411906294,200.0000000000,480.5000000000,100,6.4850000000,36.0000000000,40.5000000000,25.9411906294
18,325,0.0000000100,3,20,40,200,14.5588093706,45,30.4411906294,40.5000000000,25.9411906294,4.5000000000,4.5000000000,40.5000000000,25.9411906294,200.0000000000,480.5000000000,100,7.6640000000,36.0000000000,40.5000000000,25.9411906294
12,175,0.0000000100,3,20,40,200,14.5588093706,45,30.4411906294,40.5000000000,25.9411906294,4.5000000000,4.5000000000,40.5000000000,25.9411906294,500.0000000000,586.0000000000,100,6.3720000000,36.0000000000,40.5000000000,25.9411906294
15,175,0.0000000100,3,20,40,200,14.5588093706,45,30.4411906294,40.5000000000,25.9411906294,4.5000000000,4.5000000000,40.5000000000,25.9411906294,500.0000000000,586.0000000000,100,5.0090000000,36.0000000000,40.5000000000,25.9411906294
18,175,0.0000000100,3,20,40,200,14.5588093706,45,30.4411906294,40.5000000000,25.9411906294,4.5000000000,4.5000000000,40.5000000000,25.9411906294,500.0000000000,586.0000000000,100,4.1270000000,36.0000000000,40.5000000000,25.9411906294
21,175,0.0000000100,3,20,40,200,14.5588093706,45,30.4411906294,40.5000000000,25.9411906294,4.5000000000,4.5000000000,40.5000000000,25.9411906294,500.0000000000,586.0000000000,100,3.5090000000,36.0000000000,40.5000000000,25.9411906294
24,175,0.0000000100,3,20,40,200,14.5588093706,45,30.4411906294,40.5000000000,25.9411906294,4.5000000000,4.5000000000,40.5000000000,25.9411906294,500.0000000000,586.0000000000,100,3.0520000000,36.0000000000,40.5000000000,25.9411906294
18,75,0.0000000100,3,20,40,200,14.5588093706,45,30.4411906294,40.5000000000,25.9411906294,4.5000000000,4.5000000000,40.5000000000,25.9411906294,500.0000000000,586.0000000000,100,1.7690000000,36.0000000000,40.5000000000,25.9411906294
18,225,0.0000000100,3,20,40,200,14.5588093706,45,30.4411906294,40.5000000000,25.9411906294,4.5000000000,4.5000000000,40.5000000000,25.9411906294,500.0000000000,586.0000000000,100,5.3060000000,36.0000000000,40.5000000000,25.9411906294
18,275,0.0000000100,3,20,40,200,14.5588093706,45,30.4411906294,40.5000000000,25.9411906294,4.5000000000,4.5000000000,40.5000000000,25.9411906294,500.0000000000,586.0000000000,100,6.4850000000,36.0000000000,40.5000000000,25.9411906294
18,325,0.0000000100,3,20,40,200,14.5588093706,45,30.4411906294,40.5000000000,25.9411906294,4.5000000000,4.5000000000,40.5000000000,25.9411906294,500.0000000000,586.0000000000,100,7.6640000000,36.0000000000,40.5000000000,25.9411906294
12,175,0.0000000100,3,30,20,100,11.5470053838,35,23.4529946162,31.5000000000,19.9529946162,3.5000000000,3.5000000000,31.5000000000,19.9529946162,30.0000000000,315.9000000000,100,8.0140000000,21.0000000000,31.5000000000,19.9529946162
15,175,0.0000000100,3,30,20,100,11.5470053838,35,23.4529946162,31.5000000000,19.9529946162,3.5000000000,3.5000000000,31.5000000000,19.9529946162,30.0000000000,315.9000000000,100,6.3000000000,21.0000000000,31.5000000000,19.9529946162
21,175,0.0000000100,3,30,20,100,11.5470053838,35,23.4529946162,31.5000000000,19.9529946162,3.5000000000,3.5000000000,31.5000000000,19.9529946162,30.0000000000,315.9000000000,100,4.4130000000,21.0000000000,31.5000000000,19.9529946162
18,25,0.0000000100,3,30,20,100,11.5470053838,35,23.4529946162,31.5000000000,19.9529946162,3.5000000000,3.5000000000,31.5000000000,19.9529946162,30.0000000000,315.9000000000,100,0.7420000000,21.0000000000,31.5000000000,19.9529946162
18,75,0.0000000100,3,30,20,100,11.5470053838,35,23.4529946162,31.5000000000,19.9529946162,3.5000000000,3.5000000000,31.5000000000,19.9529946162,30.0000000000,315.9000000000,100,2.2240000000,21.0000000000,31.5000000000,19.9529946162
18,125,0.0000000100,3,30,20,100,11.5470053838,35,23.4529946162,31.5000000000,19.9529946162,3.5000000000,3.5000000000,31.5000000000,19.9529946162,30.0000000000,315.9000000000,100,3.7080000000,21.0000000000,31.5000000000,19.9529946162
18,275,0.0000000100,3,30,20,100,11.5470053838,35,23.4529946162,31.5000000000,19.9529946162,3.5000000000,3.5000000000,31.5000000000,19.9529946162,30.0000000000,315.9000000000,100,8.1560000000,21.0000000000,31.5000000000,19.9529946162
18,325,0.0000000100,3,30,20,100,11.5470053838,35,23.4529946162,31.5000000000,19.9529946162,3.5000000000,3.5000000000,31.5000000000,19.9529946162,30.0000000000,315.9000000000,100,9.6390000000,21.0000000000,31.5000000000,19.9529946162
12,175,0.0000000100,3,30,20,100,11.5470053838,35,23.4529946162,31.5000000000,19.9529946162,3.5000000000,3.5000000000,31.5000000000,19.9529946162,200.0000000000,480.5000000000,100,8.0140000000,21.0000000000,31.5000000000,19.9529946162
15,175,0.0000000100,3,30,20,100,11.5470053838,35,23.4529946162,31.5000000000,19.9529946162,3.5000000000,3.5000000000,31.5000000000,19.9529946162,200.0000000000,480.5000000000,100,6.3000000000,21.0000000000,31.5000000000,19.9529946162
21,175,0.0000000100,3,30,20,100,11.5470053838,35,23.4529946162,31.5000000000,19.9529946162,3.5000000000,3.5000000000,31.5000000000,19.9529946162,200.0000000000,480.5000000000,100,4.4130000000,21.0000000000,31.5000000000,19.9529946162
18,25,0.0000000100,3,30,20,100,11.5470053838,35,23.4529946162,31.5000000000,19.9529946162,3.5000000000,3.5000000000,31.5000000000,19.9529946162,200.0000000000,480.5000000000,100,0.7420000000,21.0000000000,31.5000000000,19.9529946162
18,75,0.0000000100,3,30,20,100,11.5470053838,35,23.4529946162,31.5000000000,19.9529946162,3.5000000000,3.5000000000,31.5000000000,19.9529946162,200.0000000000,480.5000000000,100,2.2240000000,21.0000000000,31.5000000000,19.9529946162
18,125,0.0000000100,3,30,20,100,11.5470053838,35,23.4529946162,31.5000000000,19.9529946162,3.5000000000,3.5000000000,31.5000000000,19.9529946162,200.0000000000,480.5000000000,100,3.7080000000,21.0000000000,31.5000000000,19.9529946162
18,275,0.0000000100,3,30,20,100,11.5470053838,35,23.4529946162,31.5000000000,19.9529946162,3.5000000000,3.5000000000,31.5000000000,19.9529946162,200.0000000000,480.5000000000,100,8.1560000000,21.0000000000,31.5000000000,19.9529946162
18,325,0.0000000100,3,30,20,100,11.5470053838,35,23.4529946162,31.5000000000,19.9529946162,3.5000000000,3.5000000000,31.5000000000,19.9529946162,200.0000000000,480.5000000000,100,9.6390000000,21.0000000000,31.5000000000,19.9529946162
12,175,0.0000000100,3,30,20,100,11.5470053838,35,23.4529946162,31.5000000000,19.9529946162,3.5000000000,3.5000000000,31.5000000000,19.9529946162,500.0000000000,586.0000000000,100,8.0140000000,21.0000000000,31.5000000000,19.9529946162
15,175,0.0000000100,3,30,20,100,11.5470053838,35,23.4529946162,31.5000000000,19.9529946162,3.5000000000,3.5000000000,31.5000000000,19.9529946162,500.0000000000,586.0000000000,100,6.3000000000,21.0000000000,31.5000000000,19.9529946162
21,175,0.0000000100,3,30,20,100,11.5470053838,35,23.4529946162,31.5000000000,19.9529946162,3.5000000000,3.5000000000,31.5000000000,19.9529946162,500.0000000000,586.0000000000,100,4.4130000000,21.0000000000,31.5000000000,19.9529946162
18,25,0.0000000100,3,30,20,100,11.5470053838,35,23.4529946162,31.5000000000,19.9529946162,3.5000000000,3.5000000000,31.5000000000,19.9529946162,500.0000000000,586.0000000000,100,0.7420000000,21.0000000000,31.5000000000,19.9529946162
18,75,0.0000000100,3,30,20,100,11.5470053838,35,23.4529946162,31.5000000000,19.9529946162,3.5000000000,3.5000000000,31.5000000000,19.9529946162,500.0000000000,586.0000000000,100,2.2240000000,21.0000000000,31.5000000000,19.9529946162
18,125,0.0000000100,3,30,20,100,11.5470053838,35,23.4529946162,31.5000000000,19.9529946162,3.5000000000,3.5000000000,31.5000000000,19.9529946162,500.0000000000,586.0000000000,100,3.7080000000,21.0000000000,31.5000000000,19.9529946162
18,275,0.0000000100,3,30,20,100,11.5470053838,35,23.4529946162,31.5000000000,19.9529946162,3.5000000000,3.5000000000,31.5000000000,19.9529946162,500.0000000000,586.0000000000,100,8.1560000000,21.0000000000,31.5000000000,19.9529946162
18,325,0.0000000100,3,30,20,100,11.5470053838,35,23.4529946162,31.5000000000,19.9529946162,3.5000000000,3.5000000000,31.5000000000,19.9529946162,500.0000000000,586.0000000000,100,9.6390000000,21.0000000000,31.5000000000,19.9529946162
12,175,0.0000000100,3,30,20,100,11.5470053838,35,23.4529946162,8.7500000000,5.8632486541,26.2500000000,17.5897459622,8.7500000000,5.8632486541,30.0000000000,315.9000000000,100,8.0140000000,10.0000000000,8.7500000000,5.8632486541
15,175,0.0000000100,3,30,20,100,11.5470053838,35,23.4529946162,8.7500000000,5.8632486541,26.2500000000,17.5897459622,8.7500000000,5.8632486541,30.0000000000,315.9000000000,100,6.3000000000,10.0000000000,8.7500000000,5.8632486541
18,175,0.0000000100,3,30,20,100,11.5470053838,35,23.4529946162,8.7500000000,5.8632486541,26.2500000000,17.5897459622,8.7500000000,5.8632486541,30.0000000000,315.9000000000,100,5.1900000000,10.0000000000,8.7500000000,5.8632486541
21,175,0.0000000100,3,30,20,100,11.5470053838,35,23.4529946162,8.7500000000,5.8632486541,26.2500000000,17.5897459622,8.7500000000,5.8632486541,30.0000000000,315.9000000000,100,4.4130000000,10.0000000000,8.7500000000,5.8632486541
24,175,0.0000000100,3,30,20,100,11.5470053838,35,23.4529946162,8.7500000000,5.8632486541,26.2500000000,17.5897459622,8.7500000000,5.8632486541,30.0000000000,315.9000000000,100,3.8380000000,10.0000000000,8.7500000000,5.8632486541
18,75,0.0000000100,3,30,20,100,11.5470053838,35,23.4529946162,8.7500000000,5.8632486541,26.2500000000,17.5897459622,8.7500000000,5.8632486541,30.0000000000,315.9000000000,100,2.2240000000,10.0000000000,8.7500000000,5.8632486541
18,125,0.0000000100,3,30,20,100,11.5470053838,35,23.4529946162,8.7500000000,5.8632486541,26.2500000000,17.5897459622,8.7500000000,5.8632486541,30.0000000000,315.9000000000,100,3.7080000000,10.0000000000,8.7500000000,5.8632486541
18,275,0.0000000100,3,30,20,100,11.5470053838,35,23.4529946162,8.7500000000,5.8632486541,26.2500000000,17.5897459622,8.7500000000,5.8632486541,30.0000000000,315.9000000000,100,8.1560000000,10.0000000000,8.7500000000,5.8632486541
18,325,0.0000000100,3,30,20,100,11.5470053838,35,23.4529946162,8.7500000000,5.8632486541,26.2500000000,17.5897459622,8.7500000000,5.8632486541,30.0000000000,315.9000000000,100,9.6390000000,10.0000000000,8.7500000000,5.8632486541
12,175,0.0000000100,3,30,20,100,11.5470053838,35,23.4529946162,8.7500000000,5.8632486541,26.2500000000,17.5897459622,8.7500000000,5.8632486541,200.0000000000,480.5000000000,100,8.0140000000,10.0000000000,8.7500000000,5.8632486541
15,175,0.0000000100,3,30,20,100,11.5470053838,35,23.4529946162,8.7500000000,5.8632486541,26.2500000000,17.5897459622,8.7500000000,5.8632486541,200.0000000000,480.5000000000,100,6.3000000000,10.0000000000,8.7500000000,5.8632486541
18,175,0.0000000100,3,30,20,100,11.5470053838,35,23.4529946162,8.7500000000,5.8632486541,26.2500000000,17.5897459622,8.7500000000,5.8632486541,200.0000000000,480.5000000000,100,5.1900000000,10.0000000000,8.7500000000,5.8632486541
21,175,0.0000000100,3,30,20,100,11.5470053838,35,23.4529946162,8.7500000000,5.8632486541,26.2500000000,17.5897459622,8.7500000000,5.8632486541,200.0000000000,480.5000000000,100,4.4130000000,10.0000000000,8.7500000000,5.8632486541
24,175,0.0000000100,3,30,20,100,11.5470053838,35,23.4529946162,8.7500000000,5.8632486541,26.2500000000,17.5897459622,8.7500000000,5.8632486541,200.0000000000,480.5000000000,100,3.8380000000,10.0000000000,8.7500000000,5.8632486541
18,75,0.0000000100,3,30,20,100,11.5470053838,35,23.4529946162,8.7500000000,5.8632486541,26.2500000000,17.5897459622,8.7500000000,5.8632486541,200.0000000000,480.5000000000,100,2.2240000000,10.0000000000,8.7500000000,5.8632486541
18,125,0.0000000100,3,30,20,100,11.5470053838,35,23.4529946162,8.7500000000,5.8632486541,26.2500000000,17.5897459622,8.7500000000,5.8632486541,200.0000000000,480.5000000000,100,3.7080000000,10.0000000000,8.7500000000,5.8632486541
18,275,0.0000000100,3,30,20,100,11.5470053838,35,23.4529946162,8.7500000000,5.8632486541,26.2500000000,17.5897459622,8.7500000000,5.8632486541,200.0000000000,480.5000000000,100,8.1560000000,10.0000000000,8.7500000000,5.8632486541
18,325,0.0000000100,3,30,20,100,11.5470053838,35,23.4529946162,8.7500000000,5.8632486541,26.2500000000,17.5897459622,8.7500000000,5.8632486541,200.0000000000,480.5000000000,100,9.6390000000,10.0000000000,8.7500000000,5.8632486541
12,175,0.0000000100,3,30,20,100,11.5470053838,35,23.4529946162,8.7500000000,5.8632486541,26.2500000000,17.5897459622,8.7500000000,5.8632486541,500.0000000000,586.0000000000,100,8.0140000000,10.0000000000,8.7500000000,5.8632486541
15,175,0.0000000100,3,30,20,100,11.5470053838,35,23.4529946162,8.7500000000,5.8632486541,26.2500000000,17.5897459622,8.7500000000,5.8632486541,500.0000000000,586.0000000000,100,6.3000000000,10.0000000000,8.7500000000,5.8632486541
18,175,0.0000000100,3,30,20,100,11.5470053838,35,23.4529946162,8.7500000000,5.8632486541,26.2500000000,17.5897459622,8.7500000000,5.8632486541,500.0000000000,586.0000000000,100,5.1900000000,10.0000000000,8.7500000000,5.8632486541
21,175,0.0000000100,3,30,20,100,11.5470053838,35,23.4529946162,8.7500000000,5.8632486541,26.2500000000,17.5897459622,8.7500000000,5.8632486541,500.0000000000,586.0000000000,100,4.4130000000,10.0000000000,8.7500000000,5.8632486541
24,175,0.0000000100,3,30,20,100,11.5470053838,35,23.4529946162,8.7500000000,5.8632486541,26.2500000000,17.5897459622,8.7500000000,5.8632486541,500.0000000000,586.0000000000,100,3.8380000000,10.0000000000,8.7500000000,5.8632486541
18,75,0.0000000100,3,30,20,100,11.5470053838,35,23.4529946162,8.7500000000,5.8632486541,26.2500000000,17.5897459622,8.7500000000,5.8632486541,500.0000000000,586.0000000000,100,2.2240000000,10.0000000000,8.7500000000,5.8632486541
18,125,0.0000000100,3,30,20,100,11.5470053838,35,23.4529946162,8.7500000000,5.8632486541,26.2500000000,17.5897459622,8.7500000000,5.8632486541,500.0000000000,586.0000000000,100,3.7080000000,10.0000000000,8.7500000000,5.8632486541
18,275,0.0000000100,3,30,20,100,11.5470053838,35,23.4529946162,8.7500000000,5.8632486541,26.2500000000,17.5897459622,8.7500000000,5.8632486541,500.0000000000,586.0000000000,100,8.1560000000,10.0000000000,8.7500000000,5.8632486541
18,325,0.0000000100,3,30,20,100,11.5470053838,35,23.4529946162,8.7500000000,5.8632486541,26.2500000000,17.5897459622,8.7500000000,5.8632486541,500.0000000000,586.0000000000,100,9.6390000000,10.0000000000,8.7500000000,5.8632486541
12,175,0.0000000100,3,30,40,200,23.0940107676,70,46.9059892324,63.0000000000,39.9059892324,7.0000000000,7.0000000000,63.0000000000,39.9059892324,30.0000000000,315.9000000000,100,4.0080000000,42.0000000000,63.0000000000,39.9059892324
18,25,0.0000000100,3,30,40,200,23.0940107676,70,46.9059892324,63.0000000000,39.9059892324,7.0000000000,7.0000000000,63.0000000000,39.9059892324,30.0000000000,315.9000000000,100,0.3710000000,42.0000000000,63.0000000000,39.9059892324
18,75,0.0000000100,3,30,40,200,23.0940107676,70,46.9059892324,63.0000000000,39.9059892324,7.0000000000,7.0000000000,63.0000000000,39.9059892324,30.0000000000,315.9000000000,100,1.1120000000,42.0000000000,63.0000000000,39.9059892324
18,125,0.0000000100,3,30,40,200,23.0940107676,70,46.9059892324,63.0000000000,39.9059892324,7.0000000000,7.0000000000,63.0000000000,39.9059892324,30.0000000000,315.9000000000,100,1.8540000000,42.0000000000,63.0000000000,39.9059892324
18,225,0.0000000100,3,30,40,200,23.0940107676,70,46.9059892324,63.0000000000,39.9059892324,7.0000000000,7.0000000000,63.0000000000,39.9059892324,30.0000000000,315.9000000000,100,3.3370000000,42.0000000000,63.0000000000,39.9059892324
18,275,0.0000000100,3,30,40,200,23.0940107676,70,46.9059892324,63.0000000000,39.9059892324,7.0000000000,7.0000000000,63.0000000000,39.9059892324,30.0000000000,315.9000000000,100,4.0790000000,42.0000000000,63.0000000000,39.9059892324
12,175,0.0000000100,3,30,40,200,23.0940107676,70,46.9059892324,63.0000000000,39.9059892324,7.0000000000,7.0000000000,63.0000000000,39.9059892324,200.0000000000,480.5000000000,100,4.0080000000,42.0000000000,63.0000000000,39.9059892324
18,25,0.0000000100,3,30,40,200,23.0940107676,70,46.9059892324,63.0000000000,39.9059892324,7.0000000000,7.0000000000,63.0000000000,39.9059892324,200.0000000000,480.5000000000,100,0.3710000000,42.0000000000,63.0000000000,39.9059892324
18,75,0.0000000100,3,30,40,200,23.0940107676,70,46.9059892324,63.0000000000,39.9059892324,7.0000000000,7.0000000000,63.0000000000,39.9059892324,200.0000000000,480.5000000000,100,1.1120000000,42.0000000000,63.0000000000,39.9059892324
18,125,0.0000000100,3,30,40,200,23.0940107676,70,46.9059892324,63.0000000000,39.9059892324,7.0000000000,7.0000000000,63.0000000000,39.9059892324,200.0000000000,480.5000000000,100,1.8540000000,42.0000000000,63.0000000000,39.9059892324
18,225,0.0000000100,3,30,40,200,23.0940107676,70,46.9059892324,63.0000000000,39.9059892324,7.0000000000,7.0000000000,63.0000000000,39.9059892324,200.0000000000,480.5000000000,100,3.3370000000,42.0000000000,63.0000000000,39.9059892324
18,275,0.0000000100,3,30,40,200,23.0940107676,70,46.9059892324,63.0000000000,39.9059892324,7.0000000000,7.0000000000,63.0000000000,39.9059892324,200.0000000000,480.5000000000,100,4.0790000000,42.0000000000,63.0000000000,39.9059892324
12,175,0.0000000100,3,30,40,200,23.0940107676,70,46.9059892324,63.0000000000,39.9059892324,7.0000000000,7.0000000000,63.0000000000,39.9059892324,500.0000000000,586.0000000000,100,4.0080000000,42.0000000000,63.0000000000,39.9059892324
18,25,0.0000000100,3,30,40,200,23.0940107676,70,46.9059892324,63.0000000000,39.9059892324,7.0000000000,7.0000000000,63.0000000000,39.9059892324,500.0000000000,586.0000000000,100,0.3710000000,42.0000000000,63.0000000000,39.9059892324
18,75,0.0000000100,3,30,40,200,23.0940107676,70,46.9059892324,63.0000000000,39.9059892324,7.0000000000,7.0000000000,63.0000000000,39.9059892324,500.0000000000,586.0000000000,100,1.1120000000,42.0000000000,63.0000000000,39.9059892324
18,125,0.0000000100,3,30,40,200,23.0940107676,70,46.9059892324,63.0000000000,39.9059892324,7.0000000000,7.0000000000,63.0000000000,39.9059892324,500.0000000000,586.0000000000,100,1.8540000000,42.0000000000,63.0000000000,39.9059892324
18,225,0.0000000100,3,30,40,200,23.0940107676,70,46.9059892324,63.0000000000,39.9059892324,7.0000000000,7.0000000000,63.0000000000,39.9059892324,500.0000000000,586.0000000000,100,3.3370000000,42.0000000000,63.0000000000,39.9059892324
18,275,0.0000000100,3,30,40,200,23.0940107676,70,46.9059892324,63.0000000000,39.9059892324,7.0000000000,7.0000000000,63.0000000000,39.9059892324,500.0000000000,586.0000000000,100,4.0790000000,42.0000000000,63.0000000000,39.9059892324
12,175,0.0000000100,3,30,40,200,23.0940107676,70,46.9059892324,17.5000000000,11.7264973081,52.5000000000,35.1794919243,17.5000000000,11.7264973081,30.0000000000,315.9000000000,100,4.5050000000,20.0000000000,17.5000000000,11.7264973081
18,175,0.0000000100,3,30,40,200,23.0940107676,70,46.9059892324,17.5000000000,11.7264973081,52.5000000000,35.1794919243,17.5000000000,11.7264973081,30.0000000000,315.9000000000,100,2.9320000000,20.0000000000,17.5000000000,11.7264973081
21,175,0.0000000100,3,30,40,200,23.0940107676,70,46.9059892324,17.5000000000,11.7264973081,52.5000000000,35.1794919243,17.5000000000,11.7264973081,30.0000000000,315.9000000000,100,2.4960000000,20.0000000000,17.5000000000,11.7264973081
18,25,0.0000000100,3,30,40,200,23.0940107676,70,46.9059892324,17.5000000000,11.7264973081,52.5000000000,35.1794919243,17.5000000000,11.7264973081,30.0000000000,315.9000000000,100,0.4190000000,20.0000000000,17.5000000000,11.7264973081
18,75,0.0000000100,3,30,40,200,23.0940107676,70,46.9059892324,17.5000000000,11.7264973081,52.5000000000,35.1794919243,17.5000000000,11.7264973081,30.0000000000,315.9000000000,100,1.2570000000,20.0000000000,17.5000000000,11.7264973081
18,225,0.0000000100,3,30,40,200,23.0940107676,70,46.9059892324,17.5000000000,11.7264973081,52.5000000000,35.1794919243,17.5000000000,11.7264973081,30.0000000000,315.9000000000,100,3.7690000000,20.0000000000,17.5000000000,11.7264973081
18,275,0.0000000100,3,30,40,200,23.0940107676,70,46.9059892324,17.5000000000,11.7264973081,52.5000000000,35.1794919243,17.5000000000,11.7264973081,30.0000000000,315.9000000000,100,4.6070000000,20.0000000000,17.5000000000,11.7264973081
18,325,0.0000000100,3,30,40,200,23.0940107676,70,46.9059892324,17.5000000000,11.7264973081,52.5000000000,35.1794919243,17.5000000000,11.7264973081,30.0000000000,315.9000000000,100,5.4440000000,20.0000000000,17.5000000000,11.7264973081
12,175,0.0000000100,3,30,40,200,23.0940107676,70,46.9059892324,17.5000000000,11.7264973081,52.5000000000,35.1794919243,17.5000000000,11.7264973081,200.0000000000,480.5000000000,100,4.5050000000,20.0000000000,17.5000000000,11.7264973081
18,175,0.0000000100,3,30,40,200,23.0940107676,70,46.9059892324,17.5000000000,11.7264973081,52.5000000000,35.1794919243,17.5000000000,11.7264973081,200.0000000000,480.5000000000,100,2.9320000000,20.0000000000,17.5000000000,11.7264973081
21,175,0.0000000100,3,30,40,200,23.0940107676,70,46.9059892324,17.5000000000,11.7264973081,52.5000000000,35.1794919243,17.5000000000,11.7264973081,200.0000000000,480.5000000000,100,2.4960000000,20.0000000000,17.5000000000,11.7264973081
18,25,0.0000000100,3,30,40,200,23.0940107676,70,46.9059892324,17.5000000000,11.7264973081,52.5000000000,35.1794919243,17.5000000000,11.7264973081,200.0000000000,480.5000000000,100,0.4190000000,20.0000000000,17.5000000000,11.7264973081
18,75,0.0000000100,3,30,40,200,23.0940107676,70,46.9059892324,17.5000000000,11.7264973081,52.5000000000,35.1794919243,17.5000000000,11.7264973081,200.0000000000,480.5000000000,100,1.2570000000,20.0000000000,17.5000000000,11.7264973081
18,225,0.0000000100,3,30,40,200,23.0940107676,70,46.9059892324,17.5000000000,11.7264973081,52.5000000000,35.1794919243,17.5000000000,11.7264973081,200.0000000000,480.5000000000,100,3.7690000000,20.0000000000,17.5000000000,11.7264973081
18,275,0.0000000100,3,30,40,200,23.0940107676,70,46.9059892324,17.5000000000,11.7264973081,52.5000000000,35.1794919243,17.5000000000,11.7264973081,200.0000000000,480.5000000000,100,4.6070000000,20.0000000000,17.5000000000,11.7264973081
18,325,0.0000000100,3,30,40,200,23.0940107676,70,46.9059892324,17.5000000000,11.7264973081,52.5000000000,35.1794919243,17.5000000000,11.7264973081,200.0000000000,480.5000000000,100,5.4440000000,20.0000000000,17.5000000000,11.7264973081
12,175,0.0000000100,3,30,40,200,23.0940107676,70,46.9059892324,17.5000000000,11.7264973081,52.5000000000,35.1794919243,17.5000000000,11.7264973081,500.0000000000,586.0000000000,100,4.5050000000,20.0000000000,17.5000000000,11.7264973081
18,175,0.0000000100,3,30,40,200,23.0940107676,70,46.9059892324,17.5000000000,11.7264973081,52.5000000000,35.1794919243,17.5000000000,11.7264973081,500.0000000000,586.0000000000,100,2.9320000000,20.0000000000,17.5000000000,11.7264973081
21,175,0.0000000100,3,30,40,200,23.0940107676,70,46.9059892324,17.5000000000,11.7264973081,52.5000000000,35.1794919243,17.5000000000,11.7264973081,500.0000000000,586.0000000000,100,2.4960000000,20.0000000000,17.5000000000,11.7264973081
18,25,0.0000000100,3,30,40,200,23.0940107676,70,46.9059892324,17.5000000000,11.7264973081,52.5000000000,35.1794919243,17.5000000000,11.7264973081,500.0000000000,586.0000000000,100,0.4190000000,20.0000000000,17.5000000000,11.7264973081
18,75,0.0000000100,3,30,40,200,23.0940107676,70,46.9059892324,17.5000000000,11.7264973081,52.5000000000,35.1794919243,17.5000000000,11.7264973081,500.0000000000,586.0000000000,100,1.2570000000,20.0000000000,17.5000000000,11.7264973081
18,225,0.0000000100,3,30,40,200,23.0940107676,70,46.9059892324,17.5000000000,11.7264973081,52.5000000000,35.1794919243,17.5000000000,11.7264973081,500.0000000000,586.0000000000,100,3.7690000000,20.0000000000,17.5000000000,11.7264973081
18,275,0.0000000100,3,30,40,200,23.0940107676,70,46.9059892324,17.5000000000,11.7264973081,52.5000000000,35.1794919243,17.5000000000,11.7264973081,500.0000000000,586.0000000000,100,4.6070000000,20.0000000000,17.5000000000,11.7264973081
18,325,0.0000000100,3,30,40,200,23.0940107676,70,46.9059892324,17.5000000000,11.7264973081,52.5000000000,35.1794919243,17.5000000000,11.7264973081,500.0000000000,586.0000000000,100,5.4440000000,20.0000000000,17.5000000000,11.7264973081
15,175,0.0000000100,3,30,80,400,46.1880215352,140,93.8119784648,126.0000000000,79.8119784648,14.0000000000,14.0000000000,126.0000000000,79.8119784648,30.0000000000,315.9000000000,100,1.5750000000,83.0000000000,126.0000000000,79.8119784648
18,175,0.0000000100,3,30,80,400,46.1880215352,140,93.8119784648,126.0000000000,79.8119784648,14.0000000000,14.0000000000,126.0000000000,79.8119784648,30.0000000000,315.9000000000,100,1.2980000000,83.0000000000,126.0000000000,79.8119784648
21,175,0.0000000100,3,30,80,400,46.1880215352,140,93.8119784648,126.0000000000,79.8119784648,14.0000000000,14.0000000000,126.0000000000,79.8119784648,30.0000000000,315.9000000000,100,1.1030000000,83.0000000000,126.0000000000,79.8119784648
24,175,0.0000000100,3,30,80,400,46.1880215352,140,93.8119784648,126.0000000000,79.8119784648,14.0000000000,14.0000000000,126.0000000000,79.8119784648,30.0000000000,315.9000000000,100,0.9600000000,83.0000000000,126.0000000000,79.8119784648
18,25,0.0000000100,3,30,80,400,46.1880215352,140,93.8119784648,126.0000000000,79.8119784648,14.0000000000,14.0000000000,126.0000000000,79.8119784648,30.0000000000,315.9000000000,100,0.1850000000,83.0000000000,126.0000000000,79.8119784648
18,75,0.0000000100,3,30,80,400,46.1880215352,140,93.8119784648,126.0000000000,79.8119784648,14.0000000000,14.0000000000,126.0000000000,79.8119784648,30.0000000000,315.9000000000,100,0.5570000000,83.0000000000,126.0000000000,79.8119784648
18,125,0.0000000100,3,30,80,400,46.1880215352,140,93.8119784648,126.0000000000,79.8119784648,14.0000000000,14.0000000000,126.0000000000,79.8119784648,30.0000000000,315.9000000000,100,0.9270000000,83.0000000000,126.0000000000,79.8119784648
18,275,0.0000000100,3,30,80,400,46.1880215352,140,93.8119784648,126.0000000000,79.8119784648,14.0000000000,14.0000000000,126.0000000000,79.8119784648,30.0000000000,315.9000000000,100,2.0390000000,83.0000000000,126.0000000000,79.8119784648
18,325,0.0000000100,3,30,80,400,46.1880215352,140,93.8119784648,126.0000000000,79.8119784648,14.0000000000,14.0000000000,126.0000000000,79.8119784648,30.0000000000,315.9000000000,100,2.4100000000,83.0000000000,126.0000000000,79.8119784648
15,175,0.0000000100,3,30,80,400,46.1880215352,140,93.8119784648,126.0000000000,79.8119784648,14.0000000000,14.0000000000,126.0000000000,79.8119784648,200.0000000000,480.5000000000,100,1.5750000000,83.0000000000,126.0000000000,79.8119784648
18,175,0.0000000100,3,30,80,400,46.1880215352,140,93.8119784648,126.0000000000,79.8119784648,14.0000000000,14.0000000000,126.0000000000,79.8119784648,200.0000000000,480.5000000000,100,1.2980000000,83.0000000000,126.0000000000,79.8119784648
21,175,0.0000000100,3,30,80,400,46.1880215352,140,93.8119784648,126.0000000000,79.8119784648,14.0000000000,14.0000000000,126.0000000000,79.8119784648,200.0000000000,480.5000000000,100,1.1030000000,83.0000000000,126.0000000000,79.8119784648
24,175,0.0000000100,3,30,80,400,46.1880215352,140,93.8119784648,126.0000000000,79.8119784648,14.0000000000,14.0000000000,126.0000000000,79.8119784648,200.0000000000,480.5000000000,100,0.9600000000,83.0000000000,126.0000000000,79.8119784648
18,25,0.0000000100,3,30,80,400,46.1880215352,140,93.8119784648,126.0000000000,79.8119784648,14.0000000000,14.0000000000,126.0000000000,79.8119784648,200.0000000000,480.5000000000,100,0.1850000000,83.0000000000,126.0000000000,79.8119784648
18,75,0.0000000100,3,30,80,400,46.1880215352,140,93.8119784648,126.0000000000,79.8119784648,14.0000000000,14.0000000000,126.0000000000,79.8119784648,200.0000000000,480.5000000000,100,0.5570000000,83.0000000000,126.0000000000,79.8119784648
18,125,0.0000000100,3,30,80,400,46.1880215352,140,93.8119784648,126.0000000000,79.8119784648,14.0000000000,14.0000000000,126.0000000000,79.8119784648,200.0000000000,480.5000000000,100,0.9270000000,83.0000000000,126.0000000000,79.8119784648
18,275,0.0000000100,3,30,80,400,46.1880215352,140,93.8119784648,126.0000000000,79.8119784648,14.0000000000,14.0000000000,126.0000000000,79.8119784648,200.0000000000,480.5000000000,100,2.0390000000,83.0000000000,126.0000000000,79.8119784648
18,325,0.0000000100,3,30,80,400,46.1880215352,140,93.8119784648,126.0000000000,79.8119784648,14.0000000000,14.0000000000,126.0000000000,79.8119784648,200.0000000000,480.5000000000,100,2.4100000000,83.0000000000,126.0000000000,79.8119784648
15,175,0.0000000100,3,30,80,400,46.1880215352,140,93.8119784648,126.0000000000,79.8119784648,14.0000000000,14.0000000000,126.0000000000,79.8119784648,500.0000000000,586.0000000000,100,1.5750000000,83.0000000000,126.0000000000,79.8119784648
18,175,0.0000000100,3,30,80,400,46.1880215352,140,93.8119784648,126.0000000000,79.8119784648,14.0000000000,14.0000000000,126.0000000000,79.8119784648,500.0000000000,586.0000000000,100,1.2980000000,83.0000000000,126.0000000000,79.8119784648
21,175,0.0000000100,3,30,80,400,46.1880215352,140,93.8119784648,126.0000000000,79.8119784648,14.0000000000,14.0000000000,126.0000000000,79.8119784648,500.0000000000,586.0000000000,100,1.1030000000,83.0000000000,126.0000000000,79.8119784648
24,175,0.0000000100,3,30,80,400,46.1880215352,140,93.8119784648,126.0000000000,79.8119784648,14.0000000000,14.0000000000,126.0000000000,79.8119784648,500.0000000000,586.0000000000,100,0.9600000000,83.0000000000,126.0000000000,79.8119784648
18,25,0.0000000100,3,30,80,400,46.1880215352,140,93.8119784648,126.0000000000,79.8119784648,14.0000000000,14.0000000000,126.0000000000,79.8119784648,500.0000000000,586.0000000000,100,0.1850000000,83.0000000000,126.0000000000,79.8119784648
18,75,0.0000000100,3,30,80,400,46.1880215352,140,93.8119784648,126.0000000000,79.8119784648,14.0000000000,14.0000000000,126.0000000000,79.8119784648,500.0000000000,586.0000000000,100,0.5570000000,83.0000000000,126.0000000000,79.8119784648
18,125,0.0000000100,3,30,80,400,46.1880215352,140,93.8119784648,126.0000000000,79.8119784648,14.0000000000,14.0000000000,126.0000000000,79.8119784648,500.0000000000,586.0000000000,100,0.9270000000,83.0000000000,126.0000000000,79.8119784648
18,275,0.0000000100,3,30,80,400,46.1880215352,140,93.8119784648,126.0000000000,79.8119784648,14.0000000000,14.0000000000,126.0000000000,79.8119784648,500.0000000000,586.0000000000,100,2.0390000000,83.0000000000,126.0000000000,79.8119784648
18,325,0.0000000100,3,30,80,400,46.1880215352,140,93.8119784648,126.0000000000,79.8119784648,14.0000000000,14.0000000000,126.0000000000,79.8119784648,500.0000000000,586.0000000000,100,2.4100000000,83.0000000000,126.0000000000,79.8119784648
15,175,0.0000000100,3,30,80,400,46.1880215352,140,93.8119784648,35.0000000000,23.4529946162,105.0000000000,70.3589838486,35.0000000000,23.4529946162,30.0000000000,315.9000000000,100,1.5750000000,40.0000000000,35.0000000000,23.4529946162
21,175,0.0000000100,3,30,80,400,46.1880215352,140,93.8119784648,35.0000000000,23.4529946162,105.0000000000,70.3589838486,35.0000000000,23.4529946162,30.0000000000,315.9000000000,100,1.1030000000,40.0000000000,35.0000000000,23.4529946162
24,175,0.0000000100,3,30,80,400,46.1880215352,140,93.8119784648,35.0000000000,23.4529946162,105.0000000000,70.3589838486,35.0000000000,23.4529946162,30.0000000000,315.9000000000,100,0.9600000000,40.0000000000,35.0000000000,23.4529946162
18,25,0.0000000100,3,30,80,400,46.1880215352,140,93.8119784648,35.0000000000,23.4529946162,105.0000000000,70.3589838486,35.0000000000,23.4529946162,30.0000000000,315.9000000000,100,0.1850000000,40.0000000000,35.0000000000,23.4529946162
18,75,0.0000000100,3,30,80,400,46.1880215352,140,93.8119784648,35.0000000000,23.4529946162,105.0000000000,70.3589838486,35.0000000000,23.4529946162,30.0000000000,315.9000000000,100,0.5570000000,40.0000000000,35.0000000000,23.4529946162
18,125,0.0000000100,3,30,80,400,46.1880215352,140,93.8119784648,35.0000000000,23.4529946162,105.0000000000,70.3589838486,35.0000000000,23.4529946162,30.0000000000,315.9000000000,100,0.9270000000,40.0000000000,35.0000000000,23.4529946162
18,225,0.0000000100,3,30,80,400,46.1880215352,140,93.8119784648,35.0000000000,23.4529946162,105.0000000000,70.3589838486,35.0000000000,23.4529946162,30.0000000000,315.9000000000,100,1.6680000000,40.0000000000,35.0000000000,23.4529946162
18,275,0.0000000100,3,30,80,400,46.1880215352,140,93.8119784648,35.0000000000,23.4529946162,105.0000000000,70.3589838486,35.0000000000,23.4529946162,30.0000000000,315.9000000000,100,2.0390000000,40.0000000000,35.0000000000,23.4529946162
18,325,0.0000000100,3,30,80,400,46.1880215352,140,93.8119784648,35.0000000000,23.4529946162,105.0000000000,70.3589838486,35.0000000000,23.4529946162,30.0000000000,315.9000000000,100,2.4100000000,40.0000000000,35.0000000000,23.4529946162
15,175,0.0000000100,3,30,80,400,46.1880215352,140,93.8119784648,35.0000000000,23.4529946162,105.0000000000,70.3589838486,35.0000000000,23.4529946162,200.0000000000,480.5000000000,100,1.5750000000,40.0000000000,35.0000000000,23.4529946162
21,175,0.0000000100,3,30,80,400,46.1880215352,140,93.8119784648,35.0000000000,23.4529946162,105.0000000000,70.3589838486,35.0000000000,23.4529946162,200.0000000000,480.5000000000,100,1.1030000000,40.0000000000,35.0000000000,23.4529946162
24,175,0.0000000100,3,30,80,400,46.1880215352,140,93.8119784648,35.0000000000,23.4529946162,105.0000000000,70.3589838486,35.0000000000,23.4529946162,200.0000000000,480.5000000000,100,0.9600000000,40.0000000000,35.0000000000,23.4529946162
18,25,0.0000000100,3,30,80,400,46.1880215352,140,93.8119784648,35.0000000000,23.4529946162,105.0000000000,70.3589838486,35.0000000000,23.4529946162,200.0000000000,480.5000000000,100,0.1850000000,40.0000000000,35.0000000000,23.4529946162
18,75,0.0000000100,3,30,80,400,46.1880215352,140,93.8119784648,35.0000000000,23.4529946162,105.0000000000,70.3589838486,35.0000000000,23.4529946162,200.0000000000,480.5000000000,100,0.5570000000,40.0000000000,35.0000000000,23.4529946162
18,125,0.0000000100,3,30,80,400,46.1880215352,140,93.8119784648,35.0000000000,23.4529946162,105.0000000000,70.3589838486,35.0000000000,23.4529946162,200.0000000000,480.5000000000,100,0.9270000000,40.0000000000,35.0000000000,23.4529946162
18,225,0.0000000100,3,30,80,400,46.1880215352,140,93.8119784648,35.0000000000,23.4529946162,105.0000000000,70.3589838486,35.0000000000,23.4529946162,200.0000000000,480.5000000000,100,1.6680000000,40.0000000000,35.0000000000,23.4529946162
18,275,0.0000000100,3,30,80,400,46.1880215352,140,93.8119784648,35.0000000000,23.4529946162,105.0000000000,70.3589838486,35.0000000000,23.4529946162,200.0000000000,480.5000000000,100,2.0390000000,40.0000000000,35.0000000000,23.4529946162
18,325,0.0000000100,3,30,80,400,46.1880215352,140,93.8119784648,35.0000000000,23.4529946162,105.0000000000,70.3589838486,35.0000000000,23.4529946162,200.0000000000,480.5000000000,100,2.4100000000,40.0000000000,35.0000000000,23.4529946162
15,175,0.0000000100,3,30,80,400,46.1880215352,140,93.8119784648,35.0000000000,23.4529946162,105.0000000000,70.3589838486,35.0000000000,23.4529946162,500.0000000000,586.0000000000,100,1.5750000000,40.0000000000,35.0000000000,23.4529946162
21,175,0.0000000100,3,30,80,400,46.1880215352,140,93.8119784648,35.0000000000,23.4529946162,105.0000000000,70.3589838486,35.0000000000,23.4529946162,500.0000000000,586.0000000000,100,1.1030000000,40.0000000000,35.0000000000,23.4529946162
24,175,0.0000000100,3,30,80,400,46.1880215352,140,93.8119784648,35.0000000000,23.4529946162,105.0000000000,70.3589838486,35.0000000000,23.4529946162,500.0000000000,586.0000000000,100,0.9600000000,40.0000000000,35.0000000000,23.4529946162
18,25,0.0000000100,3,30,80,400,46.1880215352,140,93.8119784648,35.0000000000,23.4529946162,105.0000000000,70.3589838486,35.0000000000,23.4529946162,500.0000000000,586.0000000000,100,0.1850000000,40.0000000000,35.0000000000,23.4529946162
18,75,0.0000000100,3,30,80,400,46.1880215352,140,93.8119784648,35.0000000000,23.4529946162,105.0000000000,70.3589838486,35.0000000000,23.4529946162,500.0000000000,586.0000000000,100,0.5570000000,40.0000000000,35.0000000000,23.4529946162
18,125,0.0000000100,3,30,80,400,46.1880215352,140,93.8119784648,35.0000000000,23.4529946162,105.0000000000,70.3589838486,35.0000000000,23.4529946162,500.0000000000,586.0000000000,100,0.9270000000,40.0000000000,35.0000000000,23.4529946162
18,225,0.0000000100,3,30,80,400,46.1880215352,140,93.8119784648,35.0000000000,23.4529946162,105.0000000000,70.3589838486,35.0000000000,23.4529946162,500.0000000000,586.0000000000,100,1.6680000000,40.0000000000,35.0000000000,23.4529946162
18,275,0.0000000100,3,30,80,400,46.1880215352,140,93.8119784648,35.0000000000,23.4529946162,105.0000000000,70.3589838486,35.0000000000,23.4529946162,500.0000000000,586.0000000000,100,2.0390000000,40.0000000000,35.0000000000,23.4529946162
18,325,0.0000000100,3,30,80,400,46.1880215352,140,93.8119784648,35.0000000000,23.4529946162,105.0000000000,70.3589838486,35.0000000000,23.4529946162,500.0000000000,586.0000000000,100,2.4100000000,40.0000000000,35.0000000000,23.4529946162
18,175,0.0000000100,3,40,20,100,16.7819926235,50,33.2180073765,45.0000000000,28.2180073765,5.0000000000,5.0000000000,45.0000000000,28.2180073765,30.0000000000,315.9000000000,100,3.6290000000,21.0000000000,45.0000000000,28.2180073765
21,175,0.0000000100,3,40,20,100,16.7819926235,50,33.2180073765,45.0000000000,28.2180073765,5.0000000000,5.0000000000,45.0000000000,28.2180073765,30.0000000000,315.9000000000,100,3.0860000000,21.0000000000,45.0000000000,28.2180073765
24,175,0.0000000100,3,40,20,100,16.7819926235,50,33.2180073765,45.0000000000,28.2180073765,5.0000000000,5.0000000000,45.0000000000,28.2180073765,30.0000000000,315.9000000000,100,2.6840000000,21.0000000000,45.0000000000,28.2180073765
18,25,0.0000000100,3,40,20,100,16.7819926235,50,33.2180073765,45.0000000000,28.2180073765,5.0000000000,5.0000000000,45.0000000000,28.2180073765,30.0000000000,315.9000000000,100,0.5180000000,21.0000000000,45.0000000000,28.2180073765
18,125,0.0000000100,3,40,20,100,16.7819926235,50,33.2180073765,45.0000000000,28.2180073765,5.0000000000,5.0000000000,45.0000000000,28.2180073765,30.0000000000,315.9000000000,100,2.5920000000,21.0000000000,45.0000000000,28.2180073765
18,225,0.0000000100,3,40,20,100,16.7819926235,50,33.2180073765,45.0000000000,28.2180073765,5.0000000000,5.0000000000,45.0000000000,28.2180073765,30.0000000000,315.9000000000,100,4.6650000000,21.0000000000,45.0000000000,28.2180073765
18,275,0.0000000100,3,40,20,100,16.7819926235,50,33.2180073765,45.0000000000,28.2180073765,5.0000000000,5.0000000000,45.0000000000,28.2180073765,30.0000000000,315.9000000000,100,5.7020000000,21.0000000000,45.0000000000,28.2180073765
18,325,0.0000000100,3,40,20,100,16.7819926235,50,33.2180073765,45.0000000000,28.2180073765,5.0000000000,5.0000000000,45.0000000000,28.2180073765,30.0000000000,315.9000000000,100,6.7390000000,21.0000000000,45.0000000000,28.2180073765
18,175,0.0000000100,3,40,20,100,16.7819926235,50,33.2180073765,45.0000000000,28.2180073765,5.0000000000,5.0000000000,45.0000000000,28.2180073765,200.0000000000,480.5000000000,100,3.6290000000,21.0000000000,45.0000000000,28.2180073765
21,175,0.0000000100,3,40,20,100,16.7819926235,50,33.2180073765,45.0000000000,28.2180073765,5.0000000000,5.0000000000,45.0000000000,28.2180073765,200.0000000000,480.5000000000,100,3.0860000000,21.0000000000,45.0000000000,28.2180073765
24,175,0.0000000100,3,40,20,100,16.7819926235,50,33.2180073765,45.0000000000,28.2180073765,5.0000000000,5.0000000000,45.0000000000,28.2180073765,200.0000000000,480.5000000000,100,2.6840000000,21.0000000000,45.0000000000,28.2180073765
18,25,0.0000000100,3,40,20,100,16.7819926235,50,33.2180073765,45.0000000000,28.2180073765,5.0000000000,5.0000000000,45.0000000000,28.2180073765,200.0000000000,480.5000000000,100,0.5180000000,21.0000000000,45.0000000000,28.2180073765
18,125,0.0000000100,3,40,20,100,16.7819926235,50,33.2180073765,45.0000000000,28.2180073765,5.0000000000,5.0000000000,45.0000000000,28.2180073765,200.0000000000,480.5000000000,100,2.5920000000,21.0000000000,45.0000000000,28.2180073765
18,225,0.0000000100,3,40,20,100,16.7819926235,50,33.2180073765,45.0000000000,28.2180073765,5.0000000000,5.0000000000,45.0000000000,28.2180073765,200.0000000000,480.5000000000,100,4.6650000000,21.0000000000,45.0000000000,28.2180073765
18,275,0.0000000100,3,40,20,100,16.7819926235,50,33.2180073765,45.0000000000,28.2180073765,5.0000000000,5.0000000000,45.0000000000,28.2180073765,200.0000000000,480.5000000000,100,5.7020000000,21.0000000000,45.0000000000,28.2180073765
18,325,0.0000000100,3,40,20,100,16.7819926235,50,33.2180073765,45.0000000000,28.2180073765,5.0000000000,5.0000000000,45.0000000000,28.2180073765,200.0000000000,480.5000000000,100,6.7390000000,21.0000000000,45.0000000000,28.2180073765
18,175,0.0000000100,3,40,20,100,16.7819926235,50,33.2180073765,45.0000000000,28.2180073765,5.0000000000,5.0000000000,45.0000000000,28.2180073765,500.0000000000,586.0000000000,100,3.6290000000,21.0000000000,45.0000000000,28.2180073765
21,175,0.0000000100,3,40,20,100,16.7819926235,50,33.2180073765,45.0000000000,28.2180073765,5.0000000000,5.0000000000,45.0000000000,28.2180073765,500.0000000000,586.0000000000,100,3.0860000000,21.0000000000,45.0000000000,28.2180073765
24,175,0.0000000100,3,40,20,100,16.7819926235,50,33.2180073765,45.0000000000,28.2180073765,5.0000000000,5.0000000000,45.0000000000,28.2180073765,500.0000000000,586.0000000000,100,2.6840000000,21.0000000000,45.0000000000,28.2180073765
18,25,0.0000000100,3,40,20,100,16.7819926235,50,33.2180073765,45.0000000000,28.2180073765,5.0000000000,5.0000000000,45.0000000000,28.2180073765,500.0000000000,586.0000000000,100,0.5180000000,21.0000000000,45.0000000000,28.2180073765
18,125,0.0000000100,3,40,20,100,16.7819926235,50,33.2180073765,45.0000000000,28.2180073765,5.0000000000,5.0000000000,45.0000000000,28.2180073765,500.0000000000,586.0000000000,100,2.5920000000,21.0000000000,45.0000000000,28.2180073765
18,225,0.0000000100,3,40,20,100,16.7819926235,50,33.2180073765,45.0000000000,28.2180073765,5.0000000000,5.0000000000,45.0000000000,28.2180073765,500.0000000000,586.0000000000,100,4.6650000000,21.0000000000,45.0000000000,28.2180073765
18,275,0.0000000100,3,40,20,100,16.7819926235,50,33.2180073765,45.0000000000,28.2180073765,5.0000000000,5.0000000000,45.0000000000,28.2180073765,500.0000000000,586.0000000000,100,5.7020000000,21.0000000000,45.0000000000,28.2180073765
18,325,0.0000000100,3,40,20,100,16.7819926235,50,33.2180073765,45.0000000000,28.2180073765,5.0000000000,5.0000000000,45.0000000000,28.2180073765,500.0000000000,586.0000000000,100,6.7390000000,21.0000000000,45.0000000000,28.2180073765
12,175,0.0000000100,3,40,20,100,16.7819926235,50,33.2180073765,12.5000000000,8.3045018441,37.5000000000,24.9135055323,12.5000000000,8.3045018441,30.0000000000,315.9000000000,100,5.7370000000,16.0000000000,12.5000000000,8.3045018441
15,175,0.0000000100,3,40,20,100,16.7819926235,50,33.2180073765,12.5000000000,8.3045018441,37.5000000000,24.9135055323,12.5000000000,8.3045018441,30.0000000000,315.9000000000,100,4.5260000000,16.0000000000,12.5000000000,8.3045018441
18,175,0.0000000100,3,40,20,100,16.7819926235,50,33.2180073765,12.5000000000,8.3045018441,37.5000000000,24.9135055323,12.5000000000,8.3045018441,30.0000000000,315.9000000000,100,3.7390000000,16.0000000000,12.5000000000,8.3045018441
24,175,0.0000000100,3,40,20,100,16.7819926235,50,33.2180073765,12.5000000000,8.3045018441,37.5000000000,24.9135055323,12.5000000000,8.3045018441,30.0000000000,315.9000000000,100,2.7730000000,16.0000000000,12.5000000000,8.3045018441
18,25,0.0000000100,3,40,20,100,16.7819926235,50,33.2180073765,12.5000000000,8.3045018441,37.5000000000,24.9135055323,12.5000000000,8.3045018441,30.0000000000,315.9000000000,100,0.5370000000,16.0000000000,12.5000000000,8.3045018441
18,125,0.0000000100,3,40,20,100,16.7819926235,50,33.2180073765,12.5000000000,8.3045018441,37.5000000000,24.9135055323,12.5000000000,8.3045018441,30.0000000000,315.9000000000,100,2.6720000000,16.0000000000,12.5000000000,8.3045018441
18,225,0.0000000100,3,40,20,100,16.7819926235,50,33.2180073765,12.5000000000,8.3045018441,37.5000000000,24.9135055323,12.5000000000,8.3045018441,30.0000000000,315.9000000000,100,4.8060000000,16.0000000000,12.5000000000,8.3045018441
18,275,0.0000000100,3,40,20,100,16.7819926235,50,33.2180073765,12.5000000000,8.3045018441,37.5000000000,24.9135055323,12.5000000000,8.3045018441,30.0000000000,315.9000000000,100,5.8710000000,16.0000000000,12.5000000000,8.3045018441
18,325,0.0000000100,3,40,20,100,16.7819926235,50,33.2180073765,12.5000000000,8.3045018441,37.5000000000,24.9135055323,12.5000000000,8.3045018441,30.0000000000,315.9000000000,100,6.9440000000,16.0000000000,12.5000000000,8.3045018441
12,175,0.0000000100,3,40,20,100,16.7819926235,50,33.2180073765,12.5000000000,8.3045018441,37.5000000000,24.9135055323,12.5000000000,8.3045018441,200.0000000000,480.5000000000,100,5.7370000000,16.0000000000,12.5000000000,8.3045018441
15,175,0.0000000100,3,40,20,100,16.7819926235,50,33.2180073765,12.5000000000,8.3045018441,37.5000000000,24.9135055323,12.5000000000,8.3045018441,200.0000000000,480.5000000000,100,4.5260000000,16.0000000000,12.5000000000,8.3045018441
18,175,0.0000000100,3,40,20,100,16.7819926235,50,33.2180073765,12.5000000000,8.3045018441,37.5000000000,24.9135055323,12.5000000000,8.3045018441,200.0000000000,480.5000000000,100,3.7390000000,16.0000000000,12.5000000000,8.3045018441
24,175,0.0000000100,3,40,20,100,16.7819926235,50,33.2180073765,12.5000000000,8.3045018441,37.5000000000,24.9135055323,12.5000000000,8.3045018441,200.0000000000,480.5000000000,100,2.7730000000,16.0000000000,12.5000000000,8.3045018441
18,25,0.0000000100,3,40,20,100,16.7819926235,50,33.2180073765,12.5000000000,8.3045018441,37.5000000000,24.9135055323,12.5000000000,8.3045018441,200.0000000000,480.5000000000,100,0.5370000000,16.0000000000,12.5000000000,8.3045018441
18,125,0.0000000100,3,40,20,100,16.7819926235,50,33.2180073765,12.5000000000,8.3045018441,37.5000000000,24.9135055323,12.5000000000,8.3045018441,200.0000000000,480.5000000000,100,2.6720000000,16.0000000000,12.5000000000,8.3045018441
18,225,0.0000000100,3,40,20,100,16.7819926235,50,33.2180073765,12.5000000000,8.3045018441,37.5000000000,24.9135055323,12.5000000000,8.3045018441,200.0000000000,480.5000000000,100,4.8060000000,16.0000000000,12.5000000000,8.3045018441
18,275,0.0000000100,3,40,20,100,16.7819926235,50,33.2180073765,12.5000000000,8.3045018441,37.5000000000,24.9135055323,12.5000000000,8.3045018441,200.0000000000,480.5000000000,100,5.8710000000,16.0000000000,12.5000000000,8.3045018441
18,325,0.0000000100,3,40,20,100,16.7819926235,50,33.2180073765,12.5000000000,8.3045018441,37.5000000000,24.9135055323,12.5000000000,8.3045018441,200.0000000000,480.5000000000,100,6.9440000000,16.0000000000,12.5000000000,8.3045018441
12,175,0.0000000100,3,40,20,100,16.7819926235,50,33.2180073765,12.5000000000,8.3045018441,37.5000000000,24.9135055323,12.5000000000,8.3045018441,500.0000000000,586.0000000000,100,5.7370000000,16.0000000000,12.5000000000,8.3045018441
15,175,0.0000000100,3,40,20,100,16.7819926235,50,33.2180073765,12.5000000000,8.3045018441,37.5000000000,24.9135055323,12.5000000000,8.3045018441,500.0000000000,586.0000000000,100,4.5260000000,16.0000000000,12.5000000000,8.3045018441
18,175,0.0000000100,3,40,20,100,16.7819926235,50,33.2180073765,12.5000000000,8.3045018441,37.5000000000,24.9135055323,12.5000000000,8.3045018441,500.0000000000,586.0000000000,100,3.7390000000,16.0000000000,12.5000000000,8.3045018441
24,175,0.0000000100,3,40,20,100,16.7819926235,50,33.2180073765,12.5000000000,8.3045018441,37.5000000000,24.9135055323,12.5000000000,8.3045018441,500.0000000000,586.0000000000,100,2.7730000000,16.0000000000,12.5000000000,8.3045018441
18,25,0.0000000100,3,40,20,100,16.7819926235,50,33.2180073765,12.5000000000,8.3045018441,37.5000000000,24.9135055323,12.5000000000,8.3045018441,500.0000000000,586.0000000000,100,0.5370000000,16.0000000000,12.5000000000,8.3045018441
18,125,0.0000000100,3,40,20,100,16.7819926235,50,33.2180073765,12.5000000000,8.3045018441,37.5000000000,24.9135055323,12.5000000000,8.3045018441,500.0000000000,586.0000000000,100,2.6720000000,16.0000000000,12.5000000000,8.3045018441
18,225,0.0000000100,3,40,20,100,16.7819926235,50,33.2180073765,12.5000000000,8.3045018441,37.5000000000,24.9135055323,12.5000000000,8.3045018441,500.0000000000,586.0000000000,100,4.8060000000,16.0000000000,12.5000000000,8.3045018441
18,275,0.0000000100,3,40,20,100,16.7819926235,50,33.2180073765,12.5000000000,8.3045018441,37.5000000000,24.9135055323,12.5000000000,8.3045018441,500.0000000000,586.0000000000,100,5.8710000000,16.0000000000,12.5000000000,8.3045018441
18,325,0.0000000100,3,40,20,100,16.7819926235,50,33.2180073765,12.5000000000,8.3045018441,37.5000000000,24.9135055323,12.5000000000,8.3045018441,500.0000000000,586.0000000000,100,6.9440000000,16.0000000000,12.5000000000,8.3045018441
12,175,0.0000000100,3,40,40,200,33.5639852471,100,66.4360147529,90.0000000000,56.4360147529,10.0000000000,10.0000000000,90.0000000000,56.4360147529,30.0000000000,315.9000000000,100,2.8010000000,42.0000000000,90.0000000000,56.4360147529
15,175,0.0000000100,3,40,40,200,33.5639852471,100,66.4360147529,90.0000000000,56.4360147529,10.0000000000,10.0000000000,90.0000000000,56.4360147529,30.0000000000,315.9000000000,100,2.2020000000,42.0000000000,90.0000000000,56.4360147529
18,175,0.0000000100,3,40,40,200,33.5639852471,100,66.4360147529,90.0000000000,56.4360147529,10.0000000000,10.0000000000,90.0000000000,56.4360147529,30.0000000000,315.9000000000,100,1.8150000000,42.0000000000,90.0000000000,56.4360147529
21,175,0.0000000100,3,40,40,200,33.5639852471,100,66.4360147529,90.0000000000,56.4360147529,10.0000000000,10.0000000000,90.0000000000,56.4360147529,30.0000000000,315.9000000000,100,1.5430000000,42.0000000000,90.0000000000,56.4360147529
24,175,0.0000000100,3,40,40,200,33.5639852471,100,66.4360147529,90.0000000000,56.4360147529,10.0000000000,10.0000000000,90.0000000000,56.4360147529,30.0000000000,315.9000000000,100,1.3420000000,42.0000000000,90.0000000000,56.4360147529
18,25,0.0000000100,3,40,40,200,33.5639852471,100,66.4360147529,90.0000000000,56.4360147529,10.0000000000,10.0000000000,90.0000000000,56.4360147529,30.0000000000,315.9000000000,100,0.2600000000,42.0000000000,90.0000000000,56.4360147529
18,125,0.0000000100,3,40,40,200,33.5639852471,100,66.4360147529,90.0000000000,56.4360147529,10.0000000000,10.0000000000,90.0000000000,56.4360147529,30.0000000000,315.9000000000,100,1.2960000000,42.0000000000,90.0000000000,56.4360147529
18,225,0.0000000100,3,40,40,200,33.5639852471,100,66.4360147529,90.0000000000,56.4360147529,10.0000000000,10.0000000000,90.0000000000,56.4360147529,30.0000000000,315.9000000000,100,2.3330000000,42.0000000000,90.0000000000,56.4360147529
18,275,0.0000000100,3,40,40,200,33.5639852471,100,66.4360147529,90.0000000000,56.4360147529,10.0000000000,10.0000000000,90.0000000000,56.4360147529,30.0000000000,315.9000000000,100,2.8510000000,42.0000000000,90.0000000000,56.4360147529
12,175,0.0000000100,3,40,40,200,33.5639852471,100,66.4360147529,90.0000000000,56.4360147529,10.0000000000,10.0000000000,90.0000000000,56.4360147529,200.0000000000,480.5000000000,100,2.8010000000,42.0000000000,90.0000000000,56.4360147529
15,175,0.0000000100,3,40,40,200,33.5639852471,100,66.4360147529,90.0000000000,56.4360147529,10.0000000000,10.0000000000,90.0000000000,56.4360147529,200.0000000000,480.5000000000,100,2.2020000000,42.0000000000,90.0000000000,56.4360147529
18,175,0.0000000100,3,40,40,200,33.5639852471,100,66.4360147529,90.0000000000,56.4360147529,10.0000000000,10.0000000000,90.0000000000,56.4360147529,200.0000000000,480.5000000000,100,1.8150000000,42.0000000000,90.0000000000,56.4360147529
21,175,0.0000000100,3,40,40,200,33.5639852471,100,66.4360147529,90.0000000000,56.4360147529,10.0000000000,10.0000000000,90.0000000000,56.4360147529,200.0000000000,480.5000000000,100,1.5430000000,42.0000000000,90.0000000000,56.4360147529
24,175,0.0000000100,3,40,40,200,33.5639852471,100,66.4360147529,90.0000000000,56.4360147529,10.0000000000,10.0000000000,90.0000000000,56.4360147529,200.0000000000,480.5000000000,100,1.3420000000,42.0000000000,90.0000000000,56.4360147529
18,25,0.0000000100,3,40,40,200,33.5639852471,100,66.4360147529,90.0000000000,56.4360147529,10.0000000000,10.0000000000,90.0000000000,56.4360147529,200.0000000000,480.5000000000,100,0.2600000000,42.0000000000,90.0000000000,56.4360147529
18,125,0.0000000100,3,40,40,200,33.5639852471,100,66.4360147529,90.0000000000,56.4360147529,10.0000000000,10.0000000000,90.0000000000,56.4360147529,200.0000000000,480.5000000000,100,1.2960000000,42.0000000000,90.0000000000,56.4360147529
18,225,0.0000000100,3,40,40,200,33.5639852471,100,66.4360147529,90.0000000000,56.4360147529,10.0000000000,10.0000000000,90.0000000000,56.4360147529,200.0000000000,480.5000000000,100,2.3330000000,42.0000000000,90.0000000000,56.4360147529
18,275,0.0000000100,3,40,40,200,33.5639852471,100,66.4360147529,90.0000000000,56.4360147529,10.0000000000,10.0000000000,90.0000000000,56.4360147529,200.0000000000,480.5000000000,100,2.8510000000,42.0000000000,90.0000000000,56.4360147529
12,175,0.0000000100,3,40,40,200,33.5639852471,100,66.4360147529,90.0000000000,56.4360147529,10.0000000000,10.0000000000,90.0000000000,56.4360147529,500.0000000000,586.0000000000,100,2.8010000000,42.0000000000,90.0000000000,56.4360147529
15,175,0.0000000100,3,40,40,200,33.5639852471,100,66.4360147529,90.0000000000,56.4360147529,10.0000000000,10.0000000000,90.0000000000,56.4360147529,500.0000000000,586.0000000000,100,2.2020000000,42.0000000000,90.0000000000,56.4360147529
18,175,0.0000000100,3,40,40,200,33.5639852471,100,66.4360147529,90.0000000000,56.4360147529,10.0000000000,10.0000000000,90.0000000000,56.4360147529,500.0000000000,586.0000000000,100,1.8150000000,42.0000000000,90.0000000000,56.4360147529
21,175,0.0000000100,3,40,40,200,33.5639852471,100,66.4360147529,90.0000000000,56.4360147529,10.0000000000,10.0000000000,90.0000000000,56.4360147529,500.0000000000,586.0000000000,100,1.5430000000,42.0000000000,90.0000000000,56.4360147529
24,175,0.0000000100,3,40,40,200,33.5639852471,100,66.4360147529,90.0000000000,56.4360147529,10.0000000000,10.0000000000,90.0000000000,56.4360147529,500.0000000000,586.0000000000,100,1.3420000000,42.0000000000,90.0000000000,56.4360147529
18,25,0.0000000100,3,40,40,200,33.5639852471,100,66.4360147529,90.0000000000,56.4360147529,10.0000000000,10.0000000000,90.0000000000,56.4360147529,500.0000000000,586.0000000000,100,0.2600000000,42.0000000000,90.0000000000,56.4360147529
18,125,0.0000000100,3,40,40,200,33.5639852471,100,66.4360147529,90.0000000000,56.4360147529,10.0000000000,10.0000000000,90.0000000000,56.4360147529,500.0000000000,586.0000000000,100,1.2960000000,42.0000000000,90.0000000000,56.4360147529
18,225,0.0000000100,3,40,40,200,33.5639852471,100,66.4360147529,90.0000000000,56.4360147529,10.0000000000,10.0000000000,90.0000000000,56.4360147529,500.0000000000,586.0000000000,100,2.3330000000,42.0000000000,90.0000000000,56.4360147529
18,275,0.0000000100,3,40,40,200,33.5639852471,100,66.4360147529,90.0000000000,56.4360147529,10.0000000000,10.0000000000,90.0000000000,56.4360147529,500.0000000000,586.0000000000,100,2.8510000000,42.0000000000,90.0000000000,56.4360147529
15,175,0.0000000100,3,40,40,200,33.5639852471,100,66.4360147529,25.0000000000,16.6090036882,75.0000000000,49.8270110647,25.0000000000,16.6090036882,30.0000000000,315.9000000000,100,2.2800000000,33.0000000000,25.0000000000,16.6090036882
18,175,0.0000000100,3,40,40,200,33.5639852471,100,66.4360147529,25.0000000000,16.6090036882,75.0000000000,49.8270110647,25.0000000000,16.6090036882,30.0000000000,315.9000000000,100,1.8800000000,33.0000000000,25.0000000000,16.6090036882
21,175,0.0000000100,3,40,40,200,33.5639852471,100,66.4360147529,25.0000000000,16.6090036882,75.0000000000,49.8270110647,25.0000000000,16.6090036882,30.0000000000,315.9000000000,100,1.6000000000,33.0000000000,25.0000000000,16.6090036882
24,175,0.0000000100,3,40,40,200,33.5639852471,100,66.4360147529,25.0000000000,16.6090036882,75.0000000000,49.8270110647,25.0000000000,16.6090036882,30.0000000000,315.9000000000,100,1.3920000000,33.0000000000,25.0000000000,16.6090036882
18,75,0.0000000100,3,40,40,200,33.5639852471,100,66.4360147529,25.0000000000,16.6090036882,75.0000000000,49.8270110647,25.0000000000,16.6090036882,30.0000000000,315.9000000000,100,0.8070000000,33.0000000000,25.0000000000,16.6090036882
18,125,0.0000000100,3,40,40,200,33.5639852471,100,66.4360147529,25.0000000000,16.6090036882,75.0000000000,49.8270110647,25.0000000000,16.6090036882,30.0000000000,315.9000000000,100,1.3440000000,33.0000000000,25.0000000000,16.6090036882
18,225,0.0000000100,3,40,40,200,33.5639852471,100,66.4360147529,25.0000000000,16.6090036882,75.0000000000,49.8270110647,25.0000000000,16.6090036882,30.0000000000,315.9000000000,100,2.4170000000,33.0000000000,25.0000000000,16.6090036882
18,325,0.0000000100,3,40,40,200,33.5639852471,100,66.4360147529,25.0000000000,16.6090036882,75.0000000000,49.8270110647,25.0000000000,16.6090036882,30.0000000000,315.9000000000,100,3.4920000000,33.0000000000,25.0000000000,16.6090036882
15,175,0.0000000100,3,40,40,200,33.5639852471,100,66.4360147529,25.0000000000,16.6090036882,75.0000000000,49.8270110647,25.0000000000,16.6090036882,200.0000000000,480.5000000000,100,2.2800000000,33.0000000000,25.0000000000,16.6090036882
18,175,0.0000000100,3,40,40,200,33.5639852471,100,66.4360147529,25.0000000000,16.6090036882,75.0000000000,49.8270110647,25.0000000000,16.6090036882,200.0000000000,480.5000000000,100,1.8800000000,33.0000000000,25.0000000000,16.6090036882
21,175,0.0000000100,3,40,40,200,33.5639852471,100,66.4360147529,25.0000000000,16.6090036882,75.0000000000,49.8270110647,25.0000000000,16.6090036882,200.0000000000,480.5000000000,100,1.6000000000,33.0000000000,25.0000000000,16.6090036882
24,175,0.0000000100,3,40,40,200,33.5639852471,100,66.4360147529,25.0000000000,16.6090036882,75.0000000000,49.8270110647,25.0000000000,16.6090036882,200.0000000000,480.5000000000,100,1.3920000000,33.0000000000,25.0000000000,16.6090036882
18,75,0.0000000100,3,40,40,200,33.5639852471,100,66.4360147529,25.0000000000,16.6090036882,75.0000000000,49.8270110647,25.0000000000,16.6090036882,200.0000000000,480.5000000000,100,0.8070000000,33.0000000000,25.0000000000,16.6090036882
18,125,0.0000000100,3,40,40,200,33.5639852471,100,66.4360147529,25.0000000000,16.6090036882,75.0000000000,49.8270110647,25.0000000000,16.6090036882,200.0000000000,480.5000000000,100,1.3440000000,33.0000000000,25.0000000000,16.6090036882
18,225,0.0000000100,3,40,40,200,33.5639852471,100,66.4360147529,25.0000000000,16.6090036882,75.0000000000,49.8270110647,25.0000000000,16.6090036882,200.0000000000,480.5000000000,100,2.4170000000,33.0000000000,25.0000000000,16.6090036882
18,325,0.0000000100,3,40,40,200,33.5639852471,100,66.4360147529,25.0000000000,16.6090036882,75.0000000000,49.8270110647,25.0000000000,16.6090036882,200.0000000000,480.5000000000,100,3.4920000000,33.0000000000,25.0000000000,16.6090036882
15,175,0.0000000100,3,40,40,200,33.5639852471,100,66.4360147529,25.0000000000,16.6090036882,75.0000000000,49.8270110647,25.0000000000,16.6090036882,500.0000000000,586.0000000000,100,2.2800000000,33.0000000000,25.0000000000,16.6090036882
18,175,0.0000000100,3,40,40,200,33.5639852471,100,66.4360147529,25.0000000000,16.6090036882,75.0000000000,49.8270110647,25.0000000000,16.6090036882,500.0000000000,586.0000000000,100,1.8800000000,33.0000000000,25.0000000000,16.6090036882
21,175,0.0000000100,3,40,40,200,33.5639852471,100,66.4360147529,25.0000000000,16.6090036882,75.0000000000,49.8270110647,25.0000000000,16.6090036882,500.0000000000,586.0000000000,100,1.6000000000,33.0000000000,25.0000000000,16.6090036882
24,175,0.0000000100,3,40,40,200,33.5639852471,100,66.4360147529,25.0000000000,16.6090036882,75.0000000000,49.8270110647,25.0000000000,16.6090036882,500.0000000000,586.0000000000,100,1.3920000000,33.0000000000,25.0000000000,16.6090036882
18,75,0.0000000100,3,40,40,200,33.5639852471,100,66.4360147529,25.0000000000,16.6090036882,75.0000000000,49.8270110647,25.0000000000,16.6090036882,500.0000000000,586.0000000000,100,0.8070000000,33.0000000000,25.0000000000,16.6090036882
18,125,0.0000000100,3,40,40,200,33.5639852471,100,66.4360147529,25.0000000000,16.6090036882,75.0000000000,49.8270110647,25.0000000000,16.6090036882,500.0000000000,586.0000000000,100,1.3440000000,33.0000000000,25.0000000000,16.6090036882
18,225,0.0000000100,3,40,40,200,33.5639852471,100,66.4360147529,25.0000000000,16.6090036882,75.0000000000,49.8270110647,25.0000000000,16.6090036882,500.0000000000,586.0000000000,100,2.4170000000,33.0000000000,25.0000000000,16.6090036882
18,325,0.0000000100,3,40,40,200,33.5639852471,100,66.4360147529,25.0000000000,16.6090036882,75.0000000000,49.8270110647,25.0000000000,16.6090036882,500.0000000000,586.0000000000,100,3.4920000000,33.0000000000,25.0000000000,16.6090036882
12,175,0.0000000100,3,40,80,400,67.1279704942,200,132.8720295058,180.0000000000,112.8720295058,20.0000000000,20.0000000000,180.0000000000,112.8720295058,30.0000000000,315.9000000000,100,1.4010000000,85.0000000000,180.0000000000,112.8720295058
15,175,0.0000000100,3,40,80,400,67.1279704942,200,132.8720295058,180.0000000000,112.8720295058,20.0000000000,20.0000000000,180.0000000000,112.8720295058,30.0000000000,315.9000000000,100,1.1010000000,85.0000000000,180.0000000000,112.8720295058
18,175,0.0000000100,3,40,80,400,67.1279704942,200,132.8720295058,180.0000000000,112.8720295058,20.0000000000,20.0000000000,180.0000000000,112.8720295058,30.0000000000,315.9000000000,100,0.9080000000,85.0000000000,180.0000000000,112.8720295058
21,175,0.0000000100,3,40,80,400,67.1279704942,200,132.8720295058,180.0000000000,112.8720295058,20.0000000000,20.0000000000,180.0000000000,112.8720295058,30.0000000000,315.9000000000,100,0.7720000000,85.0000000000,180.0000000000,112.8720295058
24,175,0.0000000100,3,40,80,400,67.1279704942,200,132.8720295058,180.0000000000,112.8720295058,20.0000000000,20.0000000000,180.0000000000,112.8720295058,30.0000000000,315.9000000000,100,0.6710000000,85.0000000000,180.0000000000,112.8720295058
18,25,0.0000000100,3,40,80,400,67.1279704942,200,132.8720295058,180.0000000000,112.8720295058,20.0000000000,20.0000000000,180.0000000000,112.8720295058,30.0000000000,315.9000000000,100,0.1300000000,85.0000000000,180.0000000000,112.8720295058
18,125,0.0000000100,3,40,80,400,67.1279704942,200,132.8720295058,180.0000000000,112.8720295058,20.0000000000,20.0000000000,180.0000000000,112.8720295058,30.0000000000,315.9000000000,100,0.6480000000,85.0000000000,180.0000000000,112.8720295058
18,225,0.0000000100,3,40,80,400,67.1279704942,200,132.8720295058,180.0000000000,112.8720295058,20.0000000000,20.0000000000,180.0000000000,112.8720295058,30.0000000000,315.9000000000,100,1.1670000000,85.0000000000,180.0000000000,112.8720295058
18,275,0.0000000100,3,40,80,400,67.1279704942,200,132.8720295058,180.0000000000,112.8720295058,20.0000000000,20.0000000000,180.0000000000,112.8720295058,30.0000000000,315.9000000000,100,1.4260000000,85.0000000000,180.0000000000,112.8720295058
18,325,0.0000000100,3,40,80,400,67.1279704942,200,132.8720295058,180.0000000000,112.8720295058,20.0000000000,20.0000000000,180.0000000000,112.8720295058,30.0000000000,315.9000000000,100,1.6850000000,85.0000000000,180.0000000000,112.8720295058
12,175,0.0000000100,3,40,80,400,67.1279704942,200,132.8720295058,180.0000000000,112.8720295058,20.0000000000,20.0000000000,180.0000000000,112.8720295058,200.0000000000,480.5000000000,100,1.4010000000,85.0000000000,180.0000000000,112.8720295058
15,175,0.0000000100,3,40,80,400,67.1279704942,200,132.8720295058,180.0000000000,112.8720295058,20.0000000000,20.0000000000,180.0000000000,112.8720295058,200.0000000000,480.5000000000,100,1.1010000000,85.0000000000,180.0000000000,112.8720295058
18,175,0.0000000100,3,40,80,400,67.1279704942,200,132.8720295058,180.0000000000,112.8720295058,20.0000000000,20.0000000000,180.0000000000,112.8720295058,200.0000000000,480.5000000000,100,0.9080000000,85.0000000000,180.0000000000,112.8720295058
21,175,0.0000000100,3,40,80,400,67.1279704942,200,132.8720295058,180.0000000000,112.8720295058,20.0000000000,20.0000000000,180.0000000000,112.8720295058,200.0000000000,480.5000000000,100,0.7720000000,85.0000000000,180.0000000000,112.8720295058
24,175,0.0000000100,3,40,80,400,67.1279704942,200,132.8720295058,180.0000000000,112.8720295058,20.0000000000,20.0000000000,180.0000000000,112.8720295058,200.0000000000,480.5000000000,100,0.6710000000,85.0000000000,180.0000000000,112.8720295058
18,25,0.0000000100,3,40,80,400,67.1279704942,200,132.8720295058,180.0000000000,112.8720295058,20.0000000000,20.0000000000,180.0000000000,112.8720295058,200.0000000000,480.5000000000,100,0.1300000000,85.0000000000,180.0000000000,112.8720295058
18,125,0.0000000100,3,40,80,400,67.1279704942,200,132.8720295058,180.0000000000,112.8720295058,20.0000000000,20.0000000000,180.0000000000,112.8720295058,200.0000000000,480.5000000000,100,0.6480000000,85.0000000000,180.0000000000,112.8720295058
18,225,0.0000000100,3,40,80,400,67.1279704942,200,132.8720295058,180.0000000000,112.8720295058,20.0000000000,20.0000000000,180.0000000000,112.8720295058,200.0000000000,480.5000000000,100,1.1670000000,85.0000000000,180.0000000000,112.8720295058
18,275,0.0000000100,3,40,80,400,67.1279704942,200,132.8720295058,180.0000000000,112.8720295058,20.0000000000,20.0000000000,180.0000000000,112.8720295058,200.0000000000,480.5000000000,100,1.4260000000,85.0000000000,180.0000000000,112.8720295058
18,325,0.0000000100,3,40,80,400,67.1279704942,200,132.8720295058,180.0000000000,112.8720295058,20.0000000000,20.0000000000,180.0000000000,112.8720295058,200.0000000000,480.5000000000,100,1.6850000000,85.0000000000,180.0000000000,112.8720295058
12,175,0.0000000100,3,40,80,400,67.1279704942,200,132.8720295058,180.0000000000,112.8720295058,20.0000000000,20.0000000000,180.0000000000,112.8720295058,500.0000000000,586.0000000000,100,1.4010000000,85.0000000000,180.0000000000,112.8720295058
15,175,0.0000000100,3,40,80,400,67.1279704942,200,132.8720295058,180.0000000000,112.8720295058,20.0000000000,20.0000000000,180.0000000000,112.8720295058,500.0000000000,586.0000000000,100,1.1010000000,85.0000000000,180.0000000000,112.8720295058
18,175,0.0000000100,3,40,80,400,67.1279704942,200,132.8720295058,180.0000000000,112.8720295058,20.0000000000,20.0000000000,180.0000000000,112.8720295058,500.0000000000,586.0000000000,100,0.9080000000,85.0000000000,180.0000000000,112.8720295058
21,175,0.0000000100,3,40,80,400,67.1279704942,200,132.8720295058,180.0000000000,112.8720295058,20.0000000000,20.0000000000,180.0000000000,112.8720295058,500.0000000000,586.0000000000,100,0.7720000000,85.0000000000,180.0000000000,112.8720295058
24,175,0.0000000100,3,40,80,400,67.1279704942,200,132.8720295058,180.0000000000,112.8720295058,20.0000000000,20.0000000000,180.0000000000,112.8720295058,500.0000000000,586.0000000000,100,0.6710000000,85.0000000000,180.0000000000,112.8720295058
18,25,0.0000000100,3,40,80,400,67.1279704942,200,132.8720295058,180.0000000000,112.8720295058,20.0000000000,20.0000000000,180.0000000000,112.8720295058,500.0000000000,586.0000000000,100,0.1300000000,85.0000000000,180.0000000000,112.8720295058
18,125,0.0000000100,3,40,80,400,67.1279704942,200,132.8720295058,180.0000000000,112.8720295058,20.0000000000,20.0000000000,180.0000000000,112.8720295058,500.0000000000,586.0000000000,100,0.6480000000,85.0000000000,180.0000000000,112.8720295058
18,225,0.0000000100,3,40,80,400,67.1279704942,200,132.8720295058,180.0000000000,112.8720295058,20.0000000000,20.0000000000,180.0000000000,112.8720295058,500.0000000000,586.0000000000,100,1.1670000000,85.0000000000,180.0000000000,112.8720295058
18,275,0.0000000100,3,40,80,400,67.1279704942,200,132.8720295058,180.0000000000,112.8720295058,20.0000000000,20.0000000000,180.0000000000,112.8720295058,500.0000000000,586.0000000000,100,1.4260000000,85.0000000000,180.0000000000,112.8720295058
18,325,0.0000000100,3,40,80,400,67.1279704942,200,132.8720295058,180.0000000000,112.8720295058,20.0000000000,20.0000000000,180.0000000000,112.8720295058,500.0000000000,586.0000000000,100,1.6850000000,85.0000000000,180.0000000000,112.8720295058
12,175,0.0000000100,3,40,80,400,67.1279704942,200,132.8720295058,50.0000000000,33.2180073765,150.0000000000,99.6540221294,50.0000000000,33.2180073765,30.0000000000,315.9000000000,100,1.4530000000,65.0000000000,50.0000000000,33.2180073765
15,175,0.0000000100,3,40,80,400,67.1279704942,200,132.8720295058,50.0000000000,33.2180073765,150.0000000000,99.6540221294,50.0000000000,33.2180073765,30.0000000000,315.9000000000,100,1.1440000000,65.0000000000,50.0000000000,33.2180073765
18,175,0.0000000100,3,40,80,400,67.1279704942,200,132.8720295058,50.0000000000,33.2180073765,150.0000000000,99.6540221294,50.0000000000,33.2180073765,30.0000000000,315.9000000000,100,0.9430000000,65.0000000000,50.0000000000,33.2180073765
21,175,0.0000000100,3,40,80,400,67.1279704942,200,132.8720295058,50.0000000000,33.2180073765,150.0000000000,99.6540221294,50.0000000000,33.2180073765,30.0000000000,315.9000000000,100,0.8020000000,65.0000000000,50.0000000000,33.2180073765
24,175,0.0000000100,3,40,80,400,67.1279704942,200,132.8720295058,50.0000000000,33.2180073765,150.0000000000,99.6540221294,50.0000000000,33.2180073765,30.0000000000,315.9000000000,100,0.6970000000,65.0000000000,50.0000000000,33.2180073765
18,25,0.0000000100,3,40,80,400,67.1279704942,200,132.8720295058,50.0000000000,33.2180073765,150.0000000000,99.6540221294,50.0000000000,33.2180073765,30.0000000000,315.9000000000,100,0.1360000000,65.0000000000,50.0000000000,33.2180073765
18,75,0.0000000100,3,40,80,400,67.1279704942,200,132.8720295058,50.0000000000,33.2180073765,150.0000000000,99.6540221294,50.0000000000,33.2180073765,30.0000000000,315.9000000000,100,0.4040000000,65.0000000000,50.0000000000,33.2180073765
18,225,0.0000000100,3,40,80,400,67.1279704942,200,132.8720295058,50.0000000000,33.2180073765,150.0000000000,99.6540221294,50.0000000000,33.2180073765,30.0000000000,315.9000000000,100,1.2120000000,65.0000000000,50.0000000000,33.2180073765
18,275,0.0000000100,3,40,80,400,67.1279704942,200,132.8720295058,50.0000000000,33.2180073765,150.0000000000,99.6540221294,50.0000000000,33.2180073765,30.0000000000,315.9000000000,100,1.4800000000,65.0000000000,50.0000000000,33.2180073765
18,325,0.0000000100,3,40,80,400,67.1279704942,200,132.8720295058,50.0000000000,33.2180073765,150.0000000000,99.6540221294,50.0000000000,33.2180073765,30.0000000000,315.9000000000,100,1.7500000000,65.0000000000,50.0000000000,33.2180073765
12,175,0.0000000100,3,40,80,400,67.1279704942,200,132.8720295058,50.0000000000,33.2180073765,150.0000000000,99.6540221294,50.0000000000,33.2180073765,200.0000000000,480.5000000000,100,1.4530000000,65.0000000000,50.0000000000,33.2180073765
15,175,0.0000000100,3,40,80,400,67.1279704942,200,132.8720295058,50.0000000000,33.2180073765,150.0000000000,99.6540221294,50.0000000000,33.2180073765,200.0000000000,480.5000000000,100,1.1440000000,65.0000000000,50.0000000000,33.2180073765
18,175,0.0000000100,3,40,80,400,67.1279704942,200,132.8720295058,50.0000000000,33.2180073765,150.0000000000,99.6540221294,50.0000000000,33.2180073765,200.0000000000,480.5000000000,100,0.9430000000,65.0000000000,50.0000000000,33.2180073765
21,175,0.0000000100,3,40,80,400,67.1279704942,200,132.8720295058,50.0000000000,33.2180073765,150.0000000000,99.6540221294,50.0000000000,33.2180073765,200.0000000000,480.5000000000,100,0.8020000000,65.0000000000,50.0000000000,33.2180073765
24,175,0.0000000100,3,40,80,400,67.1279704942,200,132.8720295058,50.0000000000,33.2180073765,150.0000000000,99.6540221294,50.0000000000,33.2180073765,200.0000000000,480.5000000000,100,0.6970000000,65.0000000000,50.0000000000,33.2180073765
18,25,0.0000000100,3,40,80,400,67.1279704942,200,132.8720295058,50.0000000000,33.2180073765,150.0000000000,99.6540221294,50.0000000000,33.2180073765,200.0000000000,480.5000000000,100,0.1360000000,65.0000000000,50.0000000000,33.2180073765
18,75,0.0000000100,3,40,80,400,67.1279704942,200,132.8720295058,50.0000000000,33.2180073765,150.0000000000,99.6540221294,50.0000000000,33.2180073765,200.0000000000,480.5000000000,100,0.4040000000,65.0000000000,50.0000000000,33.2180073765
18,225,0.0000000100,3,40,80,400,67.1279704942,200,132.8720295058,50.0000000000,33.2180073765,150.0000000000,99.6540221294,50.0000000000,33.2180073765,200.0000000000,480.5000000000,100,1.2120000000,65.0000000000,50.0000000000,33.2180073765
18,275,0.0000000100,3,40,80,400,67.1279704942,200,132.8720295058,50.0000000000,33.2180073765,150.0000000000,99.6540221294,50.0000000000,33.2180073765,200.0000000000,480.5000000000,100,1.4800000000,65.0000000000,50.0000000000,33.2180073765
18,325,0.0000000100,3,40,80,400,67.1279704942,200,132.8720295058,50.0000000000,33.2180073765,150.0000000000,99.6540221294,50.0000000000,33.2180073765,200.0000000000,480.5000000000,100,1.7500000000,65.0000000000,50.0000000000,33.2180073765
12,175,0.0000000100,3,40,80,400,67.1279704942,200,132.8720295058,50.0000000000,33.2180073765,150.0000000000,99.6540221294,50.0000000000,33.2180073765,500.0000000000,586.0000000000,100,1.4530000000,65.0000000000,50.0000000000,33.2180073765
15,175,0.0000000100,3,40,80,400,67.1279704942,200,132.8720295058,50.0000000000,33.2180073765,150.0000000000,99.6540221294,50.0000000000,33.2180073765,500.0000000000,586.0000000000,100,1.1440000000,65.0000000000,50.0000000000,33.2180073765
18,175,0.0000000100,3,40,80,400,67.1279704942,200,132.8720295058,50.0000000000,33.2180073765,150.0000000000,99.6540221294,50.0000000000,33.2180073765,500.0000000000,586.0000000000,100,0.9430000000,65.0000000000,50.0000000000,33.2180073765
21,175,0.0000000100,3,40,80,400,67.1279704942,200,132.8720295058,50.0000000000,33.2180073765,150.0000000000,99.6540221294,50.0000000000,33.2180073765,500.0000000000,586.0000000000,100,0.8020000000,65.0000000000,50.0000000000,33.2180073765
24,175,0.0000000100,3,40,80,400,67.1279704942,200,132.8720295058,50.0000000000,33.2180073765,150.0000000000,99.6540221294,50.0000000000,33.2180073765,500.0000000000,586.0000000000,100,0.6970000000,65.0000000000,50.0000000000,33.2180073765
18,25,0.0000000100,3,40,80,400,67.1279704942,200,132.8720295058,50.0000000000,33.2180073765,150.0000000000,99.6540221294,50.0000000000,33.2180073765,500.0000000000,586.0000000000,100,0.1360000000,65.0000000000,50.0000000000,33.2180073765
18,75,0.0000000100,3,40,80,400,67.1279704942,200,132.8720295058,50.0000000000,33.2180073765,150.0000000000,99.6540221294,50.0000000000,33.2180073765,500.0000000000,586.0000000000,100,0.4040000000,65.0000000000,50.0000000000,33.2180073765
18,225,0.0000000100,3,40,80,400,67.1279704942,200,132.8720295058,50.0000000000,33.2180073765,150.0000000000,99.6540221294,50.0000000000,33.2180073765,500.0000000000,586.0000000000,100,1.2120000000,65.0000000000,50.0000000000,33.2180073765
18,275,0.0000000100,3,40,80,400,67.1279704942,200,132.8720295058,50.0000000000,33.2180073765,150.0000000000,99.6540221294,50.0000000000,33.2180073765,500.0000000000,586.0000000000,100,1.4800000000,65.0000000000,50.0000000000,33.2180073765
18,325,0.0000000100,3,40,80,400,67.1279704942,200,132.8720295058,50.0000000000,33.2180073765,150.0000000000,99.6540221294,50.0000000000,33.2180073765,500.0000000000,586.0000000000,100,1.7500000000,65.0000000000,50.0000000000,33.2180073765
12,175,0.0000000100,3,50,20,100,23.8350700000,70,46.2000000000,63.0000000000,39.2000000000,7.0000000000,7.0000000000,63.0000000000,39.2000000000,30.0000000000,315.9000000000,100,4.0680000000,23.0000000000,63.0000000000,39.2000000000
21,175,0.0000000100,3,50,20,100,23.8350700000,70,46.2000000000,63.0000000000,39.2000000000,7.0000000000,7.0000000000,63.0000000000,39.2000000000,30.0000000000,315.9000000000,100,2.2420000000,24.0000000000,63.0000000000,39.2000000000
18,25,0.0000000100,3,50,20,100,23.8350700000,70,46.2000000000,63.0000000000,39.2000000000,7.0000000000,7.0000000000,63.0000000000,39.2000000000,30.0000000000,315.9000000000,100,0.3710000000,17.0000000000,63.0000000000,39.2000000000
18,125,0.0000000100,3,50,20,100,23.8350700000,70,46.2000000000,63.0000000000,39.2000000000,7.0000000000,7.0000000000,63.0000000000,39.2000000000,30.0000000000,315.9000000000,100,1.8830000000,24.0000000000,63.0000000000,39.2000000000
18,225,0.0000000100,3,50,20,100,23.8350700000,70,46.2000000000,63.0000000000,39.2000000000,7.0000000000,7.0000000000,63.0000000000,39.2000000000,30.0000000000,315.9000000000,100,3.3890000000,23.0000000000,63.0000000000,39.2000000000
18,275,0.0000000100,3,50,20,100,23.8350700000,70,46.2000000000,63.0000000000,39.2000000000,7.0000000000,7.0000000000,63.0000000000,39.2000000000,30.0000000000,315.9000000000,100,4.1420000000,23.0000000000,63.0000000000,39.2000000000
12,175,0.0000000100,3,50,20,100,23.8350700000,70,46.2000000000,63.0000000000,39.2000000000,7.0000000000,7.0000000000,63.0000000000,39.2000000000,200.0000000000,480.5000000000,100,4.0680000000,23.0000000000,63.0000000000,39.2000000000
21,175,0.0000000100,3,50,20,100,23.8350700000,70,46.2000000000,63.0000000000,39.2000000000,7.0000000000,7.0000000000,63.0000000000,39.2000000000,200.0000000000,480.5000000000,100,2.2420000000,24.0000000000,63.0000000000,39.2000000000
18,25,0.0000000100,3,50,20,100,23.8350700000,70,46.2000000000,63.0000000000,39.2000000000,7.0000000000,7.0000000000,63.0000000000,39.2000000000,200.0000000000,480.5000000000,100,0.3710000000,17.0000000000,63.0000000000,39.2000000000
18,125,0.0000000100,3,50,20,100,23.8350700000,70,46.2000000000,63.0000000000,39.2000000000,7.0000000000,7.0000000000,63.0000000000,39.2000000000,200.0000000000,480.5000000000,100,1.8830000000,24.0000000000,63.0000000000,39.2000000000
18,225,0.0000000100,3,50,20,100,23.8350700000,70,46.2000000000,63.0000000000,39.2000000000,7.0000000000,7.0000000000,63.0000000000,39.2000000000,200.0000000000,480.5000000000,100,3.3890000000,23.0000000000,63.0000000000,39.2000000000
18,275,0.0000000100,3,50,20,100,23.8350700000,70,46.2000000000,63.0000000000,39.2000000000,7.0000000000,7.0000000000,63.0000000000,39.2000000000,200.0000000000,480.5000000000,100,4.1420000000,23.0000000000,63.0000000000,39.2000000000
12,175,0.0000000100,3,50,20,100,23.8350700000,70,46.2000000000,63.0000000000,39.2000000000,7.0000000000,7.0000000000,63.0000000000,39.2000000000,500.0000000000,586.0000000000,100,4.0680000000,23.0000000000,63.0000000000,39.2000000000
21,175,0.0000000100,3,50,20,100,23.8350700000,70,46.2000000000,63.0000000000,39.2000000000,7.0000000000,7.0000000000,63.0000000000,39.2000000000,500.0000000000,586.0000000000,100,2.2420000000,24.0000000000,63.0000000000,39.2000000000
18,25,0.0000000100,3,50,20,100,23.8350700000,70,46.2000000000,63.0000000000,39.2000000000,7.0000000000,7.0000000000,63.0000000000,39.2000000000,500.0000000000,586.0000000000,100,0.3710000000,17.0000000000,63.0000000000,39.2000000000
18,125,0.0000000100,3,50,20,100,23.8350700000,70,46.2000000000,63.0000000000,39.2000000000,7.0000000000,7.0000000000,63.0000000000,39.2000000000,500.0000000000,586.0000000000,100,1.8830000000,24.0000000000,63.0000000000,39.2000000000
18,225,0.0000000100,3,50,20,100,23.8350700000,70,46.2000000000,63.0000000000,39.2000000000,7.0000000000,7.0000000000,63.0000000000,39.2000000000,500.0000000000,586.0000000000,100,3.3890000000,23.0000000000,63.0000000000,39.2000000000
18,275,0.0000000100,3,50,20,100,23.8350700000,70,46.2000000000,63.0000000000,39.2000000000,7.0000000000,7.0000000000,63.0000000000,39.2000000000,500.0000000000,586.0000000000,100,4.1420000000,23.0000000000,63.0000000000,39.2000000000
12,175,0.0000000100,3,50,20,100,23.8350700000,70,46.2000000000,17.5000000000,11.5000000000,52.5000000000,34.6000000000,17.5000000000,11.5000000000,30.0000000000,315.9000000000,100,4.0120000000,24.0000000000,17.5000000000,11.5000000000
15,175,0.0000000100,3,50,20,100,23.8350700000,70,46.2000000000,17.5000000000,11.5000000000,52.5000000000,34.6000000000,17.5000000000,11.5000000000,30.0000000000,315.9000000000,100,3.1540000000,24.0000000000,17.5000000000,11.5000000000
18,175,0.0000000100,3,50,20,100,23.8350700000,70,46.2000000000,17.5000000000,11.5000000000,52.5000000000,34.6000000000,17.5000000000,11.5000000000,30.0000000000,315.9000000000,100,2.5930000000,17.0000000000,17.5000000000,11.5000000000
21,175,0.0000000100,3,50,20,100,23.8350700000,70,46.2000000000,17.5000000000,11.5000000000,52.5000000000,34.6000000000,17.5000000000,11.5000000000,30.0000000000,315.9000000000,100,2.2150000000,24.0000000000,17.5000000000,11.5000000000
24,175,0.0000000100,3,50,20,100,23.8350700000,70,46.2000000000,17.5000000000,11.5000000000,52.5000000000,34.6000000000,17.5000000000,11.5000000000,30.0000000000,315.9000000000,100,1.9270000000,24.0000000000,17.5000000000,11.5000000000
18,125,0.0000000100,3,50,20,100,23.8350700000,70,46.2000000000,17.5000000000,11.5000000000,52.5000000000,34.6000000000,17.5000000000,11.5000000000,30.0000000000,315.9000000000,100,1.8600000000,23.0000000000,17.5000000000,11.5000000000
18,225,0.0000000100,3,50,20,100,23.8350700000,70,46.2000000000,17.5000000000,11.5000000000,52.5000000000,34.6000000000,17.5000000000,11.5000000000,30.0000000000,315.9000000000,100,3.3430000000,24.0000000000,17.5000000000,11.5000000000
18,275,0.0000000100,3,50,20,100,23.8350700000,70,46.2000000000,17.5000000000,11.5000000000,52.5000000000,34.6000000000,17.5000000000,11.5000000000,30.0000000000,315.9000000000,100,4.0790000000,24.0000000000,17.5000000000,11.5000000000
18,325,0.0000000100,3,50,20,100,23.8350700000,70,46.2000000000,17.5000000000,11.5000000000,52.5000000000,34.6000000000,17.5000000000,11.5000000000,30.0000000000,315.9000000000,100,4.8330000000,24.0000000000,17.5000000000,11.5000000000
12,175,0.0000000100,3,50,20,100,23.8350700000,70,46.2000000000,17.5000000000,11.5000000000,52.5000000000,34.6000000000,17.5000000000,11.5000000000,200.0000000000,480.5000000000,100,4.0120000000,24.0000000000,17.5000000000,11.5000000000
15,175,0.0000000100,3,50,20,100,23.8350700000,70,46.2000000000,17.5000000000,11.5000000000,52.5000000000,34.6000000000,17.5000000000,11.5000000000,200.0000000000,480.5000000000,100,3.1540000000,24.0000000000,17.5000000000,11.5000000000
18,175,0.0000000100,3,50,20,100,23.8350700000,70,46.2000000000,17.5000000000,11.5000000000,52.5000000000,34.6000000000,17.5000000000,11.5000000000,200.0000000000,480.5000000000,100,2.5930000000,17.0000000000,17.5000000000,11.5000000000
21,175,0.0000000100,3,50,20,100,23.8350700000,70,46.2000000000,17.5000000000,11.5000000000,52.5000000000,34.6000000000,17.5000000000,11.5000000000,200.0000000000,480.5000000000,100,2.2150000000,24.0000000000,17.5000000000,11.5000000000
24,175,0.0000000100,3,50,20,100,23.8350700000,70,46.2000000000,17.5000000000,11.5000000000,52.5000000000,34.6000000000,17.5000000000,11.5000000000,200.0000000000,480.5000000000,100,1.9270000000,24.0000000000,17.5000000000,11.5000000000
18,125,0.0000000100,3,50,20,100,23.8350700000,70,46.2000000000,17.5000000000,11.5000000000,52.5000000000,34.6000000000,17.5000000000,11.5000000000,200.0000000000,480.5000000000,100,1.8600000000,23.0000000000,17.5000000000,11.5000000000
18,225,0.0000000100,3,50,20,100,23.8350700000,70,46.2000000000,17.5000000000,11.5000000000,52.5000000000,34.6000000000,17.5000000000,11.5000000000,200.0000000000,480.5000000000,100,3.3430000000,24.0000000000,17.5000000000,11.5000000000
18,275,0.0000000100,3,50,20,100,23.8350700000,70,46.2000000000,17.5000000000,11.5000000000,52.5000000000,34.6000000000,17.5000000000,11.5000000000,200.0000000000,480.5000000000,100,4.0790000000,24.0000000000,17.5000000000,11.5000000000
18,325,0.0000000100,3,50,20,100,23.8350700000,70,46.2000000000,17.5000000000,11.5000000000,52.5000000000,34.6000000000,17.5000000000,11.5000000000,200.0000000000,480.5000000000,100,4.8330000000,24.0000000000,17.5000000000,11.5000000000
12,175,0.0000000100,3,50,20,100,23.8350700000,70,46.2000000000,17.5000000000,11.5000000000,52.5000000000,34.6000000000,17.5000000000,11.5000000000,500.0000000000,586.0000000000,100,4.0120000000,24.0000000000,17.5000000000,11.5000000000
15,175,0.0000000100,3,50,20,100,23.8350700000,70,46.2000000000,17.5000000000,11.5000000000,52.5000000000,34.6000000000,17.5000000000,11.5000000000,500.0000000000,586.0000000000,100,3.1540000000,24.0000000000,17.5000000000,11.5000000000
18,175,0.0000000100,3,50,20,100,23.8350700000,70,46.2000000000,17.5000000000,11.5000000000,52.5000000000,34.6000000000,17.5000000000,11.5000000000,500.0000000000,586.0000000000,100,2.5930000000,17.0000000000,17.5000000000,11.5000000000
21,175,0.0000000100,3,50,20,100,23.8350700000,70,46.2000000000,17.5000000000,11.5000000000,52.5000000000,34.6000000000,17.5000000000,11.5000000000,500.0000000000,586.0000000000,100,2.2150000000,24.0000000000,17.5000000000,11.5000000000
24,175,0.0000000100,3,50,20,100,23.8350700000,70,46.2000000000,17.5000000000,11.5000000000,52.5000000000,34.6000000000,17.5000000000,11.5000000000,500.0000000000,586.0000000000,100,1.9270000000,24.0000000000,17.5000000000,11.5000000000
18,125,0.0000000100,3,50,20,100,23.8350700000,70,46.2000000000,17.5000000000,11.5000000000,52.5000000000,34.6000000000,17.5000000000,11.5000000000,500.0000000000,586.0000000000,100,1.8600000000,23.0000000000,17.5000000000,11.5000000000
18,225,0.0000000100,3,50,20,100,23.8350700000,70,46.2000000000,17.5000000000,11.5000000000,52.5000000000,34.6000000000,17.5000000000,11.5000000000,500.0000000000,586.0000000000,100,3.3430000000,24.0000000000,17.5000000000,11.5000000000
18,275,0.0000000100,3,50,20,100,23.8350700000,70,46.2000000000,17.5000000000,11.5000000000,52.5000000000,34.6000000000,17.5000000000,11.5000000000,500.0000000000,586.0000000000,100,4.0790000000,24.0000000000,17.5000000000,11.5000000000
18,325,0.0000000100,3,50,20,100,23.8350700000,70,46.2000000000,17.5000000000,11.5000000000,52.5000000000,34.6000000000,17.5000000000,11.5000000000,500.0000000000,586.0000000000,100,4.8330000000,24.0000000000,17.5000000000,11.5000000000
12,175,0.0000000100,3,40,40,200,47.6700000000,145,97.3000000000,130.5000000000,82.8000000000,14.5000000000,14.5000000000,130.5000000000,82.8000000000,30.0000000000,315.9000000000,100,2.0280000000,46.0000000000,130.5000000000,82.8000000000
15,175,0.0000000100,3,40,40,200,47.6700000000,145,97.3000000000,130.5000000000,82.8000000000,14.5000000000,14.5000000000,130.5000000000,82.8000000000,30.0000000000,315.9000000000,100,1.5960000000,46.0000000000,130.5000000000,82.8000000000
18,175,0.0000000100,3,40,40,200,47.6700000000,145,97.3000000000,130.5000000000,82.8000000000,14.5000000000,14.5000000000,130.5000000000,82.8000000000,30.0000000000,315.9000000000,100,1.3150000000,46.0000000000,130.5000000000,82.8000000000
21,175,0.0000000100,3,40,40,200,47.6700000000,145,97.3000000000,130.5000000000,82.8000000000,14.5000000000,14.5000000000,130.5000000000,82.8000000000,30.0000000000,315.9000000000,100,1.0990000000,34.0000000000,130.5000000000,82.8000000000
24,175,0.0000000100,3,40,40,200,47.6700000000,145,97.3000000000,130.5000000000,82.8000000000,14.5000000000,14.5000000000,130.5000000000,82.8000000000,30.0000000000,315.9000000000,100,0.9740000000,46.0000000000,130.5000000000,82.8000000000
18,25,0.0000000100,3,40,40,200,47.6700000000,145,97.3000000000,130.5000000000,82.8000000000,14.5000000000,14.5000000000,130.5000000000,82.8000000000,30.0000000000,315.9000000000,100,0.1840000000,34.0000000000,130.5000000000,82.8000000000
18,75,0.0000000100,3,40,40,200,47.6700000000,145,97.3000000000,130.5000000000,82.8000000000,14.5000000000,14.5000000000,130.5000000000,82.8000000000,30.0000000000,315.9000000000,100,0.5540000000,46.0000000000,130.5000000000,82.8000000000
18,125,0.0000000100,3,40,40,200,47.6700000000,145,97.3000000000,130.5000000000,82.8000000000,14.5000000000,14.5000000000,130.5000000000,82.8000000000,30.0000000000,315.9000000000,100,0.9230000000,46.0000000000,130.5000000000,82.8000000000
18,225,0.0000000100,3,40,40,200,47.6700000000,145,97.3000000000,130.5000000000,82.8000000000,14.5000000000,14.5000000000,130.5000000000,82.8000000000,30.0000000000,315.9000000000,100,1.6910000000,34.0000000000,130.5000000000,82.8000000000
18,275,0.0000000100,3,40,40,200,47.6700000000,145,97.3000000000,130.5000000000,82.8000000000,14.5000000000,14.5000000000,130.5000000000,82.8000000000,30.0000000000,315.9000000000,100,2.0300000000,34.0000000000,130.5000000000,82.8000000000
18,325,0.0000000100,3,40,40,200,47.6700000000,145,97.3000000000,130.5000000000,82.8000000000,14.5000000000,14.5000000000,130.5000000000,82.8000000000,30.0000000000,315.9000000000,100,2.4430000000,46.0000000000,130.5000000000,82.8000000000
12,175,0.0000000100,3,40,40,200,47.6700000000,145,97.3000000000,130.5000000000,82.8000000000,14.5000000000,14.5000000000,130.5000000000,82.8000000000,200.0000000000,480.5000000000,100,2.0280000000,46.0000000000,130.5000000000,82.8000000000
15,175,0.0000000100,3,40,40,200,47.6700000000,145,97.3000000000,130.5000000000,82.8000000000,14.5000000000,14.5000000000,130.5000000000,82.8000000000,200.0000000000,480.5000000000,100,1.5960000000,46.0000000000,130.5000000000,82.8000000000
18,175,0.0000000100,3,40,40,200,47.6700000000,145,97.3000000000,130.5000000000,82.8000000000,14.5000000000,14.5000000000,130.5000000000,82.8000000000,200.0000000000,480.5000000000,100,1.3150000000,46.0000000000,130.5000000000,82.8000000000
21,175,0.0000000100,3,40,40,200,47.6700000000,145,97.3000000000,130.5000000000,82.8000000000,14.5000000000,14.5000000000,130.5000000000,82.8000000000,200.0000000000,480.5000000000,100,1.0990000000,34.0000000000,130.5000000000,82.8000000000
24,175,0.0000000100,3,40,40,200,47.6700000000,145,97.3000000000,130.5000000000,82.8000000000,14.5000000000,14.5000000000,130.5000000000,82.8000000000,200.0000000000,480.5000000000,100,0.9740000000,46.0000000000,130.5000000000,82.8000000000
18,25,0.0000000100,3,40,40,200,47.6700000000,145,97.3000000000,130.5000000000,82.8000000000,14.5000000000,14.5000000000,130.5000000000,82.8000000000,200.0000000000,480.5000000000,100,0.1840000000,34.0000000000,130.5000000000,82.8000000000
18,75,0.0000000100,3,40,40,200,47.6700000000,145,97.3000000000,130.5000000000,82.8000000000,14.5000000000,14.5000000000,130.5000000000,82.8000000000,200.0000000000,480.5000000000,100,0.5540000000,46.0000000000,130.5000000000,82.8000000000
18,125,0.0000000100,3,40,40,200,47.6700000000,145,97.3000000000,130.5000000000,82.8000000000,14.5000000000,14.5000000000,130.5000000000,82.8000000000,200.0000000000,480.5000000000,100,0.9230000000,46.0000000000,130.5000000000,82.8000000000
18,225,0.0000000100,3,40,40,200,47.6700000000,145,97.3000000000,130.5000000000,82.8000000000,14.5000000000,14.5000000000,130.5000000000,82.8000000000,200.0000000000,480.5000000000,100,1.6910000000,34.0000000000,130.5000000000,82.8000000000
18,275,0.0000000100,3,40,40,200,47.6700000000,145,97.3000000000,130.5000000000,82.8000000000,14.5000000000,14.5000000000,130.5000000000,82.8000000000,200.0000000000,480.5000000000,100,2.0300000000,34.0000000000,130.5000000000,82.8000000000
18,325,0.0000000100,3,40,40,200,47.6700000000,145,97.3000000000,130.5000000000,82.8000000000,14.5000000000,14.5000000000,130.5000000000,82.8000000000,200.0000000000,480.5000000000,100,2.4430000000,46.0000000000,130.5000000000,82.8000000000
12,175,0.0000000100,3,40,40,200,47.6700000000,145,97.3000000000,130.5000000000,82.8000000000,14.5000000000,14.5000000000,130.5000000000,82.8000000000,500.0000000000,586.0000000000,100,2.0280000000,46.0000000000,130.5000000000,82.8000000000
15,175,0.0000000100,3,40,40,200,47.6700000000,145,97.3000000000,130.5000000000,82.8000000000,14.5000000000,14.5000000000,130.5000000000,82.8000000000,500.0000000000,586.0000000000,100,1.5960000000,46.0000000000,130.5000000000,82.8000000000
18,175,0.0000000100,3,40,40,200,47.6700000000,145,97.3000000000,130.5000000000,82.8000000000,14.5000000000,14.5000000000,130.5000000000,82.8000000000,500.0000000000,586.0000000000,100,1.3150000000,46.0000000000,130.5000000000,82.8000000000
21,175,0.0000000100,3,40,40,200,47.6700000000,145,97.3000000000,130.5000000000,82.8000000000,14.5000000000,14.5000000000,130.5000000000,82.8000000000,500.0000000000,586.0000000000,100,1.0990000000,34.0000000000,130.5000000000,82.8000000000
24,175,0.0000000100,3,40,40,200,47.6700000000,145,97.3000000000,130.5000000000,82.8000000000,14.5000000000,14.5000000000,130.5000000000,82.8000000000,500.0000000000,586.0000000000,100,0.9740000000,46.0000000000,130.5000000000,82.8000000000
18,25,0.0000000100,3,40,40,200,47.6700000000,145,97.3000000000,130.5000000000,82.8000000000,14.5000000000,14.5000000000,130.5000000000,82.8000000000,500.0000000000,586.0000000000,100,0.1840000000,34.0000000000,130.5000000000,82.8000000000
18,75,0.0000000100,3,40,40,200,47.6700000000,145,97.3000000000,130.5000000000,82.8000000000,14.5000000000,14.5000000000,130.5000000000,82.8000000000,500.0000000000,586.0000000000,100,0.5540000000,46.0000000000,130.5000000000,82.8000000000
18,125,0.0000000100,3,40,40,200,47.6700000000,145,97.3000000000,130.5000000000,82.8000000000,14.5000000000,14.5000000000,130.5000000000,82.8000000000,500.0000000000,586.0000000000,100,0.9230000000,46.0000000000,130.5000000000,82.8000000000
18,225,0.0000000100,3,40,40,200,47.6700000000,145,97.3000000000,130.5000000000,82.8000000000,14.5000000000,14.5000000000,130.5000000000,82.8000000000,500.0000000000,586.0000000000,100,1.6910000000,34.0000000000,130.5000000000,82.8000000000
18,275,0.0000000100,3,40,40,200,47.6700000000,145,97.3000000000,130.5000000000,82.8000000000,14.5000000000,14.5000000000,130.5000000000,82.8000000000,500.0000000000,586.0000000000,100,2.0300000000,34.0000000000,130.5000000000,82.8000000000
18,325,0.0000000100,3,40,40,200,47.6700000000,145,97.3000000000,130.5000000000,82.8000000000,14.5000000000,14.5000000000,130.5000000000,82.8000000000,500.0000000000,586.0000000000,100,2.4430000000,46.0000000000,130.5000000000,82.8000000000
12,175,0.0000000100,3,40,40,200,47.6700000000,145,97.3000000000,36.3000000000,24.3000000000,108.8000000000,73.0000000000,36.3000000000,24.3000000000,30.0000000000,315.9000000000,100,2.0260000000,48.0000000000,36.3000000000,24.3000000000
15,175,0.0000000100,3,40,40,200,47.6700000000,145,97.3000000000,36.3000000000,24.3000000000,108.8000000000,73.0000000000,36.3000000000,24.3000000000,30.0000000000,315.9000000000,100,1.5950000000,48.0000000000,36.3000000000,24.3000000000
21,175,0.0000000100,3,40,40,200,47.6700000000,145,97.3000000000,36.3000000000,24.3000000000,108.8000000000,73.0000000000,36.3000000000,24.3000000000,30.0000000000,315.9000000000,100,1.1000000000,48.0000000000,36.3000000000,24.3000000000
24,175,0.0000000100,3,40,40,200,47.6700000000,145,97.3000000000,36.3000000000,24.3000000000,108.8000000000,73.0000000000,36.3000000000,24.3000000000,30.0000000000,315.9000000000,100,0.9730000000,48.0000000000,36.3000000000,24.3000000000
18,125,0.0000000100,3,40,40,200,47.6700000000,145,97.3000000000,36.3000000000,24.3000000000,108.8000000000,73.0000000000,36.3000000000,24.3000000000,30.0000000000,315.9000000000,100,0.9390000000,48.0000000000,36.3000000000,24.3000000000
18,225,0.0000000100,3,40,40,200,47.6700000000,145,97.3000000000,36.3000000000,24.3000000000,108.8000000000,73.0000000000,36.3000000000,24.3000000000,30.0000000000,315.9000000000,100,1.6900000000,48.0000000000,36.3000000000,24.3000000000
18,275,0.0000000100,3,40,40,200,47.6700000000,145,97.3000000000,36.3000000000,24.3000000000,108.8000000000,73.0000000000,36.3000000000,24.3000000000,30.0000000000,315.9000000000,100,2.0660000000,48.0000000000,36.3000000000,24.3000000000
18,325,0.0000000100,3,40,40,200,47.6700000000,145,97.3000000000,36.3000000000,24.3000000000,108.8000000000,73.0000000000,36.3000000000,24.3000000000,30.0000000000,315.9000000000,100,2.4420000000,48.0000000000,36.3000000000,24.3000000000
12,175,0.0000000100,3,40,40,200,47.6700000000,145,97.3000000000,36.3000000000,24.3000000000,108.8000000000,73.0000000000,36.3000000000,24.3000000000,200.0000000000,480.5000000000,100,2.0260000000,48.0000000000,36.3000000000,24.3000000000
15,175,0.0000000100,3,40,40,200,47.6700000000,145,97.3000000000,36.3000000000,24.3000000000,108.8000000000,73.0000000000,36.3000000000,24.3000000000,200.0000000000,480.5000000000,100,1.5950000000,48.0000000000,36.3000000000,24.3000000000
21,175,0.0000000100,3,40,40,200,47.6700000000,145,97.3000000000,36.3000000000,24.3000000000,108.8000000000,73.0000000000,36.3000000000,24.3000000000,200.0000000000,480.5000000000,100,1.1000000000,48.0000000000,36.3000000000,24.3000000000
24,175,0.0000000100,3,40,40,200,47.6700000000,145,97.3000000000,36.3000000000,24.3000000000,108.8000000000,73.0000000000,36.3000000000,24.3000000000,200.0000000000,480.5000000000,100,0.9730000000,48.0000000000,36.3000000000,24.3000000000
18,125,0.0000000100,3,40,40,200,47.6700000000,145,97.3000000000,36.3000000000,24.3000000000,108.8000000000,73.0000000000,36.3000000000,24.3000000000,200.0000000000,480.5000000000,100,0.9390000000,48.0000000000,36.3000000000,24.3000000000
18,225,0.0000000100,3,40,40,200,47.6700000000,145,97.3000000000,36.3000000000,24.3000000000,108.8000000000,73.0000000000,36.3000000000,24.3000000000,200.0000000000,480.5000000000,100,1.6900000000,48.0000000000,36.3000000000,24.3000000000
18,275,0.0000000100,3,40,40,200,47.6700000000,145,97.3000000000,36.3000000000,24.3000000000,108.8000000000,73.0000000000,36.3000000000,24.3000000000,200.0000000000,480.5000000000,100,2.0660000000,48.0000000000,36.3000000000,24.3000000000
18,325,0.0000000100,3,40,40,200,47.6700000000,145,97.3000000000,36.3000000000,24.3000000000,108.8000000000,73.0000000000,36.3000000000,24.3000000000,200.0000000000,480.5000000000,100,2.4420000000,48.0000000000,36.3000000000,24.3000000000
12,175,0.0000000100,3,40,40,200,47.6700000000,145,97.3000000000,36.3000000000,24.3000000000,108.8000000000,73.0000000000,36.3000000000,24.3000000000,500.0000000000,586.0000000000,100,2.0260000000,48.0000000000,36.3000000000,24.3000000000
15,175,0.0000000100,3,40,40,200,47.6700000000,145,97.3000000000,36.3000000000,24.3000000000,108.8000000000,73.0000000000,36.3000000000,24.3000000000,500.0000000000,586.0000000000,100,1.5950000000,48.0000000000,36.3000000000,24.3000000000
21,175,0.0000000100,3,40,40,200,47.6700000000,145,97.3000000000,36.3000000000,24.3000000000,108.8000000000,73.0000000000,36.3000000000,24.3000000000,500.0000000000,586.0000000000,100,1.1000000000,48.0000000000,36.3000000000,24.3000000000
24,175,0.0000000100,3,40,40,200,47.6700000000,145,97.3000000000,36.3000000000,24.3000000000,108.8000000000,73.0000000000,36.3000000000,24.3000000000,500.0000000000,586.0000000000,100,0.9730000000,48.0000000000,36.3000000000,24.3000000000
18,125,0.0000000100,3,40,40,200,47.6700000000,145,97.3000000000,36.3000000000,24.3000000000,108.8000000000,73.0000000000,36.3000000000,24.3000000000,500.0000000000,586.0000000000,100,0.9390000000,48.0000000000,36.3000000000,24.3000000000
18,225,0.0000000100,3,40,40,200,47.6700000000,145,97.3000000000,36.3000000000,24.3000000000,108.8000000000,73.0000000000,36.3000000000,24.3000000000,500.0000000000,586.0000000000,100,1.6900000000,48.0000000000,36.3000000000,24.3000000000
18,275,0.0000000100,3,40,40,200,47.6700000000,145,97.3000000000,36.3000000000,24.3000000000,108.8000000000,73.0000000000,36.3000000000,24.3000000000,500.0000000000,586.0000000000,100,2.0660000000,48.0000000000,36.3000000000,24.3000000000
18,325,0.0000000100,3,40,40,200,47.6700000000,145,97.3000000000,36.3000000000,24.3000000000,108.8000000000,73.0000000000,36.3000000000,24.3000000000,500.0000000000,586.0000000000,100,2.4420000000,48.0000000000,36.3000000000,24.3000000000
12,175,0.0000000100,3,50,80,400,95.3402874075,290,194.6597125925,261.0000000000,165.6597125925,29.0000000000,29.0000000000,261.0000000000,165.6597125925,30.0000000000,315.9000000000,100,1.0160000000,68.0000000000,261.0000000000,165.6597125925
15,175,0.0000000100,3,50,80,400,95.3402874075,290,194.6597125925,261.0000000000,165.6597125925,29.0000000000,29.0000000000,261.0000000000,165.6597125925,30.0000000000,315.9000000000,100,0.7850000000,93.0000000000,261.0000000000,165.6597125925
18,175,0.0000000100,3,50,80,400,95.3402874075,290,194.6597125925,261.0000000000,165.6597125925,29.0000000000,29.0000000000,261.0000000000,165.6597125925,30.0000000000,315.9000000000,100,0.6470000000,42.0000000000,261.0000000000,165.6597125925
21,175,0.0000000100,3,50,80,400,95.3402874075,290,194.6597125925,261.0000000000,165.6597125925,29.0000000000,29.0000000000,261.0000000000,165.6597125925,30.0000000000,315.9000000000,100,0.5510000000,68.0000000000,261.0000000000,165.6597125925
24,175,0.0000000100,3,50,80,400,95.3402874075,290,194.6597125925,261.0000000000,165.6597125925,29.0000000000,29.0000000000,261.0000000000,165.6597125925,30.0000000000,315.9000000000,100,0.4870000000,68.0000000000,261.0000000000,165.6597125925
18,25,0.0000000100,3,50,80,400,95.3402874075,290,194.6597125925,261.0000000000,165.6597125925,29.0000000000,29.0000000000,261.0000000000,165.6597125925,30.0000000000,315.9000000000,100,0.1070000000,63.0000000000,261.0000000000,165.6597125925
18,75,0.0000000100,3,50,80,400,95.3402874075,290,194.6597125925,261.0000000000,165.6597125925,29.0000000000,29.0000000000,261.0000000000,165.6597125925,30.0000000000,315.9000000000,100,0.2770000000,68.0000000000,261.0000000000,165.6597125925
18,125,0.0000000100,3,50,80,400,95.3402874075,290,194.6597125925,261.0000000000,165.6597125925,29.0000000000,29.0000000000,261.0000000000,165.6597125925,30.0000000000,315.9000000000,100,0.4630000000,68.0000000000,261.0000000000,165.6597125925
18,225,0.0000000100,3,50,80,400,95.3402874075,290,194.6597125925,261.0000000000,165.6597125925,29.0000000000,29.0000000000,261.0000000000,165.6597125925,30.0000000000,315.9000000000,100,0.8470000000,93.0000000000,261.0000000000,165.6597125925
18,275,0.0000000100,3,50,80,400,95.3402874075,290,194.6597125925,261.0000000000,165.6597125925,29.0000000000,29.0000000000,261.0000000000,165.6597125925,30.0000000000,315.9000000000,100,1.0350000000,68.0000000000,261.0000000000,165.6597125925
18,325,0.0000000100,3,50,80,400,95.3402874075,290,194.6597125925,261.0000000000,165.6597125925,29.0000000000,29.0000000000,261.0000000000,165.6597125925,30.0000000000,315.9000000000,100,1.2020000000,68.0000000000,261.0000000000,165.6597125925
12,175,0.0000000100,3,50,80,400,95.3402874075,290,194.6597125925,261.0000000000,165.6597125925,29.0000000000,29.0000000000,261.0000000000,165.6597125925,200.0000000000,480.5000000000,100,1.0160000000,68.0000000000,261.0000000000,165.6597125925
15,175,0.0000000100,3,50,80,400,95.3402874075,290,194.6597125925,261.0000000000,165.6597125925,29.0000000000,29.0000000000,261.0000000000,165.6597125925,200.0000000000,480.5000000000,100,0.7850000000,93.0000000000,261.0000000000,165.6597125925
18,175,0.0000000100,3,50,80,400,95.3402874075,290,194.6597125925,261.0000000000,165.6597125925,29.0000000000,29.0000000000,261.0000000000,165.6597125925,200.0000000000,480.5000000000,100,0.6470000000,42.0000000000,261.0000000000,165.6597125925
21,175,0.0000000100,3,50,80,400,95.3402874075,290,194.6597125925,261.0000000000,165.6597125925,29.0000000000,29.0000000000,261.0000000000,165.6597125925,200.0000000000,480.5000000000,100,0.5510000000,68.0000000000,261.0000000000,165.6597125925
24,175,0.0000000100,3,50,80,400,95.3402874075,290,194.6597125925,261.0000000000,165.6597125925,29.0000000000,29.0000000000,261.0000000000,165.6597125925,200.0000000000,480.5000000000,100,0.4870000000,68.0000000000,261.0000000000,165.6597125925
18,25,0.0000000100,3,50,80,400,95.3402874075,290,194.6597125925,261.0000000000,165.6597125925,29.0000000000,29.0000000000,261.0000000000,165.6597125925,200.0000000000,480.5000000000,100,0.1070000000,63.0000000000,261.0000000000,165.6597125925
18,75,0.0000000100,3,50,80,400,95.3402874075,290,194.6597125925,261.0000000000,165.6597125925,29.0000000000,29.0000000000,261.0000000000,165.6597125925,200.0000000000,480.5000000000,100,0.2770000000,68.0000000000,261.0000000000,165.6597125925
18,125,0.0000000100,3,50,80,400,95.3402874075,290,194.6597125925,261.0000000000,165.6597125925,29.0000000000,29.0000000000,261.0000000000,165.6597125925,200.0000000000,480.5000000000,100,0.4630000000,68.0000000000,261.0000000000,165.6597125925
18,225,0.0000000100,3,50,80,400,95.3402874075,290,194.6597125925,261.0000000000,165.6597125925,29.0000000000,29.0000000000,261.0000000000,165.6597125925,200.0000000000,480.5000000000,100,0.8470000000,93.0000000000,261.0000000000,165.6597125925
18,275,0.0000000100,3,50,80,400,95.3402874075,290,194.6597125925,261.0000000000,165.6597125925,29.0000000000,29.0000000000,261.0000000000,165.6597125925,200.0000000000,480.5000000000,100,1.0350000000,68.0000000000,261.0000000000,165.6597125925
18,325,0.0000000100,3,50,80,400,95.3402874075,290,194.6597125925,261.0000000000,165.6597125925,29.0000000000,29.0000000000,261.0000000000,165.6597125925,200.0000000000,480.5000000000,100,1.2020000000,68.0000000000,261.0000000000,165.6597125925
12,175,0.0000000100,3,50,80,400,95.3402874075,290,194.6597125925,261.0000000000,165.6597125925,29.0000000000,29.0000000000,261.0000000000,165.6597125925,500.0000000000,586.0000000000,100,1.0160000000,68.0000000000,261.0000000000,165.6597125925
15,175,0.0000000100,3,50,80,400,95.3402874075,290,194.6597125925,261.0000000000,165.6597125925,29.0000000000,29.0000000000,261.0000000000,165.6597125925,500.0000000000,586.0000000000,100,0.7850000000,93.0000000000,261.0000000000,165.6597125925
18,175,0.0000000100,3,50,80,400,95.3402874075,290,194.6597125925,261.0000000000,165.6597125925,29.0000000000,29.0000000000,261.0000000000,165.6597125925,500.0000000000,586.0000000000,100,0.6470000000,42.0000000000,261.0000000000,165.6597125925
21,175,0.0000000100,3,50,80,400,95.3402874075,290,194.6597125925,261.0000000000,165.6597125925,29.0000000000,29.0000000000,261.0000000000,165.6597125925,500.0000000000,586.0000000000,100,0.5510000000,68.0000000000,261.0000000000,165.6597125925
24,175,0.0000000100,3,50,80,400,95.3402874075,290,194.6597125925,261.0000000000,165.6597125925,29.0000000000,29.0000000000,261.0000000000,165.6597125925,500.0000000000,586.0000000000,100,0.4870000000,68.0000000000,261.0000000000,165.6597125925
18,25,0.0000000100,3,50,80,400,95.3402874075,290,194.6597125925,261.0000000000,165.6597125925,29.0000000000,29.0000000000,261.0000000000,165.6597125925,500.0000000000,586.0000000000,100,0.1070000000,63.0000000000,261.0000000000,165.6597125925
18,75,0.0000000100,3,50,80,400,95.3402874075,290,194.6597125925,261.0000000000,165.6597125925,29.0000000000,29.0000000000,261.0000000000,165.6597125925,500.0000000000,586.0000000000,100,0.2770000000,68.0000000000,261.0000000000,165.6597125925
18,125,0.0000000100,3,50,80,400,95.3402874075,290,194.6597125925,261.0000000000,165.6597125925,29.0000000000,29.0000000000,261.0000000000,165.6597125925,500.0000000000,586.0000000000,100,0.4630000000,68.0000000000,261.0000000000,165.6597125925
18,225,0.0000000100,3,50,80,400,95.3402874075,290,194.6597125925,261.0000000000,165.6597125925,29.0000000000,29.0000000000,261.0000000000,165.6597125925,500.0000000000,586.0000000000,100,0.8470000000,93.0000000000,261.0000000000,165.6597125925
18,275,0.0000000100,3,50,80,400,95.3402874075,290,194.6597125925,261.0000000000,165.6597125925,29.0000000000,29.0000000000,261.0000000000,165.6597125925,500.0000000000,586.0000000000,100,1.0350000000,68.0000000000,261.0000000000,165.6597125925
18,325,0.0000000100,3,50,80,400,95.3402874075,290,194.6597125925,261.0000000000,165.6597125925,29.0000000000,29.0000000000,261.0000000000,165.6597125925,500.0000000000,586.0000000000,100,1.2020000000,68.0000000000,261.0000000000,165.6597125925
12,175,0.0000000100,3,50,80,400,95.3402874075,290,194.6597125925,72.5000000000,48.6649281481,217.5000000000,145.9947844443,72.5000000000,48.6649281481,30.0000000000,315.9000000000,100,1.2900000000,56.0000000000,72.5000000000,48.6649281481
15,175,0.0000000100,3,50,80,400,95.3402874075,290,194.6597125925,72.5000000000,48.6649281481,217.5000000000,145.9947844443,72.5000000000,48.6649281481,30.0000000000,315.9000000000,100,0.8450000000,47.0000000000,72.5000000000,48.6649281481
21,175,0.0000000100,3,50,80,400,95.3402874075,290,194.6597125925,72.5000000000,48.6649281481,217.5000000000,145.9947844443,72.5000000000,48.6649281481,30.0000000000,315.9000000000,100,0.6210000000,47.0000000000,72.5000000000,48.6649281481
24,175,0.0000000100,3,50,80,400,95.3402874075,290,194.6597125925,72.5000000000,48.6649281481,217.5000000000,145.9947844443,72.5000000000,48.6649281481,30.0000000000,315.9000000000,100,0.5320000000,47.0000000000,72.5000000000,48.6649281481
18,25,0.0000000100,3,50,80,400,95.3402874075,290,194.6597125925,72.5000000000,48.6649281481,217.5000000000,145.9947844443,72.5000000000,48.6649281481,30.0000000000,315.9000000000,100,0.1310000000,55.0000000000,72.5000000000,48.6649281481
18,75,0.0000000100,3,50,80,400,95.3402874075,290,194.6597125925,72.5000000000,48.6649281481,217.5000000000,145.9947844443,72.5000000000,48.6649281481,30.0000000000,315.9000000000,100,0.3230000000,50.0000000000,72.5000000000,48.6649281481
18,225,0.0000000100,3,50,80,400,95.3402874075,290,194.6597125925,72.5000000000,48.6649281481,217.5000000000,145.9947844443,72.5000000000,48.6649281481,30.0000000000,315.9000000000,100,0.8780000000,47.0000000000,72.5000000000,48.6649281481
18,275,0.0000000100,3,50,80,400,95.3402874075,290,194.6597125925,72.5000000000,48.6649281481,217.5000000000,145.9947844443,72.5000000000,48.6649281481,30.0000000000,315.9000000000,100,1.1620000000,47.0000000000,72.5000000000,48.6649281481
18,325,0.0000000100,3,50,80,400,95.3402874075,290,194.6597125925,72.5000000000,48.6649281481,217.5000000000,145.9947844443,72.5000000000,48.6649281481,30.0000000000,315.9000000000,100,1.2730000000,47.0000000000,72.5000000000,48.6649281481
12,175,0.0000000100,3,50,80,400,95.3402874075,290,194.6597125925,72.5000000000,48.6649281481,217.5000000000,145.9947844443,72.5000000000,48.6649281481,200.0000000000,480.5000000000,100,1.2900000000,56.0000000000,72.5000000000,48.6649281481
15,175,0.0000000100,3,50,80,400,95.3402874075,290,194.6597125925,72.5000000000,48.6649281481,217.5000000000,145.9947844443,72.5000000000,48.6649281481,200.0000000000,480.5000000000,100,0.8450000000,47.0000000000,72.5000000000,48.6649281481
21,175,0.0000000100,3,50,80,400,95.3402874075,290,194.6597125925,72.5000000000,48.6649281481,217.5000000000,145.9947844443,72.5000000000,48.6649281481,200.0000000000,480.5000000000,100,0.6210000000,47.0000000000,72.5000000000,48.6649281481
24,175,0.0000000100,3,50,80,400,95.3402874075,290,194.6597125925,72.5000000000,48.6649281481,217.5000000000,145.9947844443,72.5000000000,48.6649281481,200.0000000000,480.5000000000,100,0.5320000000,47.0000000000,72.5000000000,48.6649281481
18,25,0.0000000100,3,50,80,400,95.3402874075,290,194.6597125925,72.5000000000,48.6649281481,217.5000000000,145.9947844443,72.5000000000,48.6649281481,200.0000000000,480.5000000000,100,0.1310000000,55.0000000000,72.5000000000,48.6649281481
18,75,0.0000000100,3,50,80,400,95.3402874075,290,194.6597125925,72.5000000000,48.6649281481,217.5000000000,145.9947844443,72.5000000000,48.6649281481,200.0000000000,480.5000000000,100,0.3230000000,50.0000000000,72.5000000000,48.6649281481
18,225,0.0000000100,3,50,80,400,95.3402874075,290,194.6597125925,72.5000000000,48.6649281481,217.5000000000,145.9947844443,72.5000000000,48.6649281481,200.0000000000,480.5000000000,100,0.8780000000,47.0000000000,72.5000000000,48.6649281481
18,275,0.0000000100,3,50,80,400,95.3402874075,290,194.6597125925,72.5000000000,48.6649281481,217.5000000000,145.9947844443,72.5000000000,48.6649281481,200.0000000000,480.5000000000,100,1.1620000000,47.0000000000,72.5000000000,48.6649281481
18,325,0.0000000100,3,50,80,400,95.3402874075,290,194.6597125925,72.5000000000,48.6649281481,217.5000000000,145.9947844443,72.5000000000,48.6649281481,200.0000000000,480.5000000000,100,1.2730000000,47.0000000000,72.5000000000,48.6649281481
12,175,0.0000000100,3,50,80,400,95.3402874075,290,194.6597125925,72.5000000000,48.6649281481,217.5000000000,145.9947844443,72.5000000000,48.6649281481,500.0000000000,586.0000000000,100,1.2900000000,56.0000000000,72.5000000000,48.6649281481
15,175,0.0000000100,3,50,80,400,95.3402874075,290,194.6597125925,72.5000000000,48.6649281481,217.5000000000,145.9947844443,72.5000000000,48.6649281481,500.0000000000,586.0000000000,100,0.8450000000,47.0000000000,72.5000000000,48.6649281481
21,175,0.0000000100,3,50,80,400,95.3402874075,290,194.6597125925,72.5000000000,48.6649281481,217.5000000000,145.9947844443,72.5000000000,48.6649281481,500.0000000000,586.0000000000,100,0.6210000000,47.0000000000,72.5000000000,48.6649281481
24,175,0.0000000100,3,50,80,400,95.3402874075,290,194.6597125925,72.5000000000,48.6649281481,217.5000000000,145.9947844443,72.5000000000,48.6649281481,500.0000000000,586.0000000000,100,0.5320000000,47.0000000000,72.5000000000,48.6649281481
18,25,0.0000000100,3,50,80,400,95.3402874075,290,194.6597125925,72.5000000000,48.6649281481,217.5000000000,145.9947844443,72.5000000000,48.6649281481,500.0000000000,586.0000000000,100,0.1310000000,55.0000000000,72.5000000000,48.6649281481
18,75,0.0000000100,3,50,80,400,95.3402874075,290,194.6597125925,72.5000000000,48.6649281481,217.5000000000,145.9947844443,72.5000000000,48.6649281481,500.0000000000,586.0000000000,100,0.3230000000,50.0000000000,72.5000000000,48.6649281481
18,225,0.0000000100,3,50,80,400,95.3402874075,290,194.6597125925,72.5000000000,48.6649281481,217.5000000000,145.9947844443,72.5000000000,48.6649281481,500.0000000000,586.0000000000,100,0.8780000000,47.0000000000,72.5000000000,48.6649281481
18,275,0.0000000100,3,50,80,400,95.3402874075,290,194.6597125925,72.5000000000,48.6649281481,217.5000000000,145.9947844443,72.5000000000,48.6649281481,500.0000000000,586.0000000000,100,1.1620000000,47.0000000000,72.5000000000,48.6649281481
18,325,0.0000000100,3,50,80,400,95.3402874075,290,194.6597125925,72.5000000000,48.6649281481,217.5000000000,145.9947844443,72.5000000000,48.6649281481,500.0000000000,586.0000000000,100,1.2730000000,47.0000000000,72.5000000000,48.6649281481
