Unit weight [kN/m3],Undrained Shear Strength [kPa],Saturated permeability [m/s],Soil Type [-],Slope angle [°],Slope length [m],Total length [m],Slope height [m],Total height Upstream [m],Total height Downstream [m],Soil depth upstream [m],Soil depth downstream [m],Bedrock depth upstream [m],Bedrock depth downstream [m],Initial piezometric surface depth - upstream [m],Initial piezometric surface depth - downstream [m],Return period of precipitation [years],Accumulated precipitation [mm],Precipitation duration [hrs],Factor of safety [-],Depth of slip surface [m],Final Piezometric surface depth - upstream [m],Final Piezometric surface depth - downstream [m]
18,175,0.0000000100,3,20,20,100,7.2794046853,25,17.7205953147,22.5000000000,15.2205953147,2.5000000000,2.5000000000,22.5000000000,15.2205953147,30.0000000000,315.9000000000,100,8.1750000000,20.0000000000,22.5000000000,15.2205953147
21,175,0.0000000100,3,20,20,100,7.2794046853,25,17.7205953147,22.5000000000,15.2205953147,2.5000000000,2.5000000000,22.5000000000,15.2205953147,30.0000000000,315.9000000000,100,6.9500000000,20.0000000000,22.5000000000,15.2205953147
24,175,0.0000000100,3,20,20,100,7.2794046853,25,17.7205953147,22.5000000000,15.2205953147,2.5000000000,2.5000000000,22.5000000000,15.2205953147,30.0000000000,315.9000000000,100,6.0450000000,20.0000000000,22.5000000000,15.2205953147
18,25,0.0000000100,3,20,20,100,7.2794046853,25,17.7205953147,22.5000000000,15.2205953147,2.5000000000,2.5000000000,22.5000000000,15.2205953147,30.0000000000,315.9000000000,100,1.1680000000,20.0000000000,22.5000000000,15.2205953147
18,75,0.0000000100,3,20,20,100,7.2794046853,25,17.7205953147,22.5000000000,15.2205953147,2.5000000000,2.5000000000,22.5000000000,15.2205953147,30.0000000000,315.9000000000,100,3.5040000000,20.0000000000,22.5000000000,15.2205953147
18,225,0.0000000100,3,20,20,100,7.2794046853,25,17.7205953147,22.5000000000,15.2205953147,2.5000000000,2.5000000000,22.5000000000,15.2205953147,30.0000000000,315.9000000000,100,10.5110000000,20.0000000000,22.5000000000,15.2205953147
18,275,0.0000000100,3,20,20,100,7.2794046853,25,17.7205953147,22.5000000000,15.2205953147,2.5000000000,2.5000000000,22.5000000000,15.2205953147,30.0000000000,315.9000000000,100,12.8470000000,20.0000000000,22.5000000000,15.2205953147
18,175,0.0000000100,3,20,20,100,7.2794046853,25,17.7205953147,22.5000000000,15.2205953147,2.5000000000,2.5000000000,22.5000000000,15.2205953147,200.0000000000,480.5000000000,100,8.1750000000,20.0000000000,22.5000000000,15.2205953147
21,175,0.0000000100,3,20,20,100,7.2794046853,25,17.7205953147,22.5000000000,15.2205953147,2.5000000000,2.5000000000,22.5000000000,15.2205953147,200.0000000000,480.5000000000,100,6.9500000000,20.0000000000,22.5000000000,15.2205953147
24,175,0.0000000100,3,20,20,100,7.2794046853,25,17.7205953147,22.5000000000,15.2205953147,2.5000000000,2.5000000000,22.5000000000,15.2205953147,200.0000000000,480.5000000000,100,6.0450000000,20.0000000000,22.5000000000,15.2205953147
18,25,0.0000000100,3,20,20,100,7.2794046853,25,17.7205953147,22.5000000000,15.2205953147,2.5000000000,2.5000000000,22.5000000000,15.2205953147,200.0000000000,480.5000000000,100,1.1680000000,20.0000000000,22.5000000000,15.2205953147
18,75,0.0000000100,3,20,20,100,7.2794046853,25,17.7205953147,22.5000000000,15.2205953147,2.5000000000,2.5000000000,22.5000000000,15.2205953147,200.0000000000,480.5000000000,100,3.5040000000,20.0000000000,22.5000000000,15.2205953147
18,225,0.0000000100,3,20,20,100,7.2794046853,25,17.7205953147,22.5000000000,15.2205953147,2.5000000000,2.5000000000,22.5000000000,15.2205953147,200.0000000000,480.5000000000,100,10.5110000000,20.0000000000,22.5000000000,15.2205953147
18,275,0.0000000100,3,20,20,100,7.2794046853,25,17.7205953147,22.5000000000,15.2205953147,2.5000000000,2.5000000000,22.5000000000,15.2205953147,200.0000000000,480.5000000000,100,12.8470000000,20.0000000000,22.5000000000,15.2205953147
18,175,0.0000000100,3,20,20,100,7.2794046853,25,17.7205953147,22.5000000000,15.2205953147,2.5000000000,2.5000000000,22.5000000000,15.2205953147,500.0000000000,586.0000000000,100,8.1750000000,20.0000000000,22.5000000000,15.2205953147
21,175,0.0000000100,3,20,20,100,7.2794046853,25,17.7205953147,22.5000000000,15.2205953147,2.5000000000,2.5000000000,22.5000000000,15.2205953147,500.0000000000,586.0000000000,100,6.9500000000,20.0000000000,22.5000000000,15.2205953147
24,175,0.0000000100,3,20,20,100,7.2794046853,25,17.7205953147,22.5000000000,15.2205953147,2.5000000000,2.5000000000,22.5000000000,15.2205953147,500.0000000000,586.0000000000,100,6.0450000000,20.0000000000,22.5000000000,15.2205953147
18,25,0.0000000100,3,20,20,100,7.2794046853,25,17.7205953147,22.5000000000,15.2205953147,2.5000000000,2.5000000000,22.5000000000,15.2205953147,500.0000000000,586.0000000000,100,1.1680000000,20.0000000000,22.5000000000,15.2205953147
18,75,0.0000000100,3,20,20,100,7.2794046853,25,17.7205953147,22.5000000000,15.2205953147,2.5000000000,2.5000000000,22.5000000000,15.2205953147,500.0000000000,586.0000000000,100,3.5040000000,20.0000000000,22.5000000000,15.2205953147
18,225,0.0000000100,3,20,20,100,7.2794046853,25,17.7205953147,22.5000000000,15.2205953147,2.5000000000,2.5000000000,22.5000000000,15.2205953147,500.0000000000,586.0000000000,100,10.5110000000,20.0000000000,22.5000000000,15.2205953147
18,275,0.0000000100,3,20,20,100,7.2794046853,25,17.7205953147,22.5000000000,15.2205953147,2.5000000000,2.5000000000,22.5000000000,15.2205953147,500.0000000000,586.0000000000,100,12.8470000000,20.0000000000,22.5000000000,15.2205953147
12,175,0.0000000100,3,20,20,100,7.2794046853,25,17.7205953147,22.5000000000,15.2205953147,2.5000000000,2.5000000000,5.0160000000,0.0000000000,30.0000000000,315.9000000000,100,11.6270000000,20.0000000000,4.8640000000,0.0000000000
15,175,0.0000000100,3,20,20,100,7.2794046853,25,17.7205953147,22.5000000000,15.2205953147,2.5000000000,2.5000000000,5.0160000000,0.0000000000,30.0000000000,315.9000000000,100,9.2970000000,20.0000000000,4.8640000000,0.0000000000
18,175,0.0000000100,3,20,20,100,7.2794046853,25,17.7205953147,22.5000000000,15.2205953147,2.5000000000,2.5000000000,5.0160000000,0.0000000000,30.0000000000,315.9000000000,100,7.7450000000,20.0000000000,4.8640000000,0.0000000000
21,175,0.0000000100,3,20,20,100,7.2794046853,25,17.7205953147,22.5000000000,15.2205953147,2.5000000000,2.5000000000,5.0160000000,0.0000000000,30.0000000000,315.9000000000,100,6.6370000000,20.0000000000,4.8640000000,0.0000000000
24,175,0.0000000100,3,20,20,100,7.2794046853,25,17.7205953147,22.5000000000,15.2205953147,2.5000000000,2.5000000000,5.0160000000,0.0000000000,30.0000000000,315.9000000000,100,5.8070000000,20.0000000000,4.8640000000,0.0000000000
18,25,0.0000000100,3,20,20,100,7.2794046853,25,17.7205953147,22.5000000000,15.2205953147,2.5000000000,2.5000000000,5.0160000000,0.0000000000,30.0000000000,315.9000000000,100,1.1060000000,20.0000000000,4.8640000000,0.0000000000
18,75,0.0000000100,3,20,20,100,7.2794046853,25,17.7205953147,22.5000000000,15.2205953147,2.5000000000,2.5000000000,5.0160000000,0.0000000000,30.0000000000,315.9000000000,100,3.3190000000,20.0000000000,4.8640000000,0.0000000000
18,225,0.0000000100,3,20,20,100,7.2794046853,25,17.7205953147,22.5000000000,15.2205953147,2.5000000000,2.5000000000,5.0160000000,0.0000000000,30.0000000000,315.9000000000,100,9.9580000000,20.0000000000,4.8640000000,0.0000000000
18,275,0.0000000100,3,20,20,100,7.2794046853,25,17.7205953147,22.5000000000,15.2205953147,2.5000000000,2.5000000000,5.0160000000,0.0000000000,30.0000000000,315.9000000000,100,12.1710000000,20.0000000000,4.8640000000,0.0000000000
12,175,0.0000000100,3,20,20,100,7.2794046853,25,17.7205953147,22.5000000000,15.2205953147,2.5000000000,2.5000000000,5.0160000000,0.0000000000,200.0000000000,480.5000000000,100,11.6270000000,20.0000000000,4.8640000000,0.0000000000
15,175,0.0000000100,3,20,20,100,7.2794046853,25,17.7205953147,22.5000000000,15.2205953147,2.5000000000,2.5000000000,5.0160000000,0.0000000000,200.0000000000,480.5000000000,100,9.2970000000,20.0000000000,4.8640000000,0.0000000000
18,175,0.0000000100,3,20,20,100,7.2794046853,25,17.7205953147,22.5000000000,15.2205953147,2.5000000000,2.5000000000,5.0160000000,0.0000000000,200.0000000000,480.5000000000,100,7.7450000000,20.0000000000,4.8640000000,0.0000000000
21,175,0.0000000100,3,20,20,100,7.2794046853,25,17.7205953147,22.5000000000,15.2205953147,2.5000000000,2.5000000000,5.0160000000,0.0000000000,200.0000000000,480.5000000000,100,6.6370000000,20.0000000000,4.8640000000,0.0000000000
24,175,0.0000000100,3,20,20,100,7.2794046853,25,17.7205953147,22.5000000000,15.2205953147,2.5000000000,2.5000000000,5.0160000000,0.0000000000,200.0000000000,480.5000000000,100,5.8070000000,20.0000000000,4.8640000000,0.0000000000
18,25,0.0000000100,3,20,20,100,7.2794046853,25,17.7205953147,22.5000000000,15.2205953147,2.5000000000,2.5000000000,5.0160000000,0.0000000000,200.0000000000,480.5000000000,100,1.1060000000,20.0000000000,4.8640000000,0.0000000000
18,75,0.0000000100,3,20,20,100,7.2794046853,25,17.7205953147,22.5000000000,15.2205953147,2.5000000000,2.5000000000,5.0160000000,0.0000000000,200.0000000000,480.5000000000,100,3.3190000000,20.0000000000,4.8640000000,0.0000000000
18,225,0.0000000100,3,20,20,100,7.2794046853,25,17.7205953147,22.5000000000,15.2205953147,2.5000000000,2.5000000000,5.0160000000,0.0000000000,200.0000000000,480.5000000000,100,9.9580000000,20.0000000000,4.8640000000,0.0000000000
18,275,0.0000000100,3,20,20,100,7.2794046853,25,17.7205953147,22.5000000000,15.2205953147,2.5000000000,2.5000000000,5.0160000000,0.0000000000,200.0000000000,480.5000000000,100,12.1710000000,20.0000000000,4.8640000000,0.0000000000
12,175,0.0000000100,3,20,20,100,7.2794046853,25,17.7205953147,22.5000000000,15.2205953147,2.5000000000,2.5000000000,5.0160000000,0.0000000000,500.0000000000,586.0000000000,100,11.6270000000,20.0000000000,4.8640000000,0.0000000000
15,175,0.0000000100,3,20,20,100,7.2794046853,25,17.7205953147,22.5000000000,15.2205953147,2.5000000000,2.5000000000,5.0160000000,0.0000000000,500.0000000000,586.0000000000,100,9.2970000000,20.0000000000,4.8640000000,0.0000000000
18,175,0.0000000100,3,20,20,100,7.2794046853,25,17.7205953147,22.5000000000,15.2205953147,2.5000000000,2.5000000000,5.0160000000,0.0000000000,500.0000000000,586.0000000000,100,7.7450000000,20.0000000000,4.8640000000,0.0000000000
21,175,0.0000000100,3,20,20,100,7.2794046853,25,17.7205953147,22.5000000000,15.2205953147,2.5000000000,2.5000000000,5.0160000000,0.0000000000,500.0000000000,586.0000000000,100,6.6370000000,20.0000000000,4.8640000000,0.0000000000
24,175,0.0000000100,3,20,20,100,7.2794046853,25,17.7205953147,22.5000000000,15.2205953147,2.5000000000,2.5000000000,5.0160000000,0.0000000000,500.0000000000,586.0000000000,100,5.8070000000,20.0000000000,4.8640000000,0.0000000000
18,25,0.0000000100,3,20,20,100,7.2794046853,25,17.7205953147,22.5000000000,15.2205953147,2.5000000000,2.5000000000,5.0160000000,0.0000000000,500.0000000000,586.0000000000,100,1.1060000000,20.0000000000,4.8640000000,0.0000000000
18,75,0.0000000100,3,20,20,100,7.2794046853,25,17.7205953147,22.5000000000,15.2205953147,2.5000000000,2.5000000000,5.0160000000,0.0000000000,500.0000000000,586.0000000000,100,3.3190000000,20.0000000000,4.8640000000,0.0000000000
18,225,0.0000000100,3,20,20,100,7.2794046853,25,17.7205953147,22.5000000000,15.2205953147,2.5000000000,2.5000000000,5.0160000000,0.0000000000,500.0000000000,586.0000000000,100,9.9580000000,20.0000000000,4.8640000000,0.0000000000
18,275,0.0000000100,3,20,20,100,7.2794046853,25,17.7205953147,22.5000000000,15.2205953147,2.5000000000,2.5000000000,5.0160000000,0.0000000000,500.0000000000,586.0000000000,100,12.1710000000,20.0000000000,4.8640000000,0.0000000000
12,175,0.0000000100,3,20,40,200,14.5588093706,45,30.4411906294,40.5000000000,25.9411906294,4.5000000000,4.5000000000,40.5000000000,25.9411906294,30.0000000000,315.9000000000,100,6.3720000000,36.0000000000,40.5000000000,25.9411906294
15,175,0.0000000100,3,20,40,200,14.5588093706,45,30.4411906294,40.5000000000,25.9411906294,4.5000000000,4.5000000000,40.5000000000,25.9411906294,30.0000000000,315.9000000000,100,5.0090000000,36.0000000000,40.5000000000,25.9411906294
18,175,0.0000000100,3,20,40,200,14.5588093706,45,30.4411906294,40.5000000000,25.9411906294,4.5000000000,4.5000000000,40.5000000000,25.9411906294,30.0000000000,315.9000000000,100,4.1270000000,36.0000000000,40.5000000000,25.9411906294
24,175,0.0000000100,3,20,40,200,14.5588093706,45,30.4411906294,40.5000000000,25.9411906294,4.5000000000,4.5000000000,40.5000000000,25.9411906294,30.0000000000,315.9000000000,100,3.0520000000,36.0000000000,40.5000000000,25.9411906294
18,25,0.0000000100,3,20,40,200,14.5588093706,45,30.4411906294,40.5000000000,25.9411906294,4.5000000000,4.5000000000,40.5000000000,25.9411906294,30.0000000000,315.9000000000,100,0.5900000000,36.0000000000,40.5000000000,25.9411906294
18,75,0.0000000100,3,20,40,200,14.5588093706,45,30.4411906294,40.5000000000,25.9411906294,4.5000000000,4.5000000000,40.5000000000,25.9411906294,30.0000000000,315.9000000000,100,1.7690000000,36.0000000000,40.5000000000,25.9411906294
18,125,0.0000000100,3,20,40,200,14.5588093706,45,30.4411906294,40.5000000000,25.9411906294,4.5000000000,4.5000000000,40.5000000000,25.9411906294,30.0000000000,315.9000000000,100,2.9480000000,36.0000000000,40.5000000000,25.9411906294
18,225,0.0000000100,3,20,40,200,14.5588093706,45,30.4411906294,40.5000000000,25.9411906294,4.5000000000,4.5000000000,40.5000000000,25.9411906294,30.0000000000,315.9000000000,100,5.3060000000,36.0000000000,40.5000000000,25.9411906294
18,275,0.0000000100,3,20,40,200,14.5588093706,45,30.4411906294,40.5000000000,25.9411906294,4.5000000000,4.5000000000,40.5000000000,25.9411906294,30.0000000000,315.9000000000,100,6.4850000000,36.0000000000,40.5000000000,25.9411906294
18,325,0.0000000100,3,20,40,200,14.5588093706,45,30.4411906294,40.5000000000,25.9411906294,4.5000000000,4.5000000000,40.5000000000,25.9411906294,30.0000000000,315.9000000000,100,7.6640000000,36.0000000000,40.5000000000,25.9411906294
12,175,0.0000000100,3,20,40,200,14.5588093706,45,30.4411906294,40.5000000000,25.9411906294,4.5000000000,4.5000000000,40.5000000000,25.9411906294,200.0000000000,480.5000000000,100,6.3720000000,36.0000000000,40.5000000000,25.9411906294
15,175,0.0000000100,3,20,40,200,14.5588093706,45,30.4411906294,40.5000000000,25.9411906294,4.5000000000,4.5000000000,40.5000000000,25.9411906294,200.0000000000,480.5000000000,100,5.0090000000,36.0000000000,40.5000000000,25.9411906294
18,175,0.0000000100,3,20,40,200,14.5588093706,45,30.4411906294,40.5000000000,25.9411906294,4.5000000000,4.5000000000,40.5000000000,25.9411906294,200.0000000000,480.5000000000,100,4.1270000000,36.0000000000,40.5000000000,25.9411906294
24,175,0.0000000100,3,20,40,200,14.5588093706,45,30.4411906294,40.5000000000,25.9411906294,4.5000000000,4.5000000000,40.5000000000,25.9411906294,200.0000000000,480.5000000000,100,3.0520000000,36.0000000000,40.5000000000,25.9411906294
18,25,0.0000000100,3,20,40,200,14.5588093706,45,30.4411906294,40.5000000000,25.9411906294,4.5000000000,4.5000000000,40.5000000000,25.9411906294,200.0000000000,480.5000000000,100,0.5900000000,36.0000000000,40.5000000000,25.9411906294
18,75,0.0000000100,3,20,40,200,14.5588093706,45,30.4411906294,40.5000000000,25.9411906294,4.5000000000,4.5000000000,40.5000000000,25.9411906294,200.0000000000,480.5000000000,100,1.7690000000,36.0000000000,40.5000000000,25.9411906294
18,125,0.0000000100,3,20,40,200,14.5588093706,45,30.4411906294,40.5000000000,25.9411906294,4.5000000000,4.5000000000,40.5000000000,25.9411906294,200.0000000000,480.5000000000,100,2.9480000000,36.0000000000,40.5000000000,25.9411906294
18,225,0.0000000100,3,20,40,200,14.5588093706,45,30.4411906294,40.5000000000,25.9411906294,4.5000000000,4.5000000000,40.5000000000,25.9411906294,200.0000000000,480.5000000000,100,5.3060000000,36.0000000000,40.5000000000,25.9411906294
18,275,0.0000000100,3,20,40,200,14.5588093706,45,30.4411906294,40.5000000000,25.9411906294,4.5000000000,4.5000000000,40.5000000000,25.9411906294,200.0000000000,480.5000000000,100,6.4850000000,36.0000000000,40.5000000000,25.9411906294
18,325,0.0000000100,3,20,40,200,14.5588093706,45,30.4411906294,40.5000000000,25.9411906294,4.5000000000,4.5000000000,40.5000000000,25.9411906294,200.0000000000,480.5000000000,100,7.6640000000,36.0000000000,40.5000000000,25.9411906294
12,175,0.0000000100,3,20,40,200,14.5588093706,45,30.4411906294,40.5000000000,25.9411906294,4.5000000000,4.5000000000,40.5000000000,25.9411906294,500.0000000000,586.0000000000,100,6.3720000000,36.0000000000,40.5000000000,25.9411906294
15,175,0.0000000100,3,20,40,200,14.5588093706,45,30.4411906294,40.5000000000,25.9411906294,4.5000000000,4.5000000000,40.5000000000,25.9411906294,500.0000000000,586.0000000000,100,5.0090000000,36.0000000000,40.5000000000,25.9411906294
18,175,0.0000000100,3,20,40,200,14.5588093706,45,30.4411906294,40.5000000000,25.9411906294,4.5000000000,4.5000000000,40.5000000000,25.9411906294,500.0000000000,586.0000000000,100,4.1270000000,36.0000000000,40.5000000000,25.9411906294
24,175,0.0000000100,3,20,40,200,14.5588093706,45,30.4411906294,40.5000000000,25.9411906294,4.5000000000,4.5000000000,40.5000000000,25.9411906294,500.0000000000,586.0000000000,100,3.0520000000,36.0000000000,40.5000000000,25.9411906294
18,25,0.0000000100,3,20,40,200,14.5588093706,45,30.4411906294,40.5000000000,25.9411906294,4.5000000000,4.5000000000,40.5000000000,25.9411906294,500.0000000000,586.0000000000,100,0.5900000000,36.0000000000,40.5000000000,25.9411906294
18,75,0.0000000100,3,20,40,200,14.5588093706,45,30.4411906294,40.5000000000,25.9411906294,4.5000000000,4.5000000000,40.5000000000,25.9411906294,500.0000000000,586.0000000000,100,1.7690000000,36.0000000000,40.5000000000,25.9411906294
18,125,0.0000000100,3,20,40,200,14.5588093706,45,30.4411906294,40.5000000000,25.9411906294,4.5000000000,4.5000000000,40.5000000000,25.9411906294,500.0000000000,586.0000000000,100,2.9480000000,36.0000000000,40.5000000000,25.9411906294
18,225,0.0000000100,3,20,40,200,14.5588093706,45,30.4411906294,40.5000000000,25.9411906294,4.5000000000,4.5000000000,40.5000000000,25.9411906294,500.0000000000,586.0000000000,100,5.3060000000,36.0000000000,40.5000000000,25.9411906294
18,275,0.0000000100,3,20,40,200,14.5588093706,45,30.4411906294,40.5000000000,25.9411906294,4.5000000000,4.5000000000,40.5000000000,25.9411906294,500.0000000000,586.0000000000,100,6.4850000000,36.0000000000,40.5000000000,25.9411906294
18,325,0.0000000100,3,20,40,200,14.5588093706,45,30.4411906294,40.5000000000,25.9411906294,4.5000000000,4.5000000000,40.5000000000,25.9411906294,500.0000000000,586.0000000000,100,7.6640000000,36.0000000000,40.5000000000,25.9411906294
12,175,0.0000000100,3,20,40,200,14.5588093706,45,30.4411906294,40.5000000000,25.9411906294,4.5000000000,4.5000000000,9.8100000000,0.0000000000,30.0000000000,315.9000000000,100,5.9800000000,36.0000000000,9.6900000000,0.0000000000
15,175,0.0000000100,3,20,40,200,14.5588093706,45,30.4411906294,40.5000000000,25.9411906294,4.5000000000,4.5000000000,9.8100000000,0.0000000000,30.0000000000,315.9000000000,100,4.7640000000,36.0000000000,9.6900000000,0.0000000000
18,175,0.0000000100,3,20,40,200,14.5588093706,45,30.4411906294,40.5000000000,25.9411906294,4.5000000000,4.5000000000,9.8100000000,0.0000000000,30.0000000000,315.9000000000,100,3.9590000000,36.0000000000,9.6900000000,0.0000000000
21,175,0.0000000100,3,20,40,200,14.5588093706,45,30.4411906294,40.5000000000,25.9411906294,4.5000000000,4.5000000000,9.8100000000,0.0000000000,30.0000000000,315.9000000000,100,3.3860000000,36.0000000000,9.6900000000,0.0000000000
18,25,0.0000000100,3,20,40,200,14.5588093706,45,30.4411906294,40.5000000000,25.9411906294,4.5000000000,4.5000000000,9.8100000000,0.0000000000,30.0000000000,315.9000000000,100,0.5660000000,36.0000000000,9.6900000000,0.0000000000
18,75,0.0000000100,3,20,40,200,14.5588093706,45,30.4411906294,40.5000000000,25.9411906294,4.5000000000,4.5000000000,9.8100000000,0.0000000000,30.0000000000,315.9000000000,100,1.6970000000,36.0000000000,9.6900000000,0.0000000000
18,125,0.0000000100,3,20,40,200,14.5588093706,45,30.4411906294,40.5000000000,25.9411906294,4.5000000000,4.5000000000,9.8100000000,0.0000000000,30.0000000000,315.9000000000,100,2.8280000000,36.0000000000,9.6900000000,0.0000000000
18,275,0.0000000100,3,20,40,200,14.5588093706,45,30.4411906294,40.5000000000,25.9411906294,4.5000000000,4.5000000000,9.8100000000,0.0000000000,30.0000000000,315.9000000000,100,6.2210000000,36.0000000000,9.6900000000,0.0000000000
12,175,0.0000000100,3,20,40,200,14.5588093706,45,30.4411906294,40.5000000000,25.9411906294,4.5000000000,4.5000000000,9.8100000000,0.0000000000,200.0000000000,480.5000000000,100,5.9800000000,36.0000000000,9.6900000000,0.0000000000
15,175,0.0000000100,3,20,40,200,14.5588093706,45,30.4411906294,40.5000000000,25.9411906294,4.5000000000,4.5000000000,9.8100000000,0.0000000000,200.0000000000,480.5000000000,100,4.7640000000,36.0000000000,9.6900000000,0.0000000000
18,175,0.0000000100,3,20,40,200,14.5588093706,45,30.4411906294,40.5000000000,25.9411906294,4.5000000000,4.5000000000,9.8100000000,0.0000000000,200.0000000000,480.5000000000,100,3.9590000000,36.0000000000,9.6900000000,0.0000000000
21,175,0.0000000100,3,20,40,200,14.5588093706,45,30.4411906294,40.5000000000,25.9411906294,4.5000000000,4.5000000000,9.8100000000,0.0000000000,200.0000000000,480.5000000000,100,3.3860000000,36.0000000000,9.6900000000,0.0000000000
18,25,0.0000000100,3,20,40,200,14.5588093706,45,30.4411906294,40.5000000000,25.9411906294,4.5000000000,4.5000000000,9.8100000000,0.0000000000,200.0000000000,480.5000000000,100,0.5660000000,36.0000000000,9.6900000000,0.0000000000
18,75,0.0000000100,3,20,40,200,14.5588093706,45,30.4411906294,40.5000000000,25.9411906294,4.5000000000,4.5000000000,9.8100000000,0.0000000000,200.0000000000,480.5000000000,100,1.6970000000,36.0000000000,9.6900000000,0.0000000000
18,125,0.0000000100,3,20,40,200,14.5588093706,45,30.4411906294,40.5000000000,25.9411906294,4.5000000000,4.5000000000,9.8100000000,0.0000000000,200.0000000000,480.5000000000,100,2.8280000000,36.0000000000,9.6900000000,0.0000000000
18,275,0.0000000100,3,20,40,200,14.5588093706,45,30.4411906294,40.5000000000,25.9411906294,4.5000000000,4.5000000000,9.8100000000,0.0000000000,200.0000000000,480.5000000000,100,6.2210000000,36.0000000000,9.6900000000,0.0000000000
12,175,0.0000000100,3,20,40,200,14.5588093706,45,30.4411906294,40.5000000000,25.9411906294,4.5000000000,4.5000000000,9.8100000000,0.0000000000,500.0000000000,586.0000000000,100,5.9800000000,36.0000000000,9.6900000000,0.0000000000
15,175,0.0000000100,3,20,40,200,14.5588093706,45,30.4411906294,40.5000000000,25.9411906294,4.5000000000,4.5000000000,9.8100000000,0.0000000000,500.0000000000,586.0000000000,100,4.7640000000,36.0000000000,9.6900000000,0.0000000000
18,175,0.0000000100,3,20,40,200,14.5588093706,45,30.4411906294,40.5000000000,25.9411906294,4.5000000000,4.5000000000,9.8100000000,0.0000000000,500.0000000000,586.0000000000,100,3.9590000000,36.0000000000,9.6900000000,0.0000000000
21,175,0.0000000100,3,20,40,200,14.5588093706,45,30.4411906294,40.5000000000,25.9411906294,4.5000000000,4.5000000000,9.8100000000,0.0000000000,500.0000000000,586.0000000000,100,3.3860000000,36.0000000000,9.6900000000,0.0000000000
18,25,0.0000000100,3,20,40,200,14.5588093706,45,30.4411906294,40.5000000000,25.9411906294,4.5000000000,4.5000000000,9.8100000000,0.0000000000,500.0000000000,586.0000000000,100,0.5660000000,36.0000000000,9.6900000000,0.0000000000
18,75,0.0000000100,3,20,40,200,14.5588093706,45,30.4411906294,40.5000000000,25.9411906294,4.5000000000,4.5000000000,9.8100000000,0.0000000000,500.0000000000,586.0000000000,100,1.6970000000,36.0000000000,9.6900000000,0.0000000000
18,125,0.0000000100,3,20,40,200,14.5588093706,45,30.4411906294,40.5000000000,25.9411906294,4.5000000000,4.5000000000,9.8100000000,0.0000000000,500.0000000000,586.0000000000,100,2.8280000000,36.0000000000,9.6900000000,0.0000000000
18,275,0.0000000100,3,20,40,200,14.5588093706,45,30.4411906294,40.5000000000,25.9411906294,4.5000000000,4.5000000000,9.8100000000,0.0000000000,500.0000000000,586.0000000000,100,6.2210000000,36.0000000000,9.6900000000,0.0000000000
12,175,0.0000000100,3,20,80,400,29.1176187413,90,60.8823812587,81.0000000000,51.8823812587,9.0000000000,9.0000000000,19.4700000000,0.0000000000,30.0000000000,315.9000000000,100,2.9990000000,72.0000000000,19.4700000000,0.0000000000
15,175,0.0000000100,3,20,80,400,29.1176187413,90,60.8823812587,81.0000000000,51.8823812587,9.0000000000,9.0000000000,19.4700000000,0.0000000000,30.0000000000,315.9000000000,100,2.3920000000,72.0000000000,19.4700000000,0.0000000000
21,175,0.0000000100,3,20,80,400,29.1176187413,90,60.8823812587,81.0000000000,51.8823812587,9.0000000000,9.0000000000,19.4700000000,0.0000000000,30.0000000000,315.9000000000,100,1.7030000000,72.0000000000,19.4700000000,0.0000000000
24,175,0.0000000100,3,20,80,400,29.1176187413,90,60.8823812587,81.0000000000,51.8823812587,9.0000000000,9.0000000000,19.4700000000,0.0000000000,30.0000000000,315.9000000000,100,1.4890000000,72.0000000000,19.4700000000,0.0000000000
18,75,0.0000000100,3,20,80,400,29.1176187413,90,60.8823812587,81.0000000000,51.8823812587,9.0000000000,9.0000000000,19.4700000000,0.0000000000,30.0000000000,315.9000000000,100,0.8530000000,72.0000000000,19.4700000000,0.0000000000
18,125,0.0000000100,3,20,80,400,29.1176187413,90,60.8823812587,81.0000000000,51.8823812587,9.0000000000,9.0000000000,19.4700000000,0.0000000000,30.0000000000,315.9000000000,100,1.4220000000,72.0000000000,19.4700000000,0.0000000000
18,225,0.0000000100,3,20,80,400,29.1176187413,90,60.8823812587,81.0000000000,51.8823812587,9.0000000000,9.0000000000,19.4700000000,0.0000000000,30.0000000000,315.9000000000,100,2.5580000000,72.0000000000,19.4700000000,0.0000000000
18,275,0.0000000100,3,20,80,400,29.1176187413,90,60.8823812587,81.0000000000,51.8823812587,9.0000000000,9.0000000000,19.4700000000,0.0000000000,30.0000000000,315.9000000000,100,3.1270000000,72.0000000000,19.4700000000,0.0000000000
18,325,0.0000000100,3,20,80,400,29.1176187413,90,60.8823812587,81.0000000000,51.8823812587,9.0000000000,9.0000000000,19.4700000000,0.0000000000,30.0000000000,315.9000000000,100,3.6950000000,72.0000000000,19.4700000000,0.0000000000
12,175,0.0000000100,3,20,80,400,29.1176187413,90,60.8823812587,81.0000000000,51.8823812587,9.0000000000,9.0000000000,19.4700000000,0.0000000000,200.0000000000,480.5000000000,100,2.9990000000,72.0000000000,19.4700000000,0.0000000000
15,175,0.0000000100,3,20,80,400,29.1176187413,90,60.8823812587,81.0000000000,51.8823812587,9.0000000000,9.0000000000,19.4700000000,0.0000000000,200.0000000000,480.5000000000,100,2.3920000000,72.0000000000,19.4700000000,0.0000000000
21,175,0.0000000100,3,20,80,400,29.1176187413,90,60.8823812587,81.0000000000,51.8823812587,9.0000000000,9.0000000000,19.4700000000,0.0000000000,200.0000000000,480.5000000000,100,1.7030000000,72.0000000000,19.4700000000,0.0000000000
24,175,0.0000000100,3,20,80,400,29.1176187413,90,60.8823812587,81.0000000000,51.8823812587,9.0000000000,9.0000000000,19.4700000000,0.0000000000,200.0000000000,480.5000000000,100,1.4890000000,72.0000000000,19.4700000000,0.0000000000
18,75,0.0000000100,3,20,80,400,29.1176187413,90,60.8823812587,81.0000000000,51.8823812587,9.0000000000,9.0000000000,19.4700000000,0.0000000000,200.0000000000,480.5000000000,100,0.8530000000,72.0000000000,19.4700000000,0.0000000000
18,125,0.0000000100,3,20,80,400,29.1176187413,90,60.8823812587,81.0000000000,51.8823812587,9.0000000000,9.0000000000,19.4700000000,0.0000000000,200.0000000000,480.5000000000,100,1.4220000000,72.0000000000,19.4700000000,0.0000000000
18,225,0.0000000100,3,20,80,400,29.1176187413,90,60.8823812587,81.0000000000,51.8823812587,9.0000000000,9.0000000000,19.4700000000,0.0000000000,200.0000000000,480.5000000000,100,2.5580000000,72.0000000000,19.4700000000,0.0000000000
18,275,0.0000000100,3,20,80,400,29.1176187413,90,60.8823812587,81.0000000000,51.8823812587,9.0000000000,9.0000000000,19.4700000000,0.0000000000,200.0000000000,480.5000000000,100,3.1270000000,72.0000000000,19.4700000000,0.0000000000
18,325,0.0000000100,3,20,80,400,29.1176187413,90,60.8823812587,81.0000000000,51.8823812587,9.0000000000,9.0000000000,19.4700000000,0.0000000000,200.0000000000,480.5000000000,100,3.6950000000,72.0000000000,19.4700000000,0.0000000000
12,175,0.0000000100,3,20,80,400,29.1176187413,90,60.8823812587,81.0000000000,51.8823812587,9.0000000000,9.0000000000,19.4700000000,0.0000000000,500.0000000000,586.0000000000,100,2.9990000000,72.0000000000,19.4700000000,0.0000000000
15,175,0.0000000100,3,20,80,400,29.1176187413,90,60.8823812587,81.0000000000,51.8823812587,9.0000000000,9.0000000000,19.4700000000,0.0000000000,500.0000000000,586.0000000000,100,2.3920000000,72.0000000000,19.4700000000,0.0000000000
21,175,0.0000000100,3,20,80,400,29.1176187413,90,60.8823812587,81.0000000000,51.8823812587,9.0000000000,9.0000000000,19.4700000000,0.0000000000,500.0000000000,586.0000000000,100,1.7030000000,72.0000000000,19.4700000000,0.0000000000
24,175,0.0000000100,3,20,80,400,29.1176187413,90,60.8823812587,81.0000000000,51.8823812587,9.0000000000,9.0000000000,19.4700000000,0.0000000000,500.0000000000,586.0000000000,100,1.4890000000,72.0000000000,19.4700000000,0.0000000000
18,75,0.0000000100,3,20,80,400,29.1176187413,90,60.8823812587,81.0000000000,51.8823812587,9.0000000000,9.0000000000,19.4700000000,0.0000000000,500.0000000000,586.0000000000,100,0.8530000000,72.0000000000,19.4700000000,0.0000000000
18,125,0.0000000100,3,20,80,400,29.1176187413,90,60.8823812587,81.0000000000,51.8823812587,9.0000000000,9.0000000000,19.4700000000,0.0000000000,500.0000000000,586.0000000000,100,1.4220000000,72.0000000000,19.4700000000,0.0000000000
18,225,0.0000000100,3,20,80,400,29.1176187413,90,60.8823812587,81.0000000000,51.8823812587,9.0000000000,9.0000000000,19.4700000000,0.0000000000,500.0000000000,586.0000000000,100,2.5580000000,72.0000000000,19.4700000000,0.0000000000
18,275,0.0000000100,3,20,80,400,29.1176187413,90,60.8823812587,81.0000000000,51.8823812587,9.0000000000,9.0000000000,19.4700000000,0.0000000000,500.0000000000,586.0000000000,100,3.1270000000,72.0000000000,19.4700000000,0.0000000000
18,325,0.0000000100,3,20,80,400,29.1176187413,90,60.8823812587,81.0000000000,51.8823812587,9.0000000000,9.0000000000,19.4700000000,0.0000000000,500.0000000000,586.0000000000,100,3.6950000000,72.0000000000,19.4700000000,0.0000000000
15,175,0.0000000100,3,20,80,400,29.1176187413,90,60.8823812587,22.5000000000,15.2205953147,67.5000000000,45.6617859440,19.4700000000,0.0000000000,30.0000000000,315.9000000000,100,3.2230000000,24.0000000000,19.4700000000,0.0000000000
18,175,0.0000000100,3,20,80,400,29.1176187413,90,60.8823812587,22.5000000000,15.2205953147,67.5000000000,45.6617859440,19.4700000000,0.0000000000,30.0000000000,315.9000000000,100,2.6670000000,24.0000000000,19.4700000000,0.0000000000
21,175,0.0000000100,3,20,80,400,29.1176187413,90,60.8823812587,22.5000000000,15.2205953147,67.5000000000,45.6617859440,19.4700000000,0.0000000000,30.0000000000,315.9000000000,100,2.2750000000,24.0000000000,19.4700000000,0.0000000000
24,175,0.0000000100,3,20,80,400,29.1176187413,90,60.8823812587,22.5000000000,15.2205953147,67.5000000000,45.6617859440,19.4700000000,0.0000000000,30.0000000000,315.9000000000,100,1.9840000000,24.0000000000,19.4700000000,0.0000000000
18,25,0.0000000100,3,20,80,400,29.1176187413,90,60.8823812587,22.5000000000,15.2205953147,67.5000000000,45.6617859440,19.4700000000,0.0000000000,30.0000000000,315.9000000000,100,0.3810000000,24.0000000000,19.4700000000,0.0000000000
18,75,0.0000000100,3,20,80,400,29.1176187413,90,60.8823812587,22.5000000000,15.2205953147,67.5000000000,45.6617859440,19.4700000000,0.0000000000,30.0000000000,315.9000000000,100,1.1430000000,24.0000000000,19.4700000000,0.0000000000
18,125,0.0000000100,3,20,80,400,29.1176187413,90,60.8823812587,22.5000000000,15.2205953147,67.5000000000,45.6617859440,19.4700000000,0.0000000000,30.0000000000,315.9000000000,100,1.9050000000,24.0000000000,19.4700000000,0.0000000000
18,225,0.0000000100,3,20,80,400,29.1176187413,90,60.8823812587,22.5000000000,15.2205953147,67.5000000000,45.6617859440,19.4700000000,0.0000000000,30.0000000000,315.9000000000,100,3.4300000000,24.0000000000,19.4700000000,0.0000000000
18,275,0.0000000100,3,20,80,400,29.1176187413,90,60.8823812587,22.5000000000,15.2205953147,67.5000000000,45.6617859440,19.4700000000,0.0000000000,30.0000000000,315.9000000000,100,4.1920000000,24.0000000000,19.4700000000,0.0000000000
18,325,0.0000000100,3,20,80,400,29.1176187413,90,60.8823812587,22.5000000000,15.2205953147,67.5000000000,45.6617859440,19.4700000000,0.0000000000,30.0000000000,315.9000000000,100,4.9540000000,24.0000000000,19.4700000000,0.0000000000
15,175,0.0000000100,3,20,80,400,29.1176187413,90,60.8823812587,22.5000000000,15.2205953147,67.5000000000,45.6617859440,19.4700000000,0.0000000000,200.0000000000,480.5000000000,100,3.2230000000,24.0000000000,19.4700000000,0.0000000000
18,175,0.0000000100,3,20,80,400,29.1176187413,90,60.8823812587,22.5000000000,15.2205953147,67.5000000000,45.6617859440,19.4700000000,0.0000000000,200.0000000000,480.5000000000,100,2.6670000000,24.0000000000,19.4700000000,0.0000000000
21,175,0.0000000100,3,20,80,400,29.1176187413,90,60.8823812587,22.5000000000,15.2205953147,67.5000000000,45.6617859440,19.4700000000,0.0000000000,200.0000000000,480.5000000000,100,2.2750000000,24.0000000000,19.4700000000,0.0000000000
24,175,0.0000000100,3,20,80,400,29.1176187413,90,60.8823812587,22.5000000000,15.2205953147,67.5000000000,45.6617859440,19.4700000000,0.0000000000,200.0000000000,480.5000000000,100,1.9840000000,24.0000000000,19.4700000000,0.0000000000
18,25,0.0000000100,3,20,80,400,29.1176187413,90,60.8823812587,22.5000000000,15.2205953147,67.5000000000,45.6617859440,19.4700000000,0.0000000000,200.0000000000,480.5000000000,100,0.3810000000,24.0000000000,19.4700000000,0.0000000000
18,75,0.0000000100,3,20,80,400,29.1176187413,90,60.8823812587,22.5000000000,15.2205953147,67.5000000000,45.6617859440,19.4700000000,0.0000000000,200.0000000000,480.5000000000,100,1.1430000000,24.0000000000,19.4700000000,0.0000000000
18,125,0.0000000100,3,20,80,400,29.1176187413,90,60.8823812587,22.5000000000,15.2205953147,67.5000000000,45.6617859440,19.4700000000,0.0000000000,200.0000000000,480.5000000000,100,1.9050000000,24.0000000000,19.4700000000,0.0000000000
18,225,0.0000000100,3,20,80,400,29.1176187413,90,60.8823812587,22.5000000000,15.2205953147,67.5000000000,45.6617859440,19.4700000000,0.0000000000,200.0000000000,480.5000000000,100,3.4300000000,24.0000000000,19.4700000000,0.0000000000
18,275,0.0000000100,3,20,80,400,29.1176187413,90,60.8823812587,22.5000000000,15.2205953147,67.5000000000,45.6617859440,19.4700000000,0.0000000000,200.0000000000,480.5000000000,100,4.1920000000,24.0000000000,19.4700000000,0.0000000000
18,325,0.0000000100,3,20,80,400,29.1176187413,90,60.8823812587,22.5000000000,15.2205953147,67.5000000000,45.6617859440,19.4700000000,0.0000000000,200.0000000000,480.5000000000,100,4.9540000000,24.0000000000,19.4700000000,0.0000000000
15,175,0.0000000100,3,20,80,400,29.1176187413,90,60.8823812587,22.5000000000,15.2205953147,67.5000000000,45.6617859440,19.4700000000,0.0000000000,500.0000000000,586.0000000000,100,3.2230000000,24.0000000000,19.4700000000,0.0000000000
18,175,0.0000000100,3,20,80,400,29.1176187413,90,60.8823812587,22.5000000000,15.2205953147,67.5000000000,45.6617859440,19.4700000000,0.0000000000,500.0000000000,586.0000000000,100,2.6670000000,24.0000000000,19.4700000000,0.0000000000
21,175,0.0000000100,3,20,80,400,29.1176187413,90,60.8823812587,22.5000000000,15.2205953147,67.5000000000,45.6617859440,19.4700000000,0.0000000000,500.0000000000,586.0000000000,100,2.2750000000,24.0000000000,19.4700000000,0.0000000000
24,175,0.0000000100,3,20,80,400,29.1176187413,90,60.8823812587,22.5000000000,15.2205953147,67.5000000000,45.6617859440,19.4700000000,0.0000000000,500.0000000000,586.0000000000,100,1.9840000000,24.0000000000,19.4700000000,0.0000000000
18,25,0.0000000100,3,20,80,400,29.1176187413,90,60.8823812587,22.5000000000,15.2205953147,67.5000000000,45.6617859440,19.4700000000,0.0000000000,500.0000000000,586.0000000000,100,0.3810000000,24.0000000000,19.4700000000,0.0000000000
18,75,0.0000000100,3,20,80,400,29.1176187413,90,60.8823812587,22.5000000000,15.2205953147,67.5000000000,45.6617859440,19.4700000000,0.0000000000,500.0000000000,586.0000000000,100,1.1430000000,24.0000000000,19.4700000000,0.0000000000
18,125,0.0000000100,3,20,80,400,29.1176187413,90,60.8823812587,22.5000000000,15.2205953147,67.5000000000,45.6617859440,19.4700000000,0.0000000000,500.0000000000,586.0000000000,100,1.9050000000,24.0000000000,19.4700000000,0.0000000000
18,225,0.0000000100,3,20,80,400,29.1176187413,90,60.8823812587,22.5000000000,15.2205953147,67.5000000000,45.6617859440,19.4700000000,0.0000000000,500.0000000000,586.0000000000,100,3.4300000000,24.0000000000,19.4700000000,0.0000000000
18,275,0.0000000100,3,20,80,400,29.1176187413,90,60.8823812587,22.5000000000,15.2205953147,67.5000000000,45.6617859440,19.4700000000,0.0000000000,500.0000000000,586.0000000000,100,4.1920000000,24.0000000000,19.4700000000,0.0000000000
18,325,0.0000000100,3,20,80,400,29.1176187413,90,60.8823812587,22.5000000000,15.2205953147,67.5000000000,45.6617859440,19.4700000000,0.0000000000,500.0000000000,586.0000000000,100,4.9540000000,24.0000000000,19.4700000000,0.0000000000
12,175,0.0000000100,3,20,80,400,29.1176187413,90,60.8823812587,29.1176187413,0.0000000000,60.8823812587,60.8823812587,19.4700000000,0.0000000000,30.0000000000,315.9000000000,100,4.9430000000,24.0000000000,19.4700000000,0.0000000000
15,175,0.0000000100,3,20,80,400,29.1176187413,90,60.8823812587,29.1176187413,0.0000000000,60.8823812587,60.8823812587,19.4700000000,0.0000000000,30.0000000000,315.9000000000,100,3.9100000000,24.0000000000,19.4700000000,0.0000000000
18,175,0.0000000100,3,20,80,400,29.1176187413,90,60.8823812587,29.1176187413,0.0000000000,60.8823812587,60.8823812587,19.4700000000,0.0000000000,30.0000000000,315.9000000000,100,3.2340000000,24.0000000000,19.4700000000,0.0000000000
24,175,0.0000000100,3,20,80,400,29.1176187413,90,60.8823812587,29.1176187413,0.0000000000,60.8823812587,60.8823812587,19.4700000000,0.0000000000,30.0000000000,315.9000000000,100,2.4030000000,24.0000000000,19.4700000000,0.0000000000
18,25,0.0000000100,3,20,80,400,29.1176187413,90,60.8823812587,29.1176187413,0.0000000000,60.8823812587,60.8823812587,19.4700000000,0.0000000000,30.0000000000,315.9000000000,100,0.4620000000,24.0000000000,19.4700000000,0.0000000000
18,75,0.0000000100,3,20,80,400,29.1176187413,90,60.8823812587,29.1176187413,0.0000000000,60.8823812587,60.8823812587,19.4700000000,0.0000000000,30.0000000000,315.9000000000,100,1.3860000000,24.0000000000,19.4700000000,0.0000000000
18,225,0.0000000100,3,20,80,400,29.1176187413,90,60.8823812587,29.1176187413,0.0000000000,60.8823812587,60.8823812587,19.4700000000,0.0000000000,30.0000000000,315.9000000000,100,4.1570000000,24.0000000000,19.4700000000,0.0000000000
18,325,0.0000000100,3,20,80,400,29.1176187413,90,60.8823812587,29.1176187413,0.0000000000,60.8823812587,60.8823812587,19.4700000000,0.0000000000,30.0000000000,315.9000000000,100,6.0050000000,24.0000000000,19.4700000000,0.0000000000
12,175,0.0000000100,3,20,80,400,29.1176187413,90,60.8823812587,29.1176187413,0.0000000000,60.8823812587,60.8823812587,19.4700000000,0.0000000000,200.0000000000,480.5000000000,100,4.9430000000,24.0000000000,19.4700000000,0.0000000000
15,175,0.0000000100,3,20,80,400,29.1176187413,90,60.8823812587,29.1176187413,0.0000000000,60.8823812587,60.8823812587,19.4700000000,0.0000000000,200.0000000000,480.5000000000,100,3.9100000000,24.0000000000,19.4700000000,0.0000000000
18,175,0.0000000100,3,20,80,400,29.1176187413,90,60.8823812587,29.1176187413,0.0000000000,60.8823812587,60.8823812587,19.4700000000,0.0000000000,200.0000000000,480.5000000000,100,3.2340000000,24.0000000000,19.4700000000,0.0000000000
24,175,0.0000000100,3,20,80,400,29.1176187413,90,60.8823812587,29.1176187413,0.0000000000,60.8823812587,60.8823812587,19.4700000000,0.0000000000,200.0000000000,480.5000000000,100,2.4030000000,24.0000000000,19.4700000000,0.0000000000
18,25,0.0000000100,3,20,80,400,29.1176187413,90,60.8823812587,29.1176187413,0.0000000000,60.8823812587,60.8823812587,19.4700000000,0.0000000000,200.0000000000,480.5000000000,100,0.4620000000,24.0000000000,19.4700000000,0.0000000000
18,75,0.0000000100,3,20,80,400,29.1176187413,90,60.8823812587,29.1176187413,0.0000000000,60.8823812587,60.8823812587,19.4700000000,0.0000000000,200.0000000000,480.5000000000,100,1.3860000000,24.0000000000,19.4700000000,0.0000000000
18,225,0.0000000100,3,20,80,400,29.1176187413,90,60.8823812587,29.1176187413,0.0000000000,60.8823812587,60.8823812587,19.4700000000,0.0000000000,200.0000000000,480.5000000000,100,4.1570000000,24.0000000000,19.4700000000,0.0000000000
18,325,0.0000000100,3,20,80,400,29.1176187413,90,60.8823812587,29.1176187413,0.0000000000,60.8823812587,60.8823812587,19.4700000000,0.0000000000,200.0000000000,480.5000000000,100,6.0050000000,24.0000000000,19.4700000000,0.0000000000
12,175,0.0000000100,3,20,80,400,29.1176187413,90,60.8823812587,29.1176187413,0.0000000000,60.8823812587,60.8823812587,19.4700000000,0.0000000000,500.0000000000,586.0000000000,100,4.9430000000,24.0000000000,19.4700000000,0.0000000000
15,175,0.0000000100,3,20,80,400,29.1176187413,90,60.8823812587,29.1176187413,0.0000000000,60.8823812587,60.8823812587,19.4700000000,0.0000000000,500.0000000000,586.0000000000,100,3.9100000000,24.0000000000,19.4700000000,0.0000000000
18,175,0.0000000100,3,20,80,400,29.1176187413,90,60.8823812587,29.1176187413,0.0000000000,60.8823812587,60.8823812587,19.4700000000,0.0000000000,500.0000000000,586.0000000000,100,3.2340000000,24.0000000000,19.4700000000,0.0000000000
24,175,0.0000000100,3,20,80,400,29.1176187413,90,60.8823812587,29.1176187413,0.0000000000,60.8823812587,60.8823812587,19.4700000000,0.0000000000,500.0000000000,586.0000000000,100,2.4030000000,24.0000000000,19.4700000000,0.0000000000
18,25,0.0000000100,3,20,80,400,29.1176187413,90,60.8823812587,29.1176187413,0.0000000000,60.8823812587,60.8823812587,19.4700000000,0.0000000000,500.0000000000,586.0000000000,100,0.4620000000,24.0000000000,19.4700000000,0.0000000000
18,75,0.0000000100,3,20,80,400,29.1176187413,90,60.8823812587,29.1176187413,0.0000000000,60.8823812587,60.8823812587,19.4700000000,0.0000000000,500.0000000000,586.0000000000,100,1.3860000000,24.0000000000,19.4700000000,0.0000000000
18,225,0.0000000100,3,20,80,400,29.1176187413,90,60.8823812587,29.1176187413,0.0000000000,60.8823812587,60.8823812587,19.4700000000,0.0000000000,500.0000000000,586.0000000000,100,4.1570000000,24.0000000000,19.4700000000,0.0000000000
18,325,0.0000000100,3,20,80,400,29.1176187413,90,60.8823812587,29.1176187413,0.0000000000,60.8823812587,60.8823812587,19.4700000000,0.0000000000,500.0000000000,586.0000000000,100,6.0050000000,24.0000000000,19.4700000000,0.0000000000
12,175,0.0000000100,3,30,20,100,11.5470053838,35,23.4529946162,31.5000000000,19.9529946162,3.5000000000,3.5000000000,31.5000000000,19.9529946162,30.0000000000,315.9000000000,100,8.0140000000,21.0000000000,31.5000000000,19.9529946162
18,175,0.0000000100,3,30,20,100,11.5470053838,35,23.4529946162,31.5000000000,19.9529946162,3.5000000000,3.5000000000,31.5000000000,19.9529946162,30.0000000000,315.9000000000,100,5.1900000000,21.0000000000,31.5000000000,19.9529946162
21,175,0.0000000100,3,30,20,100,11.5470053838,35,23.4529946162,31.5000000000,19.9529946162,3.5000000000,3.5000000000,31.5000000000,19.9529946162,30.0000000000,315.9000000000,100,4.4130000000,21.0000000000,31.5000000000,19.9529946162
24,175,0.0000000100,3,30,20,100,11.5470053838,35,23.4529946162,31.5000000000,19.9529946162,3.5000000000,3.5000000000,31.5000000000,19.9529946162,30.0000000000,315.9000000000,100,3.8380000000,21.0000000000,31.5000000000,19.9529946162
18,25,0.0000000100,3,30,20,100,11.5470053838,35,23.4529946162,31.5000000000,19.9529946162,3.5000000000,3.5000000000,31.5000000000,19.9529946162,30.0000000000,315.9000000000,100,0.7420000000,21.0000000000,31.5000000000,19.9529946162
18,75,0.0000000100,3,30,20,100,11.5470053838,35,23.4529946162,31.5000000000,19.9529946162,3.5000000000,3.5000000000,31.5000000000,19.9529946162,30.0000000000,315.9000000000,100,2.2240000000,21.0000000000,31.5000000000,19.9529946162
18,125,0.0000000100,3,30,20,100,11.5470053838,35,23.4529946162,31.5000000000,19.9529946162,3.5000000000,3.5000000000,31.5000000000,19.9529946162,30.0000000000,315.9000000000,100,3.7080000000,21.0000000000,31.5000000000,19.9529946162
18,225,0.0000000100,3,30,20,100,11.5470053838,35,23.4529946162,31.5000000000,19.9529946162,3.5000000000,3.5000000000,31.5000000000,19.9529946162,30.0000000000,315.9000000000,100,6.6740000000,21.0000000000,31.5000000000,19.9529946162
18,275,0.0000000100,3,30,20,100,11.5470053838,35,23.4529946162,31.5000000000,19.9529946162,3.5000000000,3.5000000000,31.5000000000,19.9529946162,30.0000000000,315.9000000000,100,8.1560000000,21.0000000000,31.5000000000,19.9529946162
18,325,0.0000000100,3,30,20,100,11.5470053838,35,23.4529946162,31.5000000000,19.9529946162,3.5000000000,3.5000000000,31.5000000000,19.9529946162,30.0000000000,315.9000000000,100,9.6390000000,21.0000000000,31.5000000000,19.9529946162
12,175,0.0000000100,3,30,20,100,11.5470053838,35,23.4529946162,31.5000000000,19.9529946162,3.5000000000,3.5000000000,31.5000000000,19.9529946162,200.0000000000,480.5000000000,100,8.0140000000,21.0000000000,31.5000000000,19.9529946162
18,175,0.0000000100,3,30,20,100,11.5470053838,35,23.4529946162,31.5000000000,19.9529946162,3.5000000000,3.5000000000,31.5000000000,19.9529946162,200.0000000000,480.5000000000,100,5.1900000000,21.0000000000,31.5000000000,19.9529946162
21,175,0.0000000100,3,30,20,100,11.5470053838,35,23.4529946162,31.5000000000,19.9529946162,3.5000000000,3.5000000000,31.5000000000,19.9529946162,200.0000000000,480.5000000000,100,4.4130000000,21.0000000000,31.5000000000,19.9529946162
24,175,0.0000000100,3,30,20,100,11.5470053838,35,23.4529946162,31.5000000000,19.9529946162,3.5000000000,3.5000000000,31.5000000000,19.9529946162,200.0000000000,480.5000000000,100,3.8380000000,21.0000000000,31.5000000000,19.9529946162
18,25,0.0000000100,3,30,20,100,11.5470053838,35,23.4529946162,31.5000000000,19.9529946162,3.5000000000,3.5000000000,31.5000000000,19.9529946162,200.0000000000,480.5000000000,100,0.7420000000,21.0000000000,31.5000000000,19.9529946162
18,75,0.0000000100,3,30,20,100,11.5470053838,35,23.4529946162,31.5000000000,19.9529946162,3.5000000000,3.5000000000,31.5000000000,19.9529946162,200.0000000000,480.5000000000,100,2.2240000000,21.0000000000,31.5000000000,19.9529946162
18,125,0.0000000100,3,30,20,100,11.5470053838,35,23.4529946162,31.5000000000,19.9529946162,3.5000000000,3.5000000000,31.5000000000,19.9529946162,200.0000000000,480.5000000000,100,3.7080000000,21.0000000000,31.5000000000,19.9529946162
18,225,0.0000000100,3,30,20,100,11.5470053838,35,23.4529946162,31.5000000000,19.9529946162,3.5000000000,3.5000000000,31.5000000000,19.9529946162,200.0000000000,480.5000000000,100,6.6740000000,21.0000000000,31.5000000000,19.9529946162
18,275,0.0000000100,3,30,20,100,11.5470053838,35,23.4529946162,31.5000000000,19.9529946162,3.5000000000,3.5000000000,31.5000000000,19.9529946162,200.0000000000,480.5000000000,100,8.1560000000,21.0000000000,31.5000000000,19.9529946162
18,325,0.0000000100,3,30,20,100,11.5470053838,35,23.4529946162,31.5000000000,19.9529946162,3.5000000000,3.5000000000,31.5000000000,19.9529946162,200.0000000000,480.5000000000,100,9.6390000000,21.0000000000,31.5000000000,19.9529946162
12,175,0.0000000100,3,30,20,100,11.5470053838,35,23.4529946162,31.5000000000,19.9529946162,3.5000000000,3.5000000000,31.5000000000,19.9529946162,500.0000000000,586.0000000000,100,8.0140000000,21.0000000000,31.5000000000,19.9529946162
18,175,0.0000000100,3,30,20,100,11.5470053838,35,23.4529946162,31.5000000000,19.9529946162,3.5000000000,3.5000000000,31.5000000000,19.9529946162,500.0000000000,586.0000000000,100,5.1900000000,21.0000000000,31.5000000000,19.9529946162
21,175,0.0000000100,3,30,20,100,11.5470053838,35,23.4529946162,31.5000000000,19.9529946162,3.5000000000,3.5000000000,31.5000000000,19.9529946162,500.0000000000,586.0000000000,100,4.4130000000,21.0000000000,31.5000000000,19.9529946162
24,175,0.0000000100,3,30,20,100,11.5470053838,35,23.4529946162,31.5000000000,19.9529946162,3.5000000000,3.5000000000,31.5000000000,19.9529946162,500.0000000000,586.0000000000,100,3.8380000000,21.0000000000,31.5000000000,19.9529946162
18,25,0.0000000100,3,30,20,100,11.5470053838,35,23.4529946162,31.5000000000,19.9529946162,3.5000000000,3.5000000000,31.5000000000,19.9529946162,500.0000000000,586.0000000000,100,0.7420000000,21.0000000000,31.5000000000,19.9529946162
18,75,0.0000000100,3,30,20,100,11.5470053838,35,23.4529946162,31.5000000000,19.9529946162,3.5000000000,3.5000000000,31.5000000000,19.9529946162,500.0000000000,586.0000000000,100,2.2240000000,21.0000000000,31.5000000000,19.9529946162
18,125,0.0000000100,3,30,20,100,11.5470053838,35,23.4529946162,31.5000000000,19.9529946162,3.5000000000,3.5000000000,31.5000000000,19.9529946162,500.0000000000,586.0000000000,100,3.7080000000,21.0000000000,31.5000000000,19.9529946162
18,225,0.0000000100,3,30,20,100,11.5470053838,35,23.4529946162,31.5000000000,19.9529946162,3.5000000000,3.5000000000,31.5000000000,19.9529946162,500.0000000000,586.0000000000,100,6.6740000000,21.0000000000,31.5000000000,19.9529946162
18,275,0.0000000100,3,30,20,100,11.5470053838,35,23.4529946162,31.5000000000,19.9529946162,3.5000000000,3.5000000000,31.5000000000,19.9529946162,500.0000000000,586.0000000000,100,8.1560000000,21.0000000000,31.5000000000,19.9529946162
18,325,0.0000000100,3,30,20,100,11.5470053838,35,23.4529946162,31.5000000000,19.9529946162,3.5000000000,3.5000000000,31.5000000000,19.9529946162,500.0000000000,586.0000000000,100,9.6390000000,21.0000000000,31.5000000000,19.9529946162
12,175,0.0000000100,3,30,20,100,11.5470053838,35,23.4529946162,31.5000000000,19.9529946162,3.5000000000,3.5000000000,7.6712000000,0.0000000000,30.0000000000,315.9000000000,100,7.5110000000,21.0000000000,7.6712000000,0.0000000000
15,175,0.0000000100,3,30,20,100,11.5470053838,35,23.4529946162,31.5000000000,19.9529946162,3.5000000000,3.5000000000,7.6712000000,0.0000000000,30.0000000000,315.9000000000,100,5.9850000000,21.0000000000,7.6712000000,0.0000000000
18,175,0.0000000100,3,30,20,100,11.5470053838,35,23.4529946162,31.5000000000,19.9529946162,3.5000000000,3.5000000000,7.6712000000,0.0000000000,30.0000000000,315.9000000000,100,4.9750000000,21.0000000000,7.6712000000,0.0000000000
21,175,0.0000000100,3,30,20,100,11.5470053838,35,23.4529946162,31.5000000000,19.9529946162,3.5000000000,3.5000000000,7.6712000000,0.0000000000,30.0000000000,315.9000000000,100,4.2560000000,21.0000000000,7.6712000000,0.0000000000
18,25,0.0000000100,3,30,20,100,11.5470053838,35,23.4529946162,31.5000000000,19.9529946162,3.5000000000,3.5000000000,7.6712000000,0.0000000000,30.0000000000,315.9000000000,100,0.7110000000,21.0000000000,7.6712000000,0.0000000000
18,75,0.0000000100,3,30,20,100,11.5470053838,35,23.4529946162,31.5000000000,19.9529946162,3.5000000000,3.5000000000,7.6712000000,0.0000000000,30.0000000000,315.9000000000,100,2.1320000000,21.0000000000,7.6712000000,0.0000000000
18,125,0.0000000100,3,30,20,100,11.5470053838,35,23.4529946162,31.5000000000,19.9529946162,3.5000000000,3.5000000000,7.6712000000,0.0000000000,30.0000000000,315.9000000000,100,3.5540000000,21.0000000000,7.6712000000,0.0000000000
18,225,0.0000000100,3,30,20,100,11.5470053838,35,23.4529946162,31.5000000000,19.9529946162,3.5000000000,3.5000000000,7.6712000000,0.0000000000,30.0000000000,315.9000000000,100,6.3960000000,21.0000000000,7.6712000000,0.0000000000
18,275,0.0000000100,3,30,20,100,11.5470053838,35,23.4529946162,31.5000000000,19.9529946162,3.5000000000,3.5000000000,7.6712000000,0.0000000000,30.0000000000,315.9000000000,100,7.8180000000,21.0000000000,7.6712000000,0.0000000000
12,175,0.0000000100,3,30,20,100,11.5470053838,35,23.4529946162,31.5000000000,19.9529946162,3.5000000000,3.5000000000,7.6712000000,0.0000000000,200.0000000000,480.5000000000,100,7.5110000000,21.0000000000,7.6712000000,0.0000000000
15,175,0.0000000100,3,30,20,100,11.5470053838,35,23.4529946162,31.5000000000,19.9529946162,3.5000000000,3.5000000000,7.6712000000,0.0000000000,200.0000000000,480.5000000000,100,5.9850000000,21.0000000000,7.6712000000,0.0000000000
18,175,0.0000000100,3,30,20,100,11.5470053838,35,23.4529946162,31.5000000000,19.9529946162,3.5000000000,3.5000000000,7.6712000000,0.0000000000,200.0000000000,480.5000000000,100,4.9750000000,21.0000000000,7.6712000000,0.0000000000
21,175,0.0000000100,3,30,20,100,11.5470053838,35,23.4529946162,31.5000000000,19.9529946162,3.5000000000,3.5000000000,7.6712000000,0.0000000000,200.0000000000,480.5000000000,100,4.2560000000,21.0000000000,7.6712000000,0.0000000000
18,25,0.0000000100,3,30,20,100,11.5470053838,35,23.4529946162,31.5000000000,19.9529946162,3.5000000000,3.5000000000,7.6712000000,0.0000000000,200.0000000000,480.5000000000,100,0.7110000000,21.0000000000,7.6712000000,0.0000000000
18,75,0.0000000100,3,30,20,100,11.5470053838,35,23.4529946162,31.5000000000,19.9529946162,3.5000000000,3.5000000000,7.6712000000,0.0000000000,200.0000000000,480.5000000000,100,2.1320000000,21.0000000000,7.6712000000,0.0000000000
18,125,0.0000000100,3,30,20,100,11.5470053838,35,23.4529946162,31.5000000000,19.9529946162,3.5000000000,3.5000000000,7.6712000000,0.0000000000,200.0000000000,480.5000000000,100,3.5540000000,21.0000000000,7.6712000000,0.0000000000
18,225,0.0000000100,3,30,20,100,11.5470053838,35,23.4529946162,31.5000000000,19.9529946162,3.5000000000,3.5000000000,7.6712000000,0.0000000000,200.0000000000,480.5000000000,100,6.3960000000,21.0000000000,7.6712000000,0.0000000000
18,275,0.0000000100,3,30,20,100,11.5470053838,35,23.4529946162,31.5000000000,19.9529946162,3.5000000000,3.5000000000,7.6712000000,0.0000000000,200.0000000000,480.5000000000,100,7.8180000000,21.0000000000,7.6712000000,0.0000000000
12,175,0.0000000100,3,30,20,100,11.5470053838,35,23.4529946162,31.5000000000,19.9529946162,3.5000000000,3.5000000000,7.6712000000,0.0000000000,500.0000000000,586.0000000000,100,7.5110000000,21.0000000000,7.6712000000,0.0000000000
15,175,0.0000000100,3,30,20,100,11.5470053838,35,23.4529946162,31.5000000000,19.9529946162,3.5000000000,3.5000000000,7.6712000000,0.0000000000,500.0000000000,586.0000000000,100,5.9850000000,21.0000000000,7.6712000000,0.0000000000
18,175,0.0000000100,3,30,20,100,11.5470053838,35,23.4529946162,31.5000000000,19.9529946162,3.5000000000,3.5000000000,7.6712000000,0.0000000000,500.0000000000,586.0000000000,100,4.9750000000,21.0000000000,7.6712000000,0.0000000000
21,175,0.0000000100,3,30,20,100,11.5470053838,35,23.4529946162,31.5000000000,19.9529946162,3.5000000000,3.5000000000,7.6712000000,0.0000000000,500.0000000000,586.0000000000,100,4.2560000000,21.0000000000,7.6712000000,0.0000000000
18,25,0.0000000100,3,30,20,100,11.5470053838,35,23.4529946162,31.5000000000,19.9529946162,3.5000000000,3.5000000000,7.6712000000,0.0000000000,500.0000000000,586.0000000000,100,0.7110000000,21.0000000000,7.6712000000,0.0000000000
18,75,0.0000000100,3,30,20,100,11.5470053838,35,23.4529946162,31.5000000000,19.9529946162,3.5000000000,3.5000000000,7.6712000000,0.0000000000,500.0000000000,586.0000000000,100,2.1320000000,21.0000000000,7.6712000000,0.0000000000
18,125,0.0000000100,3,30,20,100,11.5470053838,35,23.4529946162,31.5000000000,19.9529946162,3.5000000000,3.5000000000,7.6712000000,0.0000000000,500.0000000000,586.0000000000,100,3.5540000000,21.0000000000,7.6712000000,0.0000000000
18,225,0.0000000100,3,30,20,100,11.5470053838,35,23.4529946162,31.5000000000,19.9529946162,3.5000000000,3.5000000000,7.6712000000,0.0000000000,500.0000000000,586.0000000000,100,6.3960000000,21.0000000000,7.6712000000,0.0000000000
18,275,0.0000000100,3,30,20,100,11.5470053838,35,23.4529946162,31.5000000000,19.9529946162,3.5000000000,3.5000000000,7.6712000000,0.0000000000,500.0000000000,586.0000000000,100,7.8180000000,21.0000000000,7.6712000000,0.0000000000
12,175,0.0000000100,3,30,20,100,11.5470053838,35,23.4529946162,8.7500000000,5.8632486541,26.2500000000,17.5897459622,8.7500000000,5.8632486541,30.0000000000,315.9000000000,100,8.0140000000,10.0000000000,8.7500000000,5.8632486541
15,175,0.0000000100,3,30,20,100,11.5470053838,35,23.4529946162,8.7500000000,5.8632486541,26.2500000000,17.5897459622,8.7500000000,5.8632486541,30.0000000000,315.9000000000,100,6.3000000000,10.0000000000,8.7500000000,5.8632486541
18,175,0.0000000100,3,30,20,100,11.5470053838,35,23.4529946162,8.7500000000,5.8632486541,26.2500000000,17.5897459622,8.7500000000,5.8632486541,30.0000000000,315.9000000000,100,5.1900000000,10.0000000000,8.7500000000,5.8632486541
24,175,0.0000000100,3,30,20,100,11.5470053838,35,23.4529946162,8.7500000000,5.8632486541,26.2500000000,17.5897459622,8.7500000000,5.8632486541,30.0000000000,315.9000000000,100,3.8380000000,10.0000000000,8.7500000000,5.8632486541
18,25,0.0000000100,3,30,20,100,11.5470053838,35,23.4529946162,8.7500000000,5.8632486541,26.2500000000,17.5897459622,8.7500000000,5.8632486541,30.0000000000,315.9000000000,100,0.7420000000,10.0000000000,8.7500000000,5.8632486541
18,75,0.0000000100,3,30,20,100,11.5470053838,35,23.4529946162,8.7500000000,5.8632486541,26.2500000000,17.5897459622,8.7500000000,5.8632486541,30.0000000000,315.9000000000,100,2.2240000000,10.0000000000,8.7500000000,5.8632486541
18,125,0.0000000100,3,30,20,100,11.5470053838,35,23.4529946162,8.7500000000,5.8632486541,26.2500000000,17.5897459622,8.7500000000,5.8632486541,30.0000000000,315.9000000000,100,3.7080000000,10.0000000000,8.7500000000,5.8632486541
18,225,0.0000000100,3,30,20,100,11.5470053838,35,23.4529946162,8.7500000000,5.8632486541,26.2500000000,17.5897459622,8.7500000000,5.8632486541,30.0000000000,315.9000000000,100,6.6740000000,10.0000000000,8.7500000000,5.8632486541
18,275,0.0000000100,3,30,20,100,11.5470053838,35,23.4529946162,8.7500000000,5.8632486541,26.2500000000,17.5897459622,8.7500000000,5.8632486541,30.0000000000,315.9000000000,100,8.1560000000,10.0000000000,8.7500000000,5.8632486541
18,325,0.0000000100,3,30,20,100,11.5470053838,35,23.4529946162,8.7500000000,5.8632486541,26.2500000000,17.5897459622,8.7500000000,5.8632486541,30.0000000000,315.9000000000,100,9.6390000000,10.0000000000,8.7500000000,5.8632486541
12,175,0.0000000100,3,30,20,100,11.5470053838,35,23.4529946162,8.7500000000,5.8632486541,26.2500000000,17.5897459622,8.7500000000,5.8632486541,200.0000000000,480.5000000000,100,8.0140000000,10.0000000000,8.7500000000,5.8632486541
15,175,0.0000000100,3,30,20,100,11.5470053838,35,23.4529946162,8.7500000000,5.8632486541,26.2500000000,17.5897459622,8.7500000000,5.8632486541,200.0000000000,480.5000000000,100,6.3000000000,10.0000000000,8.7500000000,5.8632486541
18,175,0.0000000100,3,30,20,100,11.5470053838,35,23.4529946162,8.7500000000,5.8632486541,26.2500000000,17.5897459622,8.7500000000,5.8632486541,200.0000000000,480.5000000000,100,5.1900000000,10.0000000000,8.7500000000,5.8632486541
24,175,0.0000000100,3,30,20,100,11.5470053838,35,23.4529946162,8.7500000000,5.8632486541,26.2500000000,17.5897459622,8.7500000000,5.8632486541,200.0000000000,480.5000000000,100,3.8380000000,10.0000000000,8.7500000000,5.8632486541
18,25,0.0000000100,3,30,20,100,11.5470053838,35,23.4529946162,8.7500000000,5.8632486541,26.2500000000,17.5897459622,8.7500000000,5.8632486541,200.0000000000,480.5000000000,100,0.7420000000,10.0000000000,8.7500000000,5.8632486541
18,75,0.0000000100,3,30,20,100,11.5470053838,35,23.4529946162,8.7500000000,5.8632486541,26.2500000000,17.5897459622,8.7500000000,5.8632486541,200.0000000000,480.5000000000,100,2.2240000000,10.0000000000,8.7500000000,5.8632486541
18,125,0.0000000100,3,30,20,100,11.5470053838,35,23.4529946162,8.7500000000,5.8632486541,26.2500000000,17.5897459622,8.7500000000,5.8632486541,200.0000000000,480.5000000000,100,3.7080000000,10.0000000000,8.7500000000,5.8632486541
18,225,0.0000000100,3,30,20,100,11.5470053838,35,23.4529946162,8.7500000000,5.8632486541,26.2500000000,17.5897459622,8.7500000000,5.8632486541,200.0000000000,480.5000000000,100,6.6740000000,10.0000000000,8.7500000000,5.8632486541
18,275,0.0000000100,3,30,20,100,11.5470053838,35,23.4529946162,8.7500000000,5.8632486541,26.2500000000,17.5897459622,8.7500000000,5.8632486541,200.0000000000,480.5000000000,100,8.1560000000,10.0000000000,8.7500000000,5.8632486541
18,325,0.0000000100,3,30,20,100,11.5470053838,35,23.4529946162,8.7500000000,5.8632486541,26.2500000000,17.5897459622,8.7500000000,5.8632486541,200.0000000000,480.5000000000,100,9.6390000000,10.0000000000,8.7500000000,5.8632486541
12,175,0.0000000100,3,30,20,100,11.5470053838,35,23.4529946162,8.7500000000,5.8632486541,26.2500000000,17.5897459622,8.7500000000,5.8632486541,500.0000000000,586.0000000000,100,8.0140000000,10.0000000000,8.7500000000,5.8632486541
15,175,0.0000000100,3,30,20,100,11.5470053838,35,23.4529946162,8.7500000000,5.8632486541,26.2500000000,17.5897459622,8.7500000000,5.8632486541,500.0000000000,586.0000000000,100,6.3000000000,10.0000000000,8.7500000000,5.8632486541
18,175,0.0000000100,3,30,20,100,11.5470053838,35,23.4529946162,8.7500000000,5.8632486541,26.2500000000,17.5897459622,8.7500000000,5.8632486541,500.0000000000,586.0000000000,100,5.1900000000,10.0000000000,8.7500000000,5.8632486541
24,175,0.0000000100,3,30,20,100,11.5470053838,35,23.4529946162,8.7500000000,5.8632486541,26.2500000000,17.5897459622,8.7500000000,5.8632486541,500.0000000000,586.0000000000,100,3.8380000000,10.0000000000,8.7500000000,5.8632486541
18,25,0.0000000100,3,30,20,100,11.5470053838,35,23.4529946162,8.7500000000,5.8632486541,26.2500000000,17.5897459622,8.7500000000,5.8632486541,500.0000000000,586.0000000000,100,0.7420000000,10.0000000000,8.7500000000,5.8632486541
18,75,0.0000000100,3,30,20,100,11.5470053838,35,23.4529946162,8.7500000000,5.8632486541,26.2500000000,17.5897459622,8.7500000000,5.8632486541,500.0000000000,586.0000000000,100,2.2240000000,10.0000000000,8.7500000000,5.8632486541
18,125,0.0000000100,3,30,20,100,11.5470053838,35,23.4529946162,8.7500000000,5.8632486541,26.2500000000,17.5897459622,8.7500000000,5.8632486541,500.0000000000,586.0000000000,100,3.7080000000,10.0000000000,8.7500000000,5.8632486541
18,225,0.0000000100,3,30,20,100,11.5470053838,35,23.4529946162,8.7500000000,5.8632486541,26.2500000000,17.5897459622,8.7500000000,5.8632486541,500.0000000000,586.0000000000,100,6.6740000000,10.0000000000,8.7500000000,5.8632486541
18,275,0.0000000100,3,30,20,100,11.5470053838,35,23.4529946162,8.7500000000,5.8632486541,26.2500000000,17.5897459622,8.7500000000,5.8632486541,500.0000000000,586.0000000000,100,8.1560000000,10.0000000000,8.7500000000,5.8632486541
18,325,0.0000000100,3,30,20,100,11.5470053838,35,23.4529946162,8.7500000000,5.8632486541,26.2500000000,17.5897459622,8.7500000000,5.8632486541,500.0000000000,586.0000000000,100,9.6390000000,10.0000000000,8.7500000000,5.8632486541
12,175,0.0000000100,3,30,20,100,11.5470053838,35,23.4529946162,8.7500000000,5.8632486541,26.2500000000,17.5897459622,7.6712000000,0.0000000000,30.0000000000,315.9000000000,100,8.6940000000,10.0000000000,7.6712000000,0.0000000000
15,175,0.0000000100,3,30,20,100,11.5470053838,35,23.4529946162,8.7500000000,5.8632486541,26.2500000000,17.5897459622,7.6712000000,0.0000000000,30.0000000000,315.9000000000,100,6.9040000000,10.0000000000,7.6712000000,0.0000000000
18,175,0.0000000100,3,30,20,100,11.5470053838,35,23.4529946162,8.7500000000,5.8632486541,26.2500000000,17.5897459622,7.6712000000,0.0000000000,30.0000000000,315.9000000000,100,5.7260000000,10.0000000000,7.6712000000,0.0000000000
21,175,0.0000000100,3,30,20,100,11.5470053838,35,23.4529946162,8.7500000000,5.8632486541,26.2500000000,17.5897459622,7.6712000000,0.0000000000,30.0000000000,315.9000000000,100,4.8910000000,10.0000000000,7.6712000000,0.0000000000
18,25,0.0000000100,3,30,20,100,11.5470053838,35,23.4529946162,8.7500000000,5.8632486541,26.2500000000,17.5897459622,7.6712000000,0.0000000000,30.0000000000,315.9000000000,100,0.8180000000,10.0000000000,7.6712000000,0.0000000000
18,75,0.0000000100,3,30,20,100,11.5470053838,35,23.4529946162,8.7500000000,5.8632486541,26.2500000000,17.5897459622,7.6712000000,0.0000000000,30.0000000000,315.9000000000,100,2.4540000000,10.0000000000,7.6712000000,0.0000000000
18,125,0.0000000100,3,30,20,100,11.5470053838,35,23.4529946162,8.7500000000,5.8632486541,26.2500000000,17.5897459622,7.6712000000,0.0000000000,30.0000000000,315.9000000000,100,4.0900000000,10.0000000000,7.6712000000,0.0000000000
18,225,0.0000000100,3,30,20,100,11.5470053838,35,23.4529946162,8.7500000000,5.8632486541,26.2500000000,17.5897459622,7.6712000000,0.0000000000,30.0000000000,315.9000000000,100,7.3610000000,10.0000000000,7.6712000000,0.0000000000
18,325,0.0000000100,3,30,20,100,11.5470053838,35,23.4529946162,8.7500000000,5.8632486541,26.2500000000,17.5897459622,7.6712000000,0.0000000000,30.0000000000,315.9000000000,100,10.6330000000,10.0000000000,7.6712000000,0.0000000000
12,175,0.0000000100,3,30,20,100,11.5470053838,35,23.4529946162,8.7500000000,5.8632486541,26.2500000000,17.5897459622,7.6712000000,0.0000000000,200.0000000000,480.5000000000,100,8.6940000000,10.0000000000,7.6712000000,0.0000000000
15,175,0.0000000100,3,30,20,100,11.5470053838,35,23.4529946162,8.7500000000,5.8632486541,26.2500000000,17.5897459622,7.6712000000,0.0000000000,200.0000000000,480.5000000000,100,6.9040000000,10.0000000000,7.6712000000,0.0000000000
18,175,0.0000000100,3,30,20,100,11.5470053838,35,23.4529946162,8.7500000000,5.8632486541,26.2500000000,17.5897459622,7.6712000000,0.0000000000,200.0000000000,480.5000000000,100,5.7260000000,10.0000000000,7.6712000000,0.0000000000
21,175,0.0000000100,3,30,20,100,11.5470053838,35,23.4529946162,8.7500000000,5.8632486541,26.2500000000,17.5897459622,7.6712000000,0.0000000000,200.0000000000,480.5000000000,100,4.8910000000,10.0000000000,7.6712000000,0.0000000000
18,25,0.0000000100,3,30,20,100,11.5470053838,35,23.4529946162,8.7500000000,5.8632486541,26.2500000000,17.5897459622,7.6712000000,0.0000000000,200.0000000000,480.5000000000,100,0.8180000000,10.0000000000,7.6712000000,0.0000000000
18,75,0.0000000100,3,30,20,100,11.5470053838,35,23.4529946162,8.7500000000,5.8632486541,26.2500000000,17.5897459622,7.6712000000,0.0000000000,200.0000000000,480.5000000000,100,2.4540000000,10.0000000000,7.6712000000,0.0000000000
18,125,0.0000000100,3,30,20,100,11.5470053838,35,23.4529946162,8.7500000000,5.8632486541,26.2500000000,17.5897459622,7.6712000000,0.0000000000,200.0000000000,480.5000000000,100,4.0900000000,10.0000000000,7.6712000000,0.0000000000
18,225,0.0000000100,3,30,20,100,11.5470053838,35,23.4529946162,8.7500000000,5.8632486541,26.2500000000,17.5897459622,7.6712000000,0.0000000000,200.0000000000,480.5000000000,100,7.3610000000,10.0000000000,7.6712000000,0.0000000000
18,325,0.0000000100,3,30,20,100,11.5470053838,35,23.4529946162,8.7500000000,5.8632486541,26.2500000000,17.5897459622,7.6712000000,0.0000000000,200.0000000000,480.5000000000,100,10.6330000000,10.0000000000,7.6712000000,0.0000000000
12,175,0.0000000100,3,30,20,100,11.5470053838,35,23.4529946162,8.7500000000,5.8632486541,26.2500000000,17.5897459622,7.6712000000,0.0000000000,500.0000000000,586.0000000000,100,8.6940000000,10.0000000000,7.6712000000,0.0000000000
15,175,0.0000000100,3,30,20,100,11.5470053838,35,23.4529946162,8.7500000000,5.8632486541,26.2500000000,17.5897459622,7.6712000000,0.0000000000,500.0000000000,586.0000000000,100,6.9040000000,10.0000000000,7.6712000000,0.0000000000
18,175,0.0000000100,3,30,20,100,11.5470053838,35,23.4529946162,8.7500000000,5.8632486541,26.2500000000,17.5897459622,7.6712000000,0.0000000000,500.0000000000,586.0000000000,100,5.7260000000,10.0000000000,7.6712000000,0.0000000000
21,175,0.0000000100,3,30,20,100,11.5470053838,35,23.4529946162,8.7500000000,5.8632486541,26.2500000000,17.5897459622,7.6712000000,0.0000000000,500.0000000000,586.0000000000,100,4.8910000000,10.0000000000,7.6712000000,0.0000000000
18,25,0.0000000100,3,30,20,100,11.5470053838,35,23.4529946162,8.7500000000,5.8632486541,26.2500000000,17.5897459622,7.6712000000,0.0000000000,500.0000000000,586.0000000000,100,0.8180000000,10.0000000000,7.6712000000,0.0000000000
18,75,0.0000000100,3,30,20,100,11.5470053838,35,23.4529946162,8.7500000000,5.8632486541,26.2500000000,17.5897459622,7.6712000000,0.0000000000,500.0000000000,586.0000000000,100,2.4540000000,10.0000000000,7.6712000000,0.0000000000
18,125,0.0000000100,3,30,20,100,11.5470053838,35,23.4529946162,8.7500000000,5.8632486541,26.2500000000,17.5897459622,7.6712000000,0.0000000000,500.0000000000,586.0000000000,100,4.0900000000,10.0000000000,7.6712000000,0.0000000000
18,225,0.0000000100,3,30,20,100,11.5470053838,35,23.4529946162,8.7500000000,5.8632486541,26.2500000000,17.5897459622,7.6712000000,0.0000000000,500.0000000000,586.0000000000,100,7.3610000000,10.0000000000,7.6712000000,0.0000000000
18,325,0.0000000100,3,30,20,100,11.5470053838,35,23.4529946162,8.7500000000,5.8632486541,26.2500000000,17.5897459622,7.6712000000,0.0000000000,500.0000000000,586.0000000000,100,10.6330000000,10.0000000000,7.6712000000,0.0000000000
12,175,0.0000000100,3,30,20,100,11.5470053838,35,23.4529946162,11.5470053838,0.0000000000,23.4529946162,23.4529946162,11.5470053838,0.0000000000,30.0000000000,315.9000000000,100,10.2890000000,9.0000000000,11.5470053838,0.0000000000
15,175,0.0000000100,3,30,20,100,11.5470053838,35,23.4529946162,11.5470053838,0.0000000000,23.4529946162,23.4529946162,11.5470053838,0.0000000000,30.0000000000,315.9000000000,100,8.1140000000,9.0000000000,11.5470053838,0.0000000000
18,175,0.0000000100,3,30,20,100,11.5470053838,35,23.4529946162,11.5470053838,0.0000000000,23.4529946162,23.4529946162,11.5470053838,0.0000000000,30.0000000000,315.9000000000,100,6.6980000000,9.0000000000,11.5470053838,0.0000000000
24,175,0.0000000100,3,30,20,100,11.5470053838,35,23.4529946162,11.5470053838,0.0000000000,23.4529946162,23.4529946162,11.5470053838,0.0000000000,30.0000000000,315.9000000000,100,4.9650000000,9.0000000000,11.5470053838,0.0000000000
18,25,0.0000000100,3,30,20,100,11.5470053838,35,23.4529946162,11.5470053838,0.0000000000,23.4529946162,23.4529946162,11.5470053838,0.0000000000,30.0000000000,315.9000000000,100,0.9570000000,9.0000000000,11.5470053838,0.0000000000
18,75,0.0000000100,3,30,20,100,11.5470053838,35,23.4529946162,11.5470053838,0.0000000000,23.4529946162,23.4529946162,11.5470053838,0.0000000000,30.0000000000,315.9000000000,100,2.8710000000,9.0000000000,11.5470053838,0.0000000000
18,225,0.0000000100,3,30,20,100,11.5470053838,35,23.4529946162,11.5470053838,0.0000000000,23.4529946162,23.4529946162,11.5470053838,0.0000000000,30.0000000000,315.9000000000,100,8.6110000000,9.0000000000,11.5470053838,0.0000000000
18,325,0.0000000100,3,30,20,100,11.5470053838,35,23.4529946162,11.5470053838,0.0000000000,23.4529946162,23.4529946162,11.5470053838,0.0000000000,30.0000000000,315.9000000000,100,12.4390000000,9.0000000000,11.5470053838,0.0000000000
12,175,0.0000000100,3,30,20,100,11.5470053838,35,23.4529946162,11.5470053838,0.0000000000,23.4529946162,23.4529946162,11.5470053838,0.0000000000,200.0000000000,480.5000000000,100,10.2890000000,9.0000000000,11.5470053838,0.0000000000
15,175,0.0000000100,3,30,20,100,11.5470053838,35,23.4529946162,11.5470053838,0.0000000000,23.4529946162,23.4529946162,11.5470053838,0.0000000000,200.0000000000,480.5000000000,100,8.1140000000,9.0000000000,11.5470053838,0.0000000000
18,175,0.0000000100,3,30,20,100,11.5470053838,35,23.4529946162,11.5470053838,0.0000000000,23.4529946162,23.4529946162,11.5470053838,0.0000000000,200.0000000000,480.5000000000,100,6.6980000000,9.0000000000,11.5470053838,0.0000000000
24,175,0.0000000100,3,30,20,100,11.5470053838,35,23.4529946162,11.5470053838,0.0000000000,23.4529946162,23.4529946162,11.5470053838,0.0000000000,200.0000000000,480.5000000000,100,4.9650000000,9.0000000000,11.5470053838,0.0000000000
18,25,0.0000000100,3,30,20,100,11.5470053838,35,23.4529946162,11.5470053838,0.0000000000,23.4529946162,23.4529946162,11.5470053838,0.0000000000,200.0000000000,480.5000000000,100,0.9570000000,9.0000000000,11.5470053838,0.0000000000
18,75,0.0000000100,3,30,20,100,11.5470053838,35,23.4529946162,11.5470053838,0.0000000000,23.4529946162,23.4529946162,11.5470053838,0.0000000000,200.0000000000,480.5000000000,100,2.8710000000,9.0000000000,11.5470053838,0.0000000000
18,225,0.0000000100,3,30,20,100,11.5470053838,35,23.4529946162,11.5470053838,0.0000000000,23.4529946162,23.4529946162,11.5470053838,0.0000000000,200.0000000000,480.5000000000,100,8.6110000000,9.0000000000,11.5470053838,0.0000000000
18,325,0.0000000100,3,30,20,100,11.5470053838,35,23.4529946162,11.5470053838,0.0000000000,23.4529946162,23.4529946162,11.5470053838,0.0000000000,200.0000000000,480.5000000000,100,12.4390000000,9.0000000000,11.5470053838,0.0000000000
12,175,0.0000000100,3,30,20,100,11.5470053838,35,23.4529946162,11.5470053838,0.0000000000,23.4529946162,23.4529946162,11.5470053838,0.0000000000,500.0000000000,586.0000000000,100,10.2890000000,9.0000000000,11.5470053838,0.0000000000
15,175,0.0000000100,3,30,20,100,11.5470053838,35,23.4529946162,11.5470053838,0.0000000000,23.4529946162,23.4529946162,11.5470053838,0.0000000000,500.0000000000,586.0000000000,100,8.1140000000,9.0000000000,11.5470053838,0.0000000000
18,175,0.0000000100,3,30,20,100,11.5470053838,35,23.4529946162,11.5470053838,0.0000000000,23.4529946162,23.4529946162,11.5470053838,0.0000000000,500.0000000000,586.0000000000,100,6.6980000000,9.0000000000,11.5470053838,0.0000000000
24,175,0.0000000100,3,30,20,100,11.5470053838,35,23.4529946162,11.5470053838,0.0000000000,23.4529946162,23.4529946162,11.5470053838,0.0000000000,500.0000000000,586.0000000000,100,4.9650000000,9.0000000000,11.5470053838,0.0000000000
18,25,0.0000000100,3,30,20,100,11.5470053838,35,23.4529946162,11.5470053838,0.0000000000,23.4529946162,23.4529946162,11.5470053838,0.0000000000,500.0000000000,586.0000000000,100,0.9570000000,9.0000000000,11.5470053838,0.0000000000
18,75,0.0000000100,3,30,20,100,11.5470053838,35,23.4529946162,11.5470053838,0.0000000000,23.4529946162,23.4529946162,11.5470053838,0.0000000000,500.0000000000,586.0000000000,100,2.8710000000,9.0000000000,11.5470053838,0.0000000000
18,225,0.0000000100,3,30,20,100,11.5470053838,35,23.4529946162,11.5470053838,0.0000000000,23.4529946162,23.4529946162,11.5470053838,0.0000000000,500.0000000000,586.0000000000,100,8.6110000000,9.0000000000,11.5470053838,0.0000000000
18,325,0.0000000100,3,30,20,100,11.5470053838,35,23.4529946162,11.5470053838,0.0000000000,23.4529946162,23.4529946162,11.5470053838,0.0000000000,500.0000000000,586.0000000000,100,12.4390000000,9.0000000000,11.5470053838,0.0000000000
12,175,0.0000000100,3,30,20,100,11.5470053838,35,23.4529946162,11.5470053838,0.0000000000,23.4529946162,23.4529946162,7.6712000000,0.0000000000,30.0000000000,315.9000000000,100,9.9770000000,9.0000000000,7.6712000000,0.0000000000
15,175,0.0000000100,3,30,20,100,11.5470053838,35,23.4529946162,11.5470053838,0.0000000000,23.4529946162,23.4529946162,7.6712000000,0.0000000000,30.0000000000,315.9000000000,100,7.9180000000,9.0000000000,7.6712000000,0.0000000000
18,175,0.0000000100,3,30,20,100,11.5470053838,35,23.4529946162,11.5470053838,0.0000000000,23.4529946162,23.4529946162,7.6712000000,0.0000000000,30.0000000000,315.9000000000,100,6.5640000000,9.0000000000,7.6712000000,0.0000000000
21,175,0.0000000100,3,30,20,100,11.5470053838,35,23.4529946162,11.5470053838,0.0000000000,23.4529946162,23.4529946162,7.6712000000,0.0000000000,30.0000000000,315.9000000000,100,5.6050000000,9.0000000000,7.6712000000,0.0000000000
24,175,0.0000000100,3,30,20,100,11.5470053838,35,23.4529946162,11.5470053838,0.0000000000,23.4529946162,23.4529946162,7.6712000000,0.0000000000,30.0000000000,315.9000000000,100,4.8910000000,9.0000000000,7.6712000000,0.0000000000
18,75,0.0000000100,3,30,20,100,11.5470053838,35,23.4529946162,11.5470053838,0.0000000000,23.4529946162,23.4529946162,7.6712000000,0.0000000000,30.0000000000,315.9000000000,100,2.8130000000,9.0000000000,7.6712000000,0.0000000000
18,225,0.0000000100,3,30,20,100,11.5470053838,35,23.4529946162,11.5470053838,0.0000000000,23.4529946162,23.4529946162,7.6712000000,0.0000000000,30.0000000000,315.9000000000,100,8.4400000000,9.0000000000,7.6712000000,0.0000000000
18,275,0.0000000100,3,30,20,100,11.5470053838,35,23.4529946162,11.5470053838,0.0000000000,23.4529946162,23.4529946162,7.6712000000,0.0000000000,30.0000000000,315.9000000000,100,10.3150000000,9.0000000000,7.6712000000,0.0000000000
18,325,0.0000000100,3,30,20,100,11.5470053838,35,23.4529946162,11.5470053838,0.0000000000,23.4529946162,23.4529946162,7.6712000000,0.0000000000,30.0000000000,315.9000000000,100,12.1900000000,9.0000000000,7.6712000000,0.0000000000
12,175,0.0000000100,3,30,20,100,11.5470053838,35,23.4529946162,11.5470053838,0.0000000000,23.4529946162,23.4529946162,7.6712000000,0.0000000000,200.0000000000,480.5000000000,100,9.9770000000,9.0000000000,7.6712000000,0.0000000000
15,175,0.0000000100,3,30,20,100,11.5470053838,35,23.4529946162,11.5470053838,0.0000000000,23.4529946162,23.4529946162,7.6712000000,0.0000000000,200.0000000000,480.5000000000,100,7.9180000000,9.0000000000,7.6712000000,0.0000000000
18,175,0.0000000100,3,30,20,100,11.5470053838,35,23.4529946162,11.5470053838,0.0000000000,23.4529946162,23.4529946162,7.6712000000,0.0000000000,200.0000000000,480.5000000000,100,6.5640000000,9.0000000000,7.6712000000,0.0000000000
21,175,0.0000000100,3,30,20,100,11.5470053838,35,23.4529946162,11.5470053838,0.0000000000,23.4529946162,23.4529946162,7.6712000000,0.0000000000,200.0000000000,480.5000000000,100,5.6050000000,9.0000000000,7.6712000000,0.0000000000
24,175,0.0000000100,3,30,20,100,11.5470053838,35,23.4529946162,11.5470053838,0.0000000000,23.4529946162,23.4529946162,7.6712000000,0.0000000000,200.0000000000,480.5000000000,100,4.8910000000,9.0000000000,7.6712000000,0.0000000000
18,75,0.0000000100,3,30,20,100,11.5470053838,35,23.4529946162,11.5470053838,0.0000000000,23.4529946162,23.4529946162,7.6712000000,0.0000000000,200.0000000000,480.5000000000,100,2.8130000000,9.0000000000,7.6712000000,0.0000000000
18,225,0.0000000100,3,30,20,100,11.5470053838,35,23.4529946162,11.5470053838,0.0000000000,23.4529946162,23.4529946162,7.6712000000,0.0000000000,200.0000000000,480.5000000000,100,8.4400000000,9.0000000000,7.6712000000,0.0000000000
18,275,0.0000000100,3,30,20,100,11.5470053838,35,23.4529946162,11.5470053838,0.0000000000,23.4529946162,23.4529946162,7.6712000000,0.0000000000,200.0000000000,480.5000000000,100,10.3150000000,9.0000000000,7.6712000000,0.0000000000
18,325,0.0000000100,3,30,20,100,11.5470053838,35,23.4529946162,11.5470053838,0.0000000000,23.4529946162,23.4529946162,7.6712000000,0.0000000000,200.0000000000,480.5000000000,100,12.1900000000,9.0000000000,7.6712000000,0.0000000000
12,175,0.0000000100,3,30,20,100,11.5470053838,35,23.4529946162,11.5470053838,0.0000000000,23.4529946162,23.4529946162,7.6712000000,0.0000000000,500.0000000000,586.0000000000,100,9.9770000000,9.0000000000,7.6712000000,0.0000000000
15,175,0.0000000100,3,30,20,100,11.5470053838,35,23.4529946162,11.5470053838,0.0000000000,23.4529946162,23.4529946162,7.6712000000,0.0000000000,500.0000000000,586.0000000000,100,7.9180000000,9.0000000000,7.6712000000,0.0000000000
18,175,0.0000000100,3,30,20,100,11.5470053838,35,23.4529946162,11.5470053838,0.0000000000,23.4529946162,23.4529946162,7.6712000000,0.0000000000,500.0000000000,586.0000000000,100,6.5640000000,9.0000000000,7.6712000000,0.0000000000
21,175,0.0000000100,3,30,20,100,11.5470053838,35,23.4529946162,11.5470053838,0.0000000000,23.4529946162,23.4529946162,7.6712000000,0.0000000000,500.0000000000,586.0000000000,100,5.6050000000,9.0000000000,7.6712000000,0.0000000000
24,175,0.0000000100,3,30,20,100,11.5470053838,35,23.4529946162,11.5470053838,0.0000000000,23.4529946162,23.4529946162,7.6712000000,0.0000000000,500.0000000000,586.0000000000,100,4.8910000000,9.0000000000,7.6712000000,0.0000000000
18,75,0.0000000100,3,30,20,100,11.5470053838,35,23.4529946162,11.5470053838,0.0000000000,23.4529946162,23.4529946162,7.6712000000,0.0000000000,500.0000000000,586.0000000000,100,2.8130000000,9.0000000000,7.6712000000,0.0000000000
18,225,0.0000000100,3,30,20,100,11.5470053838,35,23.4529946162,11.5470053838,0.0000000000,23.4529946162,23.4529946162,7.6712000000,0.0000000000,500.0000000000,586.0000000000,100,8.4400000000,9.0000000000,7.6712000000,0.0000000000
18,275,0.0000000100,3,30,20,100,11.5470053838,35,23.4529946162,11.5470053838,0.0000000000,23.4529946162,23.4529946162,7.6712000000,0.0000000000,500.0000000000,586.0000000000,100,10.3150000000,9.0000000000,7.6712000000,0.0000000000
18,325,0.0000000100,3,30,20,100,11.5470053838,35,23.4529946162,11.5470053838,0.0000000000,23.4529946162,23.4529946162,7.6712000000,0.0000000000,500.0000000000,586.0000000000,100,12.1900000000,9.0000000000,7.6712000000,0.0000000000
12,175,0.0000000100,3,30,40,200,23.0940107676,70,46.9059892324,63.0000000000,39.9059892324,7.0000000000,7.0000000000,63.0000000000,39.9059892324,30.0000000000,315.9000000000,100,4.0080000000,42.0000000000,63.0000000000,39.9059892324
15,175,0.0000000100,3,30,40,200,23.0940107676,70,46.9059892324,63.0000000000,39.9059892324,7.0000000000,7.0000000000,63.0000000000,39.9059892324,30.0000000000,315.9000000000,100,3.1510000000,42.0000000000,63.0000000000,39.9059892324
18,175,0.0000000100,3,30,40,200,23.0940107676,70,46.9059892324,63.0000000000,39.9059892324,7.0000000000,7.0000000000,63.0000000000,39.9059892324,30.0000000000,315.9000000000,100,2.5960000000,42.0000000000,63.0000000000,39.9059892324
24,175,0.0000000100,3,30,40,200,23.0940107676,70,46.9059892324,63.0000000000,39.9059892324,7.0000000000,7.0000000000,63.0000000000,39.9059892324,30.0000000000,315.9000000000,100,1.9190000000,42.0000000000,63.0000000000,39.9059892324
18,25,0.0000000100,3,30,40,200,23.0940107676,70,46.9059892324,63.0000000000,39.9059892324,7.0000000000,7.0000000000,63.0000000000,39.9059892324,30.0000000000,315.9000000000,100,0.3710000000,42.0000000000,63.0000000000,39.9059892324
18,75,0.0000000100,3,30,40,200,23.0940107676,70,46.9059892324,63.0000000000,39.9059892324,7.0000000000,7.0000000000,63.0000000000,39.9059892324,30.0000000000,315.9000000000,100,1.1120000000,42.0000000000,63.0000000000,39.9059892324
18,125,0.0000000100,3,30,40,200,23.0940107676,70,46.9059892324,63.0000000000,39.9059892324,7.0000000000,7.0000000000,63.0000000000,39.9059892324,30.0000000000,315.9000000000,100,1.8540000000,42.0000000000,63.0000000000,39.9059892324
18,225,0.0000000100,3,30,40,200,23.0940107676,70,46.9059892324,63.0000000000,39.9059892324,7.0000000000,7.0000000000,63.0000000000,39.9059892324,30.0000000000,315.9000000000,100,3.3370000000,42.0000000000,63.0000000000,39.9059892324
18,275,0.0000000100,3,30,40,200,23.0940107676,70,46.9059892324,63.0000000000,39.9059892324,7.0000000000,7.0000000000,63.0000000000,39.9059892324,30.0000000000,315.9000000000,100,4.0790000000,42.0000000000,63.0000000000,39.9059892324
18,325,0.0000000100,3,30,40,200,23.0940107676,70,46.9059892324,63.0000000000,39.9059892324,7.0000000000,7.0000000000,63.0000000000,39.9059892324,30.0000000000,315.9000000000,100,4.8200000000,42.0000000000,63.0000000000,39.9059892324
12,175,0.0000000100,3,30,40,200,23.0940107676,70,46.9059892324,63.0000000000,39.9059892324,7.0000000000,7.0000000000,63.0000000000,39.9059892324,200.0000000000,480.5000000000,100,4.0080000000,42.0000000000,63.0000000000,39.9059892324
15,175,0.0000000100,3,30,40,200,23.0940107676,70,46.9059892324,63.0000000000,39.9059892324,7.0000000000,7.0000000000,63.0000000000,39.9059892324,200.0000000000,480.5000000000,100,3.1510000000,42.0000000000,63.0000000000,39.9059892324
18,175,0.0000000100,3,30,40,200,23.0940107676,70,46.9059892324,63.0000000000,39.9059892324,7.0000000000,7.0000000000,63.0000000000,39.9059892324,200.0000000000,480.5000000000,100,2.5960000000,42.0000000000,63.0000000000,39.9059892324
24,175,0.0000000100,3,30,40,200,23.0940107676,70,46.9059892324,63.0000000000,39.9059892324,7.0000000000,7.0000000000,63.0000000000,39.9059892324,200.0000000000,480.5000000000,100,1.9190000000,42.0000000000,63.0000000000,39.9059892324
18,25,0.0000000100,3,30,40,200,23.0940107676,70,46.9059892324,63.0000000000,39.9059892324,7.0000000000,7.0000000000,63.0000000000,39.9059892324,200.0000000000,480.5000000000,100,0.3710000000,42.0000000000,63.0000000000,39.9059892324
18,75,0.0000000100,3,30,40,200,23.0940107676,70,46.9059892324,63.0000000000,39.9059892324,7.0000000000,7.0000000000,63.0000000000,39.9059892324,200.0000000000,480.5000000000,100,1.1120000000,42.0000000000,63.0000000000,39.9059892324
18,125,0.0000000100,3,30,40,200,23.0940107676,70,46.9059892324,63.0000000000,39.9059892324,7.0000000000,7.0000000000,63.0000000000,39.9059892324,200.0000000000,480.5000000000,100,1.8540000000,42.0000000000,63.0000000000,39.9059892324
18,225,0.0000000100,3,30,40,200,23.0940107676,70,46.9059892324,63.0000000000,39.9059892324,7.0000000000,7.0000000000,63.0000000000,39.9059892324,200.0000000000,480.5000000000,100,3.3370000000,42.0000000000,63.0000000000,39.9059892324
18,275,0.0000000100,3,30,40,200,23.0940107676,70,46.9059892324,63.0000000000,39.9059892324,7.0000000000,7.0000000000,63.0000000000,39.9059892324,200.0000000000,480.5000000000,100,4.0790000000,42.0000000000,63.0000000000,39.9059892324
18,325,0.0000000100,3,30,40,200,23.0940107676,70,46.9059892324,63.0000000000,39.9059892324,7.0000000000,7.0000000000,63.0000000000,39.9059892324,200.0000000000,480.5000000000,100,4.8200000000,42.0000000000,63.0000000000,39.9059892324
12,175,0.0000000100,3,30,40,200,23.0940107676,70,46.9059892324,63.0000000000,39.9059892324,7.0000000000,7.0000000000,63.0000000000,39.9059892324,500.0000000000,586.0000000000,100,4.0080000000,42.0000000000,63.0000000000,39.9059892324
15,175,0.0000000100,3,30,40,200,23.0940107676,70,46.9059892324,63.0000000000,39.9059892324,7.0000000000,7.0000000000,63.0000000000,39.9059892324,500.0000000000,586.0000000000,100,3.1510000000,42.0000000000,63.0000000000,39.9059892324
18,175,0.0000000100,3,30,40,200,23.0940107676,70,46.9059892324,63.0000000000,39.9059892324,7.0000000000,7.0000000000,63.0000000000,39.9059892324,500.0000000000,586.0000000000,100,2.5960000000,42.0000000000,63.0000000000,39.9059892324
24,175,0.0000000100,3,30,40,200,23.0940107676,70,46.9059892324,63.0000000000,39.9059892324,7.0000000000,7.0000000000,63.0000000000,39.9059892324,500.0000000000,586.0000000000,100,1.9190000000,42.0000000000,63.0000000000,39.9059892324
18,25,0.0000000100,3,30,40,200,23.0940107676,70,46.9059892324,63.0000000000,39.9059892324,7.0000000000,7.0000000000,63.0000000000,39.9059892324,500.0000000000,586.0000000000,100,0.3710000000,42.0000000000,63.0000000000,39.9059892324
18,75,0.0000000100,3,30,40,200,23.0940107676,70,46.9059892324,63.0000000000,39.9059892324,7.0000000000,7.0000000000,63.0000000000,39.9059892324,500.0000000000,586.0000000000,100,1.1120000000,42.0000000000,63.0000000000,39.9059892324
18,125,0.0000000100,3,30,40,200,23.0940107676,70,46.9059892324,63.0000000000,39.9059892324,7.0000000000,7.0000000000,63.0000000000,39.9059892324,500.0000000000,586.0000000000,100,1.8540000000,42.0000000000,63.0000000000,39.9059892324
18,225,0.0000000100,3,30,40,200,23.0940107676,70,46.9059892324,63.0000000000,39.9059892324,7.0000000000,7.0000000000,63.0000000000,39.9059892324,500.0000000000,586.0000000000,100,3.3370000000,42.0000000000,63.0000000000,39.9059892324
18,275,0.0000000100,3,30,40,200,23.0940107676,70,46.9059892324,63.0000000000,39.9059892324,7.0000000000,7.0000000000,63.0000000000,39.9059892324,500.0000000000,586.0000000000,100,4.0790000000,42.0000000000,63.0000000000,39.9059892324
18,325,0.0000000100,3,30,40,200,23.0940107676,70,46.9059892324,63.0000000000,39.9059892324,7.0000000000,7.0000000000,63.0000000000,39.9059892324,500.0000000000,586.0000000000,100,4.8200000000,42.0000000000,63.0000000000,39.9059892324
12,175,0.0000000100,3,30,40,200,23.0940107676,70,46.9059892324,63.0000000000,39.9059892324,7.0000000000,7.0000000000,15.3000000000,0.0000000000,30.0000000000,315.9000000000,100,3.8010000000,42.0000000000,15.3000000000,0.0000000000
15,175,0.0000000100,3,30,40,200,23.0940107676,70,46.9059892324,63.0000000000,39.9059892324,7.0000000000,7.0000000000,15.3000000000,0.0000000000,30.0000000000,315.9000000000,100,3.0220000000,42.0000000000,15.3000000000,0.0000000000
18,175,0.0000000100,3,30,40,200,23.0940107676,70,46.9059892324,63.0000000000,39.9059892324,7.0000000000,7.0000000000,15.3000000000,0.0000000000,30.0000000000,315.9000000000,100,2.5070000000,42.0000000000,15.3000000000,0.0000000000
21,175,0.0000000100,3,30,40,200,23.0940107676,70,46.9059892324,63.0000000000,39.9059892324,7.0000000000,7.0000000000,15.3000000000,0.0000000000,30.0000000000,315.9000000000,100,2.1430000000,42.0000000000,15.3000000000,0.0000000000
24,175,0.0000000100,3,30,40,200,23.0940107676,70,46.9059892324,63.0000000000,39.9059892324,7.0000000000,7.0000000000,15.3000000000,0.0000000000,30.0000000000,315.9000000000,100,1.8700000000,42.0000000000,15.3000000000,0.0000000000
18,25,0.0000000100,3,30,40,200,23.0940107676,70,46.9059892324,63.0000000000,39.9059892324,7.0000000000,7.0000000000,15.3000000000,0.0000000000,30.0000000000,315.9000000000,100,0.3580000000,42.0000000000,15.3000000000,0.0000000000
18,125,0.0000000100,3,30,40,200,23.0940107676,70,46.9059892324,63.0000000000,39.9059892324,7.0000000000,7.0000000000,15.3000000000,0.0000000000,30.0000000000,315.9000000000,100,1.7910000000,42.0000000000,15.3000000000,0.0000000000
18,225,0.0000000100,3,30,40,200,23.0940107676,70,46.9059892324,63.0000000000,39.9059892324,7.0000000000,7.0000000000,15.3000000000,0.0000000000,30.0000000000,315.9000000000,100,3.2240000000,42.0000000000,15.3000000000,0.0000000000
18,275,0.0000000100,3,30,40,200,23.0940107676,70,46.9059892324,63.0000000000,39.9059892324,7.0000000000,7.0000000000,15.3000000000,0.0000000000,30.0000000000,315.9000000000,100,3.9400000000,42.0000000000,15.3000000000,0.0000000000
18,325,0.0000000100,3,30,40,200,23.0940107676,70,46.9059892324,63.0000000000,39.9059892324,7.0000000000,7.0000000000,15.3000000000,0.0000000000,30.0000000000,315.9000000000,100,4.6560000000,42.0000000000,15.3000000000,0.0000000000
12,175,0.0000000100,3,30,40,200,23.0940107676,70,46.9059892324,63.0000000000,39.9059892324,7.0000000000,7.0000000000,15.3000000000,0.0000000000,200.0000000000,480.5000000000,100,3.8010000000,42.0000000000,15.3000000000,0.0000000000
15,175,0.0000000100,3,30,40,200,23.0940107676,70,46.9059892324,63.0000000000,39.9059892324,7.0000000000,7.0000000000,15.3000000000,0.0000000000,200.0000000000,480.5000000000,100,3.0220000000,42.0000000000,15.3000000000,0.0000000000
18,175,0.0000000100,3,30,40,200,23.0940107676,70,46.9059892324,63.0000000000,39.9059892324,7.0000000000,7.0000000000,15.3000000000,0.0000000000,200.0000000000,480.5000000000,100,2.5070000000,42.0000000000,15.3000000000,0.0000000000
21,175,0.0000000100,3,30,40,200,23.0940107676,70,46.9059892324,63.0000000000,39.9059892324,7.0000000000,7.0000000000,15.3000000000,0.0000000000,200.0000000000,480.5000000000,100,2.1430000000,42.0000000000,15.3000000000,0.0000000000
24,175,0.0000000100,3,30,40,200,23.0940107676,70,46.9059892324,63.0000000000,39.9059892324,7.0000000000,7.0000000000,15.3000000000,0.0000000000,200.0000000000,480.5000000000,100,1.8700000000,42.0000000000,15.3000000000,0.0000000000
18,25,0.0000000100,3,30,40,200,23.0940107676,70,46.9059892324,63.0000000000,39.9059892324,7.0000000000,7.0000000000,15.3000000000,0.0000000000,200.0000000000,480.5000000000,100,0.3580000000,42.0000000000,15.3000000000,0.0000000000
18,125,0.0000000100,3,30,40,200,23.0940107676,70,46.9059892324,63.0000000000,39.9059892324,7.0000000000,7.0000000000,15.3000000000,0.0000000000,200.0000000000,480.5000000000,100,1.7910000000,42.0000000000,15.3000000000,0.0000000000
18,225,0.0000000100,3,30,40,200,23.0940107676,70,46.9059892324,63.0000000000,39.9059892324,7.0000000000,7.0000000000,15.3000000000,0.0000000000,200.0000000000,480.5000000000,100,3.2240000000,42.0000000000,15.3000000000,0.0000000000
18,275,0.0000000100,3,30,40,200,23.0940107676,70,46.9059892324,63.0000000000,39.9059892324,7.0000000000,7.0000000000,15.3000000000,0.0000000000,200.0000000000,480.5000000000,100,3.9400000000,42.0000000000,15.3000000000,0.0000000000
18,325,0.0000000100,3,30,40,200,23.0940107676,70,46.9059892324,63.0000000000,39.9059892324,7.0000000000,7.0000000000,15.3000000000,0.0000000000,200.0000000000,480.5000000000,100,4.6560000000,42.0000000000,15.3000000000,0.0000000000
12,175,0.0000000100,3,30,40,200,23.0940107676,70,46.9059892324,63.0000000000,39.9059892324,7.0000000000,7.0000000000,15.3000000000,0.0000000000,500.0000000000,586.0000000000,100,3.8010000000,42.0000000000,15.3000000000,0.0000000000
15,175,0.0000000100,3,30,40,200,23.0940107676,70,46.9059892324,63.0000000000,39.9059892324,7.0000000000,7.0000000000,15.3000000000,0.0000000000,500.0000000000,586.0000000000,100,3.0220000000,42.0000000000,15.3000000000,0.0000000000
18,175,0.0000000100,3,30,40,200,23.0940107676,70,46.9059892324,63.0000000000,39.9059892324,7.0000000000,7.0000000000,15.3000000000,0.0000000000,500.0000000000,586.0000000000,100,2.5070000000,42.0000000000,15.3000000000,0.0000000000
21,175,0.0000000100,3,30,40,200,23.0940107676,70,46.9059892324,63.0000000000,39.9059892324,7.0000000000,7.0000000000,15.3000000000,0.0000000000,500.0000000000,586.0000000000,100,2.1430000000,42.0000000000,15.3000000000,0.0000000000
24,175,0.0000000100,3,30,40,200,23.0940107676,70,46.9059892324,63.0000000000,39.9059892324,7.0000000000,7.0000000000,15.3000000000,0.0000000000,500.0000000000,586.0000000000,100,1.8700000000,42.0000000000,15.3000000000,0.0000000000
18,25,0.0000000100,3,30,40,200,23.0940107676,70,46.9059892324,63.0000000000,39.9059892324,7.0000000000,7.0000000000,15.3000000000,0.0000000000,500.0000000000,586.0000000000,100,0.3580000000,42.0000000000,15.3000000000,0.0000000000
18,125,0.0000000100,3,30,40,200,23.0940107676,70,46.9059892324,63.0000000000,39.9059892324,7.0000000000,7.0000000000,15.3000000000,0.0000000000,500.0000000000,586.0000000000,100,1.7910000000,42.0000000000,15.3000000000,0.0000000000
18,225,0.0000000100,3,30,40,200,23.0940107676,70,46.9059892324,63.0000000000,39.9059892324,7.0000000000,7.0000000000,15.3000000000,0.0000000000,500.0000000000,586.0000000000,100,3.2240000000,42.0000000000,15.3000000000,0.0000000000
18,275,0.0000000100,3,30,40,200,23.0940107676,70,46.9059892324,63.0000000000,39.9059892324,7.0000000000,7.0000000000,15.3000000000,0.0000000000,500.0000000000,586.0000000000,100,3.9400000000,42.0000000000,15.3000000000,0.0000000000
18,325,0.0000000100,3,30,40,200,23.0940107676,70,46.9059892324,63.0000000000,39.9059892324,7.0000000000,7.0000000000,15.3000000000,0.0000000000,500.0000000000,586.0000000000,100,4.6560000000,42.0000000000,15.3000000000,0.0000000000
12,175,0.0000000100,3,30,40,200,23.0940107676,70,46.9059892324,17.5000000000,11.7264973081,52.5000000000,35.1794919243,17.5000000000,11.7264973081,30.0000000000,315.9000000000,100,4.5050000000,20.0000000000,17.5000000000,11.7264973081
15,175,0.0000000100,3,30,40,200,23.0940107676,70,46.9059892324,17.5000000000,11.7264973081,52.5000000000,35.1794919243,17.5000000000,11.7264973081,30.0000000000,315.9000000000,100,3.5520000000,20.0000000000,17.5000000000,11.7264973081
18,175,0.0000000100,3,30,40,200,23.0940107676,70,46.9059892324,17.5000000000,11.7264973081,52.5000000000,35.1794919243,17.5000000000,11.7264973081,30.0000000000,315.9000000000,100,2.9320000000,20.0000000000,17.5000000000,11.7264973081
21,175,0.0000000100,3,30,40,200,23.0940107676,70,46.9059892324,17.5000000000,11.7264973081,52.5000000000,35.1794919243,17.5000000000,11.7264973081,30.0000000000,315.9000000000,100,2.4960000000,20.0000000000,17.5000000000,11.7264973081
24,175,0.0000000100,3,30,40,200,23.0940107676,70,46.9059892324,17.5000000000,11.7264973081,52.5000000000,35.1794919243,17.5000000000,11.7264973081,30.0000000000,315.9000000000,100,2.1730000000,20.0000000000,17.5000000000,11.7264973081
18,25,0.0000000100,3,30,40,200,23.0940107676,70,46.9059892324,17.5000000000,11.7264973081,52.5000000000,35.1794919243,17.5000000000,11.7264973081,30.0000000000,315.9000000000,100,0.4190000000,20.0000000000,17.5000000000,11.7264973081
18,75,0.0000000100,3,30,40,200,23.0940107676,70,46.9059892324,17.5000000000,11.7264973081,52.5000000000,35.1794919243,17.5000000000,11.7264973081,30.0000000000,315.9000000000,100,1.2570000000,20.0000000000,17.5000000000,11.7264973081
18,225,0.0000000100,3,30,40,200,23.0940107676,70,46.9059892324,17.5000000000,11.7264973081,52.5000000000,35.1794919243,17.5000000000,11.7264973081,30.0000000000,315.9000000000,100,3.7690000000,20.0000000000,17.5000000000,11.7264973081
18,275,0.0000000100,3,30,40,200,23.0940107676,70,46.9059892324,17.5000000000,11.7264973081,52.5000000000,35.1794919243,17.5000000000,11.7264973081,30.0000000000,315.9000000000,100,4.6070000000,20.0000000000,17.5000000000,11.7264973081
12,175,0.0000000100,3,30,40,200,23.0940107676,70,46.9059892324,17.5000000000,11.7264973081,52.5000000000,35.1794919243,17.5000000000,11.7264973081,200.0000000000,480.5000000000,100,4.5050000000,20.0000000000,17.5000000000,11.7264973081
15,175,0.0000000100,3,30,40,200,23.0940107676,70,46.9059892324,17.5000000000,11.7264973081,52.5000000000,35.1794919243,17.5000000000,11.7264973081,200.0000000000,480.5000000000,100,3.5520000000,20.0000000000,17.5000000000,11.7264973081
18,175,0.0000000100,3,30,40,200,23.0940107676,70,46.9059892324,17.5000000000,11.7264973081,52.5000000000,35.1794919243,17.5000000000,11.7264973081,200.0000000000,480.5000000000,100,2.9320000000,20.0000000000,17.5000000000,11.7264973081
21,175,0.0000000100,3,30,40,200,23.0940107676,70,46.9059892324,17.5000000000,11.7264973081,52.5000000000,35.1794919243,17.5000000000,11.7264973081,200.0000000000,480.5000000000,100,2.4960000000,20.0000000000,17.5000000000,11.7264973081
24,175,0.0000000100,3,30,40,200,23.0940107676,70,46.9059892324,17.5000000000,11.7264973081,52.5000000000,35.1794919243,17.5000000000,11.7264973081,200.0000000000,480.5000000000,100,2.1730000000,20.0000000000,17.5000000000,11.7264973081
18,25,0.0000000100,3,30,40,200,23.0940107676,70,46.9059892324,17.5000000000,11.7264973081,52.5000000000,35.1794919243,17.5000000000,11.7264973081,200.0000000000,480.5000000000,100,0.4190000000,20.0000000000,17.5000000000,11.7264973081
18,75,0.0000000100,3,30,40,200,23.0940107676,70,46.9059892324,17.5000000000,11.7264973081,52.5000000000,35.1794919243,17.5000000000,11.7264973081,200.0000000000,480.5000000000,100,1.2570000000,20.0000000000,17.5000000000,11.7264973081
18,225,0.0000000100,3,30,40,200,23.0940107676,70,46.9059892324,17.5000000000,11.7264973081,52.5000000000,35.1794919243,17.5000000000,11.7264973081,200.0000000000,480.5000000000,100,3.7690000000,20.0000000000,17.5000000000,11.7264973081
18,275,0.0000000100,3,30,40,200,23.0940107676,70,46.9059892324,17.5000000000,11.7264973081,52.5000000000,35.1794919243,17.5000000000,11.7264973081,200.0000000000,480.5000000000,100,4.6070000000,20.0000000000,17.5000000000,11.7264973081
12,175,0.0000000100,3,30,40,200,23.0940107676,70,46.9059892324,17.5000000000,11.7264973081,52.5000000000,35.1794919243,17.5000000000,11.7264973081,500.0000000000,586.0000000000,100,4.5050000000,20.0000000000,17.5000000000,11.7264973081
15,175,0.0000000100,3,30,40,200,23.0940107676,70,46.9059892324,17.5000000000,11.7264973081,52.5000000000,35.1794919243,17.5000000000,11.7264973081,500.0000000000,586.0000000000,100,3.5520000000,20.0000000000,17.5000000000,11.7264973081
18,175,0.0000000100,3,30,40,200,23.0940107676,70,46.9059892324,17.5000000000,11.7264973081,52.5000000000,35.1794919243,17.5000000000,11.7264973081,500.0000000000,586.0000000000,100,2.9320000000,20.0000000000,17.5000000000,11.7264973081
21,175,0.0000000100,3,30,40,200,23.0940107676,70,46.9059892324,17.5000000000,11.7264973081,52.5000000000,35.1794919243,17.5000000000,11.7264973081,500.0000000000,586.0000000000,100,2.4960000000,20.0000000000,17.5000000000,11.7264973081
24,175,0.0000000100,3,30,40,200,23.0940107676,70,46.9059892324,17.5000000000,11.7264973081,52.5000000000,35.1794919243,17.5000000000,11.7264973081,500.0000000000,586.0000000000,100,2.1730000000,20.0000000000,17.5000000000,11.7264973081
18,25,0.0000000100,3,30,40,200,23.0940107676,70,46.9059892324,17.5000000000,11.7264973081,52.5000000000,35.1794919243,17.5000000000,11.7264973081,500.0000000000,586.0000000000,100,0.4190000000,20.0000000000,17.5000000000,11.7264973081
18,75,0.0000000100,3,30,40,200,23.0940107676,70,46.9059892324,17.5000000000,11.7264973081,52.5000000000,35.1794919243,17.5000000000,11.7264973081,500.0000000000,586.0000000000,100,1.2570000000,20.0000000000,17.5000000000,11.7264973081
18,225,0.0000000100,3,30,40,200,23.0940107676,70,46.9059892324,17.5000000000,11.7264973081,52.5000000000,35.1794919243,17.5000000000,11.7264973081,500.0000000000,586.0000000000,100,3.7690000000,20.0000000000,17.5000000000,11.7264973081
18,275,0.0000000100,3,30,40,200,23.0940107676,70,46.9059892324,17.5000000000,11.7264973081,52.5000000000,35.1794919243,17.5000000000,11.7264973081,500.0000000000,586.0000000000,100,4.6070000000,20.0000000000,17.5000000000,11.7264973081
12,175,0.0000000100,3,30,40,200,23.0940107676,70,46.9059892324,17.5000000000,11.7264973081,52.5000000000,35.1794919243,15.3000000000,0.0000000000,30.0000000000,315.9000000000,100,4.4170000000,20.0000000000,15.3000000000,0.0000000000
15,175,0.0000000100,3,30,40,200,23.0940107676,70,46.9059892324,17.5000000000,11.7264973081,52.5000000000,35.1794919243,15.3000000000,0.0000000000,30.0000000000,315.9000000000,100,3.4960000000,20.0000000000,15.3000000000,0.0000000000
18,175,0.0000000100,3,30,40,200,23.0940107676,70,46.9059892324,17.5000000000,11.7264973081,52.5000000000,35.1794919243,15.3000000000,0.0000000000,30.0000000000,315.9000000000,100,2.8940000000,20.0000000000,15.3000000000,0.0000000000
21,175,0.0000000100,3,30,40,200,23.0940107676,70,46.9059892324,17.5000000000,11.7264973081,52.5000000000,35.1794919243,15.3000000000,0.0000000000,30.0000000000,315.9000000000,100,2.4690000000,20.0000000000,15.3000000000,0.0000000000
24,175,0.0000000100,3,30,40,200,23.0940107676,70,46.9059892324,17.5000000000,11.7264973081,52.5000000000,35.1794919243,15.3000000000,0.0000000000,30.0000000000,315.9000000000,100,2.1520000000,20.0000000000,15.3000000000,0.0000000000
18,25,0.0000000100,3,30,40,200,23.0940107676,70,46.9059892324,17.5000000000,11.7264973081,52.5000000000,35.1794919243,15.3000000000,0.0000000000,30.0000000000,315.9000000000,100,0.4130000000,20.0000000000,15.3000000000,0.0000000000
18,75,0.0000000100,3,30,40,200,23.0940107676,70,46.9059892324,17.5000000000,11.7264973081,52.5000000000,35.1794919243,15.3000000000,0.0000000000,30.0000000000,315.9000000000,100,1.2400000000,20.0000000000,15.3000000000,0.0000000000
18,125,0.0000000100,3,30,40,200,23.0940107676,70,46.9059892324,17.5000000000,11.7264973081,52.5000000000,35.1794919243,15.3000000000,0.0000000000,30.0000000000,315.9000000000,100,2.0670000000,20.0000000000,15.3000000000,0.0000000000
18,275,0.0000000100,3,30,40,200,23.0940107676,70,46.9059892324,17.5000000000,11.7264973081,52.5000000000,35.1794919243,15.3000000000,0.0000000000,30.0000000000,315.9000000000,100,4.5480000000,20.0000000000,15.3000000000,0.0000000000
18,325,0.0000000100,3,30,40,200,23.0940107676,70,46.9059892324,17.5000000000,11.7264973081,52.5000000000,35.1794919243,15.3000000000,0.0000000000,30.0000000000,315.9000000000,100,5.3750000000,20.0000000000,15.3000000000,0.0000000000
12,175,0.0000000100,3,30,40,200,23.0940107676,70,46.9059892324,17.5000000000,11.7264973081,52.5000000000,35.1794919243,15.3000000000,0.0000000000,200.0000000000,480.5000000000,100,4.4170000000,20.0000000000,15.3000000000,0.0000000000
15,175,0.0000000100,3,30,40,200,23.0940107676,70,46.9059892324,17.5000000000,11.7264973081,52.5000000000,35.1794919243,15.3000000000,0.0000000000,200.0000000000,480.5000000000,100,3.4960000000,20.0000000000,15.3000000000,0.0000000000
18,175,0.0000000100,3,30,40,200,23.0940107676,70,46.9059892324,17.5000000000,11.7264973081,52.5000000000,35.1794919243,15.3000000000,0.0000000000,200.0000000000,480.5000000000,100,2.8940000000,20.0000000000,15.3000000000,0.0000000000
21,175,0.0000000100,3,30,40,200,23.0940107676,70,46.9059892324,17.5000000000,11.7264973081,52.5000000000,35.1794919243,15.3000000000,0.0000000000,200.0000000000,480.5000000000,100,2.4690000000,20.0000000000,15.3000000000,0.0000000000
24,175,0.0000000100,3,30,40,200,23.0940107676,70,46.9059892324,17.5000000000,11.7264973081,52.5000000000,35.1794919243,15.3000000000,0.0000000000,200.0000000000,480.5000000000,100,2.1520000000,20.0000000000,15.3000000000,0.0000000000
18,25,0.0000000100,3,30,40,200,23.0940107676,70,46.9059892324,17.5000000000,11.7264973081,52.5000000000,35.1794919243,15.3000000000,0.0000000000,200.0000000000,480.5000000000,100,0.4130000000,20.0000000000,15.3000000000,0.0000000000
18,75,0.0000000100,3,30,40,200,23.0940107676,70,46.9059892324,17.5000000000,11.7264973081,52.5000000000,35.1794919243,15.3000000000,0.0000000000,200.0000000000,480.5000000000,100,1.2400000000,20.0000000000,15.3000000000,0.0000000000
18,125,0.0000000100,3,30,40,200,23.0940107676,70,46.9059892324,17.5000000000,11.7264973081,52.5000000000,35.1794919243,15.3000000000,0.0000000000,200.0000000000,480.5000000000,100,2.0670000000,20.0000000000,15.3000000000,0.0000000000
18,275,0.0000000100,3,30,40,200,23.0940107676,70,46.9059892324,17.5000000000,11.7264973081,52.5000000000,35.1794919243,15.3000000000,0.0000000000,200.0000000000,480.5000000000,100,4.5480000000,20.0000000000,15.3000000000,0.0000000000
18,325,0.0000000100,3,30,40,200,23.0940107676,70,46.9059892324,17.5000000000,11.7264973081,52.5000000000,35.1794919243,15.3000000000,0.0000000000,200.0000000000,480.5000000000,100,5.3750000000,20.0000000000,15.3000000000,0.0000000000
12,175,0.0000000100,3,30,40,200,23.0940107676,70,46.9059892324,17.5000000000,11.7264973081,52.5000000000,35.1794919243,15.3000000000,0.0000000000,500.0000000000,586.0000000000,100,4.4170000000,20.0000000000,15.3000000000,0.0000000000
15,175,0.0000000100,3,30,40,200,23.0940107676,70,46.9059892324,17.5000000000,11.7264973081,52.5000000000,35.1794919243,15.3000000000,0.0000000000,500.0000000000,586.0000000000,100,3.4960000000,20.0000000000,15.3000000000,0.0000000000
18,175,0.0000000100,3,30,40,200,23.0940107676,70,46.9059892324,17.5000000000,11.7264973081,52.5000000000,35.1794919243,15.3000000000,0.0000000000,500.0000000000,586.0000000000,100,2.8940000000,20.0000000000,15.3000000000,0.0000000000
21,175,0.0000000100,3,30,40,200,23.0940107676,70,46.9059892324,17.5000000000,11.7264973081,52.5000000000,35.1794919243,15.3000000000,0.0000000000,500.0000000000,586.0000000000,100,2.4690000000,20.0000000000,15.3000000000,0.0000000000
24,175,0.0000000100,3,30,40,200,23.0940107676,70,46.9059892324,17.5000000000,11.7264973081,52.5000000000,35.1794919243,15.3000000000,0.0000000000,500.0000000000,586.0000000000,100,2.1520000000,20.0000000000,15.3000000000,0.0000000000
18,25,0.0000000100,3,30,40,200,23.0940107676,70,46.9059892324,17.5000000000,11.7264973081,52.5000000000,35.1794919243,15.3000000000,0.0000000000,500.0000000000,586.0000000000,100,0.4130000000,20.0000000000,15.3000000000,0.0000000000
18,75,0.0000000100,3,30,40,200,23.0940107676,70,46.9059892324,17.5000000000,11.7264973081,52.5000000000,35.1794919243,15.3000000000,0.0000000000,500.0000000000,586.0000000000,100,1.2400000000,20.0000000000,15.3000000000,0.0000000000
18,125,0.0000000100,3,30,40,200,23.0940107676,70,46.9059892324,17.5000000000,11.7264973081,52.5000000000,35.1794919243,15.3000000000,0.0000000000,500.0000000000,586.0000000000,100,2.0670000000,20.0000000000,15.3000000000,0.0000000000
18,275,0.0000000100,3,30,40,200,23.0940107676,70,46.9059892324,17.5000000000,11.7264973081,52.5000000000,35.1794919243,15.3000000000,0.0000000000,500.0000000000,586.0000000000,100,4.5480000000,20.0000000000,15.3000000000,0.0000000000
18,325,0.0000000100,3,30,40,200,23.0940107676,70,46.9059892324,17.5000000000,11.7264973081,52.5000000000,35.1794919243,15.3000000000,0.0000000000,500.0000000000,586.0000000000,100,5.3750000000,20.0000000000,15.3000000000,0.0000000000
12,175,0.0000000100,3,30,40,200,23.0940107676,70,46.9059892324,23.0940107676,0.0000000000,46.9059892324,46.9059892324,23.0940107676,0.0000000000,30.0000000000,315.9000000000,100,5.1760000000,19.0000000000,23.0940107676,0.0000000000
15,175,0.0000000100,3,30,40,200,23.0940107676,70,46.9059892324,23.0940107676,0.0000000000,46.9059892324,46.9059892324,23.0940107676,0.0000000000,30.0000000000,315.9000000000,100,4.0770000000,19.0000000000,23.0940107676,0.0000000000
18,175,0.0000000100,3,30,40,200,23.0940107676,70,46.9059892324,23.0940107676,0.0000000000,46.9059892324,46.9059892324,23.0940107676,0.0000000000,30.0000000000,315.9000000000,100,3.3630000000,19.0000000000,23.0940107676,0.0000000000
21,175,0.0000000100,3,30,40,200,23.0940107676,70,46.9059892324,23.0940107676,0.0000000000,46.9059892324,46.9059892324,23.0940107676,0.0000000000,30.0000000000,315.9000000000,100,2.8610000000,19.0000000000,23.0940107676,0.0000000000
24,175,0.0000000100,3,30,40,200,23.0940107676,70,46.9059892324,23.0940107676,0.0000000000,46.9059892324,46.9059892324,23.0940107676,0.0000000000,30.0000000000,315.9000000000,100,2.4900000000,19.0000000000,23.0940107676,0.0000000000
18,25,0.0000000100,3,30,40,200,23.0940107676,70,46.9059892324,23.0940107676,0.0000000000,46.9059892324,46.9059892324,23.0940107676,0.0000000000,30.0000000000,315.9000000000,100,0.4800000000,19.0000000000,23.0940107676,0.0000000000
18,125,0.0000000100,3,30,40,200,23.0940107676,70,46.9059892324,23.0940107676,0.0000000000,46.9059892324,46.9059892324,23.0940107676,0.0000000000,30.0000000000,315.9000000000,100,2.4020000000,19.0000000000,23.0940107676,0.0000000000
18,225,0.0000000100,3,30,40,200,23.0940107676,70,46.9059892324,23.0940107676,0.0000000000,46.9059892324,46.9059892324,23.0940107676,0.0000000000,30.0000000000,315.9000000000,100,4.3230000000,19.0000000000,23.0940107676,0.0000000000
18,275,0.0000000100,3,30,40,200,23.0940107676,70,46.9059892324,23.0940107676,0.0000000000,46.9059892324,46.9059892324,23.0940107676,0.0000000000,30.0000000000,315.9000000000,100,5.2840000000,19.0000000000,23.0940107676,0.0000000000
18,325,0.0000000100,3,30,40,200,23.0940107676,70,46.9059892324,23.0940107676,0.0000000000,46.9059892324,46.9059892324,23.0940107676,0.0000000000,30.0000000000,315.9000000000,100,6.2440000000,19.0000000000,23.0940107676,0.0000000000
12,175,0.0000000100,3,30,40,200,23.0940107676,70,46.9059892324,23.0940107676,0.0000000000,46.9059892324,46.9059892324,23.0940107676,0.0000000000,200.0000000000,480.5000000000,100,5.1760000000,19.0000000000,23.0940107676,0.0000000000
15,175,0.0000000100,3,30,40,200,23.0940107676,70,46.9059892324,23.0940107676,0.0000000000,46.9059892324,46.9059892324,23.0940107676,0.0000000000,200.0000000000,480.5000000000,100,4.0770000000,19.0000000000,23.0940107676,0.0000000000
18,175,0.0000000100,3,30,40,200,23.0940107676,70,46.9059892324,23.0940107676,0.0000000000,46.9059892324,46.9059892324,23.0940107676,0.0000000000,200.0000000000,480.5000000000,100,3.3630000000,19.0000000000,23.0940107676,0.0000000000
21,175,0.0000000100,3,30,40,200,23.0940107676,70,46.9059892324,23.0940107676,0.0000000000,46.9059892324,46.9059892324,23.0940107676,0.0000000000,200.0000000000,480.5000000000,100,2.8610000000,19.0000000000,23.0940107676,0.0000000000
24,175,0.0000000100,3,30,40,200,23.0940107676,70,46.9059892324,23.0940107676,0.0000000000,46.9059892324,46.9059892324,23.0940107676,0.0000000000,200.0000000000,480.5000000000,100,2.4900000000,19.0000000000,23.0940107676,0.0000000000
18,25,0.0000000100,3,30,40,200,23.0940107676,70,46.9059892324,23.0940107676,0.0000000000,46.9059892324,46.9059892324,23.0940107676,0.0000000000,200.0000000000,480.5000000000,100,0.4800000000,19.0000000000,23.0940107676,0.0000000000
18,125,0.0000000100,3,30,40,200,23.0940107676,70,46.9059892324,23.0940107676,0.0000000000,46.9059892324,46.9059892324,23.0940107676,0.0000000000,200.0000000000,480.5000000000,100,2.4020000000,19.0000000000,23.0940107676,0.0000000000
18,225,0.0000000100,3,30,40,200,23.0940107676,70,46.9059892324,23.0940107676,0.0000000000,46.9059892324,46.9059892324,23.0940107676,0.0000000000,200.0000000000,480.5000000000,100,4.3230000000,19.0000000000,23.0940107676,0.0000000000
18,275,0.0000000100,3,30,40,200,23.0940107676,70,46.9059892324,23.0940107676,0.0000000000,46.9059892324,46.9059892324,23.0940107676,0.0000000000,200.0000000000,480.5000000000,100,5.2840000000,19.0000000000,23.0940107676,0.0000000000
18,325,0.0000000100,3,30,40,200,23.0940107676,70,46.9059892324,23.0940107676,0.0000000000,46.9059892324,46.9059892324,23.0940107676,0.0000000000,200.0000000000,480.5000000000,100,6.2440000000,19.0000000000,23.0940107676,0.0000000000
12,175,0.0000000100,3,30,40,200,23.0940107676,70,46.9059892324,23.0940107676,0.0000000000,46.9059892324,46.9059892324,23.0940107676,0.0000000000,500.0000000000,586.0000000000,100,5.1760000000,19.0000000000,23.0940107676,0.0000000000
15,175,0.0000000100,3,30,40,200,23.0940107676,70,46.9059892324,23.0940107676,0.0000000000,46.9059892324,46.9059892324,23.0940107676,0.0000000000,500.0000000000,586.0000000000,100,4.0770000000,19.0000000000,23.0940107676,0.0000000000
18,175,0.0000000100,3,30,40,200,23.0940107676,70,46.9059892324,23.0940107676,0.0000000000,46.9059892324,46.9059892324,23.0940107676,0.0000000000,500.0000000000,586.0000000000,100,3.3630000000,19.0000000000,23.0940107676,0.0000000000
21,175,0.0000000100,3,30,40,200,23.0940107676,70,46.9059892324,23.0940107676,0.0000000000,46.9059892324,46.9059892324,23.0940107676,0.0000000000,500.0000000000,586.0000000000,100,2.8610000000,19.0000000000,23.0940107676,0.0000000000
24,175,0.0000000100,3,30,40,200,23.0940107676,70,46.9059892324,23.0940107676,0.0000000000,46.9059892324,46.9059892324,23.0940107676,0.0000000000,500.0000000000,586.0000000000,100,2.4900000000,19.0000000000,23.0940107676,0.0000000000
18,25,0.0000000100,3,30,40,200,23.0940107676,70,46.9059892324,23.0940107676,0.0000000000,46.9059892324,46.9059892324,23.0940107676,0.0000000000,500.0000000000,586.0000000000,100,0.4800000000,19.0000000000,23.0940107676,0.0000000000
18,125,0.0000000100,3,30,40,200,23.0940107676,70,46.9059892324,23.0940107676,0.0000000000,46.9059892324,46.9059892324,23.0940107676,0.0000000000,500.0000000000,586.0000000000,100,2.4020000000,19.0000000000,23.0940107676,0.0000000000
18,225,0.0000000100,3,30,40,200,23.0940107676,70,46.9059892324,23.0940107676,0.0000000000,46.9059892324,46.9059892324,23.0940107676,0.0000000000,500.0000000000,586.0000000000,100,4.3230000000,19.0000000000,23.0940107676,0.0000000000
18,275,0.0000000100,3,30,40,200,23.0940107676,70,46.9059892324,23.0940107676,0.0000000000,46.9059892324,46.9059892324,23.0940107676,0.0000000000,500.0000000000,586.0000000000,100,5.2840000000,19.0000000000,23.0940107676,0.0000000000
18,325,0.0000000100,3,30,40,200,23.0940107676,70,46.9059892324,23.0940107676,0.0000000000,46.9059892324,46.9059892324,23.0940107676,0.0000000000,500.0000000000,586.0000000000,100,6.2440000000,19.0000000000,23.0940107676,0.0000000000
12,175,0.0000000100,3,30,40,200,23.0940107676,70,46.9059892324,23.0940107676,0.0000000000,46.9059892324,46.9059892324,22.4020000000,0.0000000000,30.0000000000,315.9000000000,100,5.0650000000,19.0000000000,15.3000000000,0.0000000000
15,175,0.0000000100,3,30,40,200,23.0940107676,70,46.9059892324,23.0940107676,0.0000000000,46.9059892324,46.9059892324,22.4020000000,0.0000000000,30.0000000000,315.9000000000,100,4.0070000000,19.0000000000,15.3000000000,0.0000000000
18,175,0.0000000100,3,30,40,200,23.0940107676,70,46.9059892324,23.0940107676,0.0000000000,46.9059892324,46.9059892324,22.4020000000,0.0000000000,30.0000000000,315.9000000000,100,3.3150000000,19.0000000000,15.3000000000,0.0000000000
21,175,0.0000000100,3,30,40,200,23.0940107676,70,46.9059892324,23.0940107676,0.0000000000,46.9059892324,46.9059892324,22.4020000000,0.0000000000,30.0000000000,315.9000000000,100,2.8270000000,19.0000000000,15.3000000000,0.0000000000
24,175,0.0000000100,3,30,40,200,23.0940107676,70,46.9059892324,23.0940107676,0.0000000000,46.9059892324,46.9059892324,22.4020000000,0.0000000000,30.0000000000,315.9000000000,100,2.4640000000,19.0000000000,15.3000000000,0.0000000000
18,25,0.0000000100,3,30,40,200,23.0940107676,70,46.9059892324,23.0940107676,0.0000000000,46.9059892324,46.9059892324,22.4020000000,0.0000000000,30.0000000000,315.9000000000,100,0.4740000000,19.0000000000,15.3000000000,0.0000000000
18,75,0.0000000100,3,30,40,200,23.0940107676,70,46.9059892324,23.0940107676,0.0000000000,46.9059892324,46.9059892324,22.4020000000,0.0000000000,30.0000000000,315.9000000000,100,1.4210000000,19.0000000000,15.3000000000,0.0000000000
18,125,0.0000000100,3,30,40,200,23.0940107676,70,46.9059892324,23.0940107676,0.0000000000,46.9059892324,46.9059892324,22.4020000000,0.0000000000,30.0000000000,315.9000000000,100,2.3680000000,19.0000000000,15.3000000000,0.0000000000
18,225,0.0000000100,3,30,40,200,23.0940107676,70,46.9059892324,23.0940107676,0.0000000000,46.9059892324,46.9059892324,22.4020000000,0.0000000000,30.0000000000,315.9000000000,100,4.2620000000,19.0000000000,15.3000000000,0.0000000000
18,275,0.0000000100,3,30,40,200,23.0940107676,70,46.9059892324,23.0940107676,0.0000000000,46.9059892324,46.9059892324,22.4020000000,0.0000000000,30.0000000000,315.9000000000,100,5.2090000000,19.0000000000,15.3000000000,0.0000000000
18,325,0.0000000100,3,30,40,200,23.0940107676,70,46.9059892324,23.0940107676,0.0000000000,46.9059892324,46.9059892324,22.4020000000,0.0000000000,30.0000000000,315.9000000000,100,6.1560000000,19.0000000000,15.3000000000,0.0000000000
12,175,0.0000000100,3,30,40,200,23.0940107676,70,46.9059892324,23.0940107676,0.0000000000,46.9059892324,46.9059892324,22.4020000000,0.0000000000,200.0000000000,480.5000000000,100,5.0650000000,19.0000000000,15.3000000000,0.0000000000
15,175,0.0000000100,3,30,40,200,23.0940107676,70,46.9059892324,23.0940107676,0.0000000000,46.9059892324,46.9059892324,22.4020000000,0.0000000000,200.0000000000,480.5000000000,100,4.0070000000,19.0000000000,15.3000000000,0.0000000000
18,175,0.0000000100,3,30,40,200,23.0940107676,70,46.9059892324,23.0940107676,0.0000000000,46.9059892324,46.9059892324,22.4020000000,0.0000000000,200.0000000000,480.5000000000,100,3.3150000000,19.0000000000,15.3000000000,0.0000000000
21,175,0.0000000100,3,30,40,200,23.0940107676,70,46.9059892324,23.0940107676,0.0000000000,46.9059892324,46.9059892324,22.4020000000,0.0000000000,200.0000000000,480.5000000000,100,2.8270000000,19.0000000000,15.3000000000,0.0000000000
24,175,0.0000000100,3,30,40,200,23.0940107676,70,46.9059892324,23.0940107676,0.0000000000,46.9059892324,46.9059892324,22.4020000000,0.0000000000,200.0000000000,480.5000000000,100,2.4640000000,19.0000000000,15.3000000000,0.0000000000
18,25,0.0000000100,3,30,40,200,23.0940107676,70,46.9059892324,23.0940107676,0.0000000000,46.9059892324,46.9059892324,22.4020000000,0.0000000000,200.0000000000,480.5000000000,100,0.4740000000,19.0000000000,15.3000000000,0.0000000000
18,75,0.0000000100,3,30,40,200,23.0940107676,70,46.9059892324,23.0940107676,0.0000000000,46.9059892324,46.9059892324,22.4020000000,0.0000000000,200.0000000000,480.5000000000,100,1.4210000000,19.0000000000,15.3000000000,0.0000000000
18,125,0.0000000100,3,30,40,200,23.0940107676,70,46.9059892324,23.0940107676,0.0000000000,46.9059892324,46.9059892324,22.4020000000,0.0000000000,200.0000000000,480.5000000000,100,2.3680000000,19.0000000000,15.3000000000,0.0000000000
18,225,0.0000000100,3,30,40,200,23.0940107676,70,46.9059892324,23.0940107676,0.0000000000,46.9059892324,46.9059892324,22.4020000000,0.0000000000,200.0000000000,480.5000000000,100,4.2620000000,19.0000000000,15.3000000000,0.0000000000
18,275,0.0000000100,3,30,40,200,23.0940107676,70,46.9059892324,23.0940107676,0.0000000000,46.9059892324,46.9059892324,22.4020000000,0.0000000000,200.0000000000,480.5000000000,100,5.2090000000,19.0000000000,15.3000000000,0.0000000000
18,325,0.0000000100,3,30,40,200,23.0940107676,70,46.9059892324,23.0940107676,0.0000000000,46.9059892324,46.9059892324,22.4020000000,0.0000000000,200.0000000000,480.5000000000,100,6.1560000000,19.0000000000,15.3000000000,0.0000000000
12,175,0.0000000100,3,30,40,200,23.0940107676,70,46.9059892324,23.0940107676,0.0000000000,46.9059892324,46.9059892324,22.4020000000,0.0000000000,500.0000000000,586.0000000000,100,5.0650000000,19.0000000000,15.3000000000,0.0000000000
15,175,0.0000000100,3,30,40,200,23.0940107676,70,46.9059892324,23.0940107676,0.0000000000,46.9059892324,46.9059892324,22.4020000000,0.0000000000,500.0000000000,586.0000000000,100,4.0070000000,19.0000000000,15.3000000000,0.0000000000
18,175,0.0000000100,3,30,40,200,23.0940107676,70,46.9059892324,23.0940107676,0.0000000000,46.9059892324,46.9059892324,22.4020000000,0.0000000000,500.0000000000,586.0000000000,100,3.3150000000,19.0000000000,15.3000000000,0.0000000000
21,175,0.0000000100,3,30,40,200,23.0940107676,70,46.9059892324,23.0940107676,0.0000000000,46.9059892324,46.9059892324,22.4020000000,0.0000000000,500.0000000000,586.0000000000,100,2.8270000000,19.0000000000,15.3000000000,0.0000000000
24,175,0.0000000100,3,30,40,200,23.0940107676,70,46.9059892324,23.0940107676,0.0000000000,46.9059892324,46.9059892324,22.4020000000,0.0000000000,500.0000000000,586.0000000000,100,2.4640000000,19.0000000000,15.3000000000,0.0000000000
18,25,0.0000000100,3,30,40,200,23.0940107676,70,46.9059892324,23.0940107676,0.0000000000,46.9059892324,46.9059892324,22.4020000000,0.0000000000,500.0000000000,586.0000000000,100,0.4740000000,19.0000000000,15.3000000000,0.0000000000
18,75,0.0000000100,3,30,40,200,23.0940107676,70,46.9059892324,23.0940107676,0.0000000000,46.9059892324,46.9059892324,22.4020000000,0.0000000000,500.0000000000,586.0000000000,100,1.4210000000,19.0000000000,15.3000000000,0.0000000000
18,125,0.0000000100,3,30,40,200,23.0940107676,70,46.9059892324,23.0940107676,0.0000000000,46.9059892324,46.9059892324,22.4020000000,0.0000000000,500.0000000000,586.0000000000,100,2.3680000000,19.0000000000,15.3000000000,0.0000000000
18,225,0.0000000100,3,30,40,200,23.0940107676,70,46.9059892324,23.0940107676,0.0000000000,46.9059892324,46.9059892324,22.4020000000,0.0000000000,500.0000000000,586.0000000000,100,4.2620000000,19.0000000000,15.3000000000,0.0000000000
18,275,0.0000000100,3,30,40,200,23.0940107676,70,46.9059892324,23.0940107676,0.0000000000,46.9059892324,46.9059892324,22.4020000000,0.0000000000,500.0000000000,586.0000000000,100,5.2090000000,19.0000000000,15.3000000000,0.0000000000
18,325,0.0000000100,3,30,40,200,23.0940107676,70,46.9059892324,23.0940107676,0.0000000000,46.9059892324,46.9059892324,22.4020000000,0.0000000000,500.0000000000,586.0000000000,100,6.1560000000,19.0000000000,15.3000000000,0.0000000000
12,175,0.0000000100,3,30,80,400,46.1880215352,140,93.8119784648,126.0000000000,79.8119784648,14.0000000000,14.0000000000,126.0000000000,79.8119784648,30.0000000000,315.9000000000,100,2.0040000000,83.0000000000,126.0000000000,79.8119784648
18,175,0.0000000100,3,30,80,400,46.1880215352,140,93.8119784648,126.0000000000,79.8119784648,14.0000000000,14.0000000000,126.0000000000,79.8119784648,30.0000000000,315.9000000000,100,1.2980000000,83.0000000000,126.0000000000,79.8119784648
18,25,0.0000000100,3,30,80,400,46.1880215352,140,93.8119784648,126.0000000000,79.8119784648,14.0000000000,14.0000000000,126.0000000000,79.8119784648,30.0000000000,315.9000000000,100,0.1850000000,83.0000000000,126.0000000000,79.8119784648
18,75,0.0000000100,3,30,80,400,46.1880215352,140,93.8119784648,126.0000000000,79.8119784648,14.0000000000,14.0000000000,126.0000000000,79.8119784648,30.0000000000,315.9000000000,100,0.5570000000,83.0000000000,126.0000000000,79.8119784648
18,125,0.0000000100,3,30,80,400,46.1880215352,140,93.8119784648,126.0000000000,79.8119784648,14.0000000000,14.0000000000,126.0000000000,79.8119784648,30.0000000000,315.9000000000,100,0.9270000000,83.0000000000,126.0000000000,79.8119784648
18,225,0.0000000100,3,30,80,400,46.1880215352,140,93.8119784648,126.0000000000,79.8119784648,14.0000000000,14.0000000000,126.0000000000,79.8119784648,30.0000000000,315.9000000000,100,1.6680000000,83.0000000000,126.0000000000,79.8119784648
18,325,0.0000000100,3,30,80,400,46.1880215352,140,93.8119784648,126.0000000000,79.8119784648,14.0000000000,14.0000000000,126.0000000000,79.8119784648,30.0000000000,315.9000000000,100,2.4100000000,83.0000000000,126.0000000000,79.8119784648
12,175,0.0000000100,3,30,80,400,46.1880215352,140,93.8119784648,126.0000000000,79.8119784648,14.0000000000,14.0000000000,126.0000000000,79.8119784648,200.0000000000,480.5000000000,100,2.0040000000,83.0000000000,126.0000000000,79.8119784648
18,175,0.0000000100,3,30,80,400,46.1880215352,140,93.8119784648,126.0000000000,79.8119784648,14.0000000000,14.0000000000,126.0000000000,79.8119784648,200.0000000000,480.5000000000,100,1.2980000000,83.0000000000,126.0000000000,79.8119784648
18,25,0.0000000100,3,30,80,400,46.1880215352,140,93.8119784648,126.0000000000,79.8119784648,14.0000000000,14.0000000000,126.0000000000,79.8119784648,200.0000000000,480.5000000000,100,0.1850000000,83.0000000000,126.0000000000,79.8119784648
18,75,0.0000000100,3,30,80,400,46.1880215352,140,93.8119784648,126.0000000000,79.8119784648,14.0000000000,14.0000000000,126.0000000000,79.8119784648,200.0000000000,480.5000000000,100,0.5570000000,83.0000000000,126.0000000000,79.8119784648
18,125,0.0000000100,3,30,80,400,46.1880215352,140,93.8119784648,126.0000000000,79.8119784648,14.0000000000,14.0000000000,126.0000000000,79.8119784648,200.0000000000,480.5000000000,100,0.9270000000,83.0000000000,126.0000000000,79.8119784648
18,225,0.0000000100,3,30,80,400,46.1880215352,140,93.8119784648,126.0000000000,79.8119784648,14.0000000000,14.0000000000,126.0000000000,79.8119784648,200.0000000000,480.5000000000,100,1.6680000000,83.0000000000,126.0000000000,79.8119784648
18,325,0.0000000100,3,30,80,400,46.1880215352,140,93.8119784648,126.0000000000,79.8119784648,14.0000000000,14.0000000000,126.0000000000,79.8119784648,200.0000000000,480.5000000000,100,2.4100000000,83.0000000000,126.0000000000,79.8119784648
12,175,0.0000000100,3,30,80,400,46.1880215352,140,93.8119784648,126.0000000000,79.8119784648,14.0000000000,14.0000000000,126.0000000000,79.8119784648,500.0000000000,586.0000000000,100,2.0040000000,83.0000000000,126.0000000000,79.8119784648
18,175,0.0000000100,3,30,80,400,46.1880215352,140,93.8119784648,126.0000000000,79.8119784648,14.0000000000,14.0000000000,126.0000000000,79.8119784648,500.0000000000,586.0000000000,100,1.2980000000,83.0000000000,126.0000000000,79.8119784648
18,25,0.0000000100,3,30,80,400,46.1880215352,140,93.8119784648,126.0000000000,79.8119784648,14.0000000000,14.0000000000,126.0000000000,79.8119784648,500.0000000000,586.0000000000,100,0.1850000000,83.0000000000,126.0000000000,79.8119784648
18,75,0.0000000100,3,30,80,400,46.1880215352,140,93.8119784648,126.0000000000,79.8119784648,14.0000000000,14.0000000000,126.0000000000,79.8119784648,500.0000000000,586.0000000000,100,0.5570000000,83.0000000000,126.0000000000,79.8119784648
18,125,0.0000000100,3,30,80,400,46.1880215352,140,93.8119784648,126.0000000000,79.8119784648,14.0000000000,14.0000000000,126.0000000000,79.8119784648,500.0000000000,586.0000000000,100,0.9270000000,83.0000000000,126.0000000000,79.8119784648
18,225,0.0000000100,3,30,80,400,46.1880215352,140,93.8119784648,126.0000000000,79.8119784648,14.0000000000,14.0000000000,126.0000000000,79.8119784648,500.0000000000,586.0000000000,100,1.6680000000,83.0000000000,126.0000000000,79.8119784648
18,325,0.0000000100,3,30,80,400,46.1880215352,140,93.8119784648,126.0000000000,79.8119784648,14.0000000000,14.0000000000,126.0000000000,79.8119784648,500.0000000000,586.0000000000,100,2.4100000000,83.0000000000,126.0000000000,79.8119784648
12,175,0.0000000100,3,30,80,400,46.1880215352,140,93.8119784648,126.0000000000,79.8119784648,14.0000000000,14.0000000000,30.7850000000,0.0000000000,30.0000000000,315.9000000000,100,1.9110000000,83.0000000000,30.7850000000,0.0000000000
15,175,0.0000000100,3,30,80,400,46.1880215352,140,93.8119784648,126.0000000000,79.8119784648,14.0000000000,14.0000000000,30.7850000000,0.0000000000,30.0000000000,315.9000000000,100,1.5170000000,83.0000000000,30.7850000000,0.0000000000
18,175,0.0000000100,3,30,80,400,46.1880215352,140,93.8119784648,126.0000000000,79.8119784648,14.0000000000,14.0000000000,30.7850000000,0.0000000000,30.0000000000,315.9000000000,100,1.2580000000,83.0000000000,30.7850000000,0.0000000000
24,175,0.0000000100,3,30,80,400,46.1880215352,140,93.8119784648,126.0000000000,79.8119784648,14.0000000000,14.0000000000,30.7850000000,0.0000000000,30.0000000000,315.9000000000,100,0.9380000000,83.0000000000,30.7850000000,0.0000000000
18,75,0.0000000100,3,30,80,400,46.1880215352,140,93.8119784648,126.0000000000,79.8119784648,14.0000000000,14.0000000000,30.7850000000,0.0000000000,30.0000000000,315.9000000000,100,0.5390000000,83.0000000000,30.7850000000,0.0000000000
18,125,0.0000000100,3,30,80,400,46.1880215352,140,93.8119784648,126.0000000000,79.8119784648,14.0000000000,14.0000000000,30.7850000000,0.0000000000,30.0000000000,315.9000000000,100,0.8990000000,83.0000000000,30.7850000000,0.0000000000
18,225,0.0000000100,3,30,80,400,46.1880215352,140,93.8119784648,126.0000000000,79.8119784648,14.0000000000,14.0000000000,30.7850000000,0.0000000000,30.0000000000,315.9000000000,100,1.6180000000,83.0000000000,30.7850000000,0.0000000000
18,275,0.0000000100,3,30,80,400,46.1880215352,140,93.8119784648,126.0000000000,79.8119784648,14.0000000000,14.0000000000,30.7850000000,0.0000000000,30.0000000000,315.9000000000,100,1.9770000000,83.0000000000,30.7850000000,0.0000000000
18,325,0.0000000100,3,30,80,400,46.1880215352,140,93.8119784648,126.0000000000,79.8119784648,14.0000000000,14.0000000000,30.7850000000,0.0000000000,30.0000000000,315.9000000000,100,2.3370000000,83.0000000000,30.7850000000,0.0000000000
12,175,0.0000000100,3,30,80,400,46.1880215352,140,93.8119784648,126.0000000000,79.8119784648,14.0000000000,14.0000000000,30.7850000000,0.0000000000,200.0000000000,480.5000000000,100,1.9110000000,83.0000000000,30.7850000000,0.0000000000
15,175,0.0000000100,3,30,80,400,46.1880215352,140,93.8119784648,126.0000000000,79.8119784648,14.0000000000,14.0000000000,30.7850000000,0.0000000000,200.0000000000,480.5000000000,100,1.5170000000,83.0000000000,30.7850000000,0.0000000000
18,175,0.0000000100,3,30,80,400,46.1880215352,140,93.8119784648,126.0000000000,79.8119784648,14.0000000000,14.0000000000,30.7850000000,0.0000000000,200.0000000000,480.5000000000,100,1.2580000000,83.0000000000,30.7850000000,0.0000000000
24,175,0.0000000100,3,30,80,400,46.1880215352,140,93.8119784648,126.0000000000,79.8119784648,14.0000000000,14.0000000000,30.7850000000,0.0000000000,200.0000000000,480.5000000000,100,0.9380000000,83.0000000000,30.7850000000,0.0000000000
18,75,0.0000000100,3,30,80,400,46.1880215352,140,93.8119784648,126.0000000000,79.8119784648,14.0000000000,14.0000000000,30.7850000000,0.0000000000,200.0000000000,480.5000000000,100,0.5390000000,83.0000000000,30.7850000000,0.0000000000
18,125,0.0000000100,3,30,80,400,46.1880215352,140,93.8119784648,126.0000000000,79.8119784648,14.0000000000,14.0000000000,30.7850000000,0.0000000000,200.0000000000,480.5000000000,100,0.8990000000,83.0000000000,30.7850000000,0.0000000000
18,225,0.0000000100,3,30,80,400,46.1880215352,140,93.8119784648,126.0000000000,79.8119784648,14.0000000000,14.0000000000,30.7850000000,0.0000000000,200.0000000000,480.5000000000,100,1.6180000000,83.0000000000,30.7850000000,0.0000000000
18,275,0.0000000100,3,30,80,400,46.1880215352,140,93.8119784648,126.0000000000,79.8119784648,14.0000000000,14.0000000000,30.7850000000,0.0000000000,200.0000000000,480.5000000000,100,1.9770000000,83.0000000000,30.7850000000,0.0000000000
18,325,0.0000000100,3,30,80,400,46.1880215352,140,93.8119784648,126.0000000000,79.8119784648,14.0000000000,14.0000000000,30.7850000000,0.0000000000,200.0000000000,480.5000000000,100,2.3370000000,83.0000000000,30.7850000000,0.0000000000
12,175,0.0000000100,3,30,80,400,46.1880215352,140,93.8119784648,126.0000000000,79.8119784648,14.0000000000,14.0000000000,30.7850000000,0.0000000000,500.0000000000,586.0000000000,100,1.9110000000,83.0000000000,30.7850000000,0.0000000000
15,175,0.0000000100,3,30,80,400,46.1880215352,140,93.8119784648,126.0000000000,79.8119784648,14.0000000000,14.0000000000,30.7850000000,0.0000000000,500.0000000000,586.0000000000,100,1.5170000000,83.0000000000,30.7850000000,0.0000000000
18,175,0.0000000100,3,30,80,400,46.1880215352,140,93.8119784648,126.0000000000,79.8119784648,14.0000000000,14.0000000000,30.7850000000,0.0000000000,500.0000000000,586.0000000000,100,1.2580000000,83.0000000000,30.7850000000,0.0000000000
24,175,0.0000000100,3,30,80,400,46.1880215352,140,93.8119784648,126.0000000000,79.8119784648,14.0000000000,14.0000000000,30.7850000000,0.0000000000,500.0000000000,586.0000000000,100,0.9380000000,83.0000000000,30.7850000000,0.0000000000
18,75,0.0000000100,3,30,80,400,46.1880215352,140,93.8119784648,126.0000000000,79.8119784648,14.0000000000,14.0000000000,30.7850000000,0.0000000000,500.0000000000,586.0000000000,100,0.5390000000,83.0000000000,30.7850000000,0.0000000000
18,125,0.0000000100,3,30,80,400,46.1880215352,140,93.8119784648,126.0000000000,79.8119784648,14.0000000000,14.0000000000,30.7850000000,0.0000000000,500.0000000000,586.0000000000,100,0.8990000000,83.0000000000,30.7850000000,0.0000000000
18,225,0.0000000100,3,30,80,400,46.1880215352,140,93.8119784648,126.0000000000,79.8119784648,14.0000000000,14.0000000000,30.7850000000,0.0000000000,500.0000000000,586.0000000000,100,1.6180000000,83.0000000000,30.7850000000,0.0000000000
18,275,0.0000000100,3,30,80,400,46.1880215352,140,93.8119784648,126.0000000000,79.8119784648,14.0000000000,14.0000000000,30.7850000000,0.0000000000,500.0000000000,586.0000000000,100,1.9770000000,83.0000000000,30.7850000000,0.0000000000
18,325,0.0000000100,3,30,80,400,46.1880215352,140,93.8119784648,126.0000000000,79.8119784648,14.0000000000,14.0000000000,30.7850000000,0.0000000000,500.0000000000,586.0000000000,100,2.3370000000,83.0000000000,30.7850000000,0.0000000000
12,175,0.0000000100,3,30,80,400,46.1880215352,140,93.8119784648,35.0000000000,23.4529946162,105.0000000000,70.3589838486,35.0000000000,23.4529946162,30.0000000000,315.9000000000,100,2.0040000000,40.0000000000,35.0000000000,23.4529946162
15,175,0.0000000100,3,30,80,400,46.1880215352,140,93.8119784648,35.0000000000,23.4529946162,105.0000000000,70.3589838486,35.0000000000,23.4529946162,30.0000000000,315.9000000000,100,1.5750000000,40.0000000000,35.0000000000,23.4529946162
18,25,0.0000000100,3,30,80,400,46.1880215352,140,93.8119784648,35.0000000000,23.4529946162,105.0000000000,70.3589838486,35.0000000000,23.4529946162,30.0000000000,315.9000000000,100,0.1850000000,40.0000000000,35.0000000000,23.4529946162
18,75,0.0000000100,3,30,80,400,46.1880215352,140,93.8119784648,35.0000000000,23.4529946162,105.0000000000,70.3589838486,35.0000000000,23.4529946162,30.0000000000,315.9000000000,100,0.5570000000,40.0000000000,35.0000000000,23.4529946162
18,125,0.0000000100,3,30,80,400,46.1880215352,140,93.8119784648,35.0000000000,23.4529946162,105.0000000000,70.3589838486,35.0000000000,23.4529946162,30.0000000000,315.9000000000,100,0.9270000000,40.0000000000,35.0000000000,23.4529946162
18,275,0.0000000100,3,30,80,400,46.1880215352,140,93.8119784648,35.0000000000,23.4529946162,105.0000000000,70.3589838486,35.0000000000,23.4529946162,30.0000000000,315.9000000000,100,2.0390000000,40.0000000000,35.0000000000,23.4529946162
12,175,0.0000000100,3,30,80,400,46.1880215352,140,93.8119784648,35.0000000000,23.4529946162,105.0000000000,70.3589838486,35.0000000000,23.4529946162,200.0000000000,480.5000000000,100,2.0040000000,40.0000000000,35.0000000000,23.4529946162
15,175,0.0000000100,3,30,80,400,46.1880215352,140,93.8119784648,35.0000000000,23.4529946162,105.0000000000,70.3589838486,35.0000000000,23.4529946162,200.0000000000,480.5000000000,100,1.5750000000,40.0000000000,35.0000000000,23.4529946162
18,25,0.0000000100,3,30,80,400,46.1880215352,140,93.8119784648,35.0000000000,23.4529946162,105.0000000000,70.3589838486,35.0000000000,23.4529946162,200.0000000000,480.5000000000,100,0.1850000000,40.0000000000,35.0000000000,23.4529946162
18,75,0.0000000100,3,30,80,400,46.1880215352,140,93.8119784648,35.0000000000,23.4529946162,105.0000000000,70.3589838486,35.0000000000,23.4529946162,200.0000000000,480.5000000000,100,0.5570000000,40.0000000000,35.0000000000,23.4529946162
18,125,0.0000000100,3,30,80,400,46.1880215352,140,93.8119784648,35.0000000000,23.4529946162,105.0000000000,70.3589838486,35.0000000000,23.4529946162,200.0000000000,480.5000000000,100,0.9270000000,40.0000000000,35.0000000000,23.4529946162
18,275,0.0000000100,3,30,80,400,46.1880215352,140,93.8119784648,35.0000000000,23.4529946162,105.0000000000,70.3589838486,35.0000000000,23.4529946162,200.0000000000,480.5000000000,100,2.0390000000,40.0000000000,35.0000000000,23.4529946162
12,175,0.0000000100,3,30,80,400,46.1880215352,140,93.8119784648,35.0000000000,23.4529946162,105.0000000000,70.3589838486,35.0000000000,23.4529946162,500.0000000000,586.0000000000,100,2.0040000000,40.0000000000,35.0000000000,23.4529946162
15,175,0.0000000100,3,30,80,400,46.1880215352,140,93.8119784648,35.0000000000,23.4529946162,105.0000000000,70.3589838486,35.0000000000,23.4529946162,500.0000000000,586.0000000000,100,1.5750000000,40.0000000000,35.0000000000,23.4529946162
18,25,0.0000000100,3,30,80,400,46.1880215352,140,93.8119784648,35.0000000000,23.4529946162,105.0000000000,70.3589838486,35.0000000000,23.4529946162,500.0000000000,586.0000000000,100,0.1850000000,40.0000000000,35.0000000000,23.4529946162
18,75,0.0000000100,3,30,80,400,46.1880215352,140,93.8119784648,35.0000000000,23.4529946162,105.0000000000,70.3589838486,35.0000000000,23.4529946162,500.0000000000,586.0000000000,100,0.5570000000,40.0000000000,35.0000000000,23.4529946162
18,125,0.0000000100,3,30,80,400,46.1880215352,140,93.8119784648,35.0000000000,23.4529946162,105.0000000000,70.3589838486,35.0000000000,23.4529946162,500.0000000000,586.0000000000,100,0.9270000000,40.0000000000,35.0000000000,23.4529946162
18,275,0.0000000100,3,30,80,400,46.1880215352,140,93.8119784648,35.0000000000,23.4529946162,105.0000000000,70.3589838486,35.0000000000,23.4529946162,500.0000000000,586.0000000000,100,2.0390000000,40.0000000000,35.0000000000,23.4529946162
12,175,0.0000000100,3,30,80,400,46.1880215352,140,93.8119784648,35.0000000000,23.4529946162,105.0000000000,70.3589838486,30.7850000000,0.0000000000,30.0000000000,315.9000000000,100,2.2220000000,40.0000000000,30.7850000000,0.0000000000
15,175,0.0000000100,3,30,80,400,46.1880215352,140,93.8119784648,35.0000000000,23.4529946162,105.0000000000,70.3589838486,30.7850000000,0.0000000000,30.0000000000,315.9000000000,100,1.7570000000,40.0000000000,30.7850000000,0.0000000000
18,175,0.0000000100,3,30,80,400,46.1880215352,140,93.8119784648,35.0000000000,23.4529946162,105.0000000000,70.3589838486,30.7850000000,0.0000000000,30.0000000000,315.9000000000,100,1.4530000000,40.0000000000,30.7850000000,0.0000000000
21,175,0.0000000100,3,30,80,400,46.1880215352,140,93.8119784648,35.0000000000,23.4529946162,105.0000000000,70.3589838486,30.7850000000,0.0000000000,30.0000000000,315.9000000000,100,1.2390000000,40.0000000000,30.7850000000,0.0000000000
24,175,0.0000000100,3,30,80,400,46.1880215352,140,93.8119784648,35.0000000000,23.4529946162,105.0000000000,70.3589838486,30.7850000000,0.0000000000,30.0000000000,315.9000000000,100,1.0800000000,40.0000000000,30.7850000000,0.0000000000
18,75,0.0000000100,3,30,80,400,46.1880215352,140,93.8119784648,35.0000000000,23.4529946162,105.0000000000,70.3589838486,30.7850000000,0.0000000000,30.0000000000,315.9000000000,100,0.6220000000,40.0000000000,30.7850000000,0.0000000000
18,225,0.0000000100,3,30,80,400,46.1880215352,140,93.8119784648,35.0000000000,23.4529946162,105.0000000000,70.3589838486,30.7850000000,0.0000000000,30.0000000000,315.9000000000,100,1.8680000000,40.0000000000,30.7850000000,0.0000000000
18,275,0.0000000100,3,30,80,400,46.1880215352,140,93.8119784648,35.0000000000,23.4529946162,105.0000000000,70.3589838486,30.7850000000,0.0000000000,30.0000000000,315.9000000000,100,2.2830000000,40.0000000000,30.7850000000,0.0000000000
18,325,0.0000000100,3,30,80,400,46.1880215352,140,93.8119784648,35.0000000000,23.4529946162,105.0000000000,70.3589838486,30.7850000000,0.0000000000,30.0000000000,315.9000000000,100,2.6980000000,40.0000000000,30.7850000000,0.0000000000
12,175,0.0000000100,3,30,80,400,46.1880215352,140,93.8119784648,35.0000000000,23.4529946162,105.0000000000,70.3589838486,30.7850000000,0.0000000000,200.0000000000,480.5000000000,100,2.2220000000,40.0000000000,30.7850000000,0.0000000000
15,175,0.0000000100,3,30,80,400,46.1880215352,140,93.8119784648,35.0000000000,23.4529946162,105.0000000000,70.3589838486,30.7850000000,0.0000000000,200.0000000000,480.5000000000,100,1.7570000000,40.0000000000,30.7850000000,0.0000000000
18,175,0.0000000100,3,30,80,400,46.1880215352,140,93.8119784648,35.0000000000,23.4529946162,105.0000000000,70.3589838486,30.7850000000,0.0000000000,200.0000000000,480.5000000000,100,1.4530000000,40.0000000000,30.7850000000,0.0000000000
21,175,0.0000000100,3,30,80,400,46.1880215352,140,93.8119784648,35.0000000000,23.4529946162,105.0000000000,70.3589838486,30.7850000000,0.0000000000,200.0000000000,480.5000000000,100,1.2390000000,40.0000000000,30.7850000000,0.0000000000
24,175,0.0000000100,3,30,80,400,46.1880215352,140,93.8119784648,35.0000000000,23.4529946162,105.0000000000,70.3589838486,30.7850000000,0.0000000000,200.0000000000,480.5000000000,100,1.0800000000,40.0000000000,30.7850000000,0.0000000000
18,75,0.0000000100,3,30,80,400,46.1880215352,140,93.8119784648,35.0000000000,23.4529946162,105.0000000000,70.3589838486,30.7850000000,0.0000000000,200.0000000000,480.5000000000,100,0.6220000000,40.0000000000,30.7850000000,0.0000000000
18,225,0.0000000100,3,30,80,400,46.1880215352,140,93.8119784648,35.0000000000,23.4529946162,105.0000000000,70.3589838486,30.7850000000,0.0000000000,200.0000000000,480.5000000000,100,1.8680000000,40.0000000000,30.7850000000,0.0000000000
18,275,0.0000000100,3,30,80,400,46.1880215352,140,93.8119784648,35.0000000000,23.4529946162,105.0000000000,70.3589838486,30.7850000000,0.0000000000,200.0000000000,480.5000000000,100,2.2830000000,40.0000000000,30.7850000000,0.0000000000
18,325,0.0000000100,3,30,80,400,46.1880215352,140,93.8119784648,35.0000000000,23.4529946162,105.0000000000,70.3589838486,30.7850000000,0.0000000000,200.0000000000,480.5000000000,100,2.6980000000,40.0000000000,30.7850000000,0.0000000000
12,175,0.0000000100,3,30,80,400,46.1880215352,140,93.8119784648,35.0000000000,23.4529946162,105.0000000000,70.3589838486,30.7850000000,0.0000000000,500.0000000000,586.0000000000,100,2.2220000000,40.0000000000,30.7850000000,0.0000000000
15,175,0.0000000100,3,30,80,400,46.1880215352,140,93.8119784648,35.0000000000,23.4529946162,105.0000000000,70.3589838486,30.7850000000,0.0000000000,500.0000000000,586.0000000000,100,1.7570000000,40.0000000000,30.7850000000,0.0000000000
18,175,0.0000000100,3,30,80,400,46.1880215352,140,93.8119784648,35.0000000000,23.4529946162,105.0000000000,70.3589838486,30.7850000000,0.0000000000,500.0000000000,586.0000000000,100,1.4530000000,40.0000000000,30.7850000000,0.0000000000
21,175,0.0000000100,3,30,80,400,46.1880215352,140,93.8119784648,35.0000000000,23.4529946162,105.0000000000,70.3589838486,30.7850000000,0.0000000000,500.0000000000,586.0000000000,100,1.2390000000,40.0000000000,30.7850000000,0.0000000000
24,175,0.0000000100,3,30,80,400,46.1880215352,140,93.8119784648,35.0000000000,23.4529946162,105.0000000000,70.3589838486,30.7850000000,0.0000000000,500.0000000000,586.0000000000,100,1.0800000000,40.0000000000,30.7850000000,0.0000000000
18,75,0.0000000100,3,30,80,400,46.1880215352,140,93.8119784648,35.0000000000,23.4529946162,105.0000000000,70.3589838486,30.7850000000,0.0000000000,500.0000000000,586.0000000000,100,0.6220000000,40.0000000000,30.7850000000,0.0000000000
18,225,0.0000000100,3,30,80,400,46.1880215352,140,93.8119784648,35.0000000000,23.4529946162,105.0000000000,70.3589838486,30.7850000000,0.0000000000,500.0000000000,586.0000000000,100,1.8680000000,40.0000000000,30.7850000000,0.0000000000
18,275,0.0000000100,3,30,80,400,46.1880215352,140,93.8119784648,35.0000000000,23.4529946162,105.0000000000,70.3589838486,30.7850000000,0.0000000000,500.0000000000,586.0000000000,100,2.2830000000,40.0000000000,30.7850000000,0.0000000000
18,325,0.0000000100,3,30,80,400,46.1880215352,140,93.8119784648,35.0000000000,23.4529946162,105.0000000000,70.3589838486,30.7850000000,0.0000000000,500.0000000000,586.0000000000,100,2.6980000000,40.0000000000,30.7850000000,0.0000000000
12,175,0.0000000100,3,30,80,400,46.1880215352,140,93.8119784648,46.1880215352,0.0000000000,93.8119784648,93.8119784648,46.1880215352,0.0000000000,30.0000000000,315.9000000000,100,2.5920000000,38.0000000000,46.1880215352,0.0000000000
15,175,0.0000000100,3,30,80,400,46.1880215352,140,93.8119784648,46.1880215352,0.0000000000,93.8119784648,93.8119784648,46.1880215352,0.0000000000,30.0000000000,315.9000000000,100,2.0410000000,38.0000000000,46.1880215352,0.0000000000
18,175,0.0000000100,3,30,80,400,46.1880215352,140,93.8119784648,46.1880215352,0.0000000000,93.8119784648,93.8119784648,46.1880215352,0.0000000000,30.0000000000,315.9000000000,100,1.6830000000,38.0000000000,46.1880215352,0.0000000000
21,175,0.0000000100,3,30,80,400,46.1880215352,140,93.8119784648,46.1880215352,0.0000000000,93.8119784648,93.8119784648,46.1880215352,0.0000000000,30.0000000000,315.9000000000,100,1.4320000000,38.0000000000,46.1880215352,0.0000000000
24,175,0.0000000100,3,30,80,400,46.1880215352,140,93.8119784648,46.1880215352,0.0000000000,93.8119784648,93.8119784648,46.1880215352,0.0000000000,30.0000000000,315.9000000000,100,1.2460000000,38.0000000000,46.1880215352,0.0000000000
18,25,0.0000000100,3,30,80,400,46.1880215352,140,93.8119784648,46.1880215352,0.0000000000,93.8119784648,93.8119784648,46.1880215352,0.0000000000,30.0000000000,315.9000000000,100,0.2400000000,38.0000000000,46.1880215352,0.0000000000
18,75,0.0000000100,3,30,80,400,46.1880215352,140,93.8119784648,46.1880215352,0.0000000000,93.8119784648,93.8119784648,46.1880215352,0.0000000000,30.0000000000,315.9000000000,100,0.7210000000,38.0000000000,46.1880215352,0.0000000000
18,125,0.0000000100,3,30,80,400,46.1880215352,140,93.8119784648,46.1880215352,0.0000000000,93.8119784648,93.8119784648,46.1880215352,0.0000000000,30.0000000000,315.9000000000,100,1.2030000000,38.0000000000,46.1880215352,0.0000000000
18,225,0.0000000100,3,30,80,400,46.1880215352,140,93.8119784648,46.1880215352,0.0000000000,93.8119784648,93.8119784648,46.1880215352,0.0000000000,30.0000000000,315.9000000000,100,2.1640000000,38.0000000000,46.1880215352,0.0000000000
18,275,0.0000000100,3,30,80,400,46.1880215352,140,93.8119784648,46.1880215352,0.0000000000,93.8119784648,93.8119784648,46.1880215352,0.0000000000,30.0000000000,315.9000000000,100,2.6450000000,38.0000000000,46.1880215352,0.0000000000
18,325,0.0000000100,3,30,80,400,46.1880215352,140,93.8119784648,46.1880215352,0.0000000000,93.8119784648,93.8119784648,46.1880215352,0.0000000000,30.0000000000,315.9000000000,100,3.1250000000,38.0000000000,46.1880215352,0.0000000000
12,175,0.0000000100,3,30,80,400,46.1880215352,140,93.8119784648,46.1880215352,0.0000000000,93.8119784648,93.8119784648,46.1880215352,0.0000000000,200.0000000000,480.5000000000,100,2.5920000000,38.0000000000,46.1880215352,0.0000000000
15,175,0.0000000100,3,30,80,400,46.1880215352,140,93.8119784648,46.1880215352,0.0000000000,93.8119784648,93.8119784648,46.1880215352,0.0000000000,200.0000000000,480.5000000000,100,2.0410000000,38.0000000000,46.1880215352,0.0000000000
18,175,0.0000000100,3,30,80,400,46.1880215352,140,93.8119784648,46.1880215352,0.0000000000,93.8119784648,93.8119784648,46.1880215352,0.0000000000,200.0000000000,480.5000000000,100,1.6830000000,38.0000000000,46.1880215352,0.0000000000
21,175,0.0000000100,3,30,80,400,46.1880215352,140,93.8119784648,46.1880215352,0.0000000000,93.8119784648,93.8119784648,46.1880215352,0.0000000000,200.0000000000,480.5000000000,100,1.4320000000,38.0000000000,46.1880215352,0.0000000000
24,175,0.0000000100,3,30,80,400,46.1880215352,140,93.8119784648,46.1880215352,0.0000000000,93.8119784648,93.8119784648,46.1880215352,0.0000000000,200.0000000000,480.5000000000,100,1.2460000000,38.0000000000,46.1880215352,0.0000000000
18,25,0.0000000100,3,30,80,400,46.1880215352,140,93.8119784648,46.1880215352,0.0000000000,93.8119784648,93.8119784648,46.1880215352,0.0000000000,200.0000000000,480.5000000000,100,0.2400000000,38.0000000000,46.1880215352,0.0000000000
18,75,0.0000000100,3,30,80,400,46.1880215352,140,93.8119784648,46.1880215352,0.0000000000,93.8119784648,93.8119784648,46.1880215352,0.0000000000,200.0000000000,480.5000000000,100,0.7210000000,38.0000000000,46.1880215352,0.0000000000
18,125,0.0000000100,3,30,80,400,46.1880215352,140,93.8119784648,46.1880215352,0.0000000000,93.8119784648,93.8119784648,46.1880215352,0.0000000000,200.0000000000,480.5000000000,100,1.2030000000,38.0000000000,46.1880215352,0.0000000000
18,225,0.0000000100,3,30,80,400,46.1880215352,140,93.8119784648,46.1880215352,0.0000000000,93.8119784648,93.8119784648,46.1880215352,0.0000000000,200.0000000000,480.5000000000,100,2.1640000000,38.0000000000,46.1880215352,0.0000000000
18,275,0.0000000100,3,30,80,400,46.1880215352,140,93.8119784648,46.1880215352,0.0000000000,93.8119784648,93.8119784648,46.1880215352,0.0000000000,200.0000000000,480.5000000000,100,2.6450000000,38.0000000000,46.1880215352,0.0000000000
18,325,0.0000000100,3,30,80,400,46.1880215352,140,93.8119784648,46.1880215352,0.0000000000,93.8119784648,93.8119784648,46.1880215352,0.0000000000,200.0000000000,480.5000000000,100,3.1250000000,38.0000000000,46.1880215352,0.0000000000
12,175,0.0000000100,3,30,80,400,46.1880215352,140,93.8119784648,46.1880215352,0.0000000000,93.8119784648,93.8119784648,46.1880215352,0.0000000000,500.0000000000,586.0000000000,100,2.5920000000,38.0000000000,46.1880215352,0.0000000000
15,175,0.0000000100,3,30,80,400,46.1880215352,140,93.8119784648,46.1880215352,0.0000000000,93.8119784648,93.8119784648,46.1880215352,0.0000000000,500.0000000000,586.0000000000,100,2.0410000000,38.0000000000,46.1880215352,0.0000000000
18,175,0.0000000100,3,30,80,400,46.1880215352,140,93.8119784648,46.1880215352,0.0000000000,93.8119784648,93.8119784648,46.1880215352,0.0000000000,500.0000000000,586.0000000000,100,1.6830000000,38.0000000000,46.1880215352,0.0000000000
21,175,0.0000000100,3,30,80,400,46.1880215352,140,93.8119784648,46.1880215352,0.0000000000,93.8119784648,93.8119784648,46.1880215352,0.0000000000,500.0000000000,586.0000000000,100,1.4320000000,38.0000000000,46.1880215352,0.0000000000
24,175,0.0000000100,3,30,80,400,46.1880215352,140,93.8119784648,46.1880215352,0.0000000000,93.8119784648,93.8119784648,46.1880215352,0.0000000000,500.0000000000,586.0000000000,100,1.2460000000,38.0000000000,46.1880215352,0.0000000000
18,25,0.0000000100,3,30,80,400,46.1880215352,140,93.8119784648,46.1880215352,0.0000000000,93.8119784648,93.8119784648,46.1880215352,0.0000000000,500.0000000000,586.0000000000,100,0.2400000000,38.0000000000,46.1880215352,0.0000000000
18,75,0.0000000100,3,30,80,400,46.1880215352,140,93.8119784648,46.1880215352,0.0000000000,93.8119784648,93.8119784648,46.1880215352,0.0000000000,500.0000000000,586.0000000000,100,0.7210000000,38.0000000000,46.1880215352,0.0000000000
18,125,0.0000000100,3,30,80,400,46.1880215352,140,93.8119784648,46.1880215352,0.0000000000,93.8119784648,93.8119784648,46.1880215352,0.0000000000,500.0000000000,586.0000000000,100,1.2030000000,38.0000000000,46.1880215352,0.0000000000
18,225,0.0000000100,3,30,80,400,46.1880215352,140,93.8119784648,46.1880215352,0.0000000000,93.8119784648,93.8119784648,46.1880215352,0.0000000000,500.0000000000,586.0000000000,100,2.1640000000,38.0000000000,46.1880215352,0.0000000000
18,275,0.0000000100,3,30,80,400,46.1880215352,140,93.8119784648,46.1880215352,0.0000000000,93.8119784648,93.8119784648,46.1880215352,0.0000000000,500.0000000000,586.0000000000,100,2.6450000000,38.0000000000,46.1880215352,0.0000000000
18,325,0.0000000100,3,30,80,400,46.1880215352,140,93.8119784648,46.1880215352,0.0000000000,93.8119784648,93.8119784648,46.1880215352,0.0000000000,500.0000000000,586.0000000000,100,3.1250000000,38.0000000000,46.1880215352,0.0000000000
12,175,0.0000000100,3,30,80,400,46.1880215352,140,93.8119784648,46.1880215352,0.0000000000,93.8119784648,93.8119784648,30.7850000000,0.0000000000,30.0000000000,315.9000000000,100,2.5490000000,38.0000000000,30.7850000000,0.0000000000
15,175,0.0000000100,3,30,80,400,46.1880215352,140,93.8119784648,46.1880215352,0.0000000000,93.8119784648,93.8119784648,30.7850000000,0.0000000000,30.0000000000,315.9000000000,100,2.0140000000,38.0000000000,30.7850000000,0.0000000000
18,175,0.0000000100,3,30,80,400,46.1880215352,140,93.8119784648,46.1880215352,0.0000000000,93.8119784648,93.8119784648,30.7850000000,0.0000000000,30.0000000000,315.9000000000,100,1.6650000000,38.0000000000,30.7850000000,0.0000000000
21,175,0.0000000100,3,30,80,400,46.1880215352,140,93.8119784648,46.1880215352,0.0000000000,93.8119784648,93.8119784648,30.7850000000,0.0000000000,30.0000000000,315.9000000000,100,1.4180000000,38.0000000000,30.7850000000,0.0000000000
18,75,0.0000000100,3,30,80,400,46.1880215352,140,93.8119784648,46.1880215352,0.0000000000,93.8119784648,93.8119784648,30.7850000000,0.0000000000,30.0000000000,315.9000000000,100,0.7130000000,38.0000000000,30.7850000000,0.0000000000
18,125,0.0000000100,3,30,80,400,46.1880215352,140,93.8119784648,46.1880215352,0.0000000000,93.8119784648,93.8119784648,30.7850000000,0.0000000000,30.0000000000,315.9000000000,100,1.1890000000,38.0000000000,30.7850000000,0.0000000000
18,225,0.0000000100,3,30,80,400,46.1880215352,140,93.8119784648,46.1880215352,0.0000000000,93.8119784648,93.8119784648,30.7850000000,0.0000000000,30.0000000000,315.9000000000,100,2.1400000000,38.0000000000,30.7850000000,0.0000000000
12,175,0.0000000100,3,30,80,400,46.1880215352,140,93.8119784648,46.1880215352,0.0000000000,93.8119784648,93.8119784648,30.7850000000,0.0000000000,200.0000000000,480.5000000000,100,2.5490000000,38.0000000000,30.7850000000,0.0000000000
15,175,0.0000000100,3,30,80,400,46.1880215352,140,93.8119784648,46.1880215352,0.0000000000,93.8119784648,93.8119784648,30.7850000000,0.0000000000,200.0000000000,480.5000000000,100,2.0140000000,38.0000000000,30.7850000000,0.0000000000
18,175,0.0000000100,3,30,80,400,46.1880215352,140,93.8119784648,46.1880215352,0.0000000000,93.8119784648,93.8119784648,30.7850000000,0.0000000000,200.0000000000,480.5000000000,100,1.6650000000,38.0000000000,30.7850000000,0.0000000000
21,175,0.0000000100,3,30,80,400,46.1880215352,140,93.8119784648,46.1880215352,0.0000000000,93.8119784648,93.8119784648,30.7850000000,0.0000000000,200.0000000000,480.5000000000,100,1.4180000000,38.0000000000,30.7850000000,0.0000000000
18,75,0.0000000100,3,30,80,400,46.1880215352,140,93.8119784648,46.1880215352,0.0000000000,93.8119784648,93.8119784648,30.7850000000,0.0000000000,200.0000000000,480.5000000000,100,0.7130000000,38.0000000000,30.7850000000,0.0000000000
18,125,0.0000000100,3,30,80,400,46.1880215352,140,93.8119784648,46.1880215352,0.0000000000,93.8119784648,93.8119784648,30.7850000000,0.0000000000,200.0000000000,480.5000000000,100,1.1890000000,38.0000000000,30.7850000000,0.0000000000
18,225,0.0000000100,3,30,80,400,46.1880215352,140,93.8119784648,46.1880215352,0.0000000000,93.8119784648,93.8119784648,30.7850000000,0.0000000000,200.0000000000,480.5000000000,100,2.1400000000,38.0000000000,30.7850000000,0.0000000000
12,175,0.0000000100,3,30,80,400,46.1880215352,140,93.8119784648,46.1880215352,0.0000000000,93.8119784648,93.8119784648,30.7850000000,0.0000000000,500.0000000000,586.0000000000,100,2.5490000000,38.0000000000,30.7850000000,0.0000000000
15,175,0.0000000100,3,30,80,400,46.1880215352,140,93.8119784648,46.1880215352,0.0000000000,93.8119784648,93.8119784648,30.7850000000,0.0000000000,500.0000000000,586.0000000000,100,2.0140000000,38.0000000000,30.7850000000,0.0000000000
18,175,0.0000000100,3,30,80,400,46.1880215352,140,93.8119784648,46.1880215352,0.0000000000,93.8119784648,93.8119784648,30.7850000000,0.0000000000,500.0000000000,586.0000000000,100,1.6650000000,38.0000000000,30.7850000000,0.0000000000
21,175,0.0000000100,3,30,80,400,46.1880215352,140,93.8119784648,46.1880215352,0.0000000000,93.8119784648,93.8119784648,30.7850000000,0.0000000000,500.0000000000,586.0000000000,100,1.4180000000,38.0000000000,30.7850000000,0.0000000000
18,75,0.0000000100,3,30,80,400,46.1880215352,140,93.8119784648,46.1880215352,0.0000000000,93.8119784648,93.8119784648,30.7850000000,0.0000000000,500.0000000000,586.0000000000,100,0.7130000000,38.0000000000,30.7850000000,0.0000000000
18,125,0.0000000100,3,30,80,400,46.1880215352,140,93.8119784648,46.1880215352,0.0000000000,93.8119784648,93.8119784648,30.7850000000,0.0000000000,500.0000000000,586.0000000000,100,1.1890000000,38.0000000000,30.7850000000,0.0000000000
18,225,0.0000000100,3,30,80,400,46.1880215352,140,93.8119784648,46.1880215352,0.0000000000,93.8119784648,93.8119784648,30.7850000000,0.0000000000,500.0000000000,586.0000000000,100,2.1400000000,38.0000000000,30.7850000000,0.0000000000
12,175,0.0000000100,3,40,20,100,16.7819926235,50,33.2180073765,45.0000000000,28.2180073765,5.0000000000,5.0000000000,45.0000000000,28.2180073765,30.0000000000,315.9000000000,100,5.6020000000,21.0000000000,45.0000000000,28.2180073765
15,175,0.0000000100,3,40,20,100,16.7819926235,50,33.2180073765,45.0000000000,28.2180073765,5.0000000000,5.0000000000,45.0000000000,28.2180073765,30.0000000000,315.9000000000,100,4.4040000000,21.0000000000,45.0000000000,28.2180073765
18,175,0.0000000100,3,40,20,100,16.7819926235,50,33.2180073765,45.0000000000,28.2180073765,5.0000000000,5.0000000000,45.0000000000,28.2180073765,30.0000000000,315.9000000000,100,3.6290000000,21.0000000000,45.0000000000,28.2180073765
21,175,0.0000000100,3,40,20,100,16.7819926235,50,33.2180073765,45.0000000000,28.2180073765,5.0000000000,5.0000000000,45.0000000000,28.2180073765,30.0000000000,315.9000000000,100,3.0860000000,21.0000000000,45.0000000000,28.2180073765
24,175,0.0000000100,3,40,20,100,16.7819926235,50,33.2180073765,45.0000000000,28.2180073765,5.0000000000,5.0000000000,45.0000000000,28.2180073765,30.0000000000,315.9000000000,100,2.6840000000,21.0000000000,45.0000000000,28.2180073765
18,75,0.0000000100,3,40,20,100,16.7819926235,50,33.2180073765,45.0000000000,28.2180073765,5.0000000000,5.0000000000,45.0000000000,28.2180073765,30.0000000000,315.9000000000,100,1.5550000000,21.0000000000,45.0000000000,28.2180073765
18,125,0.0000000100,3,40,20,100,16.7819926235,50,33.2180073765,45.0000000000,28.2180073765,5.0000000000,5.0000000000,45.0000000000,28.2180073765,30.0000000000,315.9000000000,100,2.5920000000,21.0000000000,45.0000000000,28.2180073765
18,225,0.0000000100,3,40,20,100,16.7819926235,50,33.2180073765,45.0000000000,28.2180073765,5.0000000000,5.0000000000,45.0000000000,28.2180073765,30.0000000000,315.9000000000,100,4.6650000000,21.0000000000,45.0000000000,28.2180073765
18,275,0.0000000100,3,40,20,100,16.7819926235,50,33.2180073765,45.0000000000,28.2180073765,5.0000000000,5.0000000000,45.0000000000,28.2180073765,30.0000000000,315.9000000000,100,5.7020000000,21.0000000000,45.0000000000,28.2180073765
12,175,0.0000000100,3,40,20,100,16.7819926235,50,33.2180073765,45.0000000000,28.2180073765,5.0000000000,5.0000000000,45.0000000000,28.2180073765,200.0000000000,480.5000000000,100,5.6020000000,21.0000000000,45.0000000000,28.2180073765
15,175,0.0000000100,3,40,20,100,16.7819926235,50,33.2180073765,45.0000000000,28.2180073765,5.0000000000,5.0000000000,45.0000000000,28.2180073765,200.0000000000,480.5000000000,100,4.4040000000,21.0000000000,45.0000000000,28.2180073765
18,175,0.0000000100,3,40,20,100,16.7819926235,50,33.2180073765,45.0000000000,28.2180073765,5.0000000000,5.0000000000,45.0000000000,28.2180073765,200.0000000000,480.5000000000,100,3.6290000000,21.0000000000,45.0000000000,28.2180073765
21,175,0.0000000100,3,40,20,100,16.7819926235,50,33.2180073765,45.0000000000,28.2180073765,5.0000000000,5.0000000000,45.0000000000,28.2180073765,200.0000000000,480.5000000000,100,3.0860000000,21.0000000000,45.0000000000,28.2180073765
24,175,0.0000000100,3,40,20,100,16.7819926235,50,33.2180073765,45.0000000000,28.2180073765,5.0000000000,5.0000000000,45.0000000000,28.2180073765,200.0000000000,480.5000000000,100,2.6840000000,21.0000000000,45.0000000000,28.2180073765
18,75,0.0000000100,3,40,20,100,16.7819926235,50,33.2180073765,45.0000000000,28.2180073765,5.0000000000,5.0000000000,45.0000000000,28.2180073765,200.0000000000,480.5000000000,100,1.5550000000,21.0000000000,45.0000000000,28.2180073765
18,125,0.0000000100,3,40,20,100,16.7819926235,50,33.2180073765,45.0000000000,28.2180073765,5.0000000000,5.0000000000,45.0000000000,28.2180073765,200.0000000000,480.5000000000,100,2.5920000000,21.0000000000,45.0000000000,28.2180073765
18,225,0.0000000100,3,40,20,100,16.7819926235,50,33.2180073765,45.0000000000,28.2180073765,5.0000000000,5.0000000000,45.0000000000,28.2180073765,200.0000000000,480.5000000000,100,4.6650000000,21.0000000000,45.0000000000,28.2180073765
18,275,0.0000000100,3,40,20,100,16.7819926235,50,33.2180073765,45.0000000000,28.2180073765,5.0000000000,5.0000000000,45.0000000000,28.2180073765,200.0000000000,480.5000000000,100,5.7020000000,21.0000000000,45.0000000000,28.2180073765
12,175,0.0000000100,3,40,20,100,16.7819926235,50,33.2180073765,45.0000000000,28.2180073765,5.0000000000,5.0000000000,45.0000000000,28.2180073765,500.0000000000,586.0000000000,100,5.6020000000,21.0000000000,45.0000000000,28.2180073765
15,175,0.0000000100,3,40,20,100,16.7819926235,50,33.2180073765,45.0000000000,28.2180073765,5.0000000000,5.0000000000,45.0000000000,28.2180073765,500.0000000000,586.0000000000,100,4.4040000000,21.0000000000,45.0000000000,28.2180073765
18,175,0.0000000100,3,40,20,100,16.7819926235,50,33.2180073765,45.0000000000,28.2180073765,5.0000000000,5.0000000000,45.0000000000,28.2180073765,500.0000000000,586.0000000000,100,3.6290000000,21.0000000000,45.0000000000,28.2180073765
21,175,0.0000000100,3,40,20,100,16.7819926235,50,33.2180073765,45.0000000000,28.2180073765,5.0000000000,5.0000000000,45.0000000000,28.2180073765,500.0000000000,586.0000000000,100,3.0860000000,21.0000000000,45.0000000000,28.2180073765
24,175,0.0000000100,3,40,20,100,16.7819926235,50,33.2180073765,45.0000000000,28.2180073765,5.0000000000,5.0000000000,45.0000000000,28.2180073765,500.0000000000,586.0000000000,100,2.6840000000,21.0000000000,45.0000000000,28.2180073765
18,75,0.0000000100,3,40,20,100,16.7819926235,50,33.2180073765,45.0000000000,28.2180073765,5.0000000000,5.0000000000,45.0000000000,28.2180073765,500.0000000000,586.0000000000,100,1.5550000000,21.0000000000,45.0000000000,28.2180073765
18,125,0.0000000100,3,40,20,100,16.7819926235,50,33.2180073765,45.0000000000,28.2180073765,5.0000000000,5.0000000000,45.0000000000,28.2180073765,500.0000000000,586.0000000000,100,2.5920000000,21.0000000000,45.0000000000,28.2180073765
18,225,0.0000000100,3,40,20,100,16.7819926235,50,33.2180073765,45.0000000000,28.2180073765,5.0000000000,5.0000000000,45.0000000000,28.2180073765,500.0000000000,586.0000000000,100,4.6650000000,21.0000000000,45.0000000000,28.2180073765
18,275,0.0000000100,3,40,20,100,16.7819926235,50,33.2180073765,45.0000000000,28.2180073765,5.0000000000,5.0000000000,45.0000000000,28.2180073765,500.0000000000,586.0000000000,100,5.7020000000,21.0000000000,45.0000000000,28.2180073765
12,175,0.0000000100,3,40,20,100,16.7819926235,50,33.2180073765,45.0000000000,28.2180073765,5.0000000000,5.0000000000,11.2490000000,0.0000000000,30.0000000000,315.9000000000,100,5.3210000000,21.0000000000,11.2490000000,0.0000000000
15,175,0.0000000100,3,40,20,100,16.7819926235,50,33.2180073765,45.0000000000,28.2180073765,5.0000000000,5.0000000000,11.2490000000,0.0000000000,30.0000000000,315.9000000000,100,4.2290000000,21.0000000000,11.2490000000,0.0000000000
18,175,0.0000000100,3,40,20,100,16.7819926235,50,33.2180073765,45.0000000000,28.2180073765,5.0000000000,5.0000000000,11.2490000000,0.0000000000,30.0000000000,315.9000000000,100,3.5090000000,21.0000000000,11.2490000000,0.0000000000
21,175,0.0000000100,3,40,20,100,16.7819926235,50,33.2180073765,45.0000000000,28.2180073765,5.0000000000,5.0000000000,11.1890000000,0.0000000000,30.0000000000,315.9000000000,100,2.9980000000,21.0000000000,11.1890000000,0.0000000000
24,175,0.0000000100,3,40,20,100,16.7819926235,50,33.2180073765,45.0000000000,28.2180073765,5.0000000000,5.0000000000,11.1890000000,0.0000000000,30.0000000000,315.9000000000,100,2.6180000000,21.0000000000,11.1890000000,0.0000000000
18,75,0.0000000100,3,40,20,100,16.7819926235,50,33.2180073765,45.0000000000,28.2180073765,5.0000000000,5.0000000000,11.1890000000,0.0000000000,30.0000000000,315.9000000000,100,1.5040000000,21.0000000000,11.1890000000,0.0000000000
18,125,0.0000000100,3,40,20,100,16.7819926235,50,33.2180073765,45.0000000000,28.2180073765,5.0000000000,5.0000000000,11.1890000000,0.0000000000,30.0000000000,315.9000000000,100,2.5060000000,21.0000000000,11.1890000000,0.0000000000
18,175,0.0000000100,3,40,20,100,16.7819926235,50,33.2180073765,45.0000000000,28.2180073765,5.0000000000,5.0000000000,11.1890000000,0.0000000000,30.0000000000,315.9000000000,100,3.5090000000,21.0000000000,11.1890000000,0.0000000000
18,275,0.0000000100,3,40,20,100,16.7819926235,50,33.2180073765,45.0000000000,28.2180073765,5.0000000000,5.0000000000,11.1890000000,0.0000000000,30.0000000000,315.9000000000,100,5.5140000000,21.0000000000,11.1890000000,0.0000000000
18,325,0.0000000100,3,40,20,100,16.7819926235,50,33.2180073765,45.0000000000,28.2180073765,5.0000000000,5.0000000000,11.1890000000,0.0000000000,30.0000000000,315.9000000000,100,6.5160000000,21.0000000000,11.1890000000,0.0000000000
12,175,0.0000000100,3,40,20,100,16.7819926235,50,33.2180073765,45.0000000000,28.2180073765,5.0000000000,5.0000000000,11.1890000000,0.0000000000,200.0000000000,480.5000000000,100,5.3210000000,21.0000000000,11.1890000000,0.0000000000
15,175,0.0000000100,3,40,20,100,16.7819926235,50,33.2180073765,45.0000000000,28.2180073765,5.0000000000,5.0000000000,11.1890000000,0.0000000000,200.0000000000,480.5000000000,100,4.2290000000,21.0000000000,11.1890000000,0.0000000000
18,175,0.0000000100,3,40,20,100,16.7819926235,50,33.2180073765,45.0000000000,28.2180073765,5.0000000000,5.0000000000,11.1890000000,0.0000000000,200.0000000000,480.5000000000,100,3.5090000000,21.0000000000,11.1890000000,0.0000000000
21,175,0.0000000100,3,40,20,100,16.7819926235,50,33.2180073765,45.0000000000,28.2180073765,5.0000000000,5.0000000000,11.1890000000,0.0000000000,200.0000000000,480.5000000000,100,2.9980000000,21.0000000000,11.1890000000,0.0000000000
24,175,0.0000000100,3,40,20,100,16.7819926235,50,33.2180073765,45.0000000000,28.2180073765,5.0000000000,5.0000000000,11.1890000000,0.0000000000,200.0000000000,480.5000000000,100,2.6180000000,21.0000000000,11.1890000000,0.0000000000
18,75,0.0000000100,3,40,20,100,16.7819926235,50,33.2180073765,45.0000000000,28.2180073765,5.0000000000,5.0000000000,11.1890000000,0.0000000000,200.0000000000,480.5000000000,100,1.5040000000,21.0000000000,11.1890000000,0.0000000000
18,125,0.0000000100,3,40,20,100,16.7819926235,50,33.2180073765,45.0000000000,28.2180073765,5.0000000000,5.0000000000,11.1890000000,0.0000000000,200.0000000000,480.5000000000,100,2.5060000000,21.0000000000,11.1890000000,0.0000000000
18,275,0.0000000100,3,40,20,100,16.7819926235,50,33.2180073765,45.0000000000,28.2180073765,5.0000000000,5.0000000000,11.1890000000,0.0000000000,200.0000000000,480.5000000000,100,5.5140000000,21.0000000000,11.1890000000,0.0000000000
18,325,0.0000000100,3,40,20,100,16.7819926235,50,33.2180073765,45.0000000000,28.2180073765,5.0000000000,5.0000000000,11.1890000000,0.0000000000,200.0000000000,480.5000000000,100,6.5160000000,21.0000000000,11.1890000000,0.0000000000
12,175,0.0000000100,3,40,20,100,16.7819926235,50,33.2180073765,45.0000000000,28.2180073765,5.0000000000,5.0000000000,11.1890000000,0.0000000000,500.0000000000,586.0000000000,100,5.3210000000,21.0000000000,11.1890000000,0.0000000000
15,175,0.0000000100,3,40,20,100,16.7819926235,50,33.2180073765,45.0000000000,28.2180073765,5.0000000000,5.0000000000,11.1890000000,0.0000000000,500.0000000000,586.0000000000,100,4.2290000000,21.0000000000,11.1890000000,0.0000000000
18,175,0.0000000100,3,40,20,100,16.7819926235,50,33.2180073765,45.0000000000,28.2180073765,5.0000000000,5.0000000000,11.1890000000,0.0000000000,500.0000000000,586.0000000000,100,3.5090000000,21.0000000000,11.1890000000,0.0000000000
21,175,0.0000000100,3,40,20,100,16.7819926235,50,33.2180073765,45.0000000000,28.2180073765,5.0000000000,5.0000000000,11.1890000000,0.0000000000,500.0000000000,586.0000000000,100,2.9980000000,21.0000000000,11.1890000000,0.0000000000
24,175,0.0000000100,3,40,20,100,16.7819926235,50,33.2180073765,45.0000000000,28.2180073765,5.0000000000,5.0000000000,11.1890000000,0.0000000000,500.0000000000,586.0000000000,100,2.6180000000,21.0000000000,11.1890000000,0.0000000000
18,75,0.0000000100,3,40,20,100,16.7819926235,50,33.2180073765,45.0000000000,28.2180073765,5.0000000000,5.0000000000,11.1890000000,0.0000000000,500.0000000000,586.0000000000,100,1.5040000000,21.0000000000,11.1890000000,0.0000000000
18,125,0.0000000100,3,40,20,100,16.7819926235,50,33.2180073765,45.0000000000,28.2180073765,5.0000000000,5.0000000000,11.1890000000,0.0000000000,500.0000000000,586.0000000000,100,2.5060000000,21.0000000000,11.1890000000,0.0000000000
18,275,0.0000000100,3,40,20,100,16.7819926235,50,33.2180073765,45.0000000000,28.2180073765,5.0000000000,5.0000000000,11.1890000000,0.0000000000,500.0000000000,586.0000000000,100,5.5140000000,21.0000000000,11.1890000000,0.0000000000
18,325,0.0000000100,3,40,20,100,16.7819926235,50,33.2180073765,45.0000000000,28.2180073765,5.0000000000,5.0000000000,11.1890000000,0.0000000000,500.0000000000,586.0000000000,100,6.5160000000,21.0000000000,11.1890000000,0.0000000000
12,175,0.0000000100,3,40,20,100,16.7819926235,50,33.2180073765,12.5000000000,8.3045018441,37.5000000000,24.9135055323,12.5000000000,8.3045018441,30.0000000000,315.9000000000,100,5.7370000000,16.0000000000,12.5000000000,8.3045018441
15,175,0.0000000100,3,40,20,100,16.7819926235,50,33.2180073765,12.5000000000,8.3045018441,37.5000000000,24.9135055323,12.5000000000,8.3045018441,30.0000000000,315.9000000000,100,4.5260000000,16.0000000000,12.5000000000,8.3045018441
18,175,0.0000000100,3,40,20,100,16.7819926235,50,33.2180073765,12.5000000000,8.3045018441,37.5000000000,24.9135055323,12.5000000000,8.3045018441,30.0000000000,315.9000000000,100,3.7390000000,16.0000000000,12.5000000000,8.3045018441
21,175,0.0000000100,3,40,20,100,16.7819926235,50,33.2180073765,12.5000000000,8.3045018441,37.5000000000,24.9135055323,12.5000000000,8.3045018441,30.0000000000,315.9000000000,100,3.1850000000,16.0000000000,12.5000000000,8.3045018441
24,175,0.0000000100,3,40,20,100,16.7819926235,50,33.2180073765,12.5000000000,8.3045018441,37.5000000000,24.9135055323,12.5000000000,8.3045018441,30.0000000000,315.9000000000,100,2.7730000000,16.0000000000,12.5000000000,8.3045018441
18,75,0.0000000100,3,40,20,100,16.7819926235,50,33.2180073765,12.5000000000,8.3045018441,37.5000000000,24.9135055323,12.5000000000,8.3045018441,30.0000000000,315.9000000000,100,1.6030000000,16.0000000000,12.5000000000,8.3045018441
18,125,0.0000000100,3,40,20,100,16.7819926235,50,33.2180073765,12.5000000000,8.3045018441,37.5000000000,24.9135055323,12.5000000000,8.3045018441,30.0000000000,315.9000000000,100,2.6720000000,16.0000000000,12.5000000000,8.3045018441
18,225,0.0000000100,3,40,20,100,16.7819926235,50,33.2180073765,12.5000000000,8.3045018441,37.5000000000,24.9135055323,12.5000000000,8.3045018441,30.0000000000,315.9000000000,100,4.8060000000,16.0000000000,12.5000000000,8.3045018441
18,275,0.0000000100,3,40,20,100,16.7819926235,50,33.2180073765,12.5000000000,8.3045018441,37.5000000000,24.9135055323,12.5000000000,8.3045018441,30.0000000000,315.9000000000,100,5.8710000000,16.0000000000,12.5000000000,8.3045018441
12,175,0.0000000100,3,40,20,100,16.7819926235,50,33.2180073765,12.5000000000,8.3045018441,37.5000000000,24.9135055323,12.5000000000,8.3045018441,200.0000000000,480.5000000000,100,5.7370000000,16.0000000000,12.5000000000,8.3045018441
15,175,0.0000000100,3,40,20,100,16.7819926235,50,33.2180073765,12.5000000000,8.3045018441,37.5000000000,24.9135055323,12.5000000000,8.3045018441,200.0000000000,480.5000000000,100,4.5260000000,16.0000000000,12.5000000000,8.3045018441
18,175,0.0000000100,3,40,20,100,16.7819926235,50,33.2180073765,12.5000000000,8.3045018441,37.5000000000,24.9135055323,12.5000000000,8.3045018441,200.0000000000,480.5000000000,100,3.7390000000,16.0000000000,12.5000000000,8.3045018441
21,175,0.0000000100,3,40,20,100,16.7819926235,50,33.2180073765,12.5000000000,8.3045018441,37.5000000000,24.9135055323,12.5000000000,8.3045018441,200.0000000000,480.5000000000,100,3.1850000000,16.0000000000,12.5000000000,8.3045018441
24,175,0.0000000100,3,40,20,100,16.7819926235,50,33.2180073765,12.5000000000,8.3045018441,37.5000000000,24.9135055323,12.5000000000,8.3045018441,200.0000000000,480.5000000000,100,2.7730000000,16.0000000000,12.5000000000,8.3045018441
18,75,0.0000000100,3,40,20,100,16.7819926235,50,33.2180073765,12.5000000000,8.3045018441,37.5000000000,24.9135055323,12.5000000000,8.3045018441,200.0000000000,480.5000000000,100,1.6030000000,16.0000000000,12.5000000000,8.3045018441
18,125,0.0000000100,3,40,20,100,16.7819926235,50,33.2180073765,12.5000000000,8.3045018441,37.5000000000,24.9135055323,12.5000000000,8.3045018441,200.0000000000,480.5000000000,100,2.6720000000,16.0000000000,12.5000000000,8.3045018441
18,225,0.0000000100,3,40,20,100,16.7819926235,50,33.2180073765,12.5000000000,8.3045018441,37.5000000000,24.9135055323,12.5000000000,8.3045018441,200.0000000000,480.5000000000,100,4.8060000000,16.0000000000,12.5000000000,8.3045018441
18,275,0.0000000100,3,40,20,100,16.7819926235,50,33.2180073765,12.5000000000,8.3045018441,37.5000000000,24.9135055323,12.5000000000,8.3045018441,200.0000000000,480.5000000000,100,5.8710000000,16.0000000000,12.5000000000,8.3045018441
12,175,0.0000000100,3,40,20,100,16.7819926235,50,33.2180073765,12.5000000000,8.3045018441,37.5000000000,24.9135055323,12.5000000000,8.3045018441,500.0000000000,586.0000000000,100,5.7370000000,16.0000000000,12.5000000000,8.3045018441
15,175,0.0000000100,3,40,20,100,16.7819926235,50,33.2180073765,12.5000000000,8.3045018441,37.5000000000,24.9135055323,12.5000000000,8.3045018441,500.0000000000,586.0000000000,100,4.5260000000,16.0000000000,12.5000000000,8.3045018441
18,175,0.0000000100,3,40,20,100,16.7819926235,50,33.2180073765,12.5000000000,8.3045018441,37.5000000000,24.9135055323,12.5000000000,8.3045018441,500.0000000000,586.0000000000,100,3.7390000000,16.0000000000,12.5000000000,8.3045018441
21,175,0.0000000100,3,40,20,100,16.7819926235,50,33.2180073765,12.5000000000,8.3045018441,37.5000000000,24.9135055323,12.5000000000,8.3045018441,500.0000000000,586.0000000000,100,3.1850000000,16.0000000000,12.5000000000,8.3045018441
24,175,0.0000000100,3,40,20,100,16.7819926235,50,33.2180073765,12.5000000000,8.3045018441,37.5000000000,24.9135055323,12.5000000000,8.3045018441,500.0000000000,586.0000000000,100,2.7730000000,16.0000000000,12.5000000000,8.3045018441
18,75,0.0000000100,3,40,20,100,16.7819926235,50,33.2180073765,12.5000000000,8.3045018441,37.5000000000,24.9135055323,12.5000000000,8.3045018441,500.0000000000,586.0000000000,100,1.6030000000,16.0000000000,12.5000000000,8.3045018441
18,125,0.0000000100,3,40,20,100,16.7819926235,50,33.2180073765,12.5000000000,8.3045018441,37.5000000000,24.9135055323,12.5000000000,8.3045018441,500.0000000000,586.0000000000,100,2.6720000000,16.0000000000,12.5000000000,8.3045018441
18,225,0.0000000100,3,40,20,100,16.7819926235,50,33.2180073765,12.5000000000,8.3045018441,37.5000000000,24.9135055323,12.5000000000,8.3045018441,500.0000000000,586.0000000000,100,4.8060000000,16.0000000000,12.5000000000,8.3045018441
18,275,0.0000000100,3,40,20,100,16.7819926235,50,33.2180073765,12.5000000000,8.3045018441,37.5000000000,24.9135055323,12.5000000000,8.3045018441,500.0000000000,586.0000000000,100,5.8710000000,16.0000000000,12.5000000000,8.3045018441
12,175,0.0000000100,3,40,20,100,16.7819926235,50,33.2180073765,12.5000000000,8.3045018441,37.5000000000,24.9135055323,11.2490000000,0.0000000000,30.0000000000,315.9000000000,100,5.5510000000,16.0000000000,11.2490000000,0.0000000000
18,175,0.0000000100,3,40,20,100,16.7819926235,50,33.2180073765,12.5000000000,8.3045018441,37.5000000000,24.9135055323,11.2490000000,0.0000000000,30.0000000000,315.9000000000,100,3.6620000000,16.0000000000,11.2490000000,0.0000000000
18,25,0.0000000100,3,40,20,100,16.7819926235,50,33.2180073765,12.5000000000,8.3045018441,37.5000000000,24.9135055323,11.1890000000,0.0000000000,30.0000000000,315.9000000000,100,0.5260000000,16.0000000000,11.1890000000,0.0000000000
18,75,0.0000000100,3,40,20,100,16.7819926235,50,33.2180073765,12.5000000000,8.3045018441,37.5000000000,24.9135055323,11.1890000000,0.0000000000,30.0000000000,315.9000000000,100,1.5710000000,16.0000000000,11.1890000000,0.0000000000
18,125,0.0000000100,3,40,20,100,16.7819926235,50,33.2180073765,12.5000000000,8.3045018441,37.5000000000,24.9135055323,11.1890000000,0.0000000000,30.0000000000,315.9000000000,100,2.6140000000,16.0000000000,11.1890000000,0.0000000000
18,225,0.0000000100,3,40,20,100,16.7819926235,50,33.2180073765,12.5000000000,8.3045018441,37.5000000000,24.9135055323,11.1890000000,0.0000000000,30.0000000000,315.9000000000,100,4.7060000000,16.0000000000,11.1890000000,0.0000000000
18,275,0.0000000100,3,40,20,100,16.7819926235,50,33.2180073765,12.5000000000,8.3045018441,37.5000000000,24.9135055323,11.1890000000,0.0000000000,30.0000000000,315.9000000000,100,5.7480000000,16.0000000000,11.1890000000,0.0000000000
18,325,0.0000000100,3,40,20,100,16.7819926235,50,33.2180073765,12.5000000000,8.3045018441,37.5000000000,24.9135055323,11.1890000000,0.0000000000,30.0000000000,315.9000000000,100,6.7930000000,16.0000000000,11.1890000000,0.0000000000
15,175,0.0000000100,3,40,20,100,16.7819926235,50,33.2180073765,12.5000000000,8.3045018441,37.5000000000,24.9135055323,11.1890000000,0.0000000000,200.0000000000,480.5000000000,100,4.4130000000,16.0000000000,11.1890000000,0.0000000000
18,25,0.0000000100,3,40,20,100,16.7819926235,50,33.2180073765,12.5000000000,8.3045018441,37.5000000000,24.9135055323,11.1890000000,0.0000000000,200.0000000000,480.5000000000,100,0.5260000000,16.0000000000,11.1890000000,0.0000000000
18,75,0.0000000100,3,40,20,100,16.7819926235,50,33.2180073765,12.5000000000,8.3045018441,37.5000000000,24.9135055323,11.1890000000,0.0000000000,200.0000000000,480.5000000000,100,1.5710000000,16.0000000000,11.1890000000,0.0000000000
18,125,0.0000000100,3,40,20,100,16.7819926235,50,33.2180073765,12.5000000000,8.3045018441,37.5000000000,24.9135055323,11.1890000000,0.0000000000,200.0000000000,480.5000000000,100,2.6140000000,16.0000000000,11.1890000000,0.0000000000
18,225,0.0000000100,3,40,20,100,16.7819926235,50,33.2180073765,12.5000000000,8.3045018441,37.5000000000,24.9135055323,11.1890000000,0.0000000000,200.0000000000,480.5000000000,100,4.7060000000,16.0000000000,11.1890000000,0.0000000000
18,275,0.0000000100,3,40,20,100,16.7819926235,50,33.2180073765,12.5000000000,8.3045018441,37.5000000000,24.9135055323,11.1890000000,0.0000000000,200.0000000000,480.5000000000,100,5.7480000000,16.0000000000,11.1890000000,0.0000000000
18,325,0.0000000100,3,40,20,100,16.7819926235,50,33.2180073765,12.5000000000,8.3045018441,37.5000000000,24.9135055323,11.1890000000,0.0000000000,200.0000000000,480.5000000000,100,6.7930000000,16.0000000000,11.1890000000,0.0000000000
15,175,0.0000000100,3,40,20,100,16.7819926235,50,33.2180073765,12.5000000000,8.3045018441,37.5000000000,24.9135055323,11.1890000000,0.0000000000,500.0000000000,586.0000000000,100,4.4130000000,16.0000000000,11.1890000000,0.0000000000
18,25,0.0000000100,3,40,20,100,16.7819926235,50,33.2180073765,12.5000000000,8.3045018441,37.5000000000,24.9135055323,11.1890000000,0.0000000000,500.0000000000,586.0000000000,100,0.5260000000,16.0000000000,11.1890000000,0.0000000000
18,75,0.0000000100,3,40,20,100,16.7819926235,50,33.2180073765,12.5000000000,8.3045018441,37.5000000000,24.9135055323,11.1890000000,0.0000000000,500.0000000000,586.0000000000,100,1.5710000000,16.0000000000,11.1890000000,0.0000000000
18,125,0.0000000100,3,40,20,100,16.7819926235,50,33.2180073765,12.5000000000,8.3045018441,37.5000000000,24.9135055323,11.1890000000,0.0000000000,500.0000000000,586.0000000000,100,2.6140000000,16.0000000000,11.1890000000,0.0000000000
18,225,0.0000000100,3,40,20,100,16.7819926235,50,33.2180073765,12.5000000000,8.3045018441,37.5000000000,24.9135055323,11.1890000000,0.0000000000,500.0000000000,586.0000000000,100,4.7060000000,16.0000000000,11.1890000000,0.0000000000
18,275,0.0000000100,3,40,20,100,16.7819926235,50,33.2180073765,12.5000000000,8.3045018441,37.5000000000,24.9135055323,11.1890000000,0.0000000000,500.0000000000,586.0000000000,100,5.7480000000,16.0000000000,11.1890000000,0.0000000000
18,325,0.0000000100,3,40,20,100,16.7819926235,50,33.2180073765,12.5000000000,8.3045018441,37.5000000000,24.9135055323,11.1890000000,0.0000000000,500.0000000000,586.0000000000,100,6.7930000000,16.0000000000,11.1890000000,0.0000000000
12,175,0.0000000100,3,40,20,100,16.7819926235,50,33.2180073765,16.7819926235,0.0000000000,33.2180073765,33.2180073765,16.7819926235,0.0000000000,30.0000000000,315.9000000000,100,5.8840000000,13.0000000000,16.7819926235,0.0000000000
18,175,0.0000000100,3,40,20,100,16.7819926235,50,33.2180073765,16.7819926235,0.0000000000,33.2180073765,33.2180073765,16.7819926235,0.0000000000,30.0000000000,315.9000000000,100,3.8220000000,13.0000000000,16.7819926235,0.0000000000
21,175,0.0000000100,3,40,20,100,16.7819926235,50,33.2180073765,16.7819926235,0.0000000000,33.2180073765,33.2180073765,16.7819926235,0.0000000000,30.0000000000,315.9000000000,100,3.2510000000,13.0000000000,16.7819926235,0.0000000000
24,175,0.0000000100,3,40,20,100,16.7819926235,50,33.2180073765,16.7819926235,0.0000000000,33.2180073765,33.2180073765,16.7819926235,0.0000000000,30.0000000000,315.9000000000,100,2.8270000000,13.0000000000,16.7819926235,0.0000000000
18,75,0.0000000100,3,40,20,100,16.7819926235,50,33.2180073765,16.7819926235,0.0000000000,33.2180073765,33.2180073765,16.7819926235,0.0000000000,30.0000000000,315.9000000000,100,1.6390000000,13.0000000000,16.7819926235,0.0000000000
18,125,0.0000000100,3,40,20,100,16.7819926235,50,33.2180073765,16.7819926235,0.0000000000,33.2180073765,33.2180073765,16.7819926235,0.0000000000,30.0000000000,315.9000000000,100,2.7270000000,13.0000000000,16.7819926235,0.0000000000
18,225,0.0000000100,3,40,20,100,16.7819926235,50,33.2180073765,16.7819926235,0.0000000000,33.2180073765,33.2180073765,16.7819926235,0.0000000000,30.0000000000,315.9000000000,100,4.9140000000,13.0000000000,16.7819926235,0.0000000000
18,275,0.0000000100,3,40,20,100,16.7819926235,50,33.2180073765,16.7819926235,0.0000000000,33.2180073765,33.2180073765,16.7819926235,0.0000000000,30.0000000000,315.9000000000,100,6.0060000000,13.0000000000,16.7819926235,0.0000000000
18,325,0.0000000100,3,40,20,100,16.7819926235,50,33.2180073765,16.7819926235,0.0000000000,33.2180073765,33.2180073765,16.7819926235,0.0000000000,30.0000000000,315.9000000000,100,7.0980000000,13.0000000000,16.7819926235,0.0000000000
12,175,0.0000000100,3,40,20,100,16.7819926235,50,33.2180073765,16.7819926235,0.0000000000,33.2180073765,33.2180073765,16.7819926235,0.0000000000,200.0000000000,480.5000000000,100,5.8840000000,13.0000000000,16.7819926235,0.0000000000
18,175,0.0000000100,3,40,20,100,16.7819926235,50,33.2180073765,16.7819926235,0.0000000000,33.2180073765,33.2180073765,16.7819926235,0.0000000000,200.0000000000,480.5000000000,100,3.8220000000,13.0000000000,16.7819926235,0.0000000000
21,175,0.0000000100,3,40,20,100,16.7819926235,50,33.2180073765,16.7819926235,0.0000000000,33.2180073765,33.2180073765,16.7819926235,0.0000000000,200.0000000000,480.5000000000,100,3.2510000000,13.0000000000,16.7819926235,0.0000000000
24,175,0.0000000100,3,40,20,100,16.7819926235,50,33.2180073765,16.7819926235,0.0000000000,33.2180073765,33.2180073765,16.7819926235,0.0000000000,200.0000000000,480.5000000000,100,2.8270000000,13.0000000000,16.7819926235,0.0000000000
18,75,0.0000000100,3,40,20,100,16.7819926235,50,33.2180073765,16.7819926235,0.0000000000,33.2180073765,33.2180073765,16.7819926235,0.0000000000,200.0000000000,480.5000000000,100,1.6390000000,13.0000000000,16.7819926235,0.0000000000
18,125,0.0000000100,3,40,20,100,16.7819926235,50,33.2180073765,16.7819926235,0.0000000000,33.2180073765,33.2180073765,16.7819926235,0.0000000000,200.0000000000,480.5000000000,100,2.7270000000,13.0000000000,16.7819926235,0.0000000000
18,225,0.0000000100,3,40,20,100,16.7819926235,50,33.2180073765,16.7819926235,0.0000000000,33.2180073765,33.2180073765,16.7819926235,0.0000000000,200.0000000000,480.5000000000,100,4.9140000000,13.0000000000,16.7819926235,0.0000000000
18,275,0.0000000100,3,40,20,100,16.7819926235,50,33.2180073765,16.7819926235,0.0000000000,33.2180073765,33.2180073765,16.7819926235,0.0000000000,200.0000000000,480.5000000000,100,6.0060000000,13.0000000000,16.7819926235,0.0000000000
18,325,0.0000000100,3,40,20,100,16.7819926235,50,33.2180073765,16.7819926235,0.0000000000,33.2180073765,33.2180073765,16.7819926235,0.0000000000,200.0000000000,480.5000000000,100,7.0980000000,13.0000000000,16.7819926235,0.0000000000
12,175,0.0000000100,3,40,20,100,16.7819926235,50,33.2180073765,16.7819926235,0.0000000000,33.2180073765,33.2180073765,16.7819926235,0.0000000000,500.0000000000,586.0000000000,100,5.8840000000,13.0000000000,16.7819926235,0.0000000000
18,175,0.0000000100,3,40,20,100,16.7819926235,50,33.2180073765,16.7819926235,0.0000000000,33.2180073765,33.2180073765,16.7819926235,0.0000000000,500.0000000000,586.0000000000,100,3.8220000000,13.0000000000,16.7819926235,0.0000000000
21,175,0.0000000100,3,40,20,100,16.7819926235,50,33.2180073765,16.7819926235,0.0000000000,33.2180073765,33.2180073765,16.7819926235,0.0000000000,500.0000000000,586.0000000000,100,3.2510000000,13.0000000000,16.7819926235,0.0000000000
24,175,0.0000000100,3,40,20,100,16.7819926235,50,33.2180073765,16.7819926235,0.0000000000,33.2180073765,33.2180073765,16.7819926235,0.0000000000,500.0000000000,586.0000000000,100,2.8270000000,13.0000000000,16.7819926235,0.0000000000
18,75,0.0000000100,3,40,20,100,16.7819926235,50,33.2180073765,16.7819926235,0.0000000000,33.2180073765,33.2180073765,16.7819926235,0.0000000000,500.0000000000,586.0000000000,100,1.6390000000,13.0000000000,16.7819926235,0.0000000000
18,125,0.0000000100,3,40,20,100,16.7819926235,50,33.2180073765,16.7819926235,0.0000000000,33.2180073765,33.2180073765,16.7819926235,0.0000000000,500.0000000000,586.0000000000,100,2.7270000000,13.0000000000,16.7819926235,0.0000000000
18,225,0.0000000100,3,40,20,100,16.7819926235,50,33.2180073765,16.7819926235,0.0000000000,33.2180073765,33.2180073765,16.7819926235,0.0000000000,500.0000000000,586.0000000000,100,4.9140000000,13.0000000000,16.7819926235,0.0000000000
18,275,0.0000000100,3,40,20,100,16.7819926235,50,33.2180073765,16.7819926235,0.0000000000,33.2180073765,33.2180073765,16.7819926235,0.0000000000,500.0000000000,586.0000000000,100,6.0060000000,13.0000000000,16.7819926235,0.0000000000
18,325,0.0000000100,3,40,20,100,16.7819926235,50,33.2180073765,16.7819926235,0.0000000000,33.2180073765,33.2180073765,16.7819926235,0.0000000000,500.0000000000,586.0000000000,100,7.0980000000,13.0000000000,16.7819926235,0.0000000000
12,175,0.0000000100,3,40,20,100,16.7819926235,50,33.2180073765,16.7819926235,0.0000000000,33.2180073765,33.2180073765,11.2490000000,0.0000000000,30.0000000000,315.9000000000,100,5.7260000000,13.0000000000,11.2490000000,0.0000000000
15,175,0.0000000100,3,40,20,100,16.7819926235,50,33.2180073765,16.7819926235,0.0000000000,33.2180073765,33.2180073765,11.2490000000,0.0000000000,30.0000000000,315.9000000000,100,4.5350000000,13.0000000000,11.2490000000,0.0000000000
21,175,0.0000000100,3,40,20,100,16.7819926235,50,33.2180073765,16.7819926235,0.0000000000,33.2180073765,33.2180073765,11.1890000000,0.0000000000,30.0000000000,315.9000000000,100,3.2030000000,13.0000000000,11.1890000000,0.0000000000
18,25,0.0000000100,3,40,20,100,16.7819926235,50,33.2180073765,16.7819926235,0.0000000000,33.2180073765,33.2180073765,11.1890000000,0.0000000000,30.0000000000,315.9000000000,100,0.5380000000,13.0000000000,11.1890000000,0.0000000000
18,75,0.0000000100,3,40,20,100,16.7819926235,50,33.2180073765,16.7819926235,0.0000000000,33.2180073765,33.2180073765,11.1890000000,0.0000000000,30.0000000000,315.9000000000,100,1.6100000000,13.0000000000,11.1890000000,0.0000000000
18,125,0.0000000100,3,40,20,100,16.7819926235,50,33.2180073765,16.7819926235,0.0000000000,33.2180073765,33.2180073765,11.1890000000,0.0000000000,30.0000000000,315.9000000000,100,2.6800000000,13.0000000000,11.1890000000,0.0000000000
18,225,0.0000000100,3,40,20,100,16.7819926235,50,33.2180073765,16.7819926235,0.0000000000,33.2180073765,33.2180073765,11.1890000000,0.0000000000,30.0000000000,315.9000000000,100,4.8270000000,13.0000000000,11.1890000000,0.0000000000
18,275,0.0000000100,3,40,20,100,16.7819926235,50,33.2180073765,16.7819926235,0.0000000000,33.2180073765,33.2180073765,11.1890000000,0.0000000000,30.0000000000,315.9000000000,100,5.9000000000,13.0000000000,11.1890000000,0.0000000000
12,175,0.0000000100,3,40,20,100,16.7819926235,50,33.2180073765,16.7819926235,0.0000000000,33.2180073765,33.2180073765,11.1890000000,0.0000000000,200.0000000000,480.5000000000,100,5.7260000000,13.0000000000,11.1890000000,0.0000000000
15,175,0.0000000100,3,40,20,100,16.7819926235,50,33.2180073765,16.7819926235,0.0000000000,33.2180073765,33.2180073765,11.1890000000,0.0000000000,200.0000000000,480.5000000000,100,4.5350000000,13.0000000000,11.1890000000,0.0000000000
21,175,0.0000000100,3,40,20,100,16.7819926235,50,33.2180073765,16.7819926235,0.0000000000,33.2180073765,33.2180073765,11.1890000000,0.0000000000,200.0000000000,480.5000000000,100,3.2030000000,13.0000000000,11.1890000000,0.0000000000
18,25,0.0000000100,3,40,20,100,16.7819926235,50,33.2180073765,16.7819926235,0.0000000000,33.2180073765,33.2180073765,11.1890000000,0.0000000000,200.0000000000,480.5000000000,100,0.5380000000,13.0000000000,11.1890000000,0.0000000000
18,75,0.0000000100,3,40,20,100,16.7819926235,50,33.2180073765,16.7819926235,0.0000000000,33.2180073765,33.2180073765,11.1890000000,0.0000000000,200.0000000000,480.5000000000,100,1.6100000000,13.0000000000,11.1890000000,0.0000000000
18,125,0.0000000100,3,40,20,100,16.7819926235,50,33.2180073765,16.7819926235,0.0000000000,33.2180073765,33.2180073765,11.1890000000,0.0000000000,200.0000000000,480.5000000000,100,2.6800000000,13.0000000000,11.1890000000,0.0000000000
18,225,0.0000000100,3,40,20,100,16.7819926235,50,33.2180073765,16.7819926235,0.0000000000,33.2180073765,33.2180073765,11.1890000000,0.0000000000,200.0000000000,480.5000000000,100,4.8270000000,13.0000000000,11.1890000000,0.0000000000
18,275,0.0000000100,3,40,20,100,16.7819926235,50,33.2180073765,16.7819926235,0.0000000000,33.2180073765,33.2180073765,11.1890000000,0.0000000000,200.0000000000,480.5000000000,100,5.9000000000,13.0000000000,11.1890000000,0.0000000000
12,175,0.0000000100,3,40,20,100,16.7819926235,50,33.2180073765,16.7819926235,0.0000000000,33.2180073765,33.2180073765,11.1890000000,0.0000000000,500.0000000000,586.0000000000,100,5.7260000000,13.0000000000,11.1890000000,0.0000000000
15,175,0.0000000100,3,40,20,100,16.7819926235,50,33.2180073765,16.7819926235,0.0000000000,33.2180073765,33.2180073765,11.1890000000,0.0000000000,500.0000000000,586.0000000000,100,4.5350000000,13.0000000000,11.1890000000,0.0000000000
21,175,0.0000000100,3,40,20,100,16.7819926235,50,33.2180073765,16.7819926235,0.0000000000,33.2180073765,33.2180073765,11.1890000000,0.0000000000,500.0000000000,586.0000000000,100,3.2030000000,13.0000000000,11.1890000000,0.0000000000
18,25,0.0000000100,3,40,20,100,16.7819926235,50,33.2180073765,16.7819926235,0.0000000000,33.2180073765,33.2180073765,11.1890000000,0.0000000000,500.0000000000,586.0000000000,100,0.5380000000,13.0000000000,11.1890000000,0.0000000000
18,75,0.0000000100,3,40,20,100,16.7819926235,50,33.2180073765,16.7819926235,0.0000000000,33.2180073765,33.2180073765,11.1890000000,0.0000000000,500.0000000000,586.0000000000,100,1.6100000000,13.0000000000,11.1890000000,0.0000000000
18,125,0.0000000100,3,40,20,100,16.7819926235,50,33.2180073765,16.7819926235,0.0000000000,33.2180073765,33.2180073765,11.1890000000,0.0000000000,500.0000000000,586.0000000000,100,2.6800000000,13.0000000000,11.1890000000,0.0000000000
18,225,0.0000000100,3,40,20,100,16.7819926235,50,33.2180073765,16.7819926235,0.0000000000,33.2180073765,33.2180073765,11.1890000000,0.0000000000,500.0000000000,586.0000000000,100,4.8270000000,13.0000000000,11.1890000000,0.0000000000
18,275,0.0000000100,3,40,20,100,16.7819926235,50,33.2180073765,16.7819926235,0.0000000000,33.2180073765,33.2180073765,11.1890000000,0.0000000000,500.0000000000,586.0000000000,100,5.9000000000,13.0000000000,11.1890000000,0.0000000000
12,175,0.0000000100,3,40,40,200,33.5639852471,100,66.4360147529,90.0000000000,56.4360147529,10.0000000000,10.0000000000,90.0000000000,56.4360147529,30.0000000000,315.9000000000,100,2.8010000000,42.0000000000,90.0000000000,56.4360147529
15,175,0.0000000100,3,40,40,200,33.5639852471,100,66.4360147529,90.0000000000,56.4360147529,10.0000000000,10.0000000000,90.0000000000,56.4360147529,30.0000000000,315.9000000000,100,2.2020000000,42.0000000000,90.0000000000,56.4360147529
21,175,0.0000000100,3,40,40,200,33.5639852471,100,66.4360147529,90.0000000000,56.4360147529,10.0000000000,10.0000000000,90.0000000000,56.4360147529,30.0000000000,315.9000000000,100,1.5430000000,42.0000000000,90.0000000000,56.4360147529
24,175,0.0000000100,3,40,40,200,33.5639852471,100,66.4360147529,90.0000000000,56.4360147529,10.0000000000,10.0000000000,90.0000000000,56.4360147529,30.0000000000,315.9000000000,100,1.3420000000,42.0000000000,90.0000000000,56.4360147529
18,75,0.0000000100,3,40,40,200,33.5639852471,100,66.4360147529,90.0000000000,56.4360147529,10.0000000000,10.0000000000,90.0000000000,56.4360147529,30.0000000000,315.9000000000,100,0.7780000000,42.0000000000,90.0000000000,56.4360147529
18,225,0.0000000100,3,40,40,200,33.5639852471,100,66.4360147529,90.0000000000,56.4360147529,10.0000000000,10.0000000000,90.0000000000,56.4360147529,30.0000000000,315.9000000000,100,2.3330000000,42.0000000000,90.0000000000,56.4360147529
18,275,0.0000000100,3,40,40,200,33.5639852471,100,66.4360147529,90.0000000000,56.4360147529,10.0000000000,10.0000000000,90.0000000000,56.4360147529,30.0000000000,315.9000000000,100,2.8510000000,42.0000000000,90.0000000000,56.4360147529
18,325,0.0000000100,3,40,40,200,33.5639852471,100,66.4360147529,90.0000000000,56.4360147529,10.0000000000,10.0000000000,90.0000000000,56.4360147529,30.0000000000,315.9000000000,100,3.3700000000,42.0000000000,90.0000000000,56.4360147529
12,175,0.0000000100,3,40,40,200,33.5639852471,100,66.4360147529,90.0000000000,56.4360147529,10.0000000000,10.0000000000,90.0000000000,56.4360147529,200.0000000000,480.5000000000,100,2.8010000000,42.0000000000,90.0000000000,56.4360147529
15,175,0.0000000100,3,40,40,200,33.5639852471,100,66.4360147529,90.0000000000,56.4360147529,10.0000000000,10.0000000000,90.0000000000,56.4360147529,200.0000000000,480.5000000000,100,2.2020000000,42.0000000000,90.0000000000,56.4360147529
21,175,0.0000000100,3,40,40,200,33.5639852471,100,66.4360147529,90.0000000000,56.4360147529,10.0000000000,10.0000000000,90.0000000000,56.4360147529,200.0000000000,480.5000000000,100,1.5430000000,42.0000000000,90.0000000000,56.4360147529
24,175,0.0000000100,3,40,40,200,33.5639852471,100,66.4360147529,90.0000000000,56.4360147529,10.0000000000,10.0000000000,90.0000000000,56.4360147529,200.0000000000,480.5000000000,100,1.3420000000,42.0000000000,90.0000000000,56.4360147529
18,75,0.0000000100,3,40,40,200,33.5639852471,100,66.4360147529,90.0000000000,56.4360147529,10.0000000000,10.0000000000,90.0000000000,56.4360147529,200.0000000000,480.5000000000,100,0.7780000000,42.0000000000,90.0000000000,56.4360147529
18,225,0.0000000100,3,40,40,200,33.5639852471,100,66.4360147529,90.0000000000,56.4360147529,10.0000000000,10.0000000000,90.0000000000,56.4360147529,200.0000000000,480.5000000000,100,2.3330000000,42.0000000000,90.0000000000,56.4360147529
18,275,0.0000000100,3,40,40,200,33.5639852471,100,66.4360147529,90.0000000000,56.4360147529,10.0000000000,10.0000000000,90.0000000000,56.4360147529,200.0000000000,480.5000000000,100,2.8510000000,42.0000000000,90.0000000000,56.4360147529
18,325,0.0000000100,3,40,40,200,33.5639852471,100,66.4360147529,90.0000000000,56.4360147529,10.0000000000,10.0000000000,90.0000000000,56.4360147529,200.0000000000,480.5000000000,100,3.3700000000,42.0000000000,90.0000000000,56.4360147529
12,175,0.0000000100,3,40,40,200,33.5639852471,100,66.4360147529,90.0000000000,56.4360147529,10.0000000000,10.0000000000,90.0000000000,56.4360147529,500.0000000000,586.0000000000,100,2.8010000000,42.0000000000,90.0000000000,56.4360147529
15,175,0.0000000100,3,40,40,200,33.5639852471,100,66.4360147529,90.0000000000,56.4360147529,10.0000000000,10.0000000000,90.0000000000,56.4360147529,500.0000000000,586.0000000000,100,2.2020000000,42.0000000000,90.0000000000,56.4360147529
21,175,0.0000000100,3,40,40,200,33.5639852471,100,66.4360147529,90.0000000000,56.4360147529,10.0000000000,10.0000000000,90.0000000000,56.4360147529,500.0000000000,586.0000000000,100,1.5430000000,42.0000000000,90.0000000000,56.4360147529
24,175,0.0000000100,3,40,40,200,33.5639852471,100,66.4360147529,90.0000000000,56.4360147529,10.0000000000,10.0000000000,90.0000000000,56.4360147529,500.0000000000,586.0000000000,100,1.3420000000,42.0000000000,90.0000000000,56.4360147529
18,75,0.0000000100,3,40,40,200,33.5639852471,100,66.4360147529,90.0000000000,56.4360147529,10.0000000000,10.0000000000,90.0000000000,56.4360147529,500.0000000000,586.0000000000,100,0.7780000000,42.0000000000,90.0000000000,56.4360147529
18,225,0.0000000100,3,40,40,200,33.5639852471,100,66.4360147529,90.0000000000,56.4360147529,10.0000000000,10.0000000000,90.0000000000,56.4360147529,500.0000000000,586.0000000000,100,2.3330000000,42.0000000000,90.0000000000,56.4360147529
18,275,0.0000000100,3,40,40,200,33.5639852471,100,66.4360147529,90.0000000000,56.4360147529,10.0000000000,10.0000000000,90.0000000000,56.4360147529,500.0000000000,586.0000000000,100,2.8510000000,42.0000000000,90.0000000000,56.4360147529
18,325,0.0000000100,3,40,40,200,33.5639852471,100,66.4360147529,90.0000000000,56.4360147529,10.0000000000,10.0000000000,90.0000000000,56.4360147529,500.0000000000,586.0000000000,100,3.3700000000,42.0000000000,90.0000000000,56.4360147529
12,175,0.0000000100,3,40,40,200,33.5639852471,100,66.4360147529,90.0000000000,56.4360147529,10.0000000000,10.0000000000,22.4020000000,0.0000000000,30.0000000000,315.9000000000,100,2.6850000000,42.0000000000,22.4020000000,0.0000000000
15,175,0.0000000100,3,40,40,200,33.5639852471,100,66.4360147529,90.0000000000,56.4360147529,10.0000000000,10.0000000000,22.4020000000,0.0000000000,30.0000000000,315.9000000000,100,2.1300000000,42.0000000000,22.4020000000,0.0000000000
18,175,0.0000000100,3,40,40,200,33.5639852471,100,66.4360147529,90.0000000000,56.4360147529,10.0000000000,10.0000000000,22.4020000000,0.0000000000,30.0000000000,315.9000000000,100,1.7650000000,42.0000000000,22.4020000000,0.0000000000
21,175,0.0000000100,3,40,40,200,33.5639852471,100,66.4360147529,90.0000000000,56.4360147529,10.0000000000,10.0000000000,22.4020000000,0.0000000000,30.0000000000,315.9000000000,100,1.5070000000,42.0000000000,22.4020000000,0.0000000000
24,175,0.0000000100,3,40,40,200,33.5639852471,100,66.4360147529,90.0000000000,56.4360147529,10.0000000000,10.0000000000,22.4020000000,0.0000000000,30.0000000000,315.9000000000,100,1.3150000000,42.0000000000,22.4020000000,0.0000000000
18,75,0.0000000100,3,40,40,200,33.5639852471,100,66.4360147529,90.0000000000,56.4360147529,10.0000000000,10.0000000000,22.4020000000,0.0000000000,30.0000000000,315.9000000000,100,0.7560000000,43.0000000000,22.4020000000,0.0000000000
18,225,0.0000000100,3,40,40,200,33.5639852471,100,66.4360147529,90.0000000000,56.4360147529,10.0000000000,10.0000000000,22.4020000000,0.0000000000,30.0000000000,315.9000000000,100,2.2700000000,42.0000000000,22.4020000000,0.0000000000
18,275,0.0000000100,3,40,40,200,33.5639852471,100,66.4360147529,90.0000000000,56.4360147529,10.0000000000,10.0000000000,22.4020000000,0.0000000000,30.0000000000,315.9000000000,100,2.7740000000,43.0000000000,22.4020000000,0.0000000000
18,325,0.0000000100,3,40,40,200,33.5639852471,100,66.4360147529,90.0000000000,56.4360147529,10.0000000000,10.0000000000,22.4020000000,0.0000000000,30.0000000000,315.9000000000,100,3.2780000000,43.0000000000,22.4020000000,0.0000000000
12,175,0.0000000100,3,40,40,200,33.5639852471,100,66.4360147529,90.0000000000,56.4360147529,10.0000000000,10.0000000000,22.4020000000,0.0000000000,200.0000000000,480.5000000000,100,2.6850000000,42.0000000000,22.4020000000,0.0000000000
15,175,0.0000000100,3,40,40,200,33.5639852471,100,66.4360147529,90.0000000000,56.4360147529,10.0000000000,10.0000000000,22.4020000000,0.0000000000,200.0000000000,480.5000000000,100,2.1300000000,42.0000000000,22.4020000000,0.0000000000
18,175,0.0000000100,3,40,40,200,33.5639852471,100,66.4360147529,90.0000000000,56.4360147529,10.0000000000,10.0000000000,22.4020000000,0.0000000000,200.0000000000,480.5000000000,100,1.7650000000,42.0000000000,22.4020000000,0.0000000000
21,175,0.0000000100,3,40,40,200,33.5639852471,100,66.4360147529,90.0000000000,56.4360147529,10.0000000000,10.0000000000,22.4020000000,0.0000000000,200.0000000000,480.5000000000,100,1.5070000000,42.0000000000,22.4020000000,0.0000000000
24,175,0.0000000100,3,40,40,200,33.5639852471,100,66.4360147529,90.0000000000,56.4360147529,10.0000000000,10.0000000000,22.4020000000,0.0000000000,200.0000000000,480.5000000000,100,1.3150000000,42.0000000000,22.4020000000,0.0000000000
18,75,0.0000000100,3,40,40,200,33.5639852471,100,66.4360147529,90.0000000000,56.4360147529,10.0000000000,10.0000000000,22.4020000000,0.0000000000,200.0000000000,480.5000000000,100,0.7560000000,43.0000000000,22.4020000000,0.0000000000
18,225,0.0000000100,3,40,40,200,33.5639852471,100,66.4360147529,90.0000000000,56.4360147529,10.0000000000,10.0000000000,22.4020000000,0.0000000000,200.0000000000,480.5000000000,100,2.2700000000,42.0000000000,22.4020000000,0.0000000000
18,275,0.0000000100,3,40,40,200,33.5639852471,100,66.4360147529,90.0000000000,56.4360147529,10.0000000000,10.0000000000,22.4020000000,0.0000000000,200.0000000000,480.5000000000,100,2.7740000000,43.0000000000,22.4020000000,0.0000000000
18,325,0.0000000100,3,40,40,200,33.5639852471,100,66.4360147529,90.0000000000,56.4360147529,10.0000000000,10.0000000000,22.4020000000,0.0000000000,200.0000000000,480.5000000000,100,3.2780000000,43.0000000000,22.4020000000,0.0000000000
12,175,0.0000000100,3,40,40,200,33.5639852471,100,66.4360147529,90.0000000000,56.4360147529,10.0000000000,10.0000000000,22.4020000000,0.0000000000,500.0000000000,586.0000000000,100,2.6850000000,42.0000000000,22.4020000000,0.0000000000
15,175,0.0000000100,3,40,40,200,33.5639852471,100,66.4360147529,90.0000000000,56.4360147529,10.0000000000,10.0000000000,22.4020000000,0.0000000000,500.0000000000,586.0000000000,100,2.1300000000,42.0000000000,22.4020000000,0.0000000000
18,175,0.0000000100,3,40,40,200,33.5639852471,100,66.4360147529,90.0000000000,56.4360147529,10.0000000000,10.0000000000,22.4020000000,0.0000000000,500.0000000000,586.0000000000,100,1.7650000000,42.0000000000,22.4020000000,0.0000000000
21,175,0.0000000100,3,40,40,200,33.5639852471,100,66.4360147529,90.0000000000,56.4360147529,10.0000000000,10.0000000000,22.4020000000,0.0000000000,500.0000000000,586.0000000000,100,1.5070000000,42.0000000000,22.4020000000,0.0000000000
24,175,0.0000000100,3,40,40,200,33.5639852471,100,66.4360147529,90.0000000000,56.4360147529,10.0000000000,10.0000000000,22.4020000000,0.0000000000,500.0000000000,586.0000000000,100,1.3150000000,42.0000000000,22.4020000000,0.0000000000
18,75,0.0000000100,3,40,40,200,33.5639852471,100,66.4360147529,90.0000000000,56.4360147529,10.0000000000,10.0000000000,22.4020000000,0.0000000000,500.0000000000,586.0000000000,100,0.7560000000,43.0000000000,22.4020000000,0.0000000000
18,225,0.0000000100,3,40,40,200,33.5639852471,100,66.4360147529,90.0000000000,56.4360147529,10.0000000000,10.0000000000,22.4020000000,0.0000000000,500.0000000000,586.0000000000,100,2.2700000000,42.0000000000,22.4020000000,0.0000000000
18,275,0.0000000100,3,40,40,200,33.5639852471,100,66.4360147529,90.0000000000,56.4360147529,10.0000000000,10.0000000000,22.4020000000,0.0000000000,500.0000000000,586.0000000000,100,2.7740000000,43.0000000000,22.4020000000,0.0000000000
18,325,0.0000000100,3,40,40,200,33.5639852471,100,66.4360147529,90.0000000000,56.4360147529,10.0000000000,10.0000000000,22.4020000000,0.0000000000,500.0000000000,586.0000000000,100,3.2780000000,43.0000000000,22.4020000000,0.0000000000
12,175,0.0000000100,3,40,40,200,33.5639852471,100,66.4360147529,25.0000000000,16.6090036882,75.0000000000,49.8270110647,25.0000000000,16.6090036882,30.0000000000,315.9000000000,100,2.8970000000,33.0000000000,25.0000000000,16.6090036882
15,175,0.0000000100,3,40,40,200,33.5639852471,100,66.4360147529,25.0000000000,16.6090036882,75.0000000000,49.8270110647,25.0000000000,16.6090036882,30.0000000000,315.9000000000,100,2.2800000000,33.0000000000,25.0000000000,16.6090036882
18,175,0.0000000100,3,40,40,200,33.5639852471,100,66.4360147529,25.0000000000,16.6090036882,75.0000000000,49.8270110647,25.0000000000,16.6090036882,30.0000000000,315.9000000000,100,1.8800000000,33.0000000000,25.0000000000,16.6090036882
21,175,0.0000000100,3,40,40,200,33.5639852471,100,66.4360147529,25.0000000000,16.6090036882,75.0000000000,49.8270110647,25.0000000000,16.6090036882,30.0000000000,315.9000000000,100,1.6000000000,33.0000000000,25.0000000000,16.6090036882
24,175,0.0000000100,3,40,40,200,33.5639852471,100,66.4360147529,25.0000000000,16.6090036882,75.0000000000,49.8270110647,25.0000000000,16.6090036882,30.0000000000,315.9000000000,100,1.3920000000,33.0000000000,25.0000000000,16.6090036882
18,25,0.0000000100,3,40,40,200,33.5639852471,100,66.4360147529,25.0000000000,16.6090036882,75.0000000000,49.8270110647,25.0000000000,16.6090036882,30.0000000000,315.9000000000,100,0.2680000000,33.0000000000,25.0000000000,16.6090036882
18,75,0.0000000100,3,40,40,200,33.5639852471,100,66.4360147529,25.0000000000,16.6090036882,75.0000000000,49.8270110647,25.0000000000,16.6090036882,30.0000000000,315.9000000000,100,0.8070000000,33.0000000000,25.0000000000,16.6090036882
18,125,0.0000000100,3,40,40,200,33.5639852471,100,66.4360147529,25.0000000000,16.6090036882,75.0000000000,49.8270110647,25.0000000000,16.6090036882,30.0000000000,315.9000000000,100,1.3440000000,33.0000000000,25.0000000000,16.6090036882
18,225,0.0000000100,3,40,40,200,33.5639852471,100,66.4360147529,25.0000000000,16.6090036882,75.0000000000,49.8270110647,25.0000000000,16.6090036882,30.0000000000,315.9000000000,100,2.4170000000,33.0000000000,25.0000000000,16.6090036882
18,275,0.0000000100,3,40,40,200,33.5639852471,100,66.4360147529,25.0000000000,16.6090036882,75.0000000000,49.8270110647,25.0000000000,16.6090036882,30.0000000000,315.9000000000,100,2.9560000000,33.0000000000,25.0000000000,16.6090036882
12,175,0.0000000100,3,40,40,200,33.5639852471,100,66.4360147529,25.0000000000,16.6090036882,75.0000000000,49.8270110647,25.0000000000,16.6090036882,200.0000000000,480.5000000000,100,2.8970000000,33.0000000000,25.0000000000,16.6090036882
15,175,0.0000000100,3,40,40,200,33.5639852471,100,66.4360147529,25.0000000000,16.6090036882,75.0000000000,49.8270110647,25.0000000000,16.6090036882,200.0000000000,480.5000000000,100,2.2800000000,33.0000000000,25.0000000000,16.6090036882
18,175,0.0000000100,3,40,40,200,33.5639852471,100,66.4360147529,25.0000000000,16.6090036882,75.0000000000,49.8270110647,25.0000000000,16.6090036882,200.0000000000,480.5000000000,100,1.8800000000,33.0000000000,25.0000000000,16.6090036882
21,175,0.0000000100,3,40,40,200,33.5639852471,100,66.4360147529,25.0000000000,16.6090036882,75.0000000000,49.8270110647,25.0000000000,16.6090036882,200.0000000000,480.5000000000,100,1.6000000000,33.0000000000,25.0000000000,16.6090036882
24,175,0.0000000100,3,40,40,200,33.5639852471,100,66.4360147529,25.0000000000,16.6090036882,75.0000000000,49.8270110647,25.0000000000,16.6090036882,200.0000000000,480.5000000000,100,1.3920000000,33.0000000000,25.0000000000,16.6090036882
18,25,0.0000000100,3,40,40,200,33.5639852471,100,66.4360147529,25.0000000000,16.6090036882,75.0000000000,49.8270110647,25.0000000000,16.6090036882,200.0000000000,480.5000000000,100,0.2680000000,33.0000000000,25.0000000000,16.6090036882
18,75,0.0000000100,3,40,40,200,33.5639852471,100,66.4360147529,25.0000000000,16.6090036882,75.0000000000,49.8270110647,25.0000000000,16.6090036882,200.0000000000,480.5000000000,100,0.8070000000,33.0000000000,25.0000000000,16.6090036882
18,125,0.0000000100,3,40,40,200,33.5639852471,100,66.4360147529,25.0000000000,16.6090036882,75.0000000000,49.8270110647,25.0000000000,16.6090036882,200.0000000000,480.5000000000,100,1.3440000000,33.0000000000,25.0000000000,16.6090036882
18,225,0.0000000100,3,40,40,200,33.5639852471,100,66.4360147529,25.0000000000,16.6090036882,75.0000000000,49.8270110647,25.0000000000,16.6090036882,200.0000000000,480.5000000000,100,2.4170000000,33.0000000000,25.0000000000,16.6090036882
18,275,0.0000000100,3,40,40,200,33.5639852471,100,66.4360147529,25.0000000000,16.6090036882,75.0000000000,49.8270110647,25.0000000000,16.6090036882,200.0000000000,480.5000000000,100,2.9560000000,33.0000000000,25.0000000000,16.6090036882
12,175,0.0000000100,3,40,40,200,33.5639852471,100,66.4360147529,25.0000000000,16.6090036882,75.0000000000,49.8270110647,25.0000000000,16.6090036882,500.0000000000,586.0000000000,100,2.8970000000,33.0000000000,25.0000000000,16.6090036882
15,175,0.0000000100,3,40,40,200,33.5639852471,100,66.4360147529,25.0000000000,16.6090036882,75.0000000000,49.8270110647,25.0000000000,16.6090036882,500.0000000000,586.0000000000,100,2.2800000000,33.0000000000,25.0000000000,16.6090036882
18,175,0.0000000100,3,40,40,200,33.5639852471,100,66.4360147529,25.0000000000,16.6090036882,75.0000000000,49.8270110647,25.0000000000,16.6090036882,500.0000000000,586.0000000000,100,1.8800000000,33.0000000000,25.0000000000,16.6090036882
21,175,0.0000000100,3,40,40,200,33.5639852471,100,66.4360147529,25.0000000000,16.6090036882,75.0000000000,49.8270110647,25.0000000000,16.6090036882,500.0000000000,586.0000000000,100,1.6000000000,33.0000000000,25.0000000000,16.6090036882
24,175,0.0000000100,3,40,40,200,33.5639852471,100,66.4360147529,25.0000000000,16.6090036882,75.0000000000,49.8270110647,25.0000000000,16.6090036882,500.0000000000,586.0000000000,100,1.3920000000,33.0000000000,25.0000000000,16.6090036882
18,25,0.0000000100,3,40,40,200,33.5639852471,100,66.4360147529,25.0000000000,16.6090036882,75.0000000000,49.8270110647,25.0000000000,16.6090036882,500.0000000000,586.0000000000,100,0.2680000000,33.0000000000,25.0000000000,16.6090036882
18,75,0.0000000100,3,40,40,200,33.5639852471,100,66.4360147529,25.0000000000,16.6090036882,75.0000000000,49.8270110647,25.0000000000,16.6090036882,500.0000000000,586.0000000000,100,0.8070000000,33.0000000000,25.0000000000,16.6090036882
18,125,0.0000000100,3,40,40,200,33.5639852471,100,66.4360147529,25.0000000000,16.6090036882,75.0000000000,49.8270110647,25.0000000000,16.6090036882,500.0000000000,586.0000000000,100,1.3440000000,33.0000000000,25.0000000000,16.6090036882
18,225,0.0000000100,3,40,40,200,33.5639852471,100,66.4360147529,25.0000000000,16.6090036882,75.0000000000,49.8270110647,25.0000000000,16.6090036882,500.0000000000,586.0000000000,100,2.4170000000,33.0000000000,25.0000000000,16.6090036882
18,275,0.0000000100,3,40,40,200,33.5639852471,100,66.4360147529,25.0000000000,16.6090036882,75.0000000000,49.8270110647,25.0000000000,16.6090036882,500.0000000000,586.0000000000,100,2.9560000000,33.0000000000,25.0000000000,16.6090036882
18,175,0.0000000100,3,40,40,200,33.5639852471,100,66.4360147529,25.0000000000,16.6090036882,75.0000000000,49.8270110647,22.4020000000,0.0000000000,30.0000000000,315.9000000000,100,1.8440000000,33.0000000000,22.4020000000,0.0000000000
24,175,0.0000000100,3,40,40,200,33.5639852471,100,66.4360147529,25.0000000000,16.6090036882,75.0000000000,49.8270110647,22.4020000000,0.0000000000,30.0000000000,315.9000000000,100,1.3740000000,33.0000000000,22.4020000000,0.0000000000
18,25,0.0000000100,3,40,40,200,33.5639852471,100,66.4360147529,25.0000000000,16.6090036882,75.0000000000,49.8270110647,22.4020000000,0.0000000000,30.0000000000,315.9000000000,100,0.2650000000,33.0000000000,22.4020000000,0.0000000000
18,75,0.0000000100,3,40,40,200,33.5639852471,100,66.4360147529,25.0000000000,16.6090036882,75.0000000000,49.8270110647,22.4020000000,0.0000000000,30.0000000000,315.9000000000,100,0.7900000000,33.0000000000,22.4020000000,0.0000000000
18,125,0.0000000100,3,40,40,200,33.5639852471,100,66.4360147529,25.0000000000,16.6090036882,75.0000000000,49.8270110647,22.4020000000,0.0000000000,30.0000000000,315.9000000000,100,1.3160000000,33.0000000000,22.4020000000,0.0000000000
18,225,0.0000000100,3,40,40,200,33.5639852471,100,66.4360147529,25.0000000000,16.6090036882,75.0000000000,49.8270110647,22.4020000000,0.0000000000,30.0000000000,315.9000000000,100,2.3660000000,33.0000000000,22.4020000000,0.0000000000
18,325,0.0000000100,3,40,40,200,33.5639852471,100,66.4360147529,25.0000000000,16.6090036882,75.0000000000,49.8270110647,22.4020000000,0.0000000000,30.0000000000,315.9000000000,100,3.4200000000,33.0000000000,22.4020000000,0.0000000000
18,175,0.0000000100,3,40,40,200,33.5639852471,100,66.4360147529,25.0000000000,16.6090036882,75.0000000000,49.8270110647,22.4020000000,0.0000000000,200.0000000000,480.5000000000,100,1.8440000000,33.0000000000,22.4020000000,0.0000000000
24,175,0.0000000100,3,40,40,200,33.5639852471,100,66.4360147529,25.0000000000,16.6090036882,75.0000000000,49.8270110647,22.4020000000,0.0000000000,200.0000000000,480.5000000000,100,1.3740000000,33.0000000000,22.4020000000,0.0000000000
18,25,0.0000000100,3,40,40,200,33.5639852471,100,66.4360147529,25.0000000000,16.6090036882,75.0000000000,49.8270110647,22.4020000000,0.0000000000,200.0000000000,480.5000000000,100,0.2650000000,33.0000000000,22.4020000000,0.0000000000
18,75,0.0000000100,3,40,40,200,33.5639852471,100,66.4360147529,25.0000000000,16.6090036882,75.0000000000,49.8270110647,22.4020000000,0.0000000000,200.0000000000,480.5000000000,100,0.7900000000,33.0000000000,22.4020000000,0.0000000000
18,125,0.0000000100,3,40,40,200,33.5639852471,100,66.4360147529,25.0000000000,16.6090036882,75.0000000000,49.8270110647,22.4020000000,0.0000000000,200.0000000000,480.5000000000,100,1.3160000000,33.0000000000,22.4020000000,0.0000000000
18,225,0.0000000100,3,40,40,200,33.5639852471,100,66.4360147529,25.0000000000,16.6090036882,75.0000000000,49.8270110647,22.4020000000,0.0000000000,200.0000000000,480.5000000000,100,2.3660000000,33.0000000000,22.4020000000,0.0000000000
18,325,0.0000000100,3,40,40,200,33.5639852471,100,66.4360147529,25.0000000000,16.6090036882,75.0000000000,49.8270110647,22.4020000000,0.0000000000,200.0000000000,480.5000000000,100,3.4200000000,33.0000000000,22.4020000000,0.0000000000
18,175,0.0000000100,3,40,40,200,33.5639852471,100,66.4360147529,25.0000000000,16.6090036882,75.0000000000,49.8270110647,22.4020000000,0.0000000000,500.0000000000,586.0000000000,100,1.8440000000,33.0000000000,22.4020000000,0.0000000000
24,175,0.0000000100,3,40,40,200,33.5639852471,100,66.4360147529,25.0000000000,16.6090036882,75.0000000000,49.8270110647,22.4020000000,0.0000000000,500.0000000000,586.0000000000,100,1.3740000000,33.0000000000,22.4020000000,0.0000000000
18,25,0.0000000100,3,40,40,200,33.5639852471,100,66.4360147529,25.0000000000,16.6090036882,75.0000000000,49.8270110647,22.4020000000,0.0000000000,500.0000000000,586.0000000000,100,0.2650000000,33.0000000000,22.4020000000,0.0000000000
18,75,0.0000000100,3,40,40,200,33.5639852471,100,66.4360147529,25.0000000000,16.6090036882,75.0000000000,49.8270110647,22.4020000000,0.0000000000,500.0000000000,586.0000000000,100,0.7900000000,33.0000000000,22.4020000000,0.0000000000
18,125,0.0000000100,3,40,40,200,33.5639852471,100,66.4360147529,25.0000000000,16.6090036882,75.0000000000,49.8270110647,22.4020000000,0.0000000000,500.0000000000,586.0000000000,100,1.3160000000,33.0000000000,22.4020000000,0.0000000000
18,225,0.0000000100,3,40,40,200,33.5639852471,100,66.4360147529,25.0000000000,16.6090036882,75.0000000000,49.8270110647,22.4020000000,0.0000000000,500.0000000000,586.0000000000,100,2.3660000000,33.0000000000,22.4020000000,0.0000000000
18,325,0.0000000100,3,40,40,200,33.5639852471,100,66.4360147529,25.0000000000,16.6090036882,75.0000000000,49.8270110647,22.4020000000,0.0000000000,500.0000000000,586.0000000000,100,3.4200000000,33.0000000000,22.4020000000,0.0000000000
18,175,0.0000000100,3,40,40,200,33.5639852471,100,66.4360147529,33.5639852471,0.0000000000,66.4360147529,66.4360147529,33.5639852471,0.0000000000,30.0000000000,315.9000000000,100,1.9200000000,26.0000000000,33.5639852471,0.0000000000
21,175,0.0000000100,3,40,40,200,33.5639852471,100,66.4360147529,33.5639852471,0.0000000000,66.4360147529,66.4360147529,33.5639852471,0.0000000000,30.0000000000,315.9000000000,100,1.6320000000,26.0000000000,33.5639852471,0.0000000000
24,175,0.0000000100,3,40,40,200,33.5639852471,100,66.4360147529,33.5639852471,0.0000000000,66.4360147529,66.4360147529,33.5639852471,0.0000000000,30.0000000000,315.9000000000,100,1.4200000000,26.0000000000,33.5639852471,0.0000000000
18,25,0.0000000100,3,40,40,200,33.5639852471,100,66.4360147529,33.5639852471,0.0000000000,66.4360147529,66.4360147529,33.5639852471,0.0000000000,30.0000000000,315.9000000000,100,0.2740000000,26.0000000000,33.5639852471,0.0000000000
18,75,0.0000000100,3,40,40,200,33.5639852471,100,66.4360147529,33.5639852471,0.0000000000,66.4360147529,66.4360147529,33.5639852471,0.0000000000,30.0000000000,315.9000000000,100,0.8230000000,26.0000000000,33.5639852471,0.0000000000
18,125,0.0000000100,3,40,40,200,33.5639852471,100,66.4360147529,33.5639852471,0.0000000000,66.4360147529,66.4360147529,33.5639852471,0.0000000000,30.0000000000,315.9000000000,100,1.3710000000,26.0000000000,33.5639852471,0.0000000000
18,225,0.0000000100,3,40,40,200,33.5639852471,100,66.4360147529,33.5639852471,0.0000000000,66.4360147529,66.4360147529,33.5639852471,0.0000000000,30.0000000000,315.9000000000,100,2.4680000000,26.0000000000,33.5639852471,0.0000000000
18,275,0.0000000100,3,40,40,200,33.5639852471,100,66.4360147529,33.5639852471,0.0000000000,66.4360147529,66.4360147529,33.5639852471,0.0000000000,30.0000000000,315.9000000000,100,3.0140000000,26.0000000000,33.5639852471,0.0000000000
18,325,0.0000000100,3,40,40,200,33.5639852471,100,66.4360147529,33.5639852471,0.0000000000,66.4360147529,66.4360147529,33.5639852471,0.0000000000,30.0000000000,315.9000000000,100,3.5650000000,26.0000000000,33.5639852471,0.0000000000
18,175,0.0000000100,3,40,40,200,33.5639852471,100,66.4360147529,33.5639852471,0.0000000000,66.4360147529,66.4360147529,33.5639852471,0.0000000000,200.0000000000,480.5000000000,100,1.9200000000,26.0000000000,33.5639852471,0.0000000000
21,175,0.0000000100,3,40,40,200,33.5639852471,100,66.4360147529,33.5639852471,0.0000000000,66.4360147529,66.4360147529,33.5639852471,0.0000000000,200.0000000000,480.5000000000,100,1.6320000000,26.0000000000,33.5639852471,0.0000000000
24,175,0.0000000100,3,40,40,200,33.5639852471,100,66.4360147529,33.5639852471,0.0000000000,66.4360147529,66.4360147529,33.5639852471,0.0000000000,200.0000000000,480.5000000000,100,1.4200000000,26.0000000000,33.5639852471,0.0000000000
18,25,0.0000000100,3,40,40,200,33.5639852471,100,66.4360147529,33.5639852471,0.0000000000,66.4360147529,66.4360147529,33.5639852471,0.0000000000,200.0000000000,480.5000000000,100,0.2740000000,26.0000000000,33.5639852471,0.0000000000
18,75,0.0000000100,3,40,40,200,33.5639852471,100,66.4360147529,33.5639852471,0.0000000000,66.4360147529,66.4360147529,33.5639852471,0.0000000000,200.0000000000,480.5000000000,100,0.8230000000,26.0000000000,33.5639852471,0.0000000000
18,125,0.0000000100,3,40,40,200,33.5639852471,100,66.4360147529,33.5639852471,0.0000000000,66.4360147529,66.4360147529,33.5639852471,0.0000000000,200.0000000000,480.5000000000,100,1.3710000000,26.0000000000,33.5639852471,0.0000000000
18,225,0.0000000100,3,40,40,200,33.5639852471,100,66.4360147529,33.5639852471,0.0000000000,66.4360147529,66.4360147529,33.5639852471,0.0000000000,200.0000000000,480.5000000000,100,2.4680000000,26.0000000000,33.5639852471,0.0000000000
18,275,0.0000000100,3,40,40,200,33.5639852471,100,66.4360147529,33.5639852471,0.0000000000,66.4360147529,66.4360147529,33.5639852471,0.0000000000,200.0000000000,480.5000000000,100,3.0140000000,26.0000000000,33.5639852471,0.0000000000
18,325,0.0000000100,3,40,40,200,33.5639852471,100,66.4360147529,33.5639852471,0.0000000000,66.4360147529,66.4360147529,33.5639852471,0.0000000000,200.0000000000,480.5000000000,100,3.5650000000,26.0000000000,33.5639852471,0.0000000000
18,175,0.0000000100,3,40,40,200,33.5639852471,100,66.4360147529,33.5639852471,0.0000000000,66.4360147529,66.4360147529,33.5639852471,0.0000000000,500.0000000000,586.0000000000,100,1.9200000000,26.0000000000,33.5639852471,0.0000000000
21,175,0.0000000100,3,40,40,200,33.5639852471,100,66.4360147529,33.5639852471,0.0000000000,66.4360147529,66.4360147529,33.5639852471,0.0000000000,500.0000000000,586.0000000000,100,1.6320000000,26.0000000000,33.5639852471,0.0000000000
24,175,0.0000000100,3,40,40,200,33.5639852471,100,66.4360147529,33.5639852471,0.0000000000,66.4360147529,66.4360147529,33.5639852471,0.0000000000,500.0000000000,586.0000000000,100,1.4200000000,26.0000000000,33.5639852471,0.0000000000
18,25,0.0000000100,3,40,40,200,33.5639852471,100,66.4360147529,33.5639852471,0.0000000000,66.4360147529,66.4360147529,33.5639852471,0.0000000000,500.0000000000,586.0000000000,100,0.2740000000,26.0000000000,33.5639852471,0.0000000000
18,75,0.0000000100,3,40,40,200,33.5639852471,100,66.4360147529,33.5639852471,0.0000000000,66.4360147529,66.4360147529,33.5639852471,0.0000000000,500.0000000000,586.0000000000,100,0.8230000000,26.0000000000,33.5639852471,0.0000000000
18,125,0.0000000100,3,40,40,200,33.5639852471,100,66.4360147529,33.5639852471,0.0000000000,66.4360147529,66.4360147529,33.5639852471,0.0000000000,500.0000000000,586.0000000000,100,1.3710000000,26.0000000000,33.5639852471,0.0000000000
18,225,0.0000000100,3,40,40,200,33.5639852471,100,66.4360147529,33.5639852471,0.0000000000,66.4360147529,66.4360147529,33.5639852471,0.0000000000,500.0000000000,586.0000000000,100,2.4680000000,26.0000000000,33.5639852471,0.0000000000
18,275,0.0000000100,3,40,40,200,33.5639852471,100,66.4360147529,33.5639852471,0.0000000000,66.4360147529,66.4360147529,33.5639852471,0.0000000000,500.0000000000,586.0000000000,100,3.0140000000,26.0000000000,33.5639852471,0.0000000000
18,325,0.0000000100,3,40,40,200,33.5639852471,100,66.4360147529,33.5639852471,0.0000000000,66.4360147529,66.4360147529,33.5639852471,0.0000000000,500.0000000000,586.0000000000,100,3.5650000000,26.0000000000,33.5639852471,0.0000000000
12,175,0.0000000100,3,40,40,200,33.5639852471,100,66.4360147529,33.5639852471,0.0000000000,66.4360147529,66.4360147529,22.4020000000,0.0000000000,30.0000000000,315.9000000000,100,2.8910000000,26.0000000000,22.4020000000,0.0000000000
15,175,0.0000000100,3,40,40,200,33.5639852471,100,66.4360147529,33.5639852471,0.0000000000,66.4360147529,66.4360147529,22.4020000000,0.0000000000,30.0000000000,315.9000000000,100,2.2840000000,26.0000000000,22.4020000000,0.0000000000
18,175,0.0000000100,3,40,40,200,33.5639852471,100,66.4360147529,33.5639852471,0.0000000000,66.4360147529,66.4360147529,22.4020000000,0.0000000000,30.0000000000,315.9000000000,100,1.8900000000,26.0000000000,22.4020000000,0.0000000000
21,175,0.0000000100,3,40,40,200,33.5639852471,100,66.4360147529,33.5639852471,0.0000000000,66.4360147529,66.4360147529,22.4020000000,0.0000000000,30.0000000000,315.9000000000,100,1.6110000000,26.0000000000,22.4020000000,0.0000000000
24,175,0.0000000100,3,40,40,200,33.5639852471,100,66.4360147529,33.5639852471,0.0000000000,66.4360147529,66.4360147529,22.4020000000,0.0000000000,30.0000000000,315.9000000000,100,1.4060000000,26.0000000000,22.4020000000,0.0000000000
18,25,0.0000000100,3,40,40,200,33.5639852471,100,66.4360147529,33.5639852471,0.0000000000,66.4360147529,66.4360147529,22.4020000000,0.0000000000,30.0000000000,315.9000000000,100,0.2710000000,26.0000000000,22.4020000000,0.0000000000
18,125,0.0000000100,3,40,40,200,33.5639852471,100,66.4360147529,33.5639852471,0.0000000000,66.4360147529,66.4360147529,22.4020000000,0.0000000000,30.0000000000,315.9000000000,100,1.3500000000,26.0000000000,22.4020000000,0.0000000000
18,225,0.0000000100,3,40,40,200,33.5639852471,100,66.4360147529,33.5639852471,0.0000000000,66.4360147529,66.4360147529,22.4020000000,0.0000000000,30.0000000000,315.9000000000,100,2.4280000000,26.0000000000,22.4020000000,0.0000000000
18,275,0.0000000100,3,40,40,200,33.5639852471,100,66.4360147529,33.5639852471,0.0000000000,66.4360147529,66.4360147529,22.4020000000,0.0000000000,30.0000000000,315.9000000000,100,2.9700000000,26.0000000000,22.4020000000,0.0000000000
18,325,0.0000000100,3,40,40,200,33.5639852471,100,66.4360147529,33.5639852471,0.0000000000,66.4360147529,66.4360147529,22.4020000000,0.0000000000,30.0000000000,315.9000000000,100,3.5090000000,26.0000000000,22.4020000000,0.0000000000
12,175,0.0000000100,3,40,40,200,33.5639852471,100,66.4360147529,33.5639852471,0.0000000000,66.4360147529,66.4360147529,22.4020000000,0.0000000000,200.0000000000,480.5000000000,100,2.8910000000,26.0000000000,22.4020000000,0.0000000000
15,175,0.0000000100,3,40,40,200,33.5639852471,100,66.4360147529,33.5639852471,0.0000000000,66.4360147529,66.4360147529,22.4020000000,0.0000000000,200.0000000000,480.5000000000,100,2.2840000000,26.0000000000,22.4020000000,0.0000000000
18,175,0.0000000100,3,40,40,200,33.5639852471,100,66.4360147529,33.5639852471,0.0000000000,66.4360147529,66.4360147529,22.4020000000,0.0000000000,200.0000000000,480.5000000000,100,1.8900000000,26.0000000000,22.4020000000,0.0000000000
21,175,0.0000000100,3,40,40,200,33.5639852471,100,66.4360147529,33.5639852471,0.0000000000,66.4360147529,66.4360147529,22.4020000000,0.0000000000,200.0000000000,480.5000000000,100,1.6110000000,26.0000000000,22.4020000000,0.0000000000
24,175,0.0000000100,3,40,40,200,33.5639852471,100,66.4360147529,33.5639852471,0.0000000000,66.4360147529,66.4360147529,22.4020000000,0.0000000000,200.0000000000,480.5000000000,100,1.4060000000,26.0000000000,22.4020000000,0.0000000000
18,25,0.0000000100,3,40,40,200,33.5639852471,100,66.4360147529,33.5639852471,0.0000000000,66.4360147529,66.4360147529,22.4020000000,0.0000000000,200.0000000000,480.5000000000,100,0.2710000000,26.0000000000,22.4020000000,0.0000000000
18,125,0.0000000100,3,40,40,200,33.5639852471,100,66.4360147529,33.5639852471,0.0000000000,66.4360147529,66.4360147529,22.4020000000,0.0000000000,200.0000000000,480.5000000000,100,1.3500000000,26.0000000000,22.4020000000,0.0000000000
18,225,0.0000000100,3,40,40,200,33.5639852471,100,66.4360147529,33.5639852471,0.0000000000,66.4360147529,66.4360147529,22.4020000000,0.0000000000,200.0000000000,480.5000000000,100,2.4280000000,26.0000000000,22.4020000000,0.0000000000
18,275,0.0000000100,3,40,40,200,33.5639852471,100,66.4360147529,33.5639852471,0.0000000000,66.4360147529,66.4360147529,22.4020000000,0.0000000000,200.0000000000,480.5000000000,100,2.9700000000,26.0000000000,22.4020000000,0.0000000000
18,325,0.0000000100,3,40,40,200,33.5639852471,100,66.4360147529,33.5639852471,0.0000000000,66.4360147529,66.4360147529,22.4020000000,0.0000000000,200.0000000000,480.5000000000,100,3.5090000000,26.0000000000,22.4020000000,0.0000000000
12,175,0.0000000100,3,40,40,200,33.5639852471,100,66.4360147529,33.5639852471,0.0000000000,66.4360147529,66.4360147529,22.4020000000,0.0000000000,500.0000000000,586.0000000000,100,2.8910000000,26.0000000000,22.4020000000,0.0000000000
15,175,0.0000000100,3,40,40,200,33.5639852471,100,66.4360147529,33.5639852471,0.0000000000,66.4360147529,66.4360147529,22.4020000000,0.0000000000,500.0000000000,586.0000000000,100,2.2840000000,26.0000000000,22.4020000000,0.0000000000
18,175,0.0000000100,3,40,40,200,33.5639852471,100,66.4360147529,33.5639852471,0.0000000000,66.4360147529,66.4360147529,22.4020000000,0.0000000000,500.0000000000,586.0000000000,100,1.8900000000,26.0000000000,22.4020000000,0.0000000000
21,175,0.0000000100,3,40,40,200,33.5639852471,100,66.4360147529,33.5639852471,0.0000000000,66.4360147529,66.4360147529,22.4020000000,0.0000000000,500.0000000000,586.0000000000,100,1.6110000000,26.0000000000,22.4020000000,0.0000000000
24,175,0.0000000100,3,40,40,200,33.5639852471,100,66.4360147529,33.5639852471,0.0000000000,66.4360147529,66.4360147529,22.4020000000,0.0000000000,500.0000000000,586.0000000000,100,1.4060000000,26.0000000000,22.4020000000,0.0000000000
18,25,0.0000000100,3,40,40,200,33.5639852471,100,66.4360147529,33.5639852471,0.0000000000,66.4360147529,66.4360147529,22.4020000000,0.0000000000,500.0000000000,586.0000000000,100,0.2710000000,26.0000000000,22.4020000000,0.0000000000
18,125,0.0000000100,3,40,40,200,33.5639852471,100,66.4360147529,33.5639852471,0.0000000000,66.4360147529,66.4360147529,22.4020000000,0.0000000000,500.0000000000,586.0000000000,100,1.3500000000,26.0000000000,22.4020000000,0.0000000000
18,225,0.0000000100,3,40,40,200,33.5639852471,100,66.4360147529,33.5639852471,0.0000000000,66.4360147529,66.4360147529,22.4020000000,0.0000000000,500.0000000000,586.0000000000,100,2.4280000000,26.0000000000,22.4020000000,0.0000000000
18,275,0.0000000100,3,40,40,200,33.5639852471,100,66.4360147529,33.5639852471,0.0000000000,66.4360147529,66.4360147529,22.4020000000,0.0000000000,500.0000000000,586.0000000000,100,2.9700000000,26.0000000000,22.4020000000,0.0000000000
18,325,0.0000000100,3,40,40,200,33.5639852471,100,66.4360147529,33.5639852471,0.0000000000,66.4360147529,66.4360147529,22.4020000000,0.0000000000,500.0000000000,586.0000000000,100,3.5090000000,26.0000000000,22.4020000000,0.0000000000
12,175,0.0000000100,3,40,80,400,67.1279704942,200,132.8720295058,180.0000000000,112.8720295058,20.0000000000,20.0000000000,180.0000000000,112.8720295058,30.0000000000,315.9000000000,100,1.4010000000,85.0000000000,180.0000000000,112.8720295058
15,175,0.0000000100,3,40,80,400,67.1279704942,200,132.8720295058,180.0000000000,112.8720295058,20.0000000000,20.0000000000,180.0000000000,112.8720295058,30.0000000000,315.9000000000,100,1.1010000000,85.0000000000,180.0000000000,112.8720295058
18,175,0.0000000100,3,40,80,400,67.1279704942,200,132.8720295058,180.0000000000,112.8720295058,20.0000000000,20.0000000000,180.0000000000,112.8720295058,30.0000000000,315.9000000000,100,0.9080000000,85.0000000000,180.0000000000,112.8720295058
21,175,0.0000000100,3,40,80,400,67.1279704942,200,132.8720295058,180.0000000000,112.8720295058,20.0000000000,20.0000000000,180.0000000000,112.8720295058,30.0000000000,315.9000000000,100,0.7720000000,85.0000000000,180.0000000000,112.8720295058
24,175,0.0000000100,3,40,80,400,67.1279704942,200,132.8720295058,180.0000000000,112.8720295058,20.0000000000,20.0000000000,180.0000000000,112.8720295058,30.0000000000,315.9000000000,100,0.6710000000,85.0000000000,180.0000000000,112.8720295058
18,25,0.0000000100,3,40,80,400,67.1279704942,200,132.8720295058,180.0000000000,112.8720295058,20.0000000000,20.0000000000,180.0000000000,112.8720295058,30.0000000000,315.9000000000,100,0.1300000000,85.0000000000,180.0000000000,112.8720295058
18,75,0.0000000100,3,40,80,400,67.1279704942,200,132.8720295058,180.0000000000,112.8720295058,20.0000000000,20.0000000000,180.0000000000,112.8720295058,30.0000000000,315.9000000000,100,0.3890000000,85.0000000000,180.0000000000,112.8720295058
18,125,0.0000000100,3,40,80,400,67.1279704942,200,132.8720295058,180.0000000000,112.8720295058,20.0000000000,20.0000000000,180.0000000000,112.8720295058,30.0000000000,315.9000000000,100,0.6480000000,85.0000000000,180.0000000000,112.8720295058
18,275,0.0000000100,3,40,80,400,67.1279704942,200,132.8720295058,180.0000000000,112.8720295058,20.0000000000,20.0000000000,180.0000000000,112.8720295058,30.0000000000,315.9000000000,100,1.4260000000,85.0000000000,180.0000000000,112.8720295058
18,325,0.0000000100,3,40,80,400,67.1279704942,200,132.8720295058,180.0000000000,112.8720295058,20.0000000000,20.0000000000,180.0000000000,112.8720295058,30.0000000000,315.9000000000,100,1.6850000000,85.0000000000,180.0000000000,112.8720295058
12,175,0.0000000100,3,40,80,400,67.1279704942,200,132.8720295058,180.0000000000,112.8720295058,20.0000000000,20.0000000000,180.0000000000,112.8720295058,200.0000000000,480.5000000000,100,1.4010000000,85.0000000000,180.0000000000,112.8720295058
15,175,0.0000000100,3,40,80,400,67.1279704942,200,132.8720295058,180.0000000000,112.8720295058,20.0000000000,20.0000000000,180.0000000000,112.8720295058,200.0000000000,480.5000000000,100,1.1010000000,85.0000000000,180.0000000000,112.8720295058
18,175,0.0000000100,3,40,80,400,67.1279704942,200,132.8720295058,180.0000000000,112.8720295058,20.0000000000,20.0000000000,180.0000000000,112.8720295058,200.0000000000,480.5000000000,100,0.9080000000,85.0000000000,180.0000000000,112.8720295058
21,175,0.0000000100,3,40,80,400,67.1279704942,200,132.8720295058,180.0000000000,112.8720295058,20.0000000000,20.0000000000,180.0000000000,112.8720295058,200.0000000000,480.5000000000,100,0.7720000000,85.0000000000,180.0000000000,112.8720295058
24,175,0.0000000100,3,40,80,400,67.1279704942,200,132.8720295058,180.0000000000,112.8720295058,20.0000000000,20.0000000000,180.0000000000,112.8720295058,200.0000000000,480.5000000000,100,0.6710000000,85.0000000000,180.0000000000,112.8720295058
18,25,0.0000000100,3,40,80,400,67.1279704942,200,132.8720295058,180.0000000000,112.8720295058,20.0000000000,20.0000000000,180.0000000000,112.8720295058,200.0000000000,480.5000000000,100,0.1300000000,85.0000000000,180.0000000000,112.8720295058
18,75,0.0000000100,3,40,80,400,67.1279704942,200,132.8720295058,180.0000000000,112.8720295058,20.0000000000,20.0000000000,180.0000000000,112.8720295058,200.0000000000,480.5000000000,100,0.3890000000,85.0000000000,180.0000000000,112.8720295058
18,125,0.0000000100,3,40,80,400,67.1279704942,200,132.8720295058,180.0000000000,112.8720295058,20.0000000000,20.0000000000,180.0000000000,112.8720295058,200.0000000000,480.5000000000,100,0.6480000000,85.0000000000,180.0000000000,112.8720295058
18,275,0.0000000100,3,40,80,400,67.1279704942,200,132.8720295058,180.0000000000,112.8720295058,20.0000000000,20.0000000000,180.0000000000,112.8720295058,200.0000000000,480.5000000000,100,1.4260000000,85.0000000000,180.0000000000,112.8720295058
18,325,0.0000000100,3,40,80,400,67.1279704942,200,132.8720295058,180.0000000000,112.8720295058,20.0000000000,20.0000000000,180.0000000000,112.8720295058,200.0000000000,480.5000000000,100,1.6850000000,85.0000000000,180.0000000000,112.8720295058
12,175,0.0000000100,3,40,80,400,67.1279704942,200,132.8720295058,180.0000000000,112.8720295058,20.0000000000,20.0000000000,180.0000000000,112.8720295058,500.0000000000,586.0000000000,100,1.4010000000,85.0000000000,180.0000000000,112.8720295058
15,175,0.0000000100,3,40,80,400,67.1279704942,200,132.8720295058,180.0000000000,112.8720295058,20.0000000000,20.0000000000,180.0000000000,112.8720295058,500.0000000000,586.0000000000,100,1.1010000000,85.0000000000,180.0000000000,112.8720295058
18,175,0.0000000100,3,40,80,400,67.1279704942,200,132.8720295058,180.0000000000,112.8720295058,20.0000000000,20.0000000000,180.0000000000,112.8720295058,500.0000000000,586.0000000000,100,0.9080000000,85.0000000000,180.0000000000,112.8720295058
21,175,0.0000000100,3,40,80,400,67.1279704942,200,132.8720295058,180.0000000000,112.8720295058,20.0000000000,20.0000000000,180.0000000000,112.8720295058,500.0000000000,586.0000000000,100,0.7720000000,85.0000000000,180.0000000000,112.8720295058
24,175,0.0000000100,3,40,80,400,67.1279704942,200,132.8720295058,180.0000000000,112.8720295058,20.0000000000,20.0000000000,180.0000000000,112.8720295058,500.0000000000,586.0000000000,100,0.6710000000,85.0000000000,180.0000000000,112.8720295058
18,25,0.0000000100,3,40,80,400,67.1279704942,200,132.8720295058,180.0000000000,112.8720295058,20.0000000000,20.0000000000,180.0000000000,112.8720295058,500.0000000000,586.0000000000,100,0.1300000000,85.0000000000,180.0000000000,112.8720295058
18,75,0.0000000100,3,40,80,400,67.1279704942,200,132.8720295058,180.0000000000,112.8720295058,20.0000000000,20.0000000000,180.0000000000,112.8720295058,500.0000000000,586.0000000000,100,0.3890000000,85.0000000000,180.0000000000,112.8720295058
18,125,0.0000000100,3,40,80,400,67.1279704942,200,132.8720295058,180.0000000000,112.8720295058,20.0000000000,20.0000000000,180.0000000000,112.8720295058,500.0000000000,586.0000000000,100,0.6480000000,85.0000000000,180.0000000000,112.8720295058
18,275,0.0000000100,3,40,80,400,67.1279704942,200,132.8720295058,180.0000000000,112.8720295058,20.0000000000,20.0000000000,180.0000000000,112.8720295058,500.0000000000,586.0000000000,100,1.4260000000,85.0000000000,180.0000000000,112.8720295058
18,325,0.0000000100,3,40,80,400,67.1279704942,200,132.8720295058,180.0000000000,112.8720295058,20.0000000000,20.0000000000,180.0000000000,112.8720295058,500.0000000000,586.0000000000,100,1.6850000000,85.0000000000,180.0000000000,112.8720295058
12,175,0.0000000100,3,40,80,400,67.1279704942,200,132.8720295058,180.0000000000,112.8720295058,20.0000000000,20.0000000000,44.7100000000,0.0000000000,30.0000000000,315.9000000000,100,1.3240000000,85.0000000000,33.3990000000,0.0000000000
15,175,0.0000000100,3,40,80,400,67.1279704942,200,132.8720295058,180.0000000000,112.8720295058,20.0000000000,20.0000000000,44.7100000000,0.0000000000,30.0000000000,315.9000000000,100,1.0540000000,85.0000000000,33.3990000000,0.0000000000
18,175,0.0000000100,3,40,80,400,67.1279704942,200,132.8720295058,180.0000000000,112.8720295058,20.0000000000,20.0000000000,44.7100000000,0.0000000000,30.0000000000,315.9000000000,100,0.8760000000,85.0000000000,33.3990000000,0.0000000000
21,175,0.0000000100,3,40,80,400,67.1279704942,200,132.8720295058,180.0000000000,112.8720295058,20.0000000000,20.0000000000,44.7100000000,0.0000000000,30.0000000000,315.9000000000,100,0.7490000000,85.0000000000,33.3990000000,0.0000000000
24,175,0.0000000100,3,40,80,400,67.1279704942,200,132.8720295058,180.0000000000,112.8720295058,20.0000000000,20.0000000000,44.7100000000,0.0000000000,30.0000000000,315.9000000000,100,0.6540000000,85.0000000000,33.3990000000,0.0000000000
18,25,0.0000000100,3,40,80,400,67.1279704942,200,132.8720295058,180.0000000000,112.8720295058,20.0000000000,20.0000000000,44.7100000000,0.0000000000,30.0000000000,315.9000000000,100,0.1250000000,85.0000000000,33.3990000000,0.0000000000
18,75,0.0000000100,3,40,80,400,67.1279704942,200,132.8720295058,180.0000000000,112.8720295058,20.0000000000,20.0000000000,44.7100000000,0.0000000000,30.0000000000,315.9000000000,100,0.3750000000,85.0000000000,33.3990000000,0.0000000000
18,125,0.0000000100,3,40,80,400,67.1279704942,200,132.8720295058,180.0000000000,112.8720295058,20.0000000000,20.0000000000,44.7100000000,0.0000000000,30.0000000000,315.9000000000,100,0.6250000000,85.0000000000,33.3990000000,0.0000000000
18,225,0.0000000100,3,40,80,400,67.1279704942,200,132.8720295058,180.0000000000,112.8720295058,20.0000000000,20.0000000000,44.7100000000,0.0000000000,30.0000000000,315.9000000000,100,1.1260000000,85.0000000000,33.3990000000,0.0000000000
18,275,0.0000000100,3,40,80,400,67.1279704942,200,132.8720295058,180.0000000000,112.8720295058,20.0000000000,20.0000000000,44.7100000000,0.0000000000,30.0000000000,315.9000000000,100,1.3750000000,85.0000000000,33.3990000000,0.0000000000
12,175,0.0000000100,3,40,80,400,67.1279704942,200,132.8720295058,180.0000000000,112.8720295058,20.0000000000,20.0000000000,44.7100000000,0.0000000000,200.0000000000,480.5000000000,100,1.3220000000,85.0000000000,33.3990000000,0.0000000000
15,175,0.0000000100,3,40,80,400,67.1279704942,200,132.8720295058,180.0000000000,112.8720295058,20.0000000000,20.0000000000,44.7100000000,0.0000000000,200.0000000000,480.5000000000,100,1.0530000000,85.0000000000,33.3990000000,0.0000000000
18,175,0.0000000100,3,40,80,400,67.1279704942,200,132.8720295058,180.0000000000,112.8720295058,20.0000000000,20.0000000000,44.7100000000,0.0000000000,200.0000000000,480.5000000000,100,0.8740000000,85.0000000000,33.3990000000,0.0000000000
21,175,0.0000000100,3,40,80,400,67.1279704942,200,132.8720295058,180.0000000000,112.8720295058,20.0000000000,20.0000000000,44.7100000000,0.0000000000,200.0000000000,480.5000000000,100,0.7480000000,85.0000000000,33.3990000000,0.0000000000
24,175,0.0000000100,3,40,80,400,67.1279704942,200,132.8720295058,180.0000000000,112.8720295058,20.0000000000,20.0000000000,44.7100000000,0.0000000000,200.0000000000,480.5000000000,100,0.6530000000,85.0000000000,33.3990000000,0.0000000000
18,25,0.0000000100,3,40,80,400,67.1279704942,200,132.8720295058,180.0000000000,112.8720295058,20.0000000000,20.0000000000,44.7100000000,0.0000000000,200.0000000000,480.5000000000,100,0.1250000000,85.0000000000,33.3990000000,0.0000000000
18,75,0.0000000100,3,40,80,400,67.1279704942,200,132.8720295058,180.0000000000,112.8720295058,20.0000000000,20.0000000000,44.7100000000,0.0000000000,200.0000000000,480.5000000000,100,0.3750000000,85.0000000000,33.3990000000,0.0000000000
18,125,0.0000000100,3,40,80,400,67.1279704942,200,132.8720295058,180.0000000000,112.8720295058,20.0000000000,20.0000000000,44.7100000000,0.0000000000,200.0000000000,480.5000000000,100,0.6250000000,85.0000000000,33.3990000000,0.0000000000
18,225,0.0000000100,3,40,80,400,67.1279704942,200,132.8720295058,180.0000000000,112.8720295058,20.0000000000,20.0000000000,44.7100000000,0.0000000000,200.0000000000,480.5000000000,100,1.1250000000,85.0000000000,33.3990000000,0.0000000000
18,275,0.0000000100,3,40,80,400,67.1279704942,200,132.8720295058,180.0000000000,112.8720295058,20.0000000000,20.0000000000,44.7100000000,0.0000000000,200.0000000000,480.5000000000,100,1.3750000000,85.0000000000,33.3990000000,0.0000000000
12,175,0.0000000100,3,40,80,400,67.1279704942,200,132.8720295058,180.0000000000,112.8720295058,20.0000000000,20.0000000000,44.7100000000,0.0000000000,500.0000000000,586.0000000000,100,1.3200000000,85.0000000000,33.3990000000,0.0000000000
15,175,0.0000000100,3,40,80,400,67.1279704942,200,132.8720295058,180.0000000000,112.8720295058,20.0000000000,20.0000000000,44.7100000000,0.0000000000,500.0000000000,586.0000000000,100,1.0510000000,85.0000000000,33.3990000000,0.0000000000
18,175,0.0000000100,3,40,80,400,67.1279704942,200,132.8720295058,180.0000000000,112.8720295058,20.0000000000,20.0000000000,44.7100000000,0.0000000000,500.0000000000,586.0000000000,100,0.8730000000,85.0000000000,33.3990000000,0.0000000000
21,175,0.0000000100,3,40,80,400,67.1279704942,200,132.8720295058,180.0000000000,112.8720295058,20.0000000000,20.0000000000,44.7100000000,0.0000000000,500.0000000000,586.0000000000,100,0.7470000000,85.0000000000,33.3990000000,0.0000000000
24,175,0.0000000100,3,40,80,400,67.1279704942,200,132.8720295058,180.0000000000,112.8720295058,20.0000000000,20.0000000000,44.7100000000,0.0000000000,500.0000000000,586.0000000000,100,0.6520000000,85.0000000000,33.3990000000,0.0000000000
18,25,0.0000000100,3,40,80,400,67.1279704942,200,132.8720295058,180.0000000000,112.8720295058,20.0000000000,20.0000000000,44.7100000000,0.0000000000,500.0000000000,586.0000000000,100,0.1250000000,85.0000000000,33.3990000000,0.0000000000
18,75,0.0000000100,3,40,80,400,67.1279704942,200,132.8720295058,180.0000000000,112.8720295058,20.0000000000,20.0000000000,44.7100000000,0.0000000000,500.0000000000,586.0000000000,100,0.3740000000,85.0000000000,33.3990000000,0.0000000000
18,125,0.0000000100,3,40,80,400,67.1279704942,200,132.8720295058,180.0000000000,112.8720295058,20.0000000000,20.0000000000,44.7100000000,0.0000000000,500.0000000000,586.0000000000,100,0.6240000000,85.0000000000,33.3990000000,0.0000000000
18,225,0.0000000100,3,40,80,400,67.1279704942,200,132.8720295058,180.0000000000,112.8720295058,20.0000000000,20.0000000000,44.7100000000,0.0000000000,500.0000000000,586.0000000000,100,1.1220000000,85.0000000000,33.3990000000,0.0000000000
18,275,0.0000000100,3,40,80,400,67.1279704942,200,132.8720295058,180.0000000000,112.8720295058,20.0000000000,20.0000000000,44.7100000000,0.0000000000,500.0000000000,586.0000000000,100,1.3720000000,85.0000000000,33.3990000000,0.0000000000
12,175,0.0000000100,3,40,80,400,67.1279704942,200,132.8720295058,50.0000000000,33.2180073765,150.0000000000,99.6540221294,50.0000000000,33.2180073765,30.0000000000,315.9000000000,100,1.4530000000,65.0000000000,50.0000000000,33.2180073765
15,175,0.0000000100,3,40,80,400,67.1279704942,200,132.8720295058,50.0000000000,33.2180073765,150.0000000000,99.6540221294,50.0000000000,33.2180073765,30.0000000000,315.9000000000,100,1.1440000000,65.0000000000,50.0000000000,33.2180073765
18,175,0.0000000100,3,40,80,400,67.1279704942,200,132.8720295058,50.0000000000,33.2180073765,150.0000000000,99.6540221294,50.0000000000,33.2180073765,30.0000000000,315.9000000000,100,0.9430000000,65.0000000000,50.0000000000,33.2180073765
21,175,0.0000000100,3,40,80,400,67.1279704942,200,132.8720295058,50.0000000000,33.2180073765,150.0000000000,99.6540221294,50.0000000000,33.2180073765,30.0000000000,315.9000000000,100,0.8020000000,65.0000000000,50.0000000000,33.2180073765
24,175,0.0000000100,3,40,80,400,67.1279704942,200,132.8720295058,50.0000000000,33.2180073765,150.0000000000,99.6540221294,50.0000000000,33.2180073765,30.0000000000,315.9000000000,100,0.6970000000,65.0000000000,50.0000000000,33.2180073765
18,25,0.0000000100,3,40,80,400,67.1279704942,200,132.8720295058,50.0000000000,33.2180073765,150.0000000000,99.6540221294,50.0000000000,33.2180073765,30.0000000000,315.9000000000,100,0.1360000000,65.0000000000,50.0000000000,33.2180073765
18,75,0.0000000100,3,40,80,400,67.1279704942,200,132.8720295058,50.0000000000,33.2180073765,150.0000000000,99.6540221294,50.0000000000,33.2180073765,30.0000000000,315.9000000000,100,0.4040000000,65.0000000000,50.0000000000,33.2180073765
18,125,0.0000000100,3,40,80,400,67.1279704942,200,132.8720295058,50.0000000000,33.2180073765,150.0000000000,99.6540221294,50.0000000000,33.2180073765,30.0000000000,315.9000000000,100,0.6730000000,65.0000000000,50.0000000000,33.2180073765
18,275,0.0000000100,3,40,80,400,67.1279704942,200,132.8720295058,50.0000000000,33.2180073765,150.0000000000,99.6540221294,50.0000000000,33.2180073765,30.0000000000,315.9000000000,100,1.4800000000,65.0000000000,50.0000000000,33.2180073765
18,325,0.0000000100,3,40,80,400,67.1279704942,200,132.8720295058,50.0000000000,33.2180073765,150.0000000000,99.6540221294,50.0000000000,33.2180073765,30.0000000000,315.9000000000,100,1.7500000000,65.0000000000,50.0000000000,33.2180073765
12,175,0.0000000100,3,40,80,400,67.1279704942,200,132.8720295058,50.0000000000,33.2180073765,150.0000000000,99.6540221294,50.0000000000,33.2180073765,200.0000000000,480.5000000000,100,1.4530000000,65.0000000000,50.0000000000,33.2180073765
15,175,0.0000000100,3,40,80,400,67.1279704942,200,132.8720295058,50.0000000000,33.2180073765,150.0000000000,99.6540221294,50.0000000000,33.2180073765,200.0000000000,480.5000000000,100,1.1440000000,65.0000000000,50.0000000000,33.2180073765
18,175,0.0000000100,3,40,80,400,67.1279704942,200,132.8720295058,50.0000000000,33.2180073765,150.0000000000,99.6540221294,50.0000000000,33.2180073765,200.0000000000,480.5000000000,100,0.9430000000,65.0000000000,50.0000000000,33.2180073765
21,175,0.0000000100,3,40,80,400,67.1279704942,200,132.8720295058,50.0000000000,33.2180073765,150.0000000000,99.6540221294,50.0000000000,33.2180073765,200.0000000000,480.5000000000,100,0.8020000000,65.0000000000,50.0000000000,33.2180073765
24,175,0.0000000100,3,40,80,400,67.1279704942,200,132.8720295058,50.0000000000,33.2180073765,150.0000000000,99.6540221294,50.0000000000,33.2180073765,200.0000000000,480.5000000000,100,0.6970000000,65.0000000000,50.0000000000,33.2180073765
18,25,0.0000000100,3,40,80,400,67.1279704942,200,132.8720295058,50.0000000000,33.2180073765,150.0000000000,99.6540221294,50.0000000000,33.2180073765,200.0000000000,480.5000000000,100,0.1360000000,65.0000000000,50.0000000000,33.2180073765
18,75,0.0000000100,3,40,80,400,67.1279704942,200,132.8720295058,50.0000000000,33.2180073765,150.0000000000,99.6540221294,50.0000000000,33.2180073765,200.0000000000,480.5000000000,100,0.4040000000,65.0000000000,50.0000000000,33.2180073765
18,125,0.0000000100,3,40,80,400,67.1279704942,200,132.8720295058,50.0000000000,33.2180073765,150.0000000000,99.6540221294,50.0000000000,33.2180073765,200.0000000000,480.5000000000,100,0.6730000000,65.0000000000,50.0000000000,33.2180073765
18,275,0.0000000100,3,40,80,400,67.1279704942,200,132.8720295058,50.0000000000,33.2180073765,150.0000000000,99.6540221294,50.0000000000,33.2180073765,200.0000000000,480.5000000000,100,1.4800000000,65.0000000000,50.0000000000,33.2180073765
18,325,0.0000000100,3,40,80,400,67.1279704942,200,132.8720295058,50.0000000000,33.2180073765,150.0000000000,99.6540221294,50.0000000000,33.2180073765,200.0000000000,480.5000000000,100,1.7500000000,65.0000000000,50.0000000000,33.2180073765
12,175,0.0000000100,3,40,80,400,67.1279704942,200,132.8720295058,50.0000000000,33.2180073765,150.0000000000,99.6540221294,50.0000000000,33.2180073765,500.0000000000,586.0000000000,100,1.4530000000,65.0000000000,50.0000000000,33.2180073765
15,175,0.0000000100,3,40,80,400,67.1279704942,200,132.8720295058,50.0000000000,33.2180073765,150.0000000000,99.6540221294,50.0000000000,33.2180073765,500.0000000000,586.0000000000,100,1.1440000000,65.0000000000,50.0000000000,33.2180073765
18,175,0.0000000100,3,40,80,400,67.1279704942,200,132.8720295058,50.0000000000,33.2180073765,150.0000000000,99.6540221294,50.0000000000,33.2180073765,500.0000000000,586.0000000000,100,0.9430000000,65.0000000000,50.0000000000,33.2180073765
21,175,0.0000000100,3,40,80,400,67.1279704942,200,132.8720295058,50.0000000000,33.2180073765,150.0000000000,99.6540221294,50.0000000000,33.2180073765,500.0000000000,586.0000000000,100,0.8020000000,65.0000000000,50.0000000000,33.2180073765
24,175,0.0000000100,3,40,80,400,67.1279704942,200,132.8720295058,50.0000000000,33.2180073765,150.0000000000,99.6540221294,50.0000000000,33.2180073765,500.0000000000,586.0000000000,100,0.6970000000,65.0000000000,50.0000000000,33.2180073765
18,25,0.0000000100,3,40,80,400,67.1279704942,200,132.8720295058,50.0000000000,33.2180073765,150.0000000000,99.6540221294,50.0000000000,33.2180073765,500.0000000000,586.0000000000,100,0.1360000000,65.0000000000,50.0000000000,33.2180073765
18,75,0.0000000100,3,40,80,400,67.1279704942,200,132.8720295058,50.0000000000,33.2180073765,150.0000000000,99.6540221294,50.0000000000,33.2180073765,500.0000000000,586.0000000000,100,0.4040000000,65.0000000000,50.0000000000,33.2180073765
18,125,0.0000000100,3,40,80,400,67.1279704942,200,132.8720295058,50.0000000000,33.2180073765,150.0000000000,99.6540221294,50.0000000000,33.2180073765,500.0000000000,586.0000000000,100,0.6730000000,65.0000000000,50.0000000000,33.2180073765
18,275,0.0000000100,3,40,80,400,67.1279704942,200,132.8720295058,50.0000000000,33.2180073765,150.0000000000,99.6540221294,50.0000000000,33.2180073765,500.0000000000,586.0000000000,100,1.4800000000,65.0000000000,50.0000000000,33.2180073765
18,325,0.0000000100,3,40,80,400,67.1279704942,200,132.8720295058,50.0000000000,33.2180073765,150.0000000000,99.6540221294,50.0000000000,33.2180073765,500.0000000000,586.0000000000,100,1.7500000000,65.0000000000,50.0000000000,33.2180073765
15,175,0.0000000100,3,40,80,400,67.1279704942,200,132.8720295058,50.0000000000,33.2180073765,150.0000000000,99.6540221294,44.7100000000,0.0000000000,30.0000000000,315.9000000000,100,1.1140000000,65.0000000000,44.7100000000,0.0000000000
18,175,0.0000000100,3,40,80,400,67.1279704942,200,132.8720295058,50.0000000000,33.2180073765,150.0000000000,99.6540221294,44.7100000000,0.0000000000,30.0000000000,315.9000000000,100,0.9240000000,65.0000000000,44.7100000000,0.0000000000
21,175,0.0000000100,3,40,80,400,67.1279704942,200,132.8720295058,50.0000000000,33.2180073765,150.0000000000,99.6540221294,44.7100000000,0.0000000000,30.0000000000,315.9000000000,100,0.7880000000,65.0000000000,44.7100000000,0.0000000000
24,175,0.0000000100,3,40,80,400,67.1279704942,200,132.8720295058,50.0000000000,33.2180073765,150.0000000000,99.6540221294,44.7100000000,0.0000000000,30.0000000000,315.9000000000,100,0.6890000000,65.0000000000,44.7100000000,0.0000000000
18,75,0.0000000100,3,40,80,400,67.1279704942,200,132.8720295058,50.0000000000,33.2180073765,150.0000000000,99.6540221294,44.7100000000,0.0000000000,30.0000000000,315.9000000000,100,0.3960000000,65.0000000000,44.7100000000,0.0000000000
18,125,0.0000000100,3,40,80,400,67.1279704942,200,132.8720295058,50.0000000000,33.2180073765,150.0000000000,99.6540221294,44.7100000000,0.0000000000,30.0000000000,315.9000000000,100,0.6620000000,65.0000000000,44.7100000000,0.0000000000
18,225,0.0000000100,3,40,80,400,67.1279704942,200,132.8720295058,50.0000000000,33.2180073765,150.0000000000,99.6540221294,44.7100000000,0.0000000000,30.0000000000,315.9000000000,100,1.1860000000,65.0000000000,44.7100000000,0.0000000000
18,275,0.0000000100,3,40,80,400,67.1279704942,200,132.8720295058,50.0000000000,33.2180073765,150.0000000000,99.6540221294,44.7100000000,0.0000000000,30.0000000000,315.9000000000,100,1.4510000000,65.0000000000,44.7100000000,0.0000000000
18,325,0.0000000100,3,40,80,400,67.1279704942,200,132.8720295058,50.0000000000,33.2180073765,150.0000000000,99.6540221294,44.7100000000,0.0000000000,30.0000000000,315.9000000000,100,1.7170000000,65.0000000000,44.7100000000,0.0000000000
15,175,0.0000000100,3,40,80,400,67.1279704942,200,132.8720295058,50.0000000000,33.2180073765,150.0000000000,99.6540221294,44.7100000000,0.0000000000,200.0000000000,480.5000000000,100,1.1140000000,65.0000000000,44.7100000000,0.0000000000
18,175,0.0000000100,3,40,80,400,67.1279704942,200,132.8720295058,50.0000000000,33.2180073765,150.0000000000,99.6540221294,44.7100000000,0.0000000000,200.0000000000,480.5000000000,100,0.9240000000,65.0000000000,44.7100000000,0.0000000000
21,175,0.0000000100,3,40,80,400,67.1279704942,200,132.8720295058,50.0000000000,33.2180073765,150.0000000000,99.6540221294,44.7100000000,0.0000000000,200.0000000000,480.5000000000,100,0.7880000000,65.0000000000,44.7100000000,0.0000000000
24,175,0.0000000100,3,40,80,400,67.1279704942,200,132.8720295058,50.0000000000,33.2180073765,150.0000000000,99.6540221294,44.7100000000,0.0000000000,200.0000000000,480.5000000000,100,0.6890000000,65.0000000000,44.7100000000,0.0000000000
18,75,0.0000000100,3,40,80,400,67.1279704942,200,132.8720295058,50.0000000000,33.2180073765,150.0000000000,99.6540221294,44.7100000000,0.0000000000,200.0000000000,480.5000000000,100,0.3960000000,65.0000000000,44.7100000000,0.0000000000
18,125,0.0000000100,3,40,80,400,67.1279704942,200,132.8720295058,50.0000000000,33.2180073765,150.0000000000,99.6540221294,44.7100000000,0.0000000000,200.0000000000,480.5000000000,100,0.6620000000,65.0000000000,44.7100000000,0.0000000000
18,225,0.0000000100,3,40,80,400,67.1279704942,200,132.8720295058,50.0000000000,33.2180073765,150.0000000000,99.6540221294,44.7100000000,0.0000000000,200.0000000000,480.5000000000,100,1.1860000000,65.0000000000,44.7100000000,0.0000000000
18,275,0.0000000100,3,40,80,400,67.1279704942,200,132.8720295058,50.0000000000,33.2180073765,150.0000000000,99.6540221294,44.7100000000,0.0000000000,200.0000000000,480.5000000000,100,1.4510000000,65.0000000000,44.7100000000,0.0000000000
18,325,0.0000000100,3,40,80,400,67.1279704942,200,132.8720295058,50.0000000000,33.2180073765,150.0000000000,99.6540221294,44.7100000000,0.0000000000,200.0000000000,480.5000000000,100,1.7170000000,65.0000000000,44.7100000000,0.0000000000
15,175,0.0000000100,3,40,80,400,67.1279704942,200,132.8720295058,50.0000000000,33.2180073765,150.0000000000,99.6540221294,44.7100000000,0.0000000000,500.0000000000,586.0000000000,100,1.1140000000,65.0000000000,44.7100000000,0.0000000000
18,175,0.0000000100,3,40,80,400,67.1279704942,200,132.8720295058,50.0000000000,33.2180073765,150.0000000000,99.6540221294,44.7100000000,0.0000000000,500.0000000000,586.0000000000,100,0.9240000000,65.0000000000,44.7100000000,0.0000000000
21,175,0.0000000100,3,40,80,400,67.1279704942,200,132.8720295058,50.0000000000,33.2180073765,150.0000000000,99.6540221294,44.7100000000,0.0000000000,500.0000000000,586.0000000000,100,0.7880000000,65.0000000000,44.7100000000,0.0000000000
24,175,0.0000000100,3,40,80,400,67.1279704942,200,132.8720295058,50.0000000000,33.2180073765,150.0000000000,99.6540221294,44.7100000000,0.0000000000,500.0000000000,586.0000000000,100,0.6890000000,65.0000000000,44.7100000000,0.0000000000
18,75,0.0000000100,3,40,80,400,67.1279704942,200,132.8720295058,50.0000000000,33.2180073765,150.0000000000,99.6540221294,44.7100000000,0.0000000000,500.0000000000,586.0000000000,100,0.3960000000,65.0000000000,44.7100000000,0.0000000000
18,125,0.0000000100,3,40,80,400,67.1279704942,200,132.8720295058,50.0000000000,33.2180073765,150.0000000000,99.6540221294,44.7100000000,0.0000000000,500.0000000000,586.0000000000,100,0.6620000000,65.0000000000,44.7100000000,0.0000000000
18,225,0.0000000100,3,40,80,400,67.1279704942,200,132.8720295058,50.0000000000,33.2180073765,150.0000000000,99.6540221294,44.7100000000,0.0000000000,500.0000000000,586.0000000000,100,1.1860000000,65.0000000000,44.7100000000,0.0000000000
18,275,0.0000000100,3,40,80,400,67.1279704942,200,132.8720295058,50.0000000000,33.2180073765,150.0000000000,99.6540221294,44.7100000000,0.0000000000,500.0000000000,586.0000000000,100,1.4510000000,65.0000000000,44.7100000000,0.0000000000
18,325,0.0000000100,3,40,80,400,67.1279704942,200,132.8720295058,50.0000000000,33.2180073765,150.0000000000,99.6540221294,44.7100000000,0.0000000000,500.0000000000,586.0000000000,100,1.7170000000,65.0000000000,44.7100000000,0.0000000000
15,175,0.0000000100,3,40,80,400,67.1279704942,200,132.8720295058,67.1279704942,0.0000000000,132.8720295058,132.8720295058,67.1279704942,0.0000000000,30.0000000000,315.9000000000,100,1.1620000000,53.0000000000,67.1279704942,0.0000000000
18,175,0.0000000100,3,40,80,400,67.1279704942,200,132.8720295058,67.1279704942,0.0000000000,132.8720295058,132.8720295058,67.1279704942,0.0000000000,30.0000000000,315.9000000000,100,0.9580000000,53.0000000000,67.1279704942,0.0000000000
21,175,0.0000000100,3,40,80,400,67.1279704942,200,132.8720295058,67.1279704942,0.0000000000,132.8720295058,132.8720295058,67.1279704942,0.0000000000,30.0000000000,315.9000000000,100,0.8150000000,53.0000000000,67.1279704942,0.0000000000
24,175,0.0000000100,3,40,80,400,67.1279704942,200,132.8720295058,67.1279704942,0.0000000000,132.8720295058,132.8720295058,67.1279704942,0.0000000000,30.0000000000,315.9000000000,100,0.7090000000,53.0000000000,67.1279704942,0.0000000000
18,25,0.0000000100,3,40,80,400,67.1279704942,200,132.8720295058,67.1279704942,0.0000000000,132.8720295058,132.8720295058,67.1279704942,0.0000000000,30.0000000000,315.9000000000,100,0.1370000000,53.0000000000,67.1279704942,0.0000000000
18,75,0.0000000100,3,40,80,400,67.1279704942,200,132.8720295058,67.1279704942,0.0000000000,132.8720295058,132.8720295058,67.1279704942,0.0000000000,30.0000000000,315.9000000000,100,0.4110000000,53.0000000000,67.1279704942,0.0000000000
18,125,0.0000000100,3,40,80,400,67.1279704942,200,132.8720295058,67.1279704942,0.0000000000,132.8720295058,132.8720295058,67.1279704942,0.0000000000,30.0000000000,315.9000000000,100,0.6850000000,53.0000000000,67.1279704942,0.0000000000
18,225,0.0000000100,3,40,80,400,67.1279704942,200,132.8720295058,67.1279704942,0.0000000000,132.8720295058,132.8720295058,67.1279704942,0.0000000000,30.0000000000,315.9000000000,100,1.2320000000,53.0000000000,67.1279704942,0.0000000000
18,325,0.0000000100,3,40,80,400,67.1279704942,200,132.8720295058,67.1279704942,0.0000000000,132.8720295058,132.8720295058,67.1279704942,0.0000000000,30.0000000000,315.9000000000,100,1.7800000000,53.0000000000,67.1279704942,0.0000000000
15,175,0.0000000100,3,40,80,400,67.1279704942,200,132.8720295058,67.1279704942,0.0000000000,132.8720295058,132.8720295058,67.1279704942,0.0000000000,200.0000000000,480.5000000000,100,1.1620000000,53.0000000000,67.1279704942,0.0000000000
18,175,0.0000000100,3,40,80,400,67.1279704942,200,132.8720295058,67.1279704942,0.0000000000,132.8720295058,132.8720295058,67.1279704942,0.0000000000,200.0000000000,480.5000000000,100,0.9580000000,53.0000000000,67.1279704942,0.0000000000
21,175,0.0000000100,3,40,80,400,67.1279704942,200,132.8720295058,67.1279704942,0.0000000000,132.8720295058,132.8720295058,67.1279704942,0.0000000000,200.0000000000,480.5000000000,100,0.8150000000,53.0000000000,67.1279704942,0.0000000000
24,175,0.0000000100,3,40,80,400,67.1279704942,200,132.8720295058,67.1279704942,0.0000000000,132.8720295058,132.8720295058,67.1279704942,0.0000000000,200.0000000000,480.5000000000,100,0.7090000000,53.0000000000,67.1279704942,0.0000000000
18,25,0.0000000100,3,40,80,400,67.1279704942,200,132.8720295058,67.1279704942,0.0000000000,132.8720295058,132.8720295058,67.1279704942,0.0000000000,200.0000000000,480.5000000000,100,0.1370000000,53.0000000000,67.1279704942,0.0000000000
18,75,0.0000000100,3,40,80,400,67.1279704942,200,132.8720295058,67.1279704942,0.0000000000,132.8720295058,132.8720295058,67.1279704942,0.0000000000,200.0000000000,480.5000000000,100,0.4110000000,53.0000000000,67.1279704942,0.0000000000
18,125,0.0000000100,3,40,80,400,67.1279704942,200,132.8720295058,67.1279704942,0.0000000000,132.8720295058,132.8720295058,67.1279704942,0.0000000000,200.0000000000,480.5000000000,100,0.6850000000,53.0000000000,67.1279704942,0.0000000000
18,225,0.0000000100,3,40,80,400,67.1279704942,200,132.8720295058,67.1279704942,0.0000000000,132.8720295058,132.8720295058,67.1279704942,0.0000000000,200.0000000000,480.5000000000,100,1.2320000000,53.0000000000,67.1279704942,0.0000000000
18,325,0.0000000100,3,40,80,400,67.1279704942,200,132.8720295058,67.1279704942,0.0000000000,132.8720295058,132.8720295058,67.1279704942,0.0000000000,200.0000000000,480.5000000000,100,1.7800000000,53.0000000000,67.1279704942,0.0000000000
15,175,0.0000000100,3,40,80,400,67.1279704942,200,132.8720295058,67.1279704942,0.0000000000,132.8720295058,132.8720295058,67.1279704942,0.0000000000,500.0000000000,586.0000000000,100,1.1620000000,53.0000000000,67.1279704942,0.0000000000
18,175,0.0000000100,3,40,80,400,67.1279704942,200,132.8720295058,67.1279704942,0.0000000000,132.8720295058,132.8720295058,67.1279704942,0.0000000000,500.0000000000,586.0000000000,100,0.9580000000,53.0000000000,67.1279704942,0.0000000000
21,175,0.0000000100,3,40,80,400,67.1279704942,200,132.8720295058,67.1279704942,0.0000000000,132.8720295058,132.8720295058,67.1279704942,0.0000000000,500.0000000000,586.0000000000,100,0.8150000000,53.0000000000,67.1279704942,0.0000000000
24,175,0.0000000100,3,40,80,400,67.1279704942,200,132.8720295058,67.1279704942,0.0000000000,132.8720295058,132.8720295058,67.1279704942,0.0000000000,500.0000000000,586.0000000000,100,0.7090000000,53.0000000000,67.1279704942,0.0000000000
18,25,0.0000000100,3,40,80,400,67.1279704942,200,132.8720295058,67.1279704942,0.0000000000,132.8720295058,132.8720295058,67.1279704942,0.0000000000,500.0000000000,586.0000000000,100,0.1370000000,53.0000000000,67.1279704942,0.0000000000
18,75,0.0000000100,3,40,80,400,67.1279704942,200,132.8720295058,67.1279704942,0.0000000000,132.8720295058,132.8720295058,67.1279704942,0.0000000000,500.0000000000,586.0000000000,100,0.4110000000,53.0000000000,67.1279704942,0.0000000000
18,125,0.0000000100,3,40,80,400,67.1279704942,200,132.8720295058,67.1279704942,0.0000000000,132.8720295058,132.8720295058,67.1279704942,0.0000000000,500.0000000000,586.0000000000,100,0.6850000000,53.0000000000,67.1279704942,0.0000000000
18,225,0.0000000100,3,40,80,400,67.1279704942,200,132.8720295058,67.1279704942,0.0000000000,132.8720295058,132.8720295058,67.1279704942,0.0000000000,500.0000000000,586.0000000000,100,1.2320000000,53.0000000000,67.1279704942,0.0000000000
18,325,0.0000000100,3,40,80,400,67.1279704942,200,132.8720295058,67.1279704942,0.0000000000,132.8720295058,132.8720295058,67.1279704942,0.0000000000,500.0000000000,586.0000000000,100,1.7800000000,53.0000000000,67.1279704942,0.0000000000
12,175,0.0000000100,3,40,80,400,67.1279704942,200,132.8720295058,67.1279704942,0.0000000000,132.8720295058,132.8720295058,44.7100000000,0.0000000000,30.0000000000,315.9000000000,100,1.4530000000,53.0000000000,44.7100000000,0.0000000000
15,175,0.0000000100,3,40,80,400,67.1279704942,200,132.8720295058,67.1279704942,0.0000000000,132.8720295058,132.8720295058,44.7100000000,0.0000000000,30.0000000000,315.9000000000,100,1.1500000000,53.0000000000,44.7100000000,0.0000000000
18,175,0.0000000100,3,40,80,400,67.1279704942,200,132.8720295058,67.1279704942,0.0000000000,132.8720295058,132.8720295058,44.7100000000,0.0000000000,30.0000000000,315.9000000000,100,0.9490000000,53.0000000000,44.7100000000,0.0000000000
24,175,0.0000000100,3,40,80,400,67.1279704942,200,132.8720295058,67.1279704942,0.0000000000,132.8720295058,132.8720295058,44.7100000000,0.0000000000,30.0000000000,315.9000000000,100,0.7050000000,53.0000000000,44.7100000000,0.0000000000
18,25,0.0000000100,3,40,80,400,67.1279704942,200,132.8720295058,67.1279704942,0.0000000000,132.8720295058,132.8720295058,44.7100000000,0.0000000000,30.0000000000,315.9000000000,100,0.1360000000,53.0000000000,44.7100000000,0.0000000000
18,125,0.0000000100,3,40,80,400,67.1279704942,200,132.8720295058,67.1279704942,0.0000000000,132.8720295058,132.8720295058,44.7100000000,0.0000000000,30.0000000000,315.9000000000,100,0.6780000000,53.0000000000,44.7100000000,0.0000000000
18,225,0.0000000100,3,40,80,400,67.1279704942,200,132.8720295058,67.1279704942,0.0000000000,132.8720295058,132.8720295058,44.7100000000,0.0000000000,30.0000000000,315.9000000000,100,1.2210000000,53.0000000000,44.7100000000,0.0000000000
18,275,0.0000000100,3,40,80,400,67.1279704942,200,132.8720295058,67.1279704942,0.0000000000,132.8720295058,132.8720295058,44.7100000000,0.0000000000,30.0000000000,315.9000000000,100,1.4920000000,53.0000000000,44.7100000000,0.0000000000
18,325,0.0000000100,3,40,80,400,67.1279704942,200,132.8720295058,67.1279704942,0.0000000000,132.8720295058,132.8720295058,44.7100000000,0.0000000000,30.0000000000,315.9000000000,100,1.7600000000,53.0000000000,44.7100000000,0.0000000000
12,175,0.0000000100,3,40,80,400,67.1279704942,200,132.8720295058,67.1279704942,0.0000000000,132.8720295058,132.8720295058,44.7100000000,0.0000000000,200.0000000000,480.5000000000,100,1.4530000000,53.0000000000,44.7100000000,0.0000000000
15,175,0.0000000100,3,40,80,400,67.1279704942,200,132.8720295058,67.1279704942,0.0000000000,132.8720295058,132.8720295058,44.7100000000,0.0000000000,200.0000000000,480.5000000000,100,1.1500000000,53.0000000000,44.7100000000,0.0000000000
18,175,0.0000000100,3,40,80,400,67.1279704942,200,132.8720295058,67.1279704942,0.0000000000,132.8720295058,132.8720295058,44.7100000000,0.0000000000,200.0000000000,480.5000000000,100,0.9490000000,53.0000000000,44.7100000000,0.0000000000
24,175,0.0000000100,3,40,80,400,67.1279704942,200,132.8720295058,67.1279704942,0.0000000000,132.8720295058,132.8720295058,44.7100000000,0.0000000000,200.0000000000,480.5000000000,100,0.7050000000,53.0000000000,44.7100000000,0.0000000000
18,25,0.0000000100,3,40,80,400,67.1279704942,200,132.8720295058,67.1279704942,0.0000000000,132.8720295058,132.8720295058,44.7100000000,0.0000000000,200.0000000000,480.5000000000,100,0.1360000000,53.0000000000,44.7100000000,0.0000000000
18,125,0.0000000100,3,40,80,400,67.1279704942,200,132.8720295058,67.1279704942,0.0000000000,132.8720295058,132.8720295058,44.7100000000,0.0000000000,200.0000000000,480.5000000000,100,0.6780000000,53.0000000000,44.7100000000,0.0000000000
18,225,0.0000000100,3,40,80,400,67.1279704942,200,132.8720295058,67.1279704942,0.0000000000,132.8720295058,132.8720295058,44.7100000000,0.0000000000,200.0000000000,480.5000000000,100,1.2210000000,53.0000000000,44.7100000000,0.0000000000
18,275,0.0000000100,3,40,80,400,67.1279704942,200,132.8720295058,67.1279704942,0.0000000000,132.8720295058,132.8720295058,44.7100000000,0.0000000000,200.0000000000,480.5000000000,100,1.4920000000,53.0000000000,44.7100000000,0.0000000000
18,325,0.0000000100,3,40,80,400,67.1279704942,200,132.8720295058,67.1279704942,0.0000000000,132.8720295058,132.8720295058,44.7100000000,0.0000000000,200.0000000000,480.5000000000,100,1.7600000000,53.0000000000,44.7100000000,0.0000000000
12,175,0.0000000100,3,40,80,400,67.1279704942,200,132.8720295058,67.1279704942,0.0000000000,132.8720295058,132.8720295058,44.7100000000,0.0000000000,500.0000000000,586.0000000000,100,1.4530000000,53.0000000000,44.7100000000,0.0000000000
15,175,0.0000000100,3,40,80,400,67.1279704942,200,132.8720295058,67.1279704942,0.0000000000,132.8720295058,132.8720295058,44.7100000000,0.0000000000,500.0000000000,586.0000000000,100,1.1500000000,53.0000000000,44.7100000000,0.0000000000
18,175,0.0000000100,3,40,80,400,67.1279704942,200,132.8720295058,67.1279704942,0.0000000000,132.8720295058,132.8720295058,44.7100000000,0.0000000000,500.0000000000,586.0000000000,100,0.9490000000,53.0000000000,44.7100000000,0.0000000000
24,175,0.0000000100,3,40,80,400,67.1279704942,200,132.8720295058,67.1279704942,0.0000000000,132.8720295058,132.8720295058,44.7100000000,0.0000000000,500.0000000000,586.0000000000,100,0.7050000000,53.0000000000,44.7100000000,0.0000000000
18,25,0.0000000100,3,40,80,400,67.1279704942,200,132.8720295058,67.1279704942,0.0000000000,132.8720295058,132.8720295058,44.7100000000,0.0000000000,500.0000000000,586.0000000000,100,0.1360000000,53.0000000000,44.7100000000,0.0000000000
18,125,0.0000000100,3,40,80,400,67.1279704942,200,132.8720295058,67.1279704942,0.0000000000,132.8720295058,132.8720295058,44.7100000000,0.0000000000,500.0000000000,586.0000000000,100,0.6780000000,53.0000000000,44.7100000000,0.0000000000
18,225,0.0000000100,3,40,80,400,67.1279704942,200,132.8720295058,67.1279704942,0.0000000000,132.8720295058,132.8720295058,44.7100000000,0.0000000000,500.0000000000,586.0000000000,100,1.2210000000,53.0000000000,44.7100000000,0.0000000000
18,275,0.0000000100,3,40,80,400,67.1279704942,200,132.8720295058,67.1279704942,0.0000000000,132.8720295058,132.8720295058,44.7100000000,0.0000000000,500.0000000000,586.0000000000,100,1.4920000000,53.0000000000,44.7100000000,0.0000000000
18,325,0.0000000100,3,40,80,400,67.1279704942,200,132.8720295058,67.1279704942,0.0000000000,132.8720295058,132.8720295058,44.7100000000,0.0000000000,500.0000000000,586.0000000000,100,1.7600000000,53.0000000000,44.7100000000,0.0000000000
12,175,0.0000000100,3,50,20,100,23.8350700000,70,46.2000000000,63.0000000000,39.2000000000,7.0000000000,7.0000000000,63.0000000000,39.2000000000,30.0000000000,315.9000000000,100,4.0680000000,23.0000000000,63.0000000000,39.2000000000
15,175,0.0000000100,3,50,20,100,23.8350700000,70,46.2000000000,63.0000000000,39.2000000000,7.0000000000,7.0000000000,63.0000000000,39.2000000000,30.0000000000,315.9000000000,100,3.1990000000,24.0000000000,63.0000000000,39.2000000000
18,175,0.0000000100,3,50,20,100,23.8350700000,70,46.2000000000,63.0000000000,39.2000000000,7.0000000000,7.0000000000,63.0000000000,39.2000000000,30.0000000000,315.9000000000,100,2.5930000000,17.0000000000,63.0000000000,39.2000000000
18,25,0.0000000100,3,50,20,100,23.8350700000,70,46.2000000000,63.0000000000,39.2000000000,7.0000000000,7.0000000000,63.0000000000,39.2000000000,30.0000000000,315.9000000000,100,0.3710000000,17.0000000000,63.0000000000,39.2000000000
18,75,0.0000000100,3,50,20,100,23.8350700000,70,46.2000000000,63.0000000000,39.2000000000,7.0000000000,7.0000000000,63.0000000000,39.2000000000,30.0000000000,315.9000000000,100,1.1110000000,17.0000000000,63.0000000000,39.2000000000
18,225,0.0000000100,3,50,20,100,23.8350700000,70,46.2000000000,63.0000000000,39.2000000000,7.0000000000,7.0000000000,63.0000000000,39.2000000000,30.0000000000,315.9000000000,100,3.3890000000,23.0000000000,63.0000000000,39.2000000000
18,275,0.0000000100,3,50,20,100,23.8350700000,70,46.2000000000,63.0000000000,39.2000000000,7.0000000000,7.0000000000,63.0000000000,39.2000000000,30.0000000000,315.9000000000,100,4.1420000000,23.0000000000,63.0000000000,39.2000000000
18,325,0.0000000100,3,50,20,100,23.8350700000,70,46.2000000000,63.0000000000,39.2000000000,7.0000000000,7.0000000000,63.0000000000,39.2000000000,30.0000000000,315.9000000000,100,4.8950000000,23.0000000000,63.0000000000,39.2000000000
12,175,0.0000000100,3,50,20,100,23.8350700000,70,46.2000000000,63.0000000000,39.2000000000,7.0000000000,7.0000000000,63.0000000000,39.2000000000,200.0000000000,480.5000000000,100,4.0680000000,23.0000000000,63.0000000000,39.2000000000
15,175,0.0000000100,3,50,20,100,23.8350700000,70,46.2000000000,63.0000000000,39.2000000000,7.0000000000,7.0000000000,63.0000000000,39.2000000000,200.0000000000,480.5000000000,100,3.1990000000,24.0000000000,63.0000000000,39.2000000000
18,175,0.0000000100,3,50,20,100,23.8350700000,70,46.2000000000,63.0000000000,39.2000000000,7.0000000000,7.0000000000,63.0000000000,39.2000000000,200.0000000000,480.5000000000,100,2.5930000000,17.0000000000,63.0000000000,39.2000000000
18,25,0.0000000100,3,50,20,100,23.8350700000,70,46.2000000000,63.0000000000,39.2000000000,7.0000000000,7.0000000000,63.0000000000,39.2000000000,200.0000000000,480.5000000000,100,0.3710000000,17.0000000000,63.0000000000,39.2000000000
18,75,0.0000000100,3,50,20,100,23.8350700000,70,46.2000000000,63.0000000000,39.2000000000,7.0000000000,7.0000000000,63.0000000000,39.2000000000,200.0000000000,480.5000000000,100,1.1110000000,17.0000000000,63.0000000000,39.2000000000
18,225,0.0000000100,3,50,20,100,23.8350700000,70,46.2000000000,63.0000000000,39.2000000000,7.0000000000,7.0000000000,63.0000000000,39.2000000000,200.0000000000,480.5000000000,100,3.3890000000,23.0000000000,63.0000000000,39.2000000000
18,275,0.0000000100,3,50,20,100,23.8350700000,70,46.2000000000,63.0000000000,39.2000000000,7.0000000000,7.0000000000,63.0000000000,39.2000000000,200.0000000000,480.5000000000,100,4.1420000000,23.0000000000,63.0000000000,39.2000000000
18,325,0.0000000100,3,50,20,100,23.8350700000,70,46.2000000000,63.0000000000,39.2000000000,7.0000000000,7.0000000000,63.0000000000,39.2000000000,200.0000000000,480.5000000000,100,4.8950000000,23.0000000000,63.0000000000,39.2000000000
12,175,0.0000000100,3,50,20,100,23.8350700000,70,46.2000000000,63.0000000000,39.2000000000,7.0000000000,7.0000000000,63.0000000000,39.2000000000,500.0000000000,586.0000000000,100,4.0680000000,23.0000000000,63.0000000000,39.2000000000
15,175,0.0000000100,3,50,20,100,23.8350700000,70,46.2000000000,63.0000000000,39.2000000000,7.0000000000,7.0000000000,63.0000000000,39.2000000000,500.0000000000,586.0000000000,100,3.1990000000,24.0000000000,63.0000000000,39.2000000000
18,175,0.0000000100,3,50,20,100,23.8350700000,70,46.2000000000,63.0000000000,39.2000000000,7.0000000000,7.0000000000,63.0000000000,39.2000000000,500.0000000000,586.0000000000,100,2.5930000000,17.0000000000,63.0000000000,39.2000000000
18,25,0.0000000100,3,50,20,100,23.8350700000,70,46.2000000000,63.0000000000,39.2000000000,7.0000000000,7.0000000000,63.0000000000,39.2000000000,500.0000000000,586.0000000000,100,0.3710000000,17.0000000000,63.0000000000,39.2000000000
18,75,0.0000000100,3,50,20,100,23.8350700000,70,46.2000000000,63.0000000000,39.2000000000,7.0000000000,7.0000000000,63.0000000000,39.2000000000,500.0000000000,586.0000000000,100,1.1110000000,17.0000000000,63.0000000000,39.2000000000
18,225,0.0000000100,3,50,20,100,23.8350700000,70,46.2000000000,63.0000000000,39.2000000000,7.0000000000,7.0000000000,63.0000000000,39.2000000000,500.0000000000,586.0000000000,100,3.3890000000,23.0000000000,63.0000000000,39.2000000000
18,275,0.0000000100,3,50,20,100,23.8350700000,70,46.2000000000,63.0000000000,39.2000000000,7.0000000000,7.0000000000,63.0000000000,39.2000000000,500.0000000000,586.0000000000,100,4.1420000000,23.0000000000,63.0000000000,39.2000000000
18,325,0.0000000100,3,50,20,100,23.8350700000,70,46.2000000000,63.0000000000,39.2000000000,7.0000000000,7.0000000000,63.0000000000,39.2000000000,500.0000000000,586.0000000000,100,4.8950000000,23.0000000000,63.0000000000,39.2000000000
15,175,0.0000000100,3,50,20,100,23.8350700000,70,46.2000000000,63.0000000000,39.2000000000,7.0000000000,7.0000000000,15.8000000000,0.0000000000,30.0000000000,315.9000000000,100,3.1020000000,24.0000000000,15.8000000000,0.0000000000
18,175,0.0000000100,3,50,20,100,23.8350700000,70,46.2000000000,63.0000000000,39.2000000000,7.0000000000,7.0000000000,15.8000000000,0.0000000000,30.0000000000,315.9000000000,100,2.5700000000,24.0000000000,15.8000000000,0.0000000000
21,175,0.0000000100,3,50,20,100,23.8350700000,70,46.2000000000,63.0000000000,39.2000000000,7.0000000000,7.0000000000,15.8000000000,0.0000000000,30.0000000000,315.9000000000,100,2.1930000000,24.0000000000,15.8000000000,0.0000000000
24,175,0.0000000100,3,50,20,100,23.8350700000,70,46.2000000000,63.0000000000,39.2000000000,7.0000000000,7.0000000000,15.8000000000,0.0000000000,30.0000000000,315.9000000000,100,1.9130000000,24.0000000000,15.8000000000,0.0000000000
18,25,0.0000000100,3,50,20,100,23.8350700000,70,46.2000000000,63.0000000000,39.2000000000,7.0000000000,7.0000000000,15.8000000000,0.0000000000,30.0000000000,315.9000000000,100,0.3650000000,17.0000000000,15.8000000000,0.0000000000
18,75,0.0000000100,3,50,20,100,23.8350700000,70,46.2000000000,63.0000000000,39.2000000000,7.0000000000,7.0000000000,15.8000000000,0.0000000000,30.0000000000,315.9000000000,100,1.1020000000,24.0000000000,15.8000000000,0.0000000000
18,275,0.0000000100,3,50,20,100,23.8350700000,70,46.2000000000,63.0000000000,39.2000000000,7.0000000000,7.0000000000,15.8000000000,0.0000000000,30.0000000000,315.9000000000,100,4.0380000000,24.0000000000,15.8000000000,0.0000000000
18,325,0.0000000100,3,50,20,100,23.8350700000,70,46.2000000000,63.0000000000,39.2000000000,7.0000000000,7.0000000000,15.8000000000,0.0000000000,30.0000000000,315.9000000000,100,4.7720000000,24.0000000000,15.8000000000,0.0000000000
15,175,0.0000000100,3,50,20,100,23.8350700000,70,46.2000000000,63.0000000000,39.2000000000,7.0000000000,7.0000000000,15.8000000000,0.0000000000,200.0000000000,480.5000000000,100,3.1020000000,24.0000000000,15.8000000000,0.0000000000
18,175,0.0000000100,3,50,20,100,23.8350700000,70,46.2000000000,63.0000000000,39.2000000000,7.0000000000,7.0000000000,15.8000000000,0.0000000000,200.0000000000,480.5000000000,100,2.5700000000,24.0000000000,15.8000000000,0.0000000000
21,175,0.0000000100,3,50,20,100,23.8350700000,70,46.2000000000,63.0000000000,39.2000000000,7.0000000000,7.0000000000,15.8000000000,0.0000000000,200.0000000000,480.5000000000,100,2.1930000000,24.0000000000,15.8000000000,0.0000000000
24,175,0.0000000100,3,50,20,100,23.8350700000,70,46.2000000000,63.0000000000,39.2000000000,7.0000000000,7.0000000000,15.8000000000,0.0000000000,200.0000000000,480.5000000000,100,1.9130000000,24.0000000000,15.8000000000,0.0000000000
18,25,0.0000000100,3,50,20,100,23.8350700000,70,46.2000000000,63.0000000000,39.2000000000,7.0000000000,7.0000000000,15.8000000000,0.0000000000,200.0000000000,480.5000000000,100,0.3650000000,17.0000000000,15.8000000000,0.0000000000
18,75,0.0000000100,3,50,20,100,23.8350700000,70,46.2000000000,63.0000000000,39.2000000000,7.0000000000,7.0000000000,15.8000000000,0.0000000000,200.0000000000,480.5000000000,100,1.1020000000,24.0000000000,15.8000000000,0.0000000000
18,275,0.0000000100,3,50,20,100,23.8350700000,70,46.2000000000,63.0000000000,39.2000000000,7.0000000000,7.0000000000,15.8000000000,0.0000000000,200.0000000000,480.5000000000,100,4.0380000000,24.0000000000,15.8000000000,0.0000000000
18,325,0.0000000100,3,50,20,100,23.8350700000,70,46.2000000000,63.0000000000,39.2000000000,7.0000000000,7.0000000000,15.8000000000,0.0000000000,200.0000000000,480.5000000000,100,4.7720000000,24.0000000000,15.8000000000,0.0000000000
15,175,0.0000000100,3,50,20,100,23.8350700000,70,46.2000000000,63.0000000000,39.2000000000,7.0000000000,7.0000000000,15.8000000000,0.0000000000,500.0000000000,586.0000000000,100,3.1020000000,24.0000000000,15.8000000000,0.0000000000
18,175,0.0000000100,3,50,20,100,23.8350700000,70,46.2000000000,63.0000000000,39.2000000000,7.0000000000,7.0000000000,15.8000000000,0.0000000000,500.0000000000,586.0000000000,100,2.5700000000,24.0000000000,15.8000000000,0.0000000000
21,175,0.0000000100,3,50,20,100,23.8350700000,70,46.2000000000,63.0000000000,39.2000000000,7.0000000000,7.0000000000,15.8000000000,0.0000000000,500.0000000000,586.0000000000,100,2.1930000000,24.0000000000,15.8000000000,0.0000000000
24,175,0.0000000100,3,50,20,100,23.8350700000,70,46.2000000000,63.0000000000,39.2000000000,7.0000000000,7.0000000000,15.8000000000,0.0000000000,500.0000000000,586.0000000000,100,1.9130000000,24.0000000000,15.8000000000,0.0000000000
18,25,0.0000000100,3,50,20,100,23.8350700000,70,46.2000000000,63.0000000000,39.2000000000,7.0000000000,7.0000000000,15.8000000000,0.0000000000,500.0000000000,586.0000000000,100,0.3650000000,17.0000000000,15.8000000000,0.0000000000
18,75,0.0000000100,3,50,20,100,23.8350700000,70,46.2000000000,63.0000000000,39.2000000000,7.0000000000,7.0000000000,15.8000000000,0.0000000000,500.0000000000,586.0000000000,100,1.1020000000,24.0000000000,15.8000000000,0.0000000000
18,275,0.0000000100,3,50,20,100,23.8350700000,70,46.2000000000,63.0000000000,39.2000000000,7.0000000000,7.0000000000,15.8000000000,0.0000000000,500.0000000000,586.0000000000,100,4.0380000000,24.0000000000,15.8000000000,0.0000000000
18,325,0.0000000100,3,50,20,100,23.8350700000,70,46.2000000000,63.0000000000,39.2000000000,7.0000000000,7.0000000000,15.8000000000,0.0000000000,500.0000000000,586.0000000000,100,4.7720000000,24.0000000000,15.8000000000,0.0000000000
24,175,0.0000000100,3,50,20,100,23.8350700000,70,46.2000000000,17.5000000000,11.5000000000,52.5000000000,34.6000000000,17.5000000000,11.5000000000,30.0000000000,315.9000000000,100,1.9270000000,24.0000000000,17.5000000000,11.5000000000
18,125,0.0000000100,3,50,20,100,23.8350700000,70,46.2000000000,17.5000000000,11.5000000000,52.5000000000,34.6000000000,17.5000000000,11.5000000000,30.0000000000,315.9000000000,100,1.8600000000,23.0000000000,17.5000000000,11.5000000000
18,225,0.0000000100,3,50,20,100,23.8350700000,70,46.2000000000,17.5000000000,11.5000000000,52.5000000000,34.6000000000,17.5000000000,11.5000000000,30.0000000000,315.9000000000,100,3.3430000000,24.0000000000,17.5000000000,11.5000000000
18,275,0.0000000100,3,50,20,100,23.8350700000,70,46.2000000000,17.5000000000,11.5000000000,52.5000000000,34.6000000000,17.5000000000,11.5000000000,30.0000000000,315.9000000000,100,4.0790000000,24.0000000000,17.5000000000,11.5000000000
18,325,0.0000000100,3,50,20,100,23.8350700000,70,46.2000000000,17.5000000000,11.5000000000,52.5000000000,34.6000000000,17.5000000000,11.5000000000,30.0000000000,315.9000000000,100,4.8330000000,24.0000000000,17.5000000000,11.5000000000
24,175,0.0000000100,3,50,20,100,23.8350700000,70,46.2000000000,17.5000000000,11.5000000000,52.5000000000,34.6000000000,17.5000000000,11.5000000000,200.0000000000,480.5000000000,100,1.9270000000,24.0000000000,17.5000000000,11.5000000000
18,125,0.0000000100,3,50,20,100,23.8350700000,70,46.2000000000,17.5000000000,11.5000000000,52.5000000000,34.6000000000,17.5000000000,11.5000000000,200.0000000000,480.5000000000,100,1.8600000000,23.0000000000,17.5000000000,11.5000000000
18,225,0.0000000100,3,50,20,100,23.8350700000,70,46.2000000000,17.5000000000,11.5000000000,52.5000000000,34.6000000000,17.5000000000,11.5000000000,200.0000000000,480.5000000000,100,3.3430000000,24.0000000000,17.5000000000,11.5000000000
18,275,0.0000000100,3,50,20,100,23.8350700000,70,46.2000000000,17.5000000000,11.5000000000,52.5000000000,34.6000000000,17.5000000000,11.5000000000,200.0000000000,480.5000000000,100,4.0790000000,24.0000000000,17.5000000000,11.5000000000
18,325,0.0000000100,3,50,20,100,23.8350700000,70,46.2000000000,17.5000000000,11.5000000000,52.5000000000,34.6000000000,17.5000000000,11.5000000000,200.0000000000,480.5000000000,100,4.8330000000,24.0000000000,17.5000000000,11.5000000000
24,175,0.0000000100,3,50,20,100,23.8350700000,70,46.2000000000,17.5000000000,11.5000000000,52.5000000000,34.6000000000,17.5000000000,11.5000000000,500.0000000000,586.0000000000,100,1.9270000000,24.0000000000,17.5000000000,11.5000000000
18,125,0.0000000100,3,50,20,100,23.8350700000,70,46.2000000000,17.5000000000,11.5000000000,52.5000000000,34.6000000000,17.5000000000,11.5000000000,500.0000000000,586.0000000000,100,1.8600000000,23.0000000000,17.5000000000,11.5000000000
18,225,0.0000000100,3,50,20,100,23.8350700000,70,46.2000000000,17.5000000000,11.5000000000,52.5000000000,34.6000000000,17.5000000000,11.5000000000,500.0000000000,586.0000000000,100,3.3430000000,24.0000000000,17.5000000000,11.5000000000
18,275,0.0000000100,3,50,20,100,23.8350700000,70,46.2000000000,17.5000000000,11.5000000000,52.5000000000,34.6000000000,17.5000000000,11.5000000000,500.0000000000,586.0000000000,100,4.0790000000,24.0000000000,17.5000000000,11.5000000000
18,325,0.0000000100,3,50,20,100,23.8350700000,70,46.2000000000,17.5000000000,11.5000000000,52.5000000000,34.6000000000,17.5000000000,11.5000000000,500.0000000000,586.0000000000,100,4.8330000000,24.0000000000,17.5000000000,11.5000000000
12,175,0.0000000100,3,50,20,100,23.8350700000,70,46.2000000000,17.5000000000,11.5000000000,52.5000000000,34.6000000000,16.0000000000,0.0000000000,30.0000000000,315.9000000000,100,4.0020000000,24.0000000000,16.0000000000,0.0000000000
15,175,0.0000000100,3,50,20,100,23.8350700000,70,46.2000000000,17.5000000000,11.5000000000,52.5000000000,34.6000000000,16.0000000000,0.0000000000,30.0000000000,315.9000000000,100,3.1730000000,24.0000000000,16.0000000000,0.0000000000
18,175,0.0000000100,3,50,20,100,23.8350700000,70,46.2000000000,17.5000000000,11.5000000000,52.5000000000,34.6000000000,16.0000000000,0.0000000000,30.0000000000,315.9000000000,100,2.6290000000,24.0000000000,16.0000000000,0.0000000000
21,175,0.0000000100,3,50,20,100,23.8350700000,70,46.2000000000,17.5000000000,11.5000000000,52.5000000000,34.6000000000,16.0000000000,0.0000000000,30.0000000000,315.9000000000,100,2.2440000000,24.0000000000,16.0000000000,0.0000000000
18,75,0.0000000100,3,50,20,100,23.8350700000,70,46.2000000000,17.5000000000,11.5000000000,52.5000000000,34.6000000000,16.0000000000,0.0000000000,30.0000000000,315.9000000000,100,1.1270000000,24.0000000000,16.0000000000,0.0000000000
18,125,0.0000000100,3,50,20,100,23.8350700000,70,46.2000000000,17.5000000000,11.5000000000,52.5000000000,34.6000000000,16.0000000000,0.0000000000,30.0000000000,315.9000000000,100,1.8790000000,24.0000000000,16.0000000000,0.0000000000
18,225,0.0000000100,3,50,20,100,23.8350700000,70,46.2000000000,17.5000000000,11.5000000000,52.5000000000,34.6000000000,16.0000000000,0.0000000000,30.0000000000,315.9000000000,100,3.3810000000,24.0000000000,16.0000000000,0.0000000000
18,275,0.0000000100,3,50,20,100,23.8350700000,70,46.2000000000,17.5000000000,11.5000000000,52.5000000000,34.6000000000,16.0000000000,0.0000000000,30.0000000000,315.9000000000,100,4.1320000000,24.0000000000,16.0000000000,0.0000000000
18,325,0.0000000100,3,50,20,100,23.8350700000,70,46.2000000000,17.5000000000,11.5000000000,52.5000000000,34.6000000000,16.0000000000,0.0000000000,30.0000000000,315.9000000000,100,4.8840000000,24.0000000000,16.0000000000,0.0000000000
12,175,0.0000000100,3,50,20,100,23.8350700000,70,46.2000000000,17.5000000000,11.5000000000,52.5000000000,34.6000000000,16.0000000000,0.0000000000,200.0000000000,480.5000000000,100,4.0020000000,24.0000000000,16.0000000000,0.0000000000
15,175,0.0000000100,3,50,20,100,23.8350700000,70,46.2000000000,17.5000000000,11.5000000000,52.5000000000,34.6000000000,16.0000000000,0.0000000000,200.0000000000,480.5000000000,100,3.1730000000,24.0000000000,16.0000000000,0.0000000000
18,175,0.0000000100,3,50,20,100,23.8350700000,70,46.2000000000,17.5000000000,11.5000000000,52.5000000000,34.6000000000,16.0000000000,0.0000000000,200.0000000000,480.5000000000,100,2.6290000000,24.0000000000,16.0000000000,0.0000000000
21,175,0.0000000100,3,50,20,100,23.8350700000,70,46.2000000000,17.5000000000,11.5000000000,52.5000000000,34.6000000000,16.0000000000,0.0000000000,200.0000000000,480.5000000000,100,2.2440000000,24.0000000000,16.0000000000,0.0000000000
18,75,0.0000000100,3,50,20,100,23.8350700000,70,46.2000000000,17.5000000000,11.5000000000,52.5000000000,34.6000000000,16.0000000000,0.0000000000,200.0000000000,480.5000000000,100,1.1270000000,24.0000000000,16.0000000000,0.0000000000
18,125,0.0000000100,3,50,20,100,23.8350700000,70,46.2000000000,17.5000000000,11.5000000000,52.5000000000,34.6000000000,16.0000000000,0.0000000000,200.0000000000,480.5000000000,100,1.8790000000,24.0000000000,16.0000000000,0.0000000000
18,225,0.0000000100,3,50,20,100,23.8350700000,70,46.2000000000,17.5000000000,11.5000000000,52.5000000000,34.6000000000,16.0000000000,0.0000000000,200.0000000000,480.5000000000,100,3.3810000000,24.0000000000,16.0000000000,0.0000000000
18,275,0.0000000100,3,50,20,100,23.8350700000,70,46.2000000000,17.5000000000,11.5000000000,52.5000000000,34.6000000000,16.0000000000,0.0000000000,200.0000000000,480.5000000000,100,4.1320000000,24.0000000000,16.0000000000,0.0000000000
18,325,0.0000000100,3,50,20,100,23.8350700000,70,46.2000000000,17.5000000000,11.5000000000,52.5000000000,34.6000000000,16.0000000000,0.0000000000,200.0000000000,480.5000000000,100,4.8840000000,24.0000000000,16.0000000000,0.0000000000
12,175,0.0000000100,3,50,20,100,23.8350700000,70,46.2000000000,17.5000000000,11.5000000000,52.5000000000,34.6000000000,16.0000000000,0.0000000000,500.0000000000,586.0000000000,100,4.0020000000,24.0000000000,16.0000000000,0.0000000000
15,175,0.0000000100,3,50,20,100,23.8350700000,70,46.2000000000,17.5000000000,11.5000000000,52.5000000000,34.6000000000,16.0000000000,0.0000000000,500.0000000000,586.0000000000,100,3.1730000000,24.0000000000,16.0000000000,0.0000000000
18,175,0.0000000100,3,50,20,100,23.8350700000,70,46.2000000000,17.5000000000,11.5000000000,52.5000000000,34.6000000000,16.0000000000,0.0000000000,500.0000000000,586.0000000000,100,2.6290000000,24.0000000000,16.0000000000,0.0000000000
21,175,0.0000000100,3,50,20,100,23.8350700000,70,46.2000000000,17.5000000000,11.5000000000,52.5000000000,34.6000000000,16.0000000000,0.0000000000,500.0000000000,586.0000000000,100,2.2440000000,24.0000000000,16.0000000000,0.0000000000
18,75,0.0000000100,3,50,20,100,23.8350700000,70,46.2000000000,17.5000000000,11.5000000000,52.5000000000,34.6000000000,16.0000000000,0.0000000000,500.0000000000,586.0000000000,100,1.1270000000,24.0000000000,16.0000000000,0.0000000000
18,125,0.0000000100,3,50,20,100,23.8350700000,70,46.2000000000,17.5000000000,11.5000000000,52.5000000000,34.6000000000,16.0000000000,0.0000000000,500.0000000000,586.0000000000,100,1.8790000000,24.0000000000,16.0000000000,0.0000000000
18,225,0.0000000100,3,50,20,100,23.8350700000,70,46.2000000000,17.5000000000,11.5000000000,52.5000000000,34.6000000000,16.0000000000,0.0000000000,500.0000000000,586.0000000000,100,3.3810000000,24.0000000000,16.0000000000,0.0000000000
18,275,0.0000000100,3,50,20,100,23.8350700000,70,46.2000000000,17.5000000000,11.5000000000,52.5000000000,34.6000000000,16.0000000000,0.0000000000,500.0000000000,586.0000000000,100,4.1320000000,24.0000000000,16.0000000000,0.0000000000
18,325,0.0000000100,3,50,20,100,23.8350700000,70,46.2000000000,17.5000000000,11.5000000000,52.5000000000,34.6000000000,16.0000000000,0.0000000000,500.0000000000,586.0000000000,100,4.8840000000,24.0000000000,16.0000000000,0.0000000000
12,175,0.0000000100,3,50,20,100,23.8350700000,70,46.2000000000,23.8000000000,0.0000000000,46.2000000000,46.2000000000,23.8000000000,0.0000000000,30.0000000000,315.9000000000,100,4.9210000000,13.0000000000,23.8000000000,0.0000000000
15,175,0.0000000100,3,50,20,100,23.8350700000,70,46.2000000000,23.8000000000,0.0000000000,46.2000000000,46.2000000000,23.8000000000,0.0000000000,30.0000000000,315.9000000000,100,4.3550000000,10.0000000000,23.8000000000,0.0000000000
18,175,0.0000000100,3,50,20,100,23.8350700000,70,46.2000000000,23.8000000000,0.0000000000,46.2000000000,46.2000000000,23.8000000000,0.0000000000,30.0000000000,315.9000000000,100,2.5900000000,17.0000000000,23.8000000000,0.0000000000
21,175,0.0000000100,3,50,20,100,23.8350700000,70,46.2000000000,23.8000000000,0.0000000000,46.2000000000,46.2000000000,23.8000000000,0.0000000000,30.0000000000,315.9000000000,100,2.7920000000,13.0000000000,23.8000000000,0.0000000000
24,175,0.0000000100,3,50,20,100,23.8350700000,70,46.2000000000,23.8000000000,0.0000000000,46.2000000000,46.2000000000,23.8000000000,0.0000000000,30.0000000000,315.9000000000,100,2.4300000000,13.0000000000,23.8000000000,0.0000000000
18,25,0.0000000100,3,50,20,100,23.8350700000,70,46.2000000000,23.8000000000,0.0000000000,46.2000000000,46.2000000000,23.8000000000,0.0000000000,30.0000000000,315.9000000000,100,0.3660000000,17.0000000000,23.8000000000,0.0000000000
18,75,0.0000000100,3,50,20,100,23.8350700000,70,46.2000000000,23.8000000000,0.0000000000,46.2000000000,46.2000000000,23.8000000000,0.0000000000,30.0000000000,315.9000000000,100,1.3690000000,13.0000000000,23.8000000000,0.0000000000
18,125,0.0000000100,3,50,20,100,23.8350700000,70,46.2000000000,23.8000000000,0.0000000000,46.2000000000,46.2000000000,23.8000000000,0.0000000000,30.0000000000,315.9000000000,100,2.3440000000,13.0000000000,23.8000000000,0.0000000000
18,225,0.0000000100,3,50,20,100,23.8350700000,70,46.2000000000,23.8000000000,0.0000000000,46.2000000000,46.2000000000,23.8000000000,0.0000000000,30.0000000000,315.9000000000,100,4.1070000000,13.0000000000,23.8000000000,0.0000000000
12,175,0.0000000100,3,50,20,100,23.8350700000,70,46.2000000000,23.8000000000,0.0000000000,46.2000000000,46.2000000000,23.8000000000,0.0000000000,200.0000000000,480.5000000000,100,4.9210000000,13.0000000000,23.8000000000,0.0000000000
15,175,0.0000000100,3,50,20,100,23.8350700000,70,46.2000000000,23.8000000000,0.0000000000,46.2000000000,46.2000000000,23.8000000000,0.0000000000,200.0000000000,480.5000000000,100,4.3550000000,10.0000000000,23.8000000000,0.0000000000
18,175,0.0000000100,3,50,20,100,23.8350700000,70,46.2000000000,23.8000000000,0.0000000000,46.2000000000,46.2000000000,23.8000000000,0.0000000000,200.0000000000,480.5000000000,100,2.5890000000,17.0000000000,23.8000000000,0.0000000000
21,175,0.0000000100,3,50,20,100,23.8350700000,70,46.2000000000,23.8000000000,0.0000000000,46.2000000000,46.2000000000,23.8000000000,0.0000000000,200.0000000000,480.5000000000,100,2.5380000000,14.0000000000,23.8000000000,0.0000000000
24,175,0.0000000100,3,50,20,100,23.8350700000,70,46.2000000000,23.8000000000,0.0000000000,46.2000000000,46.2000000000,23.8000000000,0.0000000000,200.0000000000,480.5000000000,100,2.4290000000,13.0000000000,23.8000000000,0.0000000000
18,25,0.0000000100,3,50,20,100,23.8350700000,70,46.2000000000,23.8000000000,0.0000000000,46.2000000000,46.2000000000,23.8000000000,0.0000000000,200.0000000000,480.5000000000,100,0.3660000000,17.0000000000,23.8000000000,0.0000000000
18,75,0.0000000100,3,50,20,100,23.8350700000,70,46.2000000000,23.8000000000,0.0000000000,46.2000000000,46.2000000000,23.8000000000,0.0000000000,200.0000000000,480.5000000000,100,1.1100000000,17.0000000000,23.8000000000,0.0000000000
18,125,0.0000000100,3,50,20,100,23.8350700000,70,46.2000000000,23.8000000000,0.0000000000,46.2000000000,46.2000000000,23.8000000000,0.0000000000,200.0000000000,480.5000000000,100,2.3440000000,13.0000000000,23.8000000000,0.0000000000
18,225,0.0000000100,3,50,20,100,23.8350700000,70,46.2000000000,23.8000000000,0.0000000000,46.2000000000,46.2000000000,23.8000000000,0.0000000000,200.0000000000,480.5000000000,100,4.1070000000,13.0000000000,23.8000000000,0.0000000000
12,175,0.0000000100,3,50,20,100,23.8350700000,70,46.2000000000,23.8000000000,0.0000000000,46.2000000000,46.2000000000,23.8000000000,0.0000000000,500.0000000000,586.0000000000,100,4.9210000000,13.0000000000,23.8000000000,0.0000000000
15,175,0.0000000100,3,50,20,100,23.8350700000,70,46.2000000000,23.8000000000,0.0000000000,46.2000000000,46.2000000000,23.8000000000,0.0000000000,500.0000000000,586.0000000000,100,4.3550000000,10.0000000000,23.8000000000,0.0000000000
18,175,0.0000000100,3,50,20,100,23.8350700000,70,46.2000000000,23.8000000000,0.0000000000,46.2000000000,46.2000000000,23.8000000000,0.0000000000,500.0000000000,586.0000000000,100,2.5890000000,17.0000000000,23.8000000000,0.0000000000
21,175,0.0000000100,3,50,20,100,23.8350700000,70,46.2000000000,23.8000000000,0.0000000000,46.2000000000,46.2000000000,23.8000000000,0.0000000000,500.0000000000,586.0000000000,100,2.5380000000,14.0000000000,23.8000000000,0.0000000000
24,175,0.0000000100,3,50,20,100,23.8350700000,70,46.2000000000,23.8000000000,0.0000000000,46.2000000000,46.2000000000,23.8000000000,0.0000000000,500.0000000000,586.0000000000,100,2.4290000000,13.0000000000,23.8000000000,0.0000000000
18,25,0.0000000100,3,50,20,100,23.8350700000,70,46.2000000000,23.8000000000,0.0000000000,46.2000000000,46.2000000000,23.8000000000,0.0000000000,500.0000000000,586.0000000000,100,0.3660000000,17.0000000000,23.8000000000,0.0000000000
18,75,0.0000000100,3,50,20,100,23.8350700000,70,46.2000000000,23.8000000000,0.0000000000,46.2000000000,46.2000000000,23.8000000000,0.0000000000,500.0000000000,586.0000000000,100,1.1100000000,17.0000000000,23.8000000000,0.0000000000
18,125,0.0000000100,3,50,20,100,23.8350700000,70,46.2000000000,23.8000000000,0.0000000000,46.2000000000,46.2000000000,23.8000000000,0.0000000000,500.0000000000,586.0000000000,100,2.3440000000,13.0000000000,23.8000000000,0.0000000000
18,225,0.0000000100,3,50,20,100,23.8350700000,70,46.2000000000,23.8000000000,0.0000000000,46.2000000000,46.2000000000,23.8000000000,0.0000000000,500.0000000000,586.0000000000,100,4.1070000000,13.0000000000,23.8000000000,0.0000000000
12,175,0.0000000100,3,40,20,100,23.8350700000,70,46.2000000000,23.8000000000,0.0000000000,46.2000000000,46.2000000000,16.0000000000,0.0000000000,30.0000000000,315.9000000000,100,5.0910000000,13.0000000000,16.0000000000,0.0000000000
15,175,0.0000000100,3,40,20,100,23.8350700000,70,46.2000000000,23.8000000000,0.0000000000,46.2000000000,46.2000000000,16.0000000000,0.0000000000,30.0000000000,315.9000000000,100,3.0630000000,17.0000000000,16.0000000000,0.0000000000
18,175,0.0000000100,3,40,20,100,23.8350700000,70,46.2000000000,23.8000000000,0.0000000000,46.2000000000,46.2000000000,16.0000000000,0.0000000000,30.0000000000,315.9000000000,100,2.5320000000,17.0000000000,16.0000000000,0.0000000000
24,175,0.0000000100,3,40,20,100,23.8350700000,70,46.2000000000,23.8000000000,0.0000000000,46.2000000000,46.2000000000,16.0000000000,0.0000000000,30.0000000000,315.9000000000,100,1.8950000000,17.0000000000,16.0000000000,0.0000000000
18,25,0.0000000100,3,40,20,100,23.8350700000,70,46.2000000000,23.8000000000,0.0000000000,46.2000000000,46.2000000000,16.0000000000,0.0000000000,30.0000000000,315.9000000000,100,0.3650000000,17.0000000000,16.0000000000,0.0000000000
18,75,0.0000000100,3,40,20,100,23.8350700000,70,46.2000000000,23.8000000000,0.0000000000,46.2000000000,46.2000000000,16.0000000000,0.0000000000,30.0000000000,315.9000000000,100,1.2830000000,17.0000000000,16.0000000000,0.0000000000
18,125,0.0000000100,3,40,20,100,23.8350700000,70,46.2000000000,23.8000000000,0.0000000000,46.2000000000,46.2000000000,16.0000000000,0.0000000000,30.0000000000,315.9000000000,100,1.8090000000,17.0000000000,16.0000000000,0.0000000000
18,225,0.0000000100,3,40,20,100,23.8350700000,70,46.2000000000,23.8000000000,0.0000000000,46.2000000000,46.2000000000,16.0000000000,0.0000000000,30.0000000000,315.9000000000,100,3.5610000000,17.0000000000,16.0000000000,0.0000000000
18,275,0.0000000100,3,40,20,100,23.8350700000,70,46.2000000000,23.8000000000,0.0000000000,46.2000000000,46.2000000000,16.0000000000,0.0000000000,30.0000000000,315.9000000000,100,4.3530000000,14.0000000000,16.0000000000,0.0000000000
18,325,0.0000000100,3,40,20,100,23.8350700000,70,46.2000000000,23.8000000000,0.0000000000,46.2000000000,46.2000000000,16.0000000000,0.0000000000,30.0000000000,315.9000000000,100,5.4990000000,12.0000000000,16.0000000000,0.0000000000
12,175,0.0000000100,3,40,20,100,23.8350700000,70,46.2000000000,23.8000000000,0.0000000000,46.2000000000,46.2000000000,16.0000000000,0.0000000000,200.0000000000,480.5000000000,100,4.9210000000,14.0000000000,16.0000000000,0.0000000000
15,175,0.0000000100,3,40,20,100,23.8350700000,70,46.2000000000,23.8000000000,0.0000000000,46.2000000000,46.2000000000,16.0000000000,0.0000000000,200.0000000000,480.5000000000,100,4.3550000000,11.0000000000,16.0000000000,0.0000000000
18,175,0.0000000100,3,40,20,100,23.8350700000,70,46.2000000000,23.8000000000,0.0000000000,46.2000000000,46.2000000000,16.0000000000,0.0000000000,200.0000000000,480.5000000000,100,2.5890000000,17.0000000000,16.0000000000,0.0000000000
24,175,0.0000000100,3,40,20,100,23.8350700000,70,46.2000000000,23.8000000000,0.0000000000,46.2000000000,46.2000000000,16.0000000000,0.0000000000,200.0000000000,480.5000000000,100,2.4290000000,13.0000000000,16.0000000000,0.0000000000
18,25,0.0000000100,3,40,20,100,23.8350700000,70,46.2000000000,23.8000000000,0.0000000000,46.2000000000,46.2000000000,16.0000000000,0.0000000000,200.0000000000,480.5000000000,100,0.3660000000,17.0000000000,16.0000000000,0.0000000000
18,75,0.0000000100,3,40,20,100,23.8350700000,70,46.2000000000,23.8000000000,0.0000000000,46.2000000000,46.2000000000,16.0000000000,0.0000000000,200.0000000000,480.5000000000,100,1.1100000000,17.0000000000,16.0000000000,0.0000000000
18,125,0.0000000100,3,40,20,100,23.8350700000,70,46.2000000000,23.8000000000,0.0000000000,46.2000000000,46.2000000000,16.0000000000,0.0000000000,200.0000000000,480.5000000000,100,2.3440000000,13.0000000000,16.0000000000,0.0000000000
18,225,0.0000000100,3,40,20,100,23.8350700000,70,46.2000000000,23.8000000000,0.0000000000,46.2000000000,46.2000000000,16.0000000000,0.0000000000,200.0000000000,480.5000000000,100,4.1070000000,13.0000000000,16.0000000000,0.0000000000
18,275,0.0000000100,3,40,20,100,23.8350700000,70,46.2000000000,23.8000000000,0.0000000000,46.2000000000,46.2000000000,16.0000000000,0.0000000000,200.0000000000,480.5000000000,100,5.0200000000,13.0000000000,16.0000000000,0.0000000000
18,325,0.0000000100,3,40,20,100,23.8350700000,70,46.2000000000,23.8000000000,0.0000000000,46.2000000000,46.2000000000,16.0000000000,0.0000000000,200.0000000000,480.5000000000,100,6.6720000000,10.0000000000,16.0000000000,0.0000000000
12,175,0.0000000100,3,40,20,100,23.8350700000,70,46.2000000000,23.8000000000,0.0000000000,46.2000000000,46.2000000000,16.0000000000,0.0000000000,500.0000000000,586.0000000000,100,4.9210000000,14.0000000000,16.0000000000,0.0000000000
15,175,0.0000000100,3,40,20,100,23.8350700000,70,46.2000000000,23.8000000000,0.0000000000,46.2000000000,46.2000000000,16.0000000000,0.0000000000,500.0000000000,586.0000000000,100,4.3550000000,11.0000000000,16.0000000000,0.0000000000
18,175,0.0000000100,3,40,20,100,23.8350700000,70,46.2000000000,23.8000000000,0.0000000000,46.2000000000,46.2000000000,16.0000000000,0.0000000000,500.0000000000,586.0000000000,100,2.5890000000,17.0000000000,16.0000000000,0.0000000000
24,175,0.0000000100,3,40,20,100,23.8350700000,70,46.2000000000,23.8000000000,0.0000000000,46.2000000000,46.2000000000,16.0000000000,0.0000000000,500.0000000000,586.0000000000,100,2.4290000000,13.0000000000,16.0000000000,0.0000000000
18,25,0.0000000100,3,40,20,100,23.8350700000,70,46.2000000000,23.8000000000,0.0000000000,46.2000000000,46.2000000000,16.0000000000,0.0000000000,500.0000000000,586.0000000000,100,0.3660000000,17.0000000000,16.0000000000,0.0000000000
18,75,0.0000000100,3,40,20,100,23.8350700000,70,46.2000000000,23.8000000000,0.0000000000,46.2000000000,46.2000000000,16.0000000000,0.0000000000,500.0000000000,586.0000000000,100,1.1100000000,17.0000000000,16.0000000000,0.0000000000
18,125,0.0000000100,3,40,20,100,23.8350700000,70,46.2000000000,23.8000000000,0.0000000000,46.2000000000,46.2000000000,16.0000000000,0.0000000000,500.0000000000,586.0000000000,100,2.3440000000,13.0000000000,16.0000000000,0.0000000000
18,225,0.0000000100,3,40,20,100,23.8350700000,70,46.2000000000,23.8000000000,0.0000000000,46.2000000000,46.2000000000,16.0000000000,0.0000000000,500.0000000000,586.0000000000,100,4.1070000000,13.0000000000,16.0000000000,0.0000000000
18,275,0.0000000100,3,40,20,100,23.8350700000,70,46.2000000000,23.8000000000,0.0000000000,46.2000000000,46.2000000000,16.0000000000,0.0000000000,500.0000000000,586.0000000000,100,5.0200000000,13.0000000000,16.0000000000,0.0000000000
18,325,0.0000000100,3,40,20,100,23.8350700000,70,46.2000000000,23.8000000000,0.0000000000,46.2000000000,46.2000000000,16.0000000000,0.0000000000,500.0000000000,586.0000000000,100,6.6720000000,10.0000000000,16.0000000000,0.0000000000
12,175,0.0000000100,3,40,40,200,47.6700000000,145,97.3000000000,130.5000000000,82.8000000000,14.5000000000,14.5000000000,130.5000000000,82.8000000000,30.0000000000,315.9000000000,100,2.0280000000,46.0000000000,130.5000000000,82.8000000000
15,175,0.0000000100,3,40,40,200,47.6700000000,145,97.3000000000,130.5000000000,82.8000000000,14.5000000000,14.5000000000,130.5000000000,82.8000000000,30.0000000000,315.9000000000,100,1.5960000000,46.0000000000,130.5000000000,82.8000000000
18,175,0.0000000100,3,40,40,200,47.6700000000,145,97.3000000000,130.5000000000,82.8000000000,14.5000000000,14.5000000000,130.5000000000,82.8000000000,30.0000000000,315.9000000000,100,1.3150000000,46.0000000000,130.5000000000,82.8000000000
21,175,0.0000000100,3,40,40,200,47.6700000000,145,97.3000000000,130.5000000000,82.8000000000,14.5000000000,14.5000000000,130.5000000000,82.8000000000,30.0000000000,315.9000000000,100,1.0990000000,34.0000000000,130.5000000000,82.8000000000
24,175,0.0000000100,3,40,40,200,47.6700000000,145,97.3000000000,130.5000000000,82.8000000000,14.5000000000,14.5000000000,130.5000000000,82.8000000000,30.0000000000,315.9000000000,100,0.9740000000,46.0000000000,130.5000000000,82.8000000000
18,25,0.0000000100,3,40,40,200,47.6700000000,145,97.3000000000,130.5000000000,82.8000000000,14.5000000000,14.5000000000,130.5000000000,82.8000000000,30.0000000000,315.9000000000,100,0.1840000000,34.0000000000,130.5000000000,82.8000000000
18,75,0.0000000100,3,40,40,200,47.6700000000,145,97.3000000000,130.5000000000,82.8000000000,14.5000000000,14.5000000000,130.5000000000,82.8000000000,30.0000000000,315.9000000000,100,0.5540000000,46.0000000000,130.5000000000,82.8000000000
18,125,0.0000000100,3,40,40,200,47.6700000000,145,97.3000000000,130.5000000000,82.8000000000,14.5000000000,14.5000000000,130.5000000000,82.8000000000,30.0000000000,315.9000000000,100,0.9230000000,46.0000000000,130.5000000000,82.8000000000
18,225,0.0000000100,3,40,40,200,47.6700000000,145,97.3000000000,130.5000000000,82.8000000000,14.5000000000,14.5000000000,130.5000000000,82.8000000000,30.0000000000,315.9000000000,100,1.6910000000,34.0000000000,130.5000000000,82.8000000000
18,275,0.0000000100,3,40,40,200,47.6700000000,145,97.3000000000,130.5000000000,82.8000000000,14.5000000000,14.5000000000,130.5000000000,82.8000000000,30.0000000000,315.9000000000,100,2.0300000000,34.0000000000,130.5000000000,82.8000000000
18,325,0.0000000100,3,40,40,200,47.6700000000,145,97.3000000000,130.5000000000,82.8000000000,14.5000000000,14.5000000000,130.5000000000,82.8000000000,30.0000000000,315.9000000000,100,2.4430000000,46.0000000000,130.5000000000,82.8000000000
12,175,0.0000000100,3,40,40,200,47.6700000000,145,97.3000000000,130.5000000000,82.8000000000,14.5000000000,14.5000000000,130.5000000000,82.8000000000,200.0000000000,480.5000000000,100,2.0280000000,46.0000000000,130.5000000000,82.8000000000
15,175,0.0000000100,3,40,40,200,47.6700000000,145,97.3000000000,130.5000000000,82.8000000000,14.5000000000,14.5000000000,130.5000000000,82.8000000000,200.0000000000,480.5000000000,100,1.5960000000,46.0000000000,130.5000000000,82.8000000000
18,175,0.0000000100,3,40,40,200,47.6700000000,145,97.3000000000,130.5000000000,82.8000000000,14.5000000000,14.5000000000,130.5000000000,82.8000000000,200.0000000000,480.5000000000,100,1.3150000000,46.0000000000,130.5000000000,82.8000000000
21,175,0.0000000100,3,40,40,200,47.6700000000,145,97.3000000000,130.5000000000,82.8000000000,14.5000000000,14.5000000000,130.5000000000,82.8000000000,200.0000000000,480.5000000000,100,1.0990000000,34.0000000000,130.5000000000,82.8000000000
24,175,0.0000000100,3,40,40,200,47.6700000000,145,97.3000000000,130.5000000000,82.8000000000,14.5000000000,14.5000000000,130.5000000000,82.8000000000,200.0000000000,480.5000000000,100,0.9740000000,46.0000000000,130.5000000000,82.8000000000
18,25,0.0000000100,3,40,40,200,47.6700000000,145,97.3000000000,130.5000000000,82.8000000000,14.5000000000,14.5000000000,130.5000000000,82.8000000000,200.0000000000,480.5000000000,100,0.1840000000,34.0000000000,130.5000000000,82.8000000000
18,75,0.0000000100,3,40,40,200,47.6700000000,145,97.3000000000,130.5000000000,82.8000000000,14.5000000000,14.5000000000,130.5000000000,82.8000000000,200.0000000000,480.5000000000,100,0.5540000000,46.0000000000,130.5000000000,82.8000000000
18,125,0.0000000100,3,40,40,200,47.6700000000,145,97.3000000000,130.5000000000,82.8000000000,14.5000000000,14.5000000000,130.5000000000,82.8000000000,200.0000000000,480.5000000000,100,0.9230000000,46.0000000000,130.5000000000,82.8000000000
18,225,0.0000000100,3,40,40,200,47.6700000000,145,97.3000000000,130.5000000000,82.8000000000,14.5000000000,14.5000000000,130.5000000000,82.8000000000,200.0000000000,480.5000000000,100,1.6910000000,34.0000000000,130.5000000000,82.8000000000
18,275,0.0000000100,3,40,40,200,47.6700000000,145,97.3000000000,130.5000000000,82.8000000000,14.5000000000,14.5000000000,130.5000000000,82.8000000000,200.0000000000,480.5000000000,100,2.0300000000,34.0000000000,130.5000000000,82.8000000000
18,325,0.0000000100,3,40,40,200,47.6700000000,145,97.3000000000,130.5000000000,82.8000000000,14.5000000000,14.5000000000,130.5000000000,82.8000000000,200.0000000000,480.5000000000,100,2.4430000000,46.0000000000,130.5000000000,82.8000000000
12,175,0.0000000100,3,40,40,200,47.6700000000,145,97.3000000000,130.5000000000,82.8000000000,14.5000000000,14.5000000000,130.5000000000,82.8000000000,500.0000000000,586.0000000000,100,2.0280000000,46.0000000000,130.5000000000,82.8000000000
15,175,0.0000000100,3,40,40,200,47.6700000000,145,97.3000000000,130.5000000000,82.8000000000,14.5000000000,14.5000000000,130.5000000000,82.8000000000,500.0000000000,586.0000000000,100,1.5960000000,46.0000000000,130.5000000000,82.8000000000
18,175,0.0000000100,3,40,40,200,47.6700000000,145,97.3000000000,130.5000000000,82.8000000000,14.5000000000,14.5000000000,130.5000000000,82.8000000000,500.0000000000,586.0000000000,100,1.3150000000,46.0000000000,130.5000000000,82.8000000000
21,175,0.0000000100,3,40,40,200,47.6700000000,145,97.3000000000,130.5000000000,82.8000000000,14.5000000000,14.5000000000,130.5000000000,82.8000000000,500.0000000000,586.0000000000,100,1.0990000000,34.0000000000,130.5000000000,82.8000000000
24,175,0.0000000100,3,40,40,200,47.6700000000,145,97.3000000000,130.5000000000,82.8000000000,14.5000000000,14.5000000000,130.5000000000,82.8000000000,500.0000000000,586.0000000000,100,0.9740000000,46.0000000000,130.5000000000,82.8000000000
18,25,0.0000000100,3,40,40,200,47.6700000000,145,97.3000000000,130.5000000000,82.8000000000,14.5000000000,14.5000000000,130.5000000000,82.8000000000,500.0000000000,586.0000000000,100,0.1840000000,34.0000000000,130.5000000000,82.8000000000
18,75,0.0000000100,3,40,40,200,47.6700000000,145,97.3000000000,130.5000000000,82.8000000000,14.5000000000,14.5000000000,130.5000000000,82.8000000000,500.0000000000,586.0000000000,100,0.5540000000,46.0000000000,130.5000000000,82.8000000000
18,125,0.0000000100,3,40,40,200,47.6700000000,145,97.3000000000,130.5000000000,82.8000000000,14.5000000000,14.5000000000,130.5000000000,82.8000000000,500.0000000000,586.0000000000,100,0.9230000000,46.0000000000,130.5000000000,82.8000000000
18,225,0.0000000100,3,40,40,200,47.6700000000,145,97.3000000000,130.5000000000,82.8000000000,14.5000000000,14.5000000000,130.5000000000,82.8000000000,500.0000000000,586.0000000000,100,1.6910000000,34.0000000000,130.5000000000,82.8000000000
18,275,0.0000000100,3,40,40,200,47.6700000000,145,97.3000000000,130.5000000000,82.8000000000,14.5000000000,14.5000000000,130.5000000000,82.8000000000,500.0000000000,586.0000000000,100,2.0300000000,34.0000000000,130.5000000000,82.8000000000
18,325,0.0000000100,3,40,40,200,47.6700000000,145,97.3000000000,130.5000000000,82.8000000000,14.5000000000,14.5000000000,130.5000000000,82.8000000000,500.0000000000,586.0000000000,100,2.4430000000,46.0000000000,130.5000000000,82.8000000000
12,175,0.0000000100,3,40,40,200,47.6700000000,145,97.3000000000,130.5000000000,82.8000000000,14.5000000000,14.5000000000,31.7000000000,0.0000000000,30.0000000000,315.9000000000,100,1.9620000000,46.0000000000,31.7000000000,0.0000000000
18,175,0.0000000100,3,40,40,200,47.6700000000,145,97.3000000000,130.5000000000,82.8000000000,14.5000000000,14.5000000000,31.7000000000,0.0000000000,30.0000000000,315.9000000000,100,1.2870000000,46.0000000000,31.7000000000,0.0000000000
18,25,0.0000000100,3,40,40,200,47.6700000000,145,97.3000000000,130.5000000000,82.8000000000,14.5000000000,14.5000000000,31.7000000000,0.0000000000,30.0000000000,315.9000000000,100,0.1840000000,46.0000000000,31.7000000000,0.0000000000
18,75,0.0000000100,3,40,40,200,47.6700000000,145,97.3000000000,130.5000000000,82.8000000000,14.5000000000,14.5000000000,31.7000000000,0.0000000000,30.0000000000,315.9000000000,100,0.5490000000,34.0000000000,31.7000000000,0.0000000000
18,125,0.0000000100,3,40,40,200,47.6700000000,145,97.3000000000,130.5000000000,82.8000000000,14.5000000000,14.5000000000,31.7000000000,0.0000000000,30.0000000000,315.9000000000,100,0.9200000000,47.0000000000,31.7000000000,0.0000000000
18,175,0.0000000100,3,40,40,200,47.6700000000,145,97.3000000000,130.5000000000,82.8000000000,14.5000000000,14.5000000000,31.7000000000,0.0000000000,30.0000000000,315.9000000000,100,1.2870000000,47.0000000000,31.7000000000,0.0000000000
18,225,0.0000000100,3,40,40,200,47.6700000000,145,97.3000000000,130.5000000000,82.8000000000,14.5000000000,14.5000000000,31.7000000000,0.0000000000,30.0000000000,315.9000000000,100,1.6550000000,47.0000000000,31.7000000000,0.0000000000
18,325,0.0000000100,3,40,40,200,47.6700000000,145,97.3000000000,130.5000000000,82.8000000000,14.5000000000,14.5000000000,31.7000000000,0.0000000000,30.0000000000,315.9000000000,100,2.3910000000,47.0000000000,31.7000000000,0.0000000000
12,175,0.0000000100,3,40,40,200,47.6700000000,145,97.3000000000,130.5000000000,82.8000000000,14.5000000000,14.5000000000,31.7000000000,0.0000000000,200.0000000000,480.5000000000,100,1.9620000000,46.0000000000,31.7000000000,0.0000000000
18,175,0.0000000100,3,40,40,200,47.6700000000,145,97.3000000000,130.5000000000,82.8000000000,14.5000000000,14.5000000000,31.7000000000,0.0000000000,200.0000000000,480.5000000000,100,1.2870000000,46.0000000000,31.7000000000,0.0000000000
18,25,0.0000000100,3,40,40,200,47.6700000000,145,97.3000000000,130.5000000000,82.8000000000,14.5000000000,14.5000000000,31.7000000000,0.0000000000,200.0000000000,480.5000000000,100,0.1840000000,46.0000000000,31.7000000000,0.0000000000
18,75,0.0000000100,3,40,40,200,47.6700000000,145,97.3000000000,130.5000000000,82.8000000000,14.5000000000,14.5000000000,31.7000000000,0.0000000000,200.0000000000,480.5000000000,100,0.5490000000,34.0000000000,31.7000000000,0.0000000000
18,125,0.0000000100,3,40,40,200,47.6700000000,145,97.3000000000,130.5000000000,82.8000000000,14.5000000000,14.5000000000,31.7000000000,0.0000000000,200.0000000000,480.5000000000,100,0.9200000000,47.0000000000,31.7000000000,0.0000000000
18,175,0.0000000100,3,40,40,200,47.6700000000,145,97.3000000000,130.5000000000,82.8000000000,14.5000000000,14.5000000000,31.7000000000,0.0000000000,200.0000000000,480.5000000000,100,1.2870000000,47.0000000000,31.7000000000,0.0000000000
18,225,0.0000000100,3,40,40,200,47.6700000000,145,97.3000000000,130.5000000000,82.8000000000,14.5000000000,14.5000000000,31.7000000000,0.0000000000,200.0000000000,480.5000000000,100,1.6550000000,47.0000000000,31.7000000000,0.0000000000
18,325,0.0000000100,3,40,40,200,47.6700000000,145,97.3000000000,130.5000000000,82.8000000000,14.5000000000,14.5000000000,31.7000000000,0.0000000000,200.0000000000,480.5000000000,100,2.3910000000,47.0000000000,31.7000000000,0.0000000000
12,175,0.0000000100,3,40,40,200,47.6700000000,145,97.3000000000,130.5000000000,82.8000000000,14.5000000000,14.5000000000,31.7000000000,0.0000000000,500.0000000000,586.0000000000,100,1.9620000000,46.0000000000,31.7000000000,0.0000000000
18,175,0.0000000100,3,40,40,200,47.6700000000,145,97.3000000000,130.5000000000,82.8000000000,14.5000000000,14.5000000000,31.7000000000,0.0000000000,500.0000000000,586.0000000000,100,1.2870000000,46.0000000000,31.7000000000,0.0000000000
18,25,0.0000000100,3,40,40,200,47.6700000000,145,97.3000000000,130.5000000000,82.8000000000,14.5000000000,14.5000000000,31.7000000000,0.0000000000,500.0000000000,586.0000000000,100,0.1840000000,46.0000000000,31.7000000000,0.0000000000
18,75,0.0000000100,3,40,40,200,47.6700000000,145,97.3000000000,130.5000000000,82.8000000000,14.5000000000,14.5000000000,31.7000000000,0.0000000000,500.0000000000,586.0000000000,100,0.5490000000,34.0000000000,31.7000000000,0.0000000000
18,125,0.0000000100,3,40,40,200,47.6700000000,145,97.3000000000,130.5000000000,82.8000000000,14.5000000000,14.5000000000,31.7000000000,0.0000000000,500.0000000000,586.0000000000,100,0.9200000000,47.0000000000,31.7000000000,0.0000000000
18,175,0.0000000100,3,40,40,200,47.6700000000,145,97.3000000000,130.5000000000,82.8000000000,14.5000000000,14.5000000000,31.7000000000,0.0000000000,500.0000000000,586.0000000000,100,1.2870000000,47.0000000000,31.7000000000,0.0000000000
18,225,0.0000000100,3,40,40,200,47.6700000000,145,97.3000000000,130.5000000000,82.8000000000,14.5000000000,14.5000000000,31.7000000000,0.0000000000,500.0000000000,586.0000000000,100,1.6550000000,47.0000000000,31.7000000000,0.0000000000
18,325,0.0000000100,3,40,40,200,47.6700000000,145,97.3000000000,130.5000000000,82.8000000000,14.5000000000,14.5000000000,31.7000000000,0.0000000000,500.0000000000,586.0000000000,100,2.3910000000,47.0000000000,31.7000000000,0.0000000000
12,175,0.0000000100,3,40,40,200,47.6700000000,145,97.3000000000,36.3000000000,24.3000000000,108.8000000000,73.0000000000,36.3000000000,24.3000000000,30.0000000000,315.9000000000,100,2.0260000000,48.0000000000,36.3000000000,24.3000000000
15,175,0.0000000100,3,40,40,200,47.6700000000,145,97.3000000000,36.3000000000,24.3000000000,108.8000000000,73.0000000000,36.3000000000,24.3000000000,30.0000000000,315.9000000000,100,1.5950000000,48.0000000000,36.3000000000,24.3000000000
18,175,0.0000000100,3,40,40,200,47.6700000000,145,97.3000000000,36.3000000000,24.3000000000,108.8000000000,73.0000000000,36.3000000000,24.3000000000,30.0000000000,315.9000000000,100,1.3150000000,48.0000000000,36.3000000000,24.3000000000
21,175,0.0000000100,3,40,40,200,47.6700000000,145,97.3000000000,36.3000000000,24.3000000000,108.8000000000,73.0000000000,36.3000000000,24.3000000000,30.0000000000,315.9000000000,100,1.1000000000,48.0000000000,36.3000000000,24.3000000000
24,175,0.0000000100,3,40,40,200,47.6700000000,145,97.3000000000,36.3000000000,24.3000000000,108.8000000000,73.0000000000,36.3000000000,24.3000000000,30.0000000000,315.9000000000,100,0.9730000000,48.0000000000,36.3000000000,24.3000000000
18,25,0.0000000100,3,40,40,200,47.6700000000,145,97.3000000000,36.3000000000,24.3000000000,108.8000000000,73.0000000000,36.3000000000,24.3000000000,30.0000000000,315.9000000000,100,0.1840000000,48.0000000000,36.3000000000,24.3000000000
18,125,0.0000000100,3,40,40,200,47.6700000000,145,97.3000000000,36.3000000000,24.3000000000,108.8000000000,73.0000000000,36.3000000000,24.3000000000,30.0000000000,315.9000000000,100,0.9390000000,48.0000000000,36.3000000000,24.3000000000
18,275,0.0000000100,3,40,40,200,47.6700000000,145,97.3000000000,36.3000000000,24.3000000000,108.8000000000,73.0000000000,36.3000000000,24.3000000000,30.0000000000,315.9000000000,100,2.0660000000,48.0000000000,36.3000000000,24.3000000000
12,175,0.0000000100,3,40,40,200,47.6700000000,145,97.3000000000,36.3000000000,24.3000000000,108.8000000000,73.0000000000,36.3000000000,24.3000000000,200.0000000000,480.5000000000,100,2.0260000000,48.0000000000,36.3000000000,24.3000000000
15,175,0.0000000100,3,40,40,200,47.6700000000,145,97.3000000000,36.3000000000,24.3000000000,108.8000000000,73.0000000000,36.3000000000,24.3000000000,200.0000000000,480.5000000000,100,1.5950000000,48.0000000000,36.3000000000,24.3000000000
18,175,0.0000000100,3,40,40,200,47.6700000000,145,97.3000000000,36.3000000000,24.3000000000,108.8000000000,73.0000000000,36.3000000000,24.3000000000,200.0000000000,480.5000000000,100,1.3150000000,48.0000000000,36.3000000000,24.3000000000
21,175,0.0000000100,3,40,40,200,47.6700000000,145,97.3000000000,36.3000000000,24.3000000000,108.8000000000,73.0000000000,36.3000000000,24.3000000000,200.0000000000,480.5000000000,100,1.1000000000,48.0000000000,36.3000000000,24.3000000000
24,175,0.0000000100,3,40,40,200,47.6700000000,145,97.3000000000,36.3000000000,24.3000000000,108.8000000000,73.0000000000,36.3000000000,24.3000000000,200.0000000000,480.5000000000,100,0.9730000000,48.0000000000,36.3000000000,24.3000000000
18,25,0.0000000100,3,40,40,200,47.6700000000,145,97.3000000000,36.3000000000,24.3000000000,108.8000000000,73.0000000000,36.3000000000,24.3000000000,200.0000000000,480.5000000000,100,0.1840000000,48.0000000000,36.3000000000,24.3000000000
18,125,0.0000000100,3,40,40,200,47.6700000000,145,97.3000000000,36.3000000000,24.3000000000,108.8000000000,73.0000000000,36.3000000000,24.3000000000,200.0000000000,480.5000000000,100,0.9390000000,48.0000000000,36.3000000000,24.3000000000
18,275,0.0000000100,3,40,40,200,47.6700000000,145,97.3000000000,36.3000000000,24.3000000000,108.8000000000,73.0000000000,36.3000000000,24.3000000000,200.0000000000,480.5000000000,100,2.0660000000,48.0000000000,36.3000000000,24.3000000000
12,175,0.0000000100,3,40,40,200,47.6700000000,145,97.3000000000,36.3000000000,24.3000000000,108.8000000000,73.0000000000,36.3000000000,24.3000000000,500.0000000000,586.0000000000,100,2.0260000000,48.0000000000,36.3000000000,24.3000000000
15,175,0.0000000100,3,40,40,200,47.6700000000,145,97.3000000000,36.3000000000,24.3000000000,108.8000000000,73.0000000000,36.3000000000,24.3000000000,500.0000000000,586.0000000000,100,1.5950000000,48.0000000000,36.3000000000,24.3000000000
18,175,0.0000000100,3,40,40,200,47.6700000000,145,97.3000000000,36.3000000000,24.3000000000,108.8000000000,73.0000000000,36.3000000000,24.3000000000,500.0000000000,586.0000000000,100,1.3150000000,48.0000000000,36.3000000000,24.3000000000
21,175,0.0000000100,3,40,40,200,47.6700000000,145,97.3000000000,36.3000000000,24.3000000000,108.8000000000,73.0000000000,36.3000000000,24.3000000000,500.0000000000,586.0000000000,100,1.1000000000,48.0000000000,36.3000000000,24.3000000000
24,175,0.0000000100,3,40,40,200,47.6700000000,145,97.3000000000,36.3000000000,24.3000000000,108.8000000000,73.0000000000,36.3000000000,24.3000000000,500.0000000000,586.0000000000,100,0.9730000000,48.0000000000,36.3000000000,24.3000000000
18,25,0.0000000100,3,40,40,200,47.6700000000,145,97.3000000000,36.3000000000,24.3000000000,108.8000000000,73.0000000000,36.3000000000,24.3000000000,500.0000000000,586.0000000000,100,0.1840000000,48.0000000000,36.3000000000,24.3000000000
18,125,0.0000000100,3,40,40,200,47.6700000000,145,97.3000000000,36.3000000000,24.3000000000,108.8000000000,73.0000000000,36.3000000000,24.3000000000,500.0000000000,586.0000000000,100,0.9390000000,48.0000000000,36.3000000000,24.3000000000
18,275,0.0000000100,3,40,40,200,47.6700000000,145,97.3000000000,36.3000000000,24.3000000000,108.8000000000,73.0000000000,36.3000000000,24.3000000000,500.0000000000,586.0000000000,100,2.0660000000,48.0000000000,36.3000000000,24.3000000000
12,175,0.0000000100,3,40,40,200,47.6700000000,145,97.3000000000,36.3000000000,24.3000000000,108.8000000000,73.0000000000,32.0000000000,0.0000000000,30.0000000000,315.9000000000,100,1.9610000000,46.0000000000,22.4020000000,0.0000000000
18,175,0.0000000100,3,40,40,200,47.6700000000,145,97.3000000000,36.3000000000,24.3000000000,108.8000000000,73.0000000000,32.0000000000,0.0000000000,30.0000000000,315.9000000000,100,1.2870000000,46.0000000000,22.4020000000,0.0000000000
21,175,0.0000000100,3,40,40,200,47.6700000000,145,97.3000000000,36.3000000000,24.3000000000,108.8000000000,73.0000000000,32.0000000000,0.0000000000,30.0000000000,315.9000000000,100,1.0990000000,46.0000000000,22.4020000000,0.0000000000
24,175,0.0000000100,3,40,40,200,47.6700000000,145,97.3000000000,36.3000000000,24.3000000000,108.8000000000,73.0000000000,32.0000000000,0.0000000000,30.0000000000,315.9000000000,100,0.9580000000,46.0000000000,22.4020000000,0.0000000000
18,75,0.0000000100,3,40,40,200,47.6700000000,145,97.3000000000,36.3000000000,24.3000000000,108.8000000000,73.0000000000,32.0000000000,0.0000000000,30.0000000000,315.9000000000,100,0.5490000000,34.0000000000,22.4020000000,0.0000000000
18,125,0.0000000100,3,40,40,200,47.6700000000,145,97.3000000000,36.3000000000,24.3000000000,108.8000000000,73.0000000000,32.0000000000,0.0000000000,30.0000000000,315.9000000000,100,0.9200000000,46.0000000000,22.4020000000,0.0000000000
18,275,0.0000000100,3,40,40,200,47.6700000000,145,97.3000000000,36.3000000000,24.3000000000,108.8000000000,73.0000000000,32.0000000000,0.0000000000,30.0000000000,315.9000000000,100,2.0230000000,46.0000000000,22.4020000000,0.0000000000
12,175,0.0000000100,3,40,40,200,47.6700000000,145,97.3000000000,36.3000000000,24.3000000000,108.8000000000,73.0000000000,32.0000000000,0.0000000000,200.0000000000,480.5000000000,100,1.9610000000,46.0000000000,22.4020000000,0.0000000000
18,175,0.0000000100,3,40,40,200,47.6700000000,145,97.3000000000,36.3000000000,24.3000000000,108.8000000000,73.0000000000,32.0000000000,0.0000000000,200.0000000000,480.5000000000,100,1.2870000000,46.0000000000,22.4020000000,0.0000000000
21,175,0.0000000100,3,40,40,200,47.6700000000,145,97.3000000000,36.3000000000,24.3000000000,108.8000000000,73.0000000000,32.0000000000,0.0000000000,200.0000000000,480.5000000000,100,1.0990000000,46.0000000000,22.4020000000,0.0000000000
24,175,0.0000000100,3,40,40,200,47.6700000000,145,97.3000000000,36.3000000000,24.3000000000,108.8000000000,73.0000000000,32.0000000000,0.0000000000,200.0000000000,480.5000000000,100,0.9580000000,46.0000000000,22.4020000000,0.0000000000
18,75,0.0000000100,3,40,40,200,47.6700000000,145,97.3000000000,36.3000000000,24.3000000000,108.8000000000,73.0000000000,32.0000000000,0.0000000000,200.0000000000,480.5000000000,100,0.5490000000,34.0000000000,22.4020000000,0.0000000000
18,125,0.0000000100,3,40,40,200,47.6700000000,145,97.3000000000,36.3000000000,24.3000000000,108.8000000000,73.0000000000,32.0000000000,0.0000000000,200.0000000000,480.5000000000,100,0.9200000000,46.0000000000,22.4020000000,0.0000000000
18,275,0.0000000100,3,40,40,200,47.6700000000,145,97.3000000000,36.3000000000,24.3000000000,108.8000000000,73.0000000000,32.0000000000,0.0000000000,200.0000000000,480.5000000000,100,2.0230000000,46.0000000000,22.4020000000,0.0000000000
12,175,0.0000000100,3,40,40,200,47.6700000000,145,97.3000000000,36.3000000000,24.3000000000,108.8000000000,73.0000000000,32.0000000000,0.0000000000,500.0000000000,586.0000000000,100,1.9610000000,46.0000000000,22.4020000000,0.0000000000
18,175,0.0000000100,3,40,40,200,47.6700000000,145,97.3000000000,36.3000000000,24.3000000000,108.8000000000,73.0000000000,32.0000000000,0.0000000000,500.0000000000,586.0000000000,100,1.2870000000,46.0000000000,22.4020000000,0.0000000000
21,175,0.0000000100,3,40,40,200,47.6700000000,145,97.3000000000,36.3000000000,24.3000000000,108.8000000000,73.0000000000,32.0000000000,0.0000000000,500.0000000000,586.0000000000,100,1.0990000000,46.0000000000,22.4020000000,0.0000000000
24,175,0.0000000100,3,40,40,200,47.6700000000,145,97.3000000000,36.3000000000,24.3000000000,108.8000000000,73.0000000000,32.0000000000,0.0000000000,500.0000000000,586.0000000000,100,0.9580000000,46.0000000000,22.4020000000,0.0000000000
18,75,0.0000000100,3,40,40,200,47.6700000000,145,97.3000000000,36.3000000000,24.3000000000,108.8000000000,73.0000000000,32.0000000000,0.0000000000,500.0000000000,586.0000000000,100,0.5490000000,34.0000000000,22.4020000000,0.0000000000
18,125,0.0000000100,3,40,40,200,47.6700000000,145,97.3000000000,36.3000000000,24.3000000000,108.8000000000,73.0000000000,32.0000000000,0.0000000000,500.0000000000,586.0000000000,100,0.9200000000,46.0000000000,22.4020000000,0.0000000000
18,275,0.0000000100,3,40,40,200,47.6700000000,145,97.3000000000,36.3000000000,24.3000000000,108.8000000000,73.0000000000,32.0000000000,0.0000000000,500.0000000000,586.0000000000,100,2.0230000000,46.0000000000,22.4020000000,0.0000000000
18,175,0.0000000100,3,40,40,200,47.6700000000,145,97.3000000000,47.7000000000,0.0000000000,97.3000000000,97.3000000000,97.3000000000,0.0000000000,30.0000000000,315.9000000000,100,1.2890000000,34.0000000000,97.3000000000,0.0000000000
24,175,0.0000000100,3,40,40,200,47.6700000000,145,97.3000000000,47.7000000000,0.0000000000,97.3000000000,97.3000000000,97.3000000000,0.0000000000,30.0000000000,315.9000000000,100,1.2120000000,28.0000000000,97.3000000000,0.0000000000
18,25,0.0000000100,3,40,40,200,47.6700000000,145,97.3000000000,47.7000000000,0.0000000000,97.3000000000,97.3000000000,97.3000000000,0.0000000000,30.0000000000,315.9000000000,100,0.1770000000,37.0000000000,97.3000000000,0.0000000000
18,125,0.0000000100,3,40,40,200,47.6700000000,145,97.3000000000,47.7000000000,0.0000000000,97.3000000000,97.3000000000,97.3000000000,0.0000000000,30.0000000000,315.9000000000,100,1.1690000000,28.0000000000,97.3000000000,0.0000000000
18,225,0.0000000100,3,40,40,200,47.6700000000,145,97.3000000000,47.7000000000,0.0000000000,97.3000000000,97.3000000000,97.3000000000,0.0000000000,30.0000000000,315.9000000000,100,2.1040000000,28.0000000000,97.3000000000,0.0000000000
18,275,0.0000000100,3,40,40,200,47.6700000000,145,97.3000000000,47.7000000000,0.0000000000,97.3000000000,97.3000000000,97.3000000000,0.0000000000,30.0000000000,315.9000000000,100,2.5670000000,27.0000000000,97.3000000000,0.0000000000
18,325,0.0000000100,3,40,40,200,47.6700000000,145,97.3000000000,47.7000000000,0.0000000000,97.3000000000,97.3000000000,97.3000000000,0.0000000000,30.0000000000,315.9000000000,100,3.0340000000,27.0000000000,97.3000000000,0.0000000000
18,175,0.0000000100,3,40,40,200,47.6700000000,145,97.3000000000,47.7000000000,0.0000000000,97.3000000000,97.3000000000,97.3000000000,0.0000000000,200.0000000000,480.5000000000,100,1.2890000000,34.0000000000,97.3000000000,0.0000000000
24,175,0.0000000100,3,40,40,200,47.6700000000,145,97.3000000000,47.7000000000,0.0000000000,97.3000000000,97.3000000000,97.3000000000,0.0000000000,200.0000000000,480.5000000000,100,1.2120000000,28.0000000000,97.3000000000,0.0000000000
18,25,0.0000000100,3,40,40,200,47.6700000000,145,97.3000000000,47.7000000000,0.0000000000,97.3000000000,97.3000000000,97.3000000000,0.0000000000,200.0000000000,480.5000000000,100,0.1770000000,37.0000000000,97.3000000000,0.0000000000
18,125,0.0000000100,3,40,40,200,47.6700000000,145,97.3000000000,47.7000000000,0.0000000000,97.3000000000,97.3000000000,97.3000000000,0.0000000000,200.0000000000,480.5000000000,100,1.1690000000,28.0000000000,97.3000000000,0.0000000000
18,225,0.0000000100,3,40,40,200,47.6700000000,145,97.3000000000,47.7000000000,0.0000000000,97.3000000000,97.3000000000,97.3000000000,0.0000000000,200.0000000000,480.5000000000,100,2.1040000000,28.0000000000,97.3000000000,0.0000000000
18,275,0.0000000100,3,40,40,200,47.6700000000,145,97.3000000000,47.7000000000,0.0000000000,97.3000000000,97.3000000000,97.3000000000,0.0000000000,200.0000000000,480.5000000000,100,2.5670000000,27.0000000000,97.3000000000,0.0000000000
18,325,0.0000000100,3,40,40,200,47.6700000000,145,97.3000000000,47.7000000000,0.0000000000,97.3000000000,97.3000000000,97.3000000000,0.0000000000,200.0000000000,480.5000000000,100,3.0340000000,27.0000000000,97.3000000000,0.0000000000
18,175,0.0000000100,3,40,40,200,47.6700000000,145,97.3000000000,47.7000000000,0.0000000000,97.3000000000,97.3000000000,97.3000000000,0.0000000000,500.0000000000,586.0000000000,100,1.2890000000,34.0000000000,97.3000000000,0.0000000000
24,175,0.0000000100,3,40,40,200,47.6700000000,145,97.3000000000,47.7000000000,0.0000000000,97.3000000000,97.3000000000,97.3000000000,0.0000000000,500.0000000000,586.0000000000,100,1.2120000000,28.0000000000,97.3000000000,0.0000000000
18,25,0.0000000100,3,40,40,200,47.6700000000,145,97.3000000000,47.7000000000,0.0000000000,97.3000000000,97.3000000000,97.3000000000,0.0000000000,500.0000000000,586.0000000000,100,0.1770000000,37.0000000000,97.3000000000,0.0000000000
18,125,0.0000000100,3,40,40,200,47.6700000000,145,97.3000000000,47.7000000000,0.0000000000,97.3000000000,97.3000000000,97.3000000000,0.0000000000,500.0000000000,586.0000000000,100,1.1690000000,28.0000000000,97.3000000000,0.0000000000
18,225,0.0000000100,3,40,40,200,47.6700000000,145,97.3000000000,47.7000000000,0.0000000000,97.3000000000,97.3000000000,97.3000000000,0.0000000000,500.0000000000,586.0000000000,100,2.1040000000,28.0000000000,97.3000000000,0.0000000000
18,275,0.0000000100,3,40,40,200,47.6700000000,145,97.3000000000,47.7000000000,0.0000000000,97.3000000000,97.3000000000,97.3000000000,0.0000000000,500.0000000000,586.0000000000,100,2.5670000000,27.0000000000,97.3000000000,0.0000000000
18,325,0.0000000100,3,40,40,200,47.6700000000,145,97.3000000000,47.7000000000,0.0000000000,97.3000000000,97.3000000000,97.3000000000,0.0000000000,500.0000000000,586.0000000000,100,3.0340000000,27.0000000000,97.3000000000,0.0000000000
12,175,0.0000000100,3,40,40,200,47.6700000000,145,97.3000000000,47.7000000000,0.0000000000,97.3000000000,97.3000000000,31.8300000000,0.0000000000,30.0000000000,315.9000000000,100,2.7380000000,21.0000000000,31.8300000000,0.0000000000
15,175,0.0000000100,3,40,40,200,47.6700000000,145,97.3000000000,47.7000000000,0.0000000000,97.3000000000,97.3000000000,31.8300000000,0.0000000000,30.0000000000,315.9000000000,100,1.5340000000,33.0000000000,31.8300000000,0.0000000000
18,175,0.0000000100,3,40,40,200,47.6700000000,145,97.3000000000,47.7000000000,0.0000000000,97.3000000000,97.3000000000,31.8300000000,0.0000000000,30.0000000000,315.9000000000,100,1.2680000000,33.0000000000,31.8300000000,0.0000000000
21,175,0.0000000100,3,40,40,200,47.6700000000,145,97.3000000000,47.7000000000,0.0000000000,97.3000000000,97.3000000000,31.8300000000,0.0000000000,30.0000000000,315.9000000000,100,1.0800000000,33.0000000000,31.8300000000,0.0000000000
24,175,0.0000000100,3,40,40,200,47.6700000000,145,97.3000000000,47.7000000000,0.0000000000,97.3000000000,97.3000000000,31.8300000000,0.0000000000,30.0000000000,315.9000000000,100,1.0980000000,28.0000000000,31.8300000000,0.0000000000
18,25,0.0000000100,3,40,40,200,47.6700000000,145,97.3000000000,47.7000000000,0.0000000000,97.3000000000,97.3000000000,31.8300000000,0.0000000000,30.0000000000,315.9000000000,100,0.1770000000,33.0000000000,31.8300000000,0.0000000000
18,75,0.0000000100,3,40,40,200,47.6700000000,145,97.3000000000,47.7000000000,0.0000000000,97.3000000000,97.3000000000,31.8300000000,0.0000000000,30.0000000000,315.9000000000,100,0.5430000000,33.0000000000,31.8300000000,0.0000000000
18,125,0.0000000100,3,40,40,200,47.6700000000,145,97.3000000000,47.7000000000,0.0000000000,97.3000000000,97.3000000000,31.8300000000,0.0000000000,30.0000000000,315.9000000000,100,1.0580000000,28.0000000000,31.8300000000,0.0000000000
18,225,0.0000000100,3,40,40,200,47.6700000000,145,97.3000000000,47.7000000000,0.0000000000,97.3000000000,97.3000000000,31.8300000000,0.0000000000,30.0000000000,315.9000000000,100,1.6300000000,33.0000000000,31.8300000000,0.0000000000
18,275,0.0000000100,3,40,40,200,47.6700000000,145,97.3000000000,47.7000000000,0.0000000000,97.3000000000,97.3000000000,31.8300000000,0.0000000000,30.0000000000,315.9000000000,100,2.1780000000,29.0000000000,31.8300000000,0.0000000000
18,325,0.0000000100,3,40,40,200,47.6700000000,145,97.3000000000,47.7000000000,0.0000000000,97.3000000000,97.3000000000,31.8300000000,0.0000000000,30.0000000000,315.9000000000,100,2.3550000000,33.0000000000,31.8300000000,0.0000000000
12,175,0.0000000100,3,40,40,200,47.6700000000,145,97.3000000000,47.7000000000,0.0000000000,97.3000000000,97.3000000000,31.8300000000,0.0000000000,200.0000000000,480.5000000000,100,2.7380000000,21.0000000000,31.8300000000,0.0000000000
15,175,0.0000000100,3,40,40,200,47.6700000000,145,97.3000000000,47.7000000000,0.0000000000,97.3000000000,97.3000000000,31.8300000000,0.0000000000,200.0000000000,480.5000000000,100,1.5340000000,33.0000000000,31.8300000000,0.0000000000
18,175,0.0000000100,3,40,40,200,47.6700000000,145,97.3000000000,47.7000000000,0.0000000000,97.3000000000,97.3000000000,31.8300000000,0.0000000000,200.0000000000,480.5000000000,100,1.2680000000,33.0000000000,31.8300000000,0.0000000000
21,175,0.0000000100,3,40,40,200,47.6700000000,145,97.3000000000,47.7000000000,0.0000000000,97.3000000000,97.3000000000,31.8300000000,0.0000000000,200.0000000000,480.5000000000,100,1.0800000000,33.0000000000,31.8300000000,0.0000000000
24,175,0.0000000100,3,40,40,200,47.6700000000,145,97.3000000000,47.7000000000,0.0000000000,97.3000000000,97.3000000000,31.8300000000,0.0000000000,200.0000000000,480.5000000000,100,1.0980000000,28.0000000000,31.8300000000,0.0000000000
18,25,0.0000000100,3,40,40,200,47.6700000000,145,97.3000000000,47.7000000000,0.0000000000,97.3000000000,97.3000000000,31.8300000000,0.0000000000,200.0000000000,480.5000000000,100,0.1770000000,33.0000000000,31.8300000000,0.0000000000
18,75,0.0000000100,3,40,40,200,47.6700000000,145,97.3000000000,47.7000000000,0.0000000000,97.3000000000,97.3000000000,31.8300000000,0.0000000000,200.0000000000,480.5000000000,100,0.5430000000,33.0000000000,31.8300000000,0.0000000000
18,125,0.0000000100,3,40,40,200,47.6700000000,145,97.3000000000,47.7000000000,0.0000000000,97.3000000000,97.3000000000,31.8300000000,0.0000000000,200.0000000000,480.5000000000,100,1.0580000000,28.0000000000,31.8300000000,0.0000000000
18,225,0.0000000100,3,40,40,200,47.6700000000,145,97.3000000000,47.7000000000,0.0000000000,97.3000000000,97.3000000000,31.8300000000,0.0000000000,200.0000000000,480.5000000000,100,1.6300000000,33.0000000000,31.8300000000,0.0000000000
18,275,0.0000000100,3,40,40,200,47.6700000000,145,97.3000000000,47.7000000000,0.0000000000,97.3000000000,97.3000000000,31.8300000000,0.0000000000,200.0000000000,480.5000000000,100,2.1780000000,29.0000000000,31.8300000000,0.0000000000
18,325,0.0000000100,3,40,40,200,47.6700000000,145,97.3000000000,47.7000000000,0.0000000000,97.3000000000,97.3000000000,31.8300000000,0.0000000000,200.0000000000,480.5000000000,100,2.3550000000,33.0000000000,31.8300000000,0.0000000000
12,175,0.0000000100,3,40,40,200,47.6700000000,145,97.3000000000,47.7000000000,0.0000000000,97.3000000000,97.3000000000,31.8300000000,0.0000000000,500.0000000000,586.0000000000,100,2.7380000000,21.0000000000,31.8300000000,0.0000000000
15,175,0.0000000100,3,40,40,200,47.6700000000,145,97.3000000000,47.7000000000,0.0000000000,97.3000000000,97.3000000000,31.8300000000,0.0000000000,500.0000000000,586.0000000000,100,1.5340000000,33.0000000000,31.8300000000,0.0000000000
18,175,0.0000000100,3,40,40,200,47.6700000000,145,97.3000000000,47.7000000000,0.0000000000,97.3000000000,97.3000000000,31.8300000000,0.0000000000,500.0000000000,586.0000000000,100,1.2680000000,33.0000000000,31.8300000000,0.0000000000
21,175,0.0000000100,3,40,40,200,47.6700000000,145,97.3000000000,47.7000000000,0.0000000000,97.3000000000,97.3000000000,31.8300000000,0.0000000000,500.0000000000,586.0000000000,100,1.0800000000,33.0000000000,31.8300000000,0.0000000000
24,175,0.0000000100,3,40,40,200,47.6700000000,145,97.3000000000,47.7000000000,0.0000000000,97.3000000000,97.3000000000,31.8300000000,0.0000000000,500.0000000000,586.0000000000,100,1.0980000000,28.0000000000,31.8300000000,0.0000000000
18,25,0.0000000100,3,40,40,200,47.6700000000,145,97.3000000000,47.7000000000,0.0000000000,97.3000000000,97.3000000000,31.8300000000,0.0000000000,500.0000000000,586.0000000000,100,0.1770000000,33.0000000000,31.8300000000,0.0000000000
18,75,0.0000000100,3,40,40,200,47.6700000000,145,97.3000000000,47.7000000000,0.0000000000,97.3000000000,97.3000000000,31.8300000000,0.0000000000,500.0000000000,586.0000000000,100,0.5430000000,33.0000000000,31.8300000000,0.0000000000
18,125,0.0000000100,3,40,40,200,47.6700000000,145,97.3000000000,47.7000000000,0.0000000000,97.3000000000,97.3000000000,31.8300000000,0.0000000000,500.0000000000,586.0000000000,100,1.0580000000,28.0000000000,31.8300000000,0.0000000000
18,225,0.0000000100,3,40,40,200,47.6700000000,145,97.3000000000,47.7000000000,0.0000000000,97.3000000000,97.3000000000,31.8300000000,0.0000000000,500.0000000000,586.0000000000,100,1.6300000000,33.0000000000,31.8300000000,0.0000000000
18,275,0.0000000100,3,40,40,200,47.6700000000,145,97.3000000000,47.7000000000,0.0000000000,97.3000000000,97.3000000000,31.8300000000,0.0000000000,500.0000000000,586.0000000000,100,2.1780000000,29.0000000000,31.8300000000,0.0000000000
18,325,0.0000000100,3,40,40,200,47.6700000000,145,97.3000000000,47.7000000000,0.0000000000,97.3000000000,97.3000000000,31.8300000000,0.0000000000,500.0000000000,586.0000000000,100,2.3550000000,33.0000000000,31.8300000000,0.0000000000
12,175,0.0000000100,3,50,80,400,95.3402874075,290,194.6597125925,261.0000000000,165.6597125925,29.0000000000,29.0000000000,261.0000000000,165.6597125925,30.0000000000,315.9000000000,100,1.0160000000,68.0000000000,261.0000000000,165.6597125925
15,175,0.0000000100,3,50,80,400,95.3402874075,290,194.6597125925,261.0000000000,165.6597125925,29.0000000000,29.0000000000,261.0000000000,165.6597125925,30.0000000000,315.9000000000,100,0.7850000000,93.0000000000,261.0000000000,165.6597125925
18,175,0.0000000100,3,50,80,400,95.3402874075,290,194.6597125925,261.0000000000,165.6597125925,29.0000000000,29.0000000000,261.0000000000,165.6597125925,30.0000000000,315.9000000000,100,0.6470000000,42.0000000000,261.0000000000,165.6597125925
21,175,0.0000000100,3,50,80,400,95.3402874075,290,194.6597125925,261.0000000000,165.6597125925,29.0000000000,29.0000000000,261.0000000000,165.6597125925,30.0000000000,315.9000000000,100,0.5510000000,68.0000000000,261.0000000000,165.6597125925
18,25,0.0000000100,3,50,80,400,95.3402874075,290,194.6597125925,261.0000000000,165.6597125925,29.0000000000,29.0000000000,261.0000000000,165.6597125925,30.0000000000,315.9000000000,100,0.1070000000,63.0000000000,261.0000000000,165.6597125925
18,75,0.0000000100,3,50,80,400,95.3402874075,290,194.6597125925,261.0000000000,165.6597125925,29.0000000000,29.0000000000,261.0000000000,165.6597125925,30.0000000000,315.9000000000,100,0.2770000000,68.0000000000,261.0000000000,165.6597125925
18,125,0.0000000100,3,50,80,400,95.3402874075,290,194.6597125925,261.0000000000,165.6597125925,29.0000000000,29.0000000000,261.0000000000,165.6597125925,30.0000000000,315.9000000000,100,0.4630000000,68.0000000000,261.0000000000,165.6597125925
18,225,0.0000000100,3,50,80,400,95.3402874075,290,194.6597125925,261.0000000000,165.6597125925,29.0000000000,29.0000000000,261.0000000000,165.6597125925,30.0000000000,315.9000000000,100,0.8470000000,93.0000000000,261.0000000000,165.6597125925
18,275,0.0000000100,3,50,80,400,95.3402874075,290,194.6597125925,261.0000000000,165.6597125925,29.0000000000,29.0000000000,261.0000000000,165.6597125925,30.0000000000,315.9000000000,100,1.0350000000,68.0000000000,261.0000000000,165.6597125925
18,325,0.0000000100,3,50,80,400,95.3402874075,290,194.6597125925,261.0000000000,165.6597125925,29.0000000000,29.0000000000,261.0000000000,165.6597125925,30.0000000000,315.9000000000,100,1.2020000000,68.0000000000,261.0000000000,165.6597125925
12,175,0.0000000100,3,50,80,400,95.3402874075,290,194.6597125925,261.0000000000,165.6597125925,29.0000000000,29.0000000000,261.0000000000,165.6597125925,200.0000000000,480.5000000000,100,1.0160000000,68.0000000000,261.0000000000,165.6597125925
15,175,0.0000000100,3,50,80,400,95.3402874075,290,194.6597125925,261.0000000000,165.6597125925,29.0000000000,29.0000000000,261.0000000000,165.6597125925,200.0000000000,480.5000000000,100,0.7850000000,93.0000000000,261.0000000000,165.6597125925
18,175,0.0000000100,3,50,80,400,95.3402874075,290,194.6597125925,261.0000000000,165.6597125925,29.0000000000,29.0000000000,261.0000000000,165.6597125925,200.0000000000,480.5000000000,100,0.6470000000,42.0000000000,261.0000000000,165.6597125925
21,175,0.0000000100,3,50,80,400,95.3402874075,290,194.6597125925,261.0000000000,165.6597125925,29.0000000000,29.0000000000,261.0000000000,165.6597125925,200.0000000000,480.5000000000,100,0.5510000000,68.0000000000,261.0000000000,165.6597125925
18,25,0.0000000100,3,50,80,400,95.3402874075,290,194.6597125925,261.0000000000,165.6597125925,29.0000000000,29.0000000000,261.0000000000,165.6597125925,200.0000000000,480.5000000000,100,0.1070000000,63.0000000000,261.0000000000,165.6597125925
18,75,0.0000000100,3,50,80,400,95.3402874075,290,194.6597125925,261.0000000000,165.6597125925,29.0000000000,29.0000000000,261.0000000000,165.6597125925,200.0000000000,480.5000000000,100,0.2770000000,68.0000000000,261.0000000000,165.6597125925
18,125,0.0000000100,3,50,80,400,95.3402874075,290,194.6597125925,261.0000000000,165.6597125925,29.0000000000,29.0000000000,261.0000000000,165.6597125925,200.0000000000,480.5000000000,100,0.4630000000,68.0000000000,261.0000000000,165.6597125925
18,225,0.0000000100,3,50,80,400,95.3402874075,290,194.6597125925,261.0000000000,165.6597125925,29.0000000000,29.0000000000,261.0000000000,165.6597125925,200.0000000000,480.5000000000,100,0.8470000000,93.0000000000,261.0000000000,165.6597125925
18,275,0.0000000100,3,50,80,400,95.3402874075,290,194.6597125925,261.0000000000,165.6597125925,29.0000000000,29.0000000000,261.0000000000,165.6597125925,200.0000000000,480.5000000000,100,1.0350000000,68.0000000000,261.0000000000,165.6597125925
18,325,0.0000000100,3,50,80,400,95.3402874075,290,194.6597125925,261.0000000000,165.6597125925,29.0000000000,29.0000000000,261.0000000000,165.6597125925,200.0000000000,480.5000000000,100,1.2020000000,68.0000000000,261.0000000000,165.6597125925
12,175,0.0000000100,3,50,80,400,95.3402874075,290,194.6597125925,261.0000000000,165.6597125925,29.0000000000,29.0000000000,261.0000000000,165.6597125925,500.0000000000,586.0000000000,100,1.0160000000,68.0000000000,261.0000000000,165.6597125925
15,175,0.0000000100,3,50,80,400,95.3402874075,290,194.6597125925,261.0000000000,165.6597125925,29.0000000000,29.0000000000,261.0000000000,165.6597125925,500.0000000000,586.0000000000,100,0.7850000000,93.0000000000,261.0000000000,165.6597125925
18,175,0.0000000100,3,50,80,400,95.3402874075,290,194.6597125925,261.0000000000,165.6597125925,29.0000000000,29.0000000000,261.0000000000,165.6597125925,500.0000000000,586.0000000000,100,0.6470000000,42.0000000000,261.0000000000,165.6597125925
21,175,0.0000000100,3,50,80,400,95.3402874075,290,194.6597125925,261.0000000000,165.6597125925,29.0000000000,29.0000000000,261.0000000000,165.6597125925,500.0000000000,586.0000000000,100,0.5510000000,68.0000000000,261.0000000000,165.6597125925
18,25,0.0000000100,3,50,80,400,95.3402874075,290,194.6597125925,261.0000000000,165.6597125925,29.0000000000,29.0000000000,261.0000000000,165.6597125925,500.0000000000,586.0000000000,100,0.1070000000,63.0000000000,261.0000000000,165.6597125925
18,75,0.0000000100,3,50,80,400,95.3402874075,290,194.6597125925,261.0000000000,165.6597125925,29.0000000000,29.0000000000,261.0000000000,165.6597125925,500.0000000000,586.0000000000,100,0.2770000000,68.0000000000,261.0000000000,165.6597125925
18,125,0.0000000100,3,50,80,400,95.3402874075,290,194.6597125925,261.0000000000,165.6597125925,29.0000000000,29.0000000000,261.0000000000,165.6597125925,500.0000000000,586.0000000000,100,0.4630000000,68.0000000000,261.0000000000,165.6597125925
18,225,0.0000000100,3,50,80,400,95.3402874075,290,194.6597125925,261.0000000000,165.6597125925,29.0000000000,29.0000000000,261.0000000000,165.6597125925,500.0000000000,586.0000000000,100,0.8470000000,93.0000000000,261.0000000000,165.6597125925
18,275,0.0000000100,3,50,80,400,95.3402874075,290,194.6597125925,261.0000000000,165.6597125925,29.0000000000,29.0000000000,261.0000000000,165.6597125925,500.0000000000,586.0000000000,100,1.0350000000,68.0000000000,261.0000000000,165.6597125925
18,325,0.0000000100,3,50,80,400,95.3402874075,290,194.6597125925,261.0000000000,165.6597125925,29.0000000000,29.0000000000,261.0000000000,165.6597125925,500.0000000000,586.0000000000,100,1.2020000000,68.0000000000,261.0000000000,165.6597125925
15,175,0.0000000100,3,50,80,400,95.3402874075,290,194.6597125925,261.0000000000,165.6597125925,29.0000000000,29.0000000000,63.6700000000,0.0000000000,30.0000000000,315.9000000000,100,0.9070000000,94.0000000000,63.2500000000,0.0000000000
18,175,0.0000000100,3,50,80,400,95.3402874075,290,194.6597125925,261.0000000000,165.6597125925,29.0000000000,29.0000000000,63.6700000000,0.0000000000,30.0000000000,315.9000000000,100,0.7320000000,94.0000000000,63.2500000000,0.0000000000
21,175,0.0000000100,3,50,80,400,95.3402874075,290,194.6597125925,261.0000000000,165.6597125925,29.0000000000,29.0000000000,63.6700000000,0.0000000000,30.0000000000,315.9000000000,100,0.6140000000,94.0000000000,63.2500000000,0.0000000000
24,175,0.0000000100,3,50,80,400,95.3402874075,290,194.6597125925,261.0000000000,165.6597125925,29.0000000000,29.0000000000,63.6700000000,0.0000000000,30.0000000000,315.9000000000,100,0.5290000000,94.0000000000,63.2500000000,0.0000000000
18,25,0.0000000100,3,50,80,400,95.3402874075,290,194.6597125925,261.0000000000,165.6597125925,29.0000000000,29.0000000000,63.6700000000,0.0000000000,30.0000000000,315.9000000000,100,0.1120000000,94.0000000000,63.2500000000,0.0000000000
18,275,0.0000000100,3,50,80,400,95.3402874075,290,194.6597125925,261.0000000000,165.6597125925,29.0000000000,29.0000000000,63.6700000000,0.0000000000,30.0000000000,315.9000000000,100,1.1510000000,94.0000000000,63.2500000000,0.0000000000
18,325,0.0000000100,3,50,80,400,95.3402874075,290,194.6597125925,261.0000000000,165.6597125925,29.0000000000,29.0000000000,63.6700000000,0.0000000000,30.0000000000,315.9000000000,100,1.3600000000,94.0000000000,63.2500000000,0.0000000000
15,175,0.0000000100,3,50,80,400,95.3402874075,290,194.6597125925,261.0000000000,165.6597125925,29.0000000000,29.0000000000,63.6700000000,0.0000000000,200.0000000000,480.5000000000,100,0.9050000000,94.0000000000,63.2500000000,0.0000000000
18,175,0.0000000100,3,50,80,400,95.3402874075,290,194.6597125925,261.0000000000,165.6597125925,29.0000000000,29.0000000000,63.6700000000,0.0000000000,200.0000000000,480.5000000000,100,0.7310000000,94.0000000000,63.2500000000,0.0000000000
21,175,0.0000000100,3,50,80,400,95.3402874075,290,194.6597125925,261.0000000000,165.6597125925,29.0000000000,29.0000000000,63.6700000000,0.0000000000,200.0000000000,480.5000000000,100,0.6130000000,94.0000000000,63.2500000000,0.0000000000
24,175,0.0000000100,3,50,80,400,95.3402874075,290,194.6597125925,261.0000000000,165.6597125925,29.0000000000,29.0000000000,63.6700000000,0.0000000000,200.0000000000,480.5000000000,100,0.5280000000,94.0000000000,63.2500000000,0.0000000000
18,25,0.0000000100,3,50,80,400,95.3402874075,290,194.6597125925,261.0000000000,165.6597125925,29.0000000000,29.0000000000,63.6700000000,0.0000000000,200.0000000000,480.5000000000,100,0.1070000000,94.0000000000,63.2500000000,0.0000000000
18,275,0.0000000100,3,50,80,400,95.3402874075,290,194.6597125925,261.0000000000,165.6597125925,29.0000000000,29.0000000000,63.6700000000,0.0000000000,200.0000000000,480.5000000000,100,1.1490000000,94.0000000000,63.2500000000,0.0000000000
18,325,0.0000000100,3,50,80,400,95.3402874075,290,194.6597125925,261.0000000000,165.6597125925,29.0000000000,29.0000000000,63.6700000000,0.0000000000,200.0000000000,480.5000000000,100,1.3580000000,94.0000000000,63.2500000000,0.0000000000
15,175,0.0000000100,3,50,80,400,95.3402874075,290,194.6597125925,261.0000000000,165.6597125925,29.0000000000,29.0000000000,63.6700000000,0.0000000000,500.0000000000,586.0000000000,100,0.9030000000,94.0000000000,63.2500000000,0.0000000000
18,175,0.0000000100,3,50,80,400,95.3402874075,290,194.6597125925,261.0000000000,165.6597125925,29.0000000000,29.0000000000,63.6700000000,0.0000000000,500.0000000000,586.0000000000,100,0.7300000000,94.0000000000,63.2500000000,0.0000000000
21,175,0.0000000100,3,50,80,400,95.3402874075,290,194.6597125925,261.0000000000,165.6597125925,29.0000000000,29.0000000000,63.6700000000,0.0000000000,500.0000000000,586.0000000000,100,0.6130000000,94.0000000000,63.2500000000,0.0000000000
24,175,0.0000000100,3,50,80,400,95.3402874075,290,194.6597125925,261.0000000000,165.6597125925,29.0000000000,29.0000000000,63.6700000000,0.0000000000,500.0000000000,586.0000000000,100,0.5280000000,94.0000000000,63.2500000000,0.0000000000
18,25,0.0000000100,3,50,80,400,95.3402874075,290,194.6597125925,261.0000000000,165.6597125925,29.0000000000,29.0000000000,63.6700000000,0.0000000000,500.0000000000,586.0000000000,100,0.1120000000,94.0000000000,63.2500000000,0.0000000000
18,275,0.0000000100,3,50,80,400,95.3402874075,290,194.6597125925,261.0000000000,165.6597125925,29.0000000000,29.0000000000,63.6700000000,0.0000000000,500.0000000000,586.0000000000,100,1.1480000000,94.0000000000,63.2500000000,0.0000000000
18,325,0.0000000100,3,50,80,400,95.3402874075,290,194.6597125925,261.0000000000,165.6597125925,29.0000000000,29.0000000000,63.6700000000,0.0000000000,500.0000000000,586.0000000000,100,1.3560000000,94.0000000000,63.2500000000,0.0000000000
12,175,0.0000000100,3,50,80,400,95.3402874075,290,194.6597125925,72.5000000000,48.6649281481,217.5000000000,145.9947844443,72.5000000000,48.6649281481,30.0000000000,315.9000000000,100,1.2900000000,56.0000000000,72.5000000000,48.6649281481
15,175,0.0000000100,3,50,80,400,95.3402874075,290,194.6597125925,72.5000000000,48.6649281481,217.5000000000,145.9947844443,72.5000000000,48.6649281481,30.0000000000,315.9000000000,100,0.8450000000,47.0000000000,72.5000000000,48.6649281481
18,175,0.0000000100,3,50,80,400,95.3402874075,290,194.6597125925,72.5000000000,48.6649281481,217.5000000000,145.9947844443,72.5000000000,48.6649281481,30.0000000000,315.9000000000,100,0.6720000000,47.0000000000,72.5000000000,48.6649281481
21,175,0.0000000100,3,50,80,400,95.3402874075,290,194.6597125925,72.5000000000,48.6649281481,217.5000000000,145.9947844443,72.5000000000,48.6649281481,30.0000000000,315.9000000000,100,0.6210000000,47.0000000000,72.5000000000,48.6649281481
24,175,0.0000000100,3,50,80,400,95.3402874075,290,194.6597125925,72.5000000000,48.6649281481,217.5000000000,145.9947844443,72.5000000000,48.6649281481,30.0000000000,315.9000000000,100,0.5320000000,47.0000000000,72.5000000000,48.6649281481
18,75,0.0000000100,3,50,80,400,95.3402874075,290,194.6597125925,72.5000000000,48.6649281481,217.5000000000,145.9947844443,72.5000000000,48.6649281481,30.0000000000,315.9000000000,100,0.3230000000,50.0000000000,72.5000000000,48.6649281481
18,125,0.0000000100,3,50,80,400,95.3402874075,290,194.6597125925,72.5000000000,48.6649281481,217.5000000000,145.9947844443,72.5000000000,48.6649281481,30.0000000000,315.9000000000,100,0.5010000000,57.0000000000,72.5000000000,48.6649281481
18,225,0.0000000100,3,50,80,400,95.3402874075,290,194.6597125925,72.5000000000,48.6649281481,217.5000000000,145.9947844443,72.5000000000,48.6649281481,30.0000000000,315.9000000000,100,0.8780000000,47.0000000000,72.5000000000,48.6649281481
18,275,0.0000000100,3,50,80,400,95.3402874075,290,194.6597125925,72.5000000000,48.6649281481,217.5000000000,145.9947844443,72.5000000000,48.6649281481,30.0000000000,315.9000000000,100,1.1620000000,47.0000000000,72.5000000000,48.6649281481
18,325,0.0000000100,3,50,80,400,95.3402874075,290,194.6597125925,72.5000000000,48.6649281481,217.5000000000,145.9947844443,72.5000000000,48.6649281481,30.0000000000,315.9000000000,100,1.2730000000,47.0000000000,72.5000000000,48.6649281481
12,175,0.0000000100,3,50,80,400,95.3402874075,290,194.6597125925,72.5000000000,48.6649281481,217.5000000000,145.9947844443,72.5000000000,48.6649281481,200.0000000000,480.5000000000,100,1.2900000000,56.0000000000,72.5000000000,48.6649281481
15,175,0.0000000100,3,50,80,400,95.3402874075,290,194.6597125925,72.5000000000,48.6649281481,217.5000000000,145.9947844443,72.5000000000,48.6649281481,200.0000000000,480.5000000000,100,0.8450000000,47.0000000000,72.5000000000,48.6649281481
18,175,0.0000000100,3,50,80,400,95.3402874075,290,194.6597125925,72.5000000000,48.6649281481,217.5000000000,145.9947844443,72.5000000000,48.6649281481,200.0000000000,480.5000000000,100,0.6720000000,47.0000000000,72.5000000000,48.6649281481
21,175,0.0000000100,3,50,80,400,95.3402874075,290,194.6597125925,72.5000000000,48.6649281481,217.5000000000,145.9947844443,72.5000000000,48.6649281481,200.0000000000,480.5000000000,100,0.6210000000,47.0000000000,72.5000000000,48.6649281481
24,175,0.0000000100,3,50,80,400,95.3402874075,290,194.6597125925,72.5000000000,48.6649281481,217.5000000000,145.9947844443,72.5000000000,48.6649281481,200.0000000000,480.5000000000,100,0.5320000000,47.0000000000,72.5000000000,48.6649281481
18,75,0.0000000100,3,50,80,400,95.3402874075,290,194.6597125925,72.5000000000,48.6649281481,217.5000000000,145.9947844443,72.5000000000,48.6649281481,200.0000000000,480.5000000000,100,0.3230000000,50.0000000000,72.5000000000,48.6649281481
18,125,0.0000000100,3,50,80,400,95.3402874075,290,194.6597125925,72.5000000000,48.6649281481,217.5000000000,145.9947844443,72.5000000000,48.6649281481,200.0000000000,480.5000000000,100,0.5010000000,57.0000000000,72.5000000000,48.6649281481
18,225,0.0000000100,3,50,80,400,95.3402874075,290,194.6597125925,72.5000000000,48.6649281481,217.5000000000,145.9947844443,72.5000000000,48.6649281481,200.0000000000,480.5000000000,100,0.8780000000,47.0000000000,72.5000000000,48.6649281481
18,275,0.0000000100,3,50,80,400,95.3402874075,290,194.6597125925,72.5000000000,48.6649281481,217.5000000000,145.9947844443,72.5000000000,48.6649281481,200.0000000000,480.5000000000,100,1.1620000000,47.0000000000,72.5000000000,48.6649281481
18,325,0.0000000100,3,50,80,400,95.3402874075,290,194.6597125925,72.5000000000,48.6649281481,217.5000000000,145.9947844443,72.5000000000,48.6649281481,200.0000000000,480.5000000000,100,1.2730000000,47.0000000000,72.5000000000,48.6649281481
12,175,0.0000000100,3,50,80,400,95.3402874075,290,194.6597125925,72.5000000000,48.6649281481,217.5000000000,145.9947844443,72.5000000000,48.6649281481,500.0000000000,586.0000000000,100,1.2900000000,56.0000000000,72.5000000000,48.6649281481
15,175,0.0000000100,3,50,80,400,95.3402874075,290,194.6597125925,72.5000000000,48.6649281481,217.5000000000,145.9947844443,72.5000000000,48.6649281481,500.0000000000,586.0000000000,100,0.8450000000,47.0000000000,72.5000000000,48.6649281481
18,175,0.0000000100,3,50,80,400,95.3402874075,290,194.6597125925,72.5000000000,48.6649281481,217.5000000000,145.9947844443,72.5000000000,48.6649281481,500.0000000000,586.0000000000,100,0.6720000000,47.0000000000,72.5000000000,48.6649281481
21,175,0.0000000100,3,50,80,400,95.3402874075,290,194.6597125925,72.5000000000,48.6649281481,217.5000000000,145.9947844443,72.5000000000,48.6649281481,500.0000000000,586.0000000000,100,0.6210000000,47.0000000000,72.5000000000,48.6649281481
24,175,0.0000000100,3,50,80,400,95.3402874075,290,194.6597125925,72.5000000000,48.6649281481,217.5000000000,145.9947844443,72.5000000000,48.6649281481,500.0000000000,586.0000000000,100,0.5320000000,47.0000000000,72.5000000000,48.6649281481
18,75,0.0000000100,3,50,80,400,95.3402874075,290,194.6597125925,72.5000000000,48.6649281481,217.5000000000,145.9947844443,72.5000000000,48.6649281481,500.0000000000,586.0000000000,100,0.3230000000,50.0000000000,72.5000000000,48.6649281481
18,125,0.0000000100,3,50,80,400,95.3402874075,290,194.6597125925,72.5000000000,48.6649281481,217.5000000000,145.9947844443,72.5000000000,48.6649281481,500.0000000000,586.0000000000,100,0.5010000000,57.0000000000,72.5000000000,48.6649281481
18,225,0.0000000100,3,50,80,400,95.3402874075,290,194.6597125925,72.5000000000,48.6649281481,217.5000000000,145.9947844443,72.5000000000,48.6649281481,500.0000000000,586.0000000000,100,0.8780000000,47.0000000000,72.5000000000,48.6649281481
18,275,0.0000000100,3,50,80,400,95.3402874075,290,194.6597125925,72.5000000000,48.6649281481,217.5000000000,145.9947844443,72.5000000000,48.6649281481,500.0000000000,586.0000000000,100,1.1620000000,47.0000000000,72.5000000000,48.6649281481
18,325,0.0000000100,3,50,80,400,95.3402874075,290,194.6597125925,72.5000000000,48.6649281481,217.5000000000,145.9947844443,72.5000000000,48.6649281481,500.0000000000,586.0000000000,100,1.2730000000,47.0000000000,72.5000000000,48.6649281481
12,175,0.0000000100,3,50,80,400,95.3402874075,290,194.6597125925,72.5000000000,48.6649281481,217.5000000000,145.9947844443,63.6700000000,0.0000000000,30.0000000000,315.9000000000,100,1.1710000000,56.0000000000,63.6700000000,0.0000000000
15,175,0.0000000100,3,50,80,400,95.3402874075,290,194.6597125925,72.5000000000,48.6649281481,217.5000000000,145.9947844443,63.6700000000,0.0000000000,30.0000000000,315.9000000000,100,0.8550000000,47.0000000000,63.6700000000,0.0000000000
21,175,0.0000000100,3,50,80,400,95.3402874075,290,194.6597125925,72.5000000000,48.6649281481,217.5000000000,145.9947844443,63.6700000000,0.0000000000,30.0000000000,315.9000000000,100,0.5860000000,47.0000000000,63.6700000000,0.0000000000
24,175,0.0000000100,3,50,80,400,95.3402874075,290,194.6597125925,72.5000000000,48.6649281481,217.5000000000,145.9947844443,63.6700000000,0.0000000000,30.0000000000,315.9000000000,100,0.4940000000,47.0000000000,63.6700000000,0.0000000000
18,25,0.0000000100,3,50,80,400,95.3402874075,290,194.6597125925,72.5000000000,48.6649281481,217.5000000000,145.9947844443,63.6700000000,0.0000000000,30.0000000000,315.9000000000,100,0.1530000000,55.0000000000,63.6700000000,0.0000000000
18,75,0.0000000100,3,50,80,400,95.3402874075,290,194.6597125925,72.5000000000,48.6649281481,217.5000000000,145.9947844443,63.6700000000,0.0000000000,30.0000000000,315.9000000000,100,0.3280000000,50.0000000000,63.6700000000,0.0000000000
18,125,0.0000000100,3,50,80,400,95.3402874075,290,194.6597125925,72.5000000000,48.6649281481,217.5000000000,145.9947844443,63.6700000000,0.0000000000,30.0000000000,315.9000000000,100,0.5120000000,57.0000000000,63.6700000000,0.0000000000
18,225,0.0000000100,3,50,80,400,95.3402874075,290,194.6597125925,72.5000000000,48.6649281481,217.5000000000,145.9947844443,63.6700000000,0.0000000000,30.0000000000,315.9000000000,100,0.9630000000,47.0000000000,63.6700000000,0.0000000000
18,325,0.0000000100,3,50,80,400,95.3402874075,290,194.6597125925,72.5000000000,48.6649281481,217.5000000000,145.9947844443,63.6700000000,0.0000000000,30.0000000000,315.9000000000,100,1.2730000000,47.0000000000,63.6700000000,0.0000000000
12,175,0.0000000100,3,50,80,400,95.3402874075,290,194.6597125925,72.5000000000,48.6649281481,217.5000000000,145.9947844443,63.6700000000,0.0000000000,200.0000000000,480.5000000000,100,1.1710000000,56.0000000000,63.6700000000,0.0000000000
15,175,0.0000000100,3,50,80,400,95.3402874075,290,194.6597125925,72.5000000000,48.6649281481,217.5000000000,145.9947844443,63.6700000000,0.0000000000,200.0000000000,480.5000000000,100,0.8550000000,47.0000000000,63.6700000000,0.0000000000
21,175,0.0000000100,3,50,80,400,95.3402874075,290,194.6597125925,72.5000000000,48.6649281481,217.5000000000,145.9947844443,63.6700000000,0.0000000000,200.0000000000,480.5000000000,100,0.5860000000,47.0000000000,63.6700000000,0.0000000000
24,175,0.0000000100,3,50,80,400,95.3402874075,290,194.6597125925,72.5000000000,48.6649281481,217.5000000000,145.9947844443,63.6700000000,0.0000000000,200.0000000000,480.5000000000,100,0.4940000000,47.0000000000,63.6700000000,0.0000000000
18,25,0.0000000100,3,50,80,400,95.3402874075,290,194.6597125925,72.5000000000,48.6649281481,217.5000000000,145.9947844443,63.6700000000,0.0000000000,200.0000000000,480.5000000000,100,0.1530000000,55.0000000000,63.6700000000,0.0000000000
18,75,0.0000000100,3,50,80,400,95.3402874075,290,194.6597125925,72.5000000000,48.6649281481,217.5000000000,145.9947844443,63.6700000000,0.0000000000,200.0000000000,480.5000000000,100,0.3280000000,50.0000000000,63.6700000000,0.0000000000
18,125,0.0000000100,3,50,80,400,95.3402874075,290,194.6597125925,72.5000000000,48.6649281481,217.5000000000,145.9947844443,63.6700000000,0.0000000000,200.0000000000,480.5000000000,100,0.5120000000,57.0000000000,63.6700000000,0.0000000000
18,225,0.0000000100,3,50,80,400,95.3402874075,290,194.6597125925,72.5000000000,48.6649281481,217.5000000000,145.9947844443,63.6700000000,0.0000000000,200.0000000000,480.5000000000,100,0.9630000000,47.0000000000,63.6700000000,0.0000000000
18,325,0.0000000100,3,50,80,400,95.3402874075,290,194.6597125925,72.5000000000,48.6649281481,217.5000000000,145.9947844443,63.6700000000,0.0000000000,200.0000000000,480.5000000000,100,1.2730000000,47.0000000000,63.6700000000,0.0000000000
12,175,0.0000000100,3,50,80,400,95.3402874075,290,194.6597125925,72.5000000000,48.6649281481,217.5000000000,145.9947844443,63.6700000000,0.0000000000,500.0000000000,586.0000000000,100,1.1710000000,56.0000000000,63.6700000000,0.0000000000
15,175,0.0000000100,3,50,80,400,95.3402874075,290,194.6597125925,72.5000000000,48.6649281481,217.5000000000,145.9947844443,63.6700000000,0.0000000000,500.0000000000,586.0000000000,100,0.8550000000,47.0000000000,63.6700000000,0.0000000000
21,175,0.0000000100,3,50,80,400,95.3402874075,290,194.6597125925,72.5000000000,48.6649281481,217.5000000000,145.9947844443,63.6700000000,0.0000000000,500.0000000000,586.0000000000,100,0.5860000000,47.0000000000,63.6700000000,0.0000000000
24,175,0.0000000100,3,50,80,400,95.3402874075,290,194.6597125925,72.5000000000,48.6649281481,217.5000000000,145.9947844443,63.6700000000,0.0000000000,500.0000000000,586.0000000000,100,0.4940000000,47.0000000000,63.6700000000,0.0000000000
18,25,0.0000000100,3,50,80,400,95.3402874075,290,194.6597125925,72.5000000000,48.6649281481,217.5000000000,145.9947844443,63.6700000000,0.0000000000,500.0000000000,586.0000000000,100,0.1530000000,55.0000000000,63.6700000000,0.0000000000
18,75,0.0000000100,3,50,80,400,95.3402874075,290,194.6597125925,72.5000000000,48.6649281481,217.5000000000,145.9947844443,63.6700000000,0.0000000000,500.0000000000,586.0000000000,100,0.3280000000,50.0000000000,63.6700000000,0.0000000000
18,125,0.0000000100,3,50,80,400,95.3402874075,290,194.6597125925,72.5000000000,48.6649281481,217.5000000000,145.9947844443,63.6700000000,0.0000000000,500.0000000000,586.0000000000,100,0.5120000000,57.0000000000,63.6700000000,0.0000000000
18,225,0.0000000100,3,50,80,400,95.3402874075,290,194.6597125925,72.5000000000,48.6649281481,217.5000000000,145.9947844443,63.6700000000,0.0000000000,500.0000000000,586.0000000000,100,0.9630000000,47.0000000000,63.6700000000,0.0000000000
18,325,0.0000000100,3,50,80,400,95.3402874075,290,194.6597125925,72.5000000000,48.6649281481,217.5000000000,145.9947844443,63.6700000000,0.0000000000,500.0000000000,586.0000000000,100,1.2730000000,47.0000000000,63.6700000000,0.0000000000
12,175,0.0000000100,3,50,80,400,95.3402874075,290,194.6597125925,95.3402874075,0.0000000000,194.6597125925,194.6597125925,95.3402874075,0.0000000000,30.0000000000,315.9000000000,100,1.2770000000,66.0000000000,95.3402874075,0.0000000000
15,175,0.0000000100,3,50,80,400,95.3402874075,290,194.6597125925,95.3402874075,0.0000000000,194.6597125925,194.6597125925,95.3402874075,0.0000000000,30.0000000000,315.9000000000,100,0.7840000000,66.0000000000,95.3402874075,0.0000000000
21,175,0.0000000100,3,50,80,400,95.3402874075,290,194.6597125925,95.3402874075,0.0000000000,194.6597125925,194.6597125925,95.3402874075,0.0000000000,30.0000000000,315.9000000000,100,0.5450000000,66.0000000000,95.3402874075,0.0000000000
24,175,0.0000000100,3,50,80,400,95.3402874075,290,194.6597125925,95.3402874075,0.0000000000,194.6597125925,194.6597125925,95.3402874075,0.0000000000,30.0000000000,315.9000000000,100,0.4740000000,66.0000000000,95.3402874075,0.0000000000
18,25,0.0000000100,3,50,80,400,95.3402874075,290,194.6597125925,95.3402874075,0.0000000000,194.6597125925,194.6597125925,95.3402874075,0.0000000000,30.0000000000,315.9000000000,100,0.1070000000,66.0000000000,95.3402874075,0.0000000000
18,125,0.0000000100,3,50,80,400,95.3402874075,290,194.6597125925,95.3402874075,0.0000000000,194.6597125925,194.6597125925,95.3402874075,0.0000000000,30.0000000000,315.9000000000,100,0.4620000000,66.0000000000,95.3402874075,0.0000000000
18,275,0.0000000100,3,50,80,400,95.3402874075,290,194.6597125925,95.3402874075,0.0000000000,194.6597125925,194.6597125925,95.3402874075,0.0000000000,30.0000000000,315.9000000000,100,1.2530000000,66.0000000000,95.3402874075,0.0000000000
18,325,0.0000000100,3,50,80,400,95.3402874075,290,194.6597125925,95.3402874075,0.0000000000,194.6597125925,194.6597125925,95.3402874075,0.0000000000,30.0000000000,315.9000000000,100,1.2000000000,66.0000000000,95.3402874075,0.0000000000
12,175,0.0000000100,3,50,80,400,95.3402874075,290,194.6597125925,95.3402874075,0.0000000000,194.6597125925,194.6597125925,95.3402874075,0.0000000000,200.0000000000,480.5000000000,100,1.2770000000,66.0000000000,95.3402874075,0.0000000000
15,175,0.0000000100,3,50,80,400,95.3402874075,290,194.6597125925,95.3402874075,0.0000000000,194.6597125925,194.6597125925,95.3402874075,0.0000000000,200.0000000000,480.5000000000,100,0.7840000000,66.0000000000,95.3402874075,0.0000000000
21,175,0.0000000100,3,50,80,400,95.3402874075,290,194.6597125925,95.3402874075,0.0000000000,194.6597125925,194.6597125925,95.3402874075,0.0000000000,200.0000000000,480.5000000000,100,0.5450000000,66.0000000000,95.3402874075,0.0000000000
24,175,0.0000000100,3,50,80,400,95.3402874075,290,194.6597125925,95.3402874075,0.0000000000,194.6597125925,194.6597125925,95.3402874075,0.0000000000,200.0000000000,480.5000000000,100,0.4740000000,66.0000000000,95.3402874075,0.0000000000
18,25,0.0000000100,3,50,80,400,95.3402874075,290,194.6597125925,95.3402874075,0.0000000000,194.6597125925,194.6597125925,95.3402874075,0.0000000000,200.0000000000,480.5000000000,100,0.1070000000,66.0000000000,95.3402874075,0.0000000000
18,125,0.0000000100,3,50,80,400,95.3402874075,290,194.6597125925,95.3402874075,0.0000000000,194.6597125925,194.6597125925,95.3402874075,0.0000000000,200.0000000000,480.5000000000,100,0.4620000000,66.0000000000,95.3402874075,0.0000000000
18,275,0.0000000100,3,50,80,400,95.3402874075,290,194.6597125925,95.3402874075,0.0000000000,194.6597125925,194.6597125925,95.3402874075,0.0000000000,200.0000000000,480.5000000000,100,1.2530000000,66.0000000000,95.3402874075,0.0000000000
18,325,0.0000000100,3,50,80,400,95.3402874075,290,194.6597125925,95.3402874075,0.0000000000,194.6597125925,194.6597125925,95.3402874075,0.0000000000,200.0000000000,480.5000000000,100,1.2000000000,66.0000000000,95.3402874075,0.0000000000
12,175,0.0000000100,3,50,80,400,95.3402874075,290,194.6597125925,95.3402874075,0.0000000000,194.6597125925,194.6597125925,95.3402874075,0.0000000000,500.0000000000,586.0000000000,100,1.2770000000,66.0000000000,95.3402874075,0.0000000000
15,175,0.0000000100,3,50,80,400,95.3402874075,290,194.6597125925,95.3402874075,0.0000000000,194.6597125925,194.6597125925,95.3402874075,0.0000000000,500.0000000000,586.0000000000,100,0.7840000000,66.0000000000,95.3402874075,0.0000000000
21,175,0.0000000100,3,50,80,400,95.3402874075,290,194.6597125925,95.3402874075,0.0000000000,194.6597125925,194.6597125925,95.3402874075,0.0000000000,500.0000000000,586.0000000000,100,0.5450000000,66.0000000000,95.3402874075,0.0000000000
24,175,0.0000000100,3,50,80,400,95.3402874075,290,194.6597125925,95.3402874075,0.0000000000,194.6597125925,194.6597125925,95.3402874075,0.0000000000,500.0000000000,586.0000000000,100,0.4740000000,66.0000000000,95.3402874075,0.0000000000
18,25,0.0000000100,3,50,80,400,95.3402874075,290,194.6597125925,95.3402874075,0.0000000000,194.6597125925,194.6597125925,95.3402874075,0.0000000000,500.0000000000,586.0000000000,100,0.1070000000,66.0000000000,95.3402874075,0.0000000000
18,125,0.0000000100,3,50,80,400,95.3402874075,290,194.6597125925,95.3402874075,0.0000000000,194.6597125925,194.6597125925,95.3402874075,0.0000000000,500.0000000000,586.0000000000,100,0.4620000000,66.0000000000,95.3402874075,0.0000000000
18,275,0.0000000100,3,50,80,400,95.3402874075,290,194.6597125925,95.3402874075,0.0000000000,194.6597125925,194.6597125925,95.3402874075,0.0000000000,500.0000000000,586.0000000000,100,1.2530000000,66.0000000000,95.3402874075,0.0000000000
18,325,0.0000000100,3,50,80,400,95.3402874075,290,194.6597125925,95.3402874075,0.0000000000,194.6597125925,194.6597125925,95.3402874075,0.0000000000,500.0000000000,586.0000000000,100,1.2000000000,66.0000000000,95.3402874075,0.0000000000
12,175,0.0000000100,3,50,80,400,95.3402874075,290,194.6597125925,95.3402874075,0.0000000000,194.6597125925,194.6597125925,63.6700000000,0.0000000000,30.0000000000,315.9000000000,100,0.9770000000,66.0000000000,63.6700000000,0.0000000000
21,175,0.0000000100,3,50,80,400,95.3402874075,290,194.6597125925,95.3402874075,0.0000000000,194.6597125925,194.6597125925,63.6700000000,0.0000000000,30.0000000000,315.9000000000,100,0.6400000000,66.0000000000,63.6700000000,0.0000000000
24,175,0.0000000100,3,50,80,400,95.3402874075,290,194.6597125925,95.3402874075,0.0000000000,194.6597125925,194.6597125925,63.6700000000,0.0000000000,30.0000000000,315.9000000000,100,0.4760000000,66.0000000000,63.6700000000,0.0000000000
18,125,0.0000000100,3,50,80,400,95.3402874075,290,194.6597125925,95.3402874075,0.0000000000,194.6597125925,194.6597125925,63.6700000000,0.0000000000,30.0000000000,315.9000000000,100,0.4500000000,66.0000000000,63.6700000000,0.0000000000
18,225,0.0000000100,3,50,80,400,95.3402874075,290,194.6597125925,95.3402874075,0.0000000000,194.6597125925,194.6597125925,63.6700000000,0.0000000000,30.0000000000,315.9000000000,100,0.8250000000,66.0000000000,63.6700000000,0.0000000000
18,275,0.0000000100,3,50,80,400,95.3402874075,290,194.6597125925,95.3402874075,0.0000000000,194.6597125925,194.6597125925,63.6700000000,0.0000000000,30.0000000000,315.9000000000,100,1.0000000000,66.0000000000,63.6700000000,0.0000000000
18,325,0.0000000100,3,50,80,400,95.3402874075,290,194.6597125925,95.3402874075,0.0000000000,194.6597125925,194.6597125925,63.6700000000,0.0000000000,30.0000000000,315.9000000000,100,1.2930000000,66.0000000000,63.6700000000,0.0000000000
12,175,0.0000000100,3,50,80,400,95.3402874075,290,194.6597125925,95.3402874075,0.0000000000,194.6597125925,194.6597125925,63.6700000000,0.0000000000,200.0000000000,480.5000000000,100,0.9770000000,66.0000000000,63.6700000000,0.0000000000
21,175,0.0000000100,3,50,80,400,95.3402874075,290,194.6597125925,95.3402874075,0.0000000000,194.6597125925,194.6597125925,63.6700000000,0.0000000000,200.0000000000,480.5000000000,100,0.6400000000,66.0000000000,63.6700000000,0.0000000000
24,175,0.0000000100,3,50,80,400,95.3402874075,290,194.6597125925,95.3402874075,0.0000000000,194.6597125925,194.6597125925,63.6700000000,0.0000000000,200.0000000000,480.5000000000,100,0.4760000000,66.0000000000,63.6700000000,0.0000000000
18,125,0.0000000100,3,50,80,400,95.3402874075,290,194.6597125925,95.3402874075,0.0000000000,194.6597125925,194.6597125925,63.6700000000,0.0000000000,200.0000000000,480.5000000000,100,0.4500000000,66.0000000000,63.6700000000,0.0000000000
18,225,0.0000000100,3,50,80,400,95.3402874075,290,194.6597125925,95.3402874075,0.0000000000,194.6597125925,194.6597125925,63.6700000000,0.0000000000,200.0000000000,480.5000000000,100,0.8250000000,66.0000000000,63.6700000000,0.0000000000
18,275,0.0000000100,3,50,80,400,95.3402874075,290,194.6597125925,95.3402874075,0.0000000000,194.6597125925,194.6597125925,63.6700000000,0.0000000000,200.0000000000,480.5000000000,100,1.0000000000,66.0000000000,63.6700000000,0.0000000000
18,325,0.0000000100,3,50,80,400,95.3402874075,290,194.6597125925,95.3402874075,0.0000000000,194.6597125925,194.6597125925,63.6700000000,0.0000000000,200.0000000000,480.5000000000,100,1.2930000000,66.0000000000,63.6700000000,0.0000000000
12,175,0.0000000100,3,50,80,400,95.3402874075,290,194.6597125925,95.3402874075,0.0000000000,194.6597125925,194.6597125925,63.6700000000,0.0000000000,500.0000000000,586.0000000000,100,0.9770000000,66.0000000000,63.6700000000,0.0000000000
21,175,0.0000000100,3,50,80,400,95.3402874075,290,194.6597125925,95.3402874075,0.0000000000,194.6597125925,194.6597125925,63.6700000000,0.0000000000,500.0000000000,586.0000000000,100,0.6400000000,66.0000000000,63.6700000000,0.0000000000
24,175,0.0000000100,3,50,80,400,95.3402874075,290,194.6597125925,95.3402874075,0.0000000000,194.6597125925,194.6597125925,63.6700000000,0.0000000000,500.0000000000,586.0000000000,100,0.4760000000,66.0000000000,63.6700000000,0.0000000000
18,125,0.0000000100,3,50,80,400,95.3402874075,290,194.6597125925,95.3402874075,0.0000000000,194.6597125925,194.6597125925,63.6700000000,0.0000000000,500.0000000000,586.0000000000,100,0.4500000000,66.0000000000,63.6700000000,0.0000000000
18,225,0.0000000100,3,50,80,400,95.3402874075,290,194.6597125925,95.3402874075,0.0000000000,194.6597125925,194.6597125925,63.6700000000,0.0000000000,500.0000000000,586.0000000000,100,0.8250000000,66.0000000000,63.6700000000,0.0000000000
18,275,0.0000000100,3,50,80,400,95.3402874075,290,194.6597125925,95.3402874075,0.0000000000,194.6597125925,194.6597125925,63.6700000000,0.0000000000,500.0000000000,586.0000000000,100,1.0000000000,66.0000000000,63.6700000000,0.0000000000
18,325,0.0000000100,3,50,80,400,95.3402874075,290,194.6597125925,95.3402874075,0.0000000000,194.6597125925,194.6597125925,63.6700000000,0.0000000000,500.0000000000,586.0000000000,100,1.2930000000,66.0000000000,63.6700000000,0.0000000000
