Unit weight [kN/m3],Undrained Shear Strength [kPa],Saturated permeability [m/s],Soil Type [-],Slope angle [°],Slope length [m],Total length [m],Slope height [m],Total height Upstream [m],Total height Downstream [m],Soil depth upstream [m],Soil depth downstream [m],Bedrock depth upstream [m],Bedrock depth downstream [m],Initial piezometric surface depth - upstream [m],Initial piezometric surface depth - downstream [m],Return period of precipitation [years],Accumulated precipitation [mm],Precipitation duration [hrs],Factor of safety [-],Depth of slip surface [m],Final Piezometric surface depth - upstream [m],Final Piezometric surface depth - downstream [m]
12,175,0.0000000100,3,20,20,100,7.2794046853,25,17.7205953147,22.5000000000,15.2205953147,2.5000000000,2.5000000000,0.0000000000,0.0000000000,-1.0000000000,0.0000000000,-1,11.5990000000,20.0000000000,0.0000000000,0.0000000000
15,175,0.0000000100,3,20,20,100,7.2794046853,25,17.7205953147,22.5000000000,15.2205953147,2.5000000000,2.5000000000,0.0000000000,0.0000000000,-1.0000000000,0.0000000000,-1,9.2800000000,20.0000000000,0.0000000000,0.0000000000
18,175,0.0000000100,3,20,20,100,7.2794046853,25,17.7205953147,22.5000000000,15.2205953147,2.5000000000,2.5000000000,0.0000000000,0.0000000000,-1.0000000000,0.0000000000,-1,7.7330000000,20.0000000000,0.0000000000,0.0000000000
21,175,0.0000000100,3,20,20,100,7.2794046853,25,17.7205953147,22.5000000000,15.2205953147,2.5000000000,2.5000000000,0.0000000000,0.0000000000,-1.0000000000,0.0000000000,-1,6.6280000000,20.0000000000,0.0000000000,0.0000000000
24,175,0.0000000100,3,20,20,100,7.2794046853,25,17.7205953147,22.5000000000,15.2205953147,2.5000000000,2.5000000000,0.0000000000,0.0000000000,-1.0000000000,0.0000000000,-1,5.8000000000,20.0000000000,0.0000000000,0.0000000000
18,75,0.0000000100,3,20,20,100,7.2794046853,25,17.7205953147,22.5000000000,15.2205953147,2.5000000000,2.5000000000,0.0000000000,0.0000000000,-1.0000000000,0.0000000000,-1,3.3140000000,20.0000000000,0.0000000000,0.0000000000
18,125,0.0000000100,3,20,20,100,7.2794046853,25,17.7205953147,22.5000000000,15.2205953147,2.5000000000,2.5000000000,0.0000000000,0.0000000000,-1.0000000000,0.0000000000,-1,5.5240000000,20.0000000000,0.0000000000,0.0000000000
18,225,0.0000000100,3,20,20,100,7.2794046853,25,17.7205953147,22.5000000000,15.2205953147,2.5000000000,2.5000000000,0.0000000000,0.0000000000,-1.0000000000,0.0000000000,-1,9.9420000000,20.0000000000,0.0000000000,0.0000000000
18,275,0.0000000100,3,20,20,100,7.2794046853,25,17.7205953147,22.5000000000,15.2205953147,2.5000000000,2.5000000000,0.0000000000,0.0000000000,-1.0000000000,0.0000000000,-1,12.1520000000,20.0000000000,0.0000000000,0.0000000000
18,325,0.0000000100,3,20,20,100,7.2794046853,25,17.7205953147,22.5000000000,15.2205953147,2.5000000000,2.5000000000,0.0000000000,0.0000000000,-1.0000000000,0.0000000000,-1,14.3610000000,20.0000000000,0.0000000000,0.0000000000
12,175,0.0000000100,3,20,20,100,7.2794046853,25,17.7205953147,22.5000000000,15.2205953147,2.5000000000,2.5000000000,0.0000000000,0.0000000000,30.0000000000,315.9000000000,100,11.5990000000,20.0000000000,0.0000000000,0.0000000000
15,175,0.0000000100,3,20,20,100,7.2794046853,25,17.7205953147,22.5000000000,15.2205953147,2.5000000000,2.5000000000,0.0000000000,0.0000000000,30.0000000000,315.9000000000,100,9.2800000000,20.0000000000,0.0000000000,0.0000000000
18,175,0.0000000100,3,20,20,100,7.2794046853,25,17.7205953147,22.5000000000,15.2205953147,2.5000000000,2.5000000000,0.0000000000,0.0000000000,30.0000000000,315.9000000000,100,7.7330000000,20.0000000000,0.0000000000,0.0000000000
21,175,0.0000000100,3,20,20,100,7.2794046853,25,17.7205953147,22.5000000000,15.2205953147,2.5000000000,2.5000000000,0.0000000000,0.0000000000,30.0000000000,315.9000000000,100,6.6280000000,20.0000000000,0.0000000000,0.0000000000
24,175,0.0000000100,3,20,20,100,7.2794046853,25,17.7205953147,22.5000000000,15.2205953147,2.5000000000,2.5000000000,0.0000000000,0.0000000000,30.0000000000,315.9000000000,100,5.8000000000,20.0000000000,0.0000000000,0.0000000000
18,75,0.0000000100,3,20,20,100,7.2794046853,25,17.7205953147,22.5000000000,15.2205953147,2.5000000000,2.5000000000,0.0000000000,0.0000000000,30.0000000000,315.9000000000,100,3.3140000000,20.0000000000,0.0000000000,0.0000000000
18,125,0.0000000100,3,20,20,100,7.2794046853,25,17.7205953147,22.5000000000,15.2205953147,2.5000000000,2.5000000000,0.0000000000,0.0000000000,30.0000000000,315.9000000000,100,5.5240000000,20.0000000000,0.0000000000,0.0000000000
18,225,0.0000000100,3,20,20,100,7.2794046853,25,17.7205953147,22.5000000000,15.2205953147,2.5000000000,2.5000000000,0.0000000000,0.0000000000,30.0000000000,315.9000000000,100,9.9420000000,20.0000000000,0.0000000000,0.0000000000
18,275,0.0000000100,3,20,20,100,7.2794046853,25,17.7205953147,22.5000000000,15.2205953147,2.5000000000,2.5000000000,0.0000000000,0.0000000000,30.0000000000,315.9000000000,100,12.1520000000,20.0000000000,0.0000000000,0.0000000000
18,325,0.0000000100,3,20,20,100,7.2794046853,25,17.7205953147,22.5000000000,15.2205953147,2.5000000000,2.5000000000,0.0000000000,0.0000000000,30.0000000000,315.9000000000,100,14.3610000000,20.0000000000,0.0000000000,0.0000000000
12,175,0.0000000100,3,20,20,100,7.2794046853,25,17.7205953147,22.5000000000,15.2205953147,2.5000000000,2.5000000000,0.0000000000,0.0000000000,200.0000000000,480.5000000000,100,11.5990000000,20.0000000000,0.0000000000,0.0000000000
15,175,0.0000000100,3,20,20,100,7.2794046853,25,17.7205953147,22.5000000000,15.2205953147,2.5000000000,2.5000000000,0.0000000000,0.0000000000,200.0000000000,480.5000000000,100,9.2800000000,20.0000000000,0.0000000000,0.0000000000
18,175,0.0000000100,3,20,20,100,7.2794046853,25,17.7205953147,22.5000000000,15.2205953147,2.5000000000,2.5000000000,0.0000000000,0.0000000000,200.0000000000,480.5000000000,100,7.7330000000,20.0000000000,0.0000000000,0.0000000000
21,175,0.0000000100,3,20,20,100,7.2794046853,25,17.7205953147,22.5000000000,15.2205953147,2.5000000000,2.5000000000,0.0000000000,0.0000000000,200.0000000000,480.5000000000,100,6.6280000000,20.0000000000,0.0000000000,0.0000000000
24,175,0.0000000100,3,20,20,100,7.2794046853,25,17.7205953147,22.5000000000,15.2205953147,2.5000000000,2.5000000000,0.0000000000,0.0000000000,200.0000000000,480.5000000000,100,5.8000000000,20.0000000000,0.0000000000,0.0000000000
18,75,0.0000000100,3,20,20,100,7.2794046853,25,17.7205953147,22.5000000000,15.2205953147,2.5000000000,2.5000000000,0.0000000000,0.0000000000,200.0000000000,480.5000000000,100,3.3140000000,20.0000000000,0.0000000000,0.0000000000
18,125,0.0000000100,3,20,20,100,7.2794046853,25,17.7205953147,22.5000000000,15.2205953147,2.5000000000,2.5000000000,0.0000000000,0.0000000000,200.0000000000,480.5000000000,100,5.5240000000,20.0000000000,0.0000000000,0.0000000000
18,225,0.0000000100,3,20,20,100,7.2794046853,25,17.7205953147,22.5000000000,15.2205953147,2.5000000000,2.5000000000,0.0000000000,0.0000000000,200.0000000000,480.5000000000,100,9.9420000000,20.0000000000,0.0000000000,0.0000000000
18,275,0.0000000100,3,20,20,100,7.2794046853,25,17.7205953147,22.5000000000,15.2205953147,2.5000000000,2.5000000000,0.0000000000,0.0000000000,200.0000000000,480.5000000000,100,12.1520000000,20.0000000000,0.0000000000,0.0000000000
18,325,0.0000000100,3,20,20,100,7.2794046853,25,17.7205953147,22.5000000000,15.2205953147,2.5000000000,2.5000000000,0.0000000000,0.0000000000,200.0000000000,480.5000000000,100,14.3610000000,20.0000000000,0.0000000000,0.0000000000
12,175,0.0000000100,3,20,20,100,7.2794046853,25,17.7205953147,22.5000000000,15.2205953147,2.5000000000,2.5000000000,0.0000000000,0.0000000000,500.0000000000,586.0000000000,100,11.5990000000,20.0000000000,0.0000000000,0.0000000000
15,175,0.0000000100,3,20,20,100,7.2794046853,25,17.7205953147,22.5000000000,15.2205953147,2.5000000000,2.5000000000,0.0000000000,0.0000000000,500.0000000000,586.0000000000,100,9.2800000000,20.0000000000,0.0000000000,0.0000000000
18,175,0.0000000100,3,20,20,100,7.2794046853,25,17.7205953147,22.5000000000,15.2205953147,2.5000000000,2.5000000000,0.0000000000,0.0000000000,500.0000000000,586.0000000000,100,7.7330000000,20.0000000000,0.0000000000,0.0000000000
21,175,0.0000000100,3,20,20,100,7.2794046853,25,17.7205953147,22.5000000000,15.2205953147,2.5000000000,2.5000000000,0.0000000000,0.0000000000,500.0000000000,586.0000000000,100,6.6280000000,20.0000000000,0.0000000000,0.0000000000
24,175,0.0000000100,3,20,20,100,7.2794046853,25,17.7205953147,22.5000000000,15.2205953147,2.5000000000,2.5000000000,0.0000000000,0.0000000000,500.0000000000,586.0000000000,100,5.8000000000,20.0000000000,0.0000000000,0.0000000000
18,75,0.0000000100,3,20,20,100,7.2794046853,25,17.7205953147,22.5000000000,15.2205953147,2.5000000000,2.5000000000,0.0000000000,0.0000000000,500.0000000000,586.0000000000,100,3.3140000000,20.0000000000,0.0000000000,0.0000000000
18,125,0.0000000100,3,20,20,100,7.2794046853,25,17.7205953147,22.5000000000,15.2205953147,2.5000000000,2.5000000000,0.0000000000,0.0000000000,500.0000000000,586.0000000000,100,5.5240000000,20.0000000000,0.0000000000,0.0000000000
18,225,0.0000000100,3,20,20,100,7.2794046853,25,17.7205953147,22.5000000000,15.2205953147,2.5000000000,2.5000000000,0.0000000000,0.0000000000,500.0000000000,586.0000000000,100,9.9420000000,20.0000000000,0.0000000000,0.0000000000
18,275,0.0000000100,3,20,20,100,7.2794046853,25,17.7205953147,22.5000000000,15.2205953147,2.5000000000,2.5000000000,0.0000000000,0.0000000000,500.0000000000,586.0000000000,100,12.1520000000,20.0000000000,0.0000000000,0.0000000000
18,325,0.0000000100,3,20,20,100,7.2794046853,25,17.7205953147,22.5000000000,15.2205953147,2.5000000000,2.5000000000,0.0000000000,0.0000000000,500.0000000000,586.0000000000,100,14.3610000000,20.0000000000,0.0000000000,0.0000000000
18,175,0.0000000100,3,20,20,100,7.2794046853,25,17.7205953147,22.5000000000,15.2205953147,2.5000000000,2.5000000000,22.5000000000,15.2205953147,-1.0000000000,0.0000000000,-1,8.1850000000,20.0000000000,22.5000000000,15.2205953147
21,175,0.0000000100,3,20,20,100,7.2794046853,25,17.7205953147,22.5000000000,15.2205953147,2.5000000000,2.5000000000,22.5000000000,15.2205953147,-1.0000000000,0.0000000000,-1,6.9580000000,20.0000000000,22.5000000000,15.2205953147
18,25,0.0000000100,3,20,20,100,7.2794046853,25,17.7205953147,22.5000000000,15.2205953147,2.5000000000,2.5000000000,22.5000000000,15.2205953147,-1.0000000000,0.0000000000,-1,1.1690000000,20.0000000000,22.5000000000,15.2205953147
18,75,0.0000000100,3,20,20,100,7.2794046853,25,17.7205953147,22.5000000000,15.2205953147,2.5000000000,2.5000000000,22.5000000000,15.2205953147,-1.0000000000,0.0000000000,-1,3.5080000000,20.0000000000,22.5000000000,15.2205953147
18,125,0.0000000100,3,20,20,100,7.2794046853,25,17.7205953147,22.5000000000,15.2205953147,2.5000000000,2.5000000000,22.5000000000,15.2205953147,-1.0000000000,0.0000000000,-1,5.8470000000,20.0000000000,22.5000000000,15.2205953147
18,225,0.0000000100,3,20,20,100,7.2794046853,25,17.7205953147,22.5000000000,15.2205953147,2.5000000000,2.5000000000,22.5000000000,15.2205953147,-1.0000000000,0.0000000000,-1,10.5240000000,20.0000000000,22.5000000000,15.2205953147
18,275,0.0000000100,3,20,20,100,7.2794046853,25,17.7205953147,22.5000000000,15.2205953147,2.5000000000,2.5000000000,22.5000000000,15.2205953147,-1.0000000000,0.0000000000,-1,12.8620000000,20.0000000000,22.5000000000,15.2205953147
18,325,0.0000000100,3,20,20,100,7.2794046853,25,17.7205953147,22.5000000000,15.2205953147,2.5000000000,2.5000000000,22.5000000000,15.2205953147,-1.0000000000,0.0000000000,-1,15.2010000000,20.0000000000,22.5000000000,15.2205953147
18,175,0.0000000100,3,20,20,100,7.2794046853,25,17.7205953147,22.5000000000,15.2205953147,2.5000000000,2.5000000000,22.5000000000,15.2205953147,30.0000000000,315.9000000000,100,8.1750000000,20.0000000000,22.5000000000,15.2205953147
21,175,0.0000000100,3,20,20,100,7.2794046853,25,17.7205953147,22.5000000000,15.2205953147,2.5000000000,2.5000000000,22.5000000000,15.2205953147,30.0000000000,315.9000000000,100,6.9500000000,20.0000000000,22.5000000000,15.2205953147
18,25,0.0000000100,3,20,20,100,7.2794046853,25,17.7205953147,22.5000000000,15.2205953147,2.5000000000,2.5000000000,22.5000000000,15.2205953147,30.0000000000,315.9000000000,100,1.1680000000,20.0000000000,22.5000000000,15.2205953147
18,75,0.0000000100,3,20,20,100,7.2794046853,25,17.7205953147,22.5000000000,15.2205953147,2.5000000000,2.5000000000,22.5000000000,15.2205953147,30.0000000000,315.9000000000,100,3.5040000000,20.0000000000,22.5000000000,15.2205953147
18,125,0.0000000100,3,20,20,100,7.2794046853,25,17.7205953147,22.5000000000,15.2205953147,2.5000000000,2.5000000000,22.5000000000,15.2205953147,30.0000000000,315.9000000000,100,5.8390000000,20.0000000000,22.5000000000,15.2205953147
18,225,0.0000000100,3,20,20,100,7.2794046853,25,17.7205953147,22.5000000000,15.2205953147,2.5000000000,2.5000000000,22.5000000000,15.2205953147,30.0000000000,315.9000000000,100,10.5110000000,20.0000000000,22.5000000000,15.2205953147
18,275,0.0000000100,3,20,20,100,7.2794046853,25,17.7205953147,22.5000000000,15.2205953147,2.5000000000,2.5000000000,22.5000000000,15.2205953147,30.0000000000,315.9000000000,100,12.8470000000,20.0000000000,22.5000000000,15.2205953147
18,325,0.0000000100,3,20,20,100,7.2794046853,25,17.7205953147,22.5000000000,15.2205953147,2.5000000000,2.5000000000,22.5000000000,15.2205953147,30.0000000000,315.9000000000,100,15.1820000000,20.0000000000,22.5000000000,15.2205953147
18,175,0.0000000100,3,20,20,100,7.2794046853,25,17.7205953147,22.5000000000,15.2205953147,2.5000000000,2.5000000000,22.5000000000,15.2205953147,200.0000000000,480.5000000000,100,8.1750000000,20.0000000000,22.5000000000,15.2205953147
21,175,0.0000000100,3,20,20,100,7.2794046853,25,17.7205953147,22.5000000000,15.2205953147,2.5000000000,2.5000000000,22.5000000000,15.2205953147,200.0000000000,480.5000000000,100,6.9500000000,20.0000000000,22.5000000000,15.2205953147
18,25,0.0000000100,3,20,20,100,7.2794046853,25,17.7205953147,22.5000000000,15.2205953147,2.5000000000,2.5000000000,22.5000000000,15.2205953147,200.0000000000,480.5000000000,100,1.1680000000,20.0000000000,22.5000000000,15.2205953147
18,75,0.0000000100,3,20,20,100,7.2794046853,25,17.7205953147,22.5000000000,15.2205953147,2.5000000000,2.5000000000,22.5000000000,15.2205953147,200.0000000000,480.5000000000,100,3.5040000000,20.0000000000,22.5000000000,15.2205953147
18,125,0.0000000100,3,20,20,100,7.2794046853,25,17.7205953147,22.5000000000,15.2205953147,2.5000000000,2.5000000000,22.5000000000,15.2205953147,200.0000000000,480.5000000000,100,5.8390000000,20.0000000000,22.5000000000,15.2205953147
18,225,0.0000000100,3,20,20,100,7.2794046853,25,17.7205953147,22.5000000000,15.2205953147,2.5000000000,2.5000000000,22.5000000000,15.2205953147,200.0000000000,480.5000000000,100,10.5110000000,20.0000000000,22.5000000000,15.2205953147
18,275,0.0000000100,3,20,20,100,7.2794046853,25,17.7205953147,22.5000000000,15.2205953147,2.5000000000,2.5000000000,22.5000000000,15.2205953147,200.0000000000,480.5000000000,100,12.8470000000,20.0000000000,22.5000000000,15.2205953147
18,325,0.0000000100,3,20,20,100,7.2794046853,25,17.7205953147,22.5000000000,15.2205953147,2.5000000000,2.5000000000,22.5000000000,15.2205953147,200.0000000000,480.5000000000,100,15.1820000000,20.0000000000,22.5000000000,15.2205953147
18,175,0.0000000100,3,20,20,100,7.2794046853,25,17.7205953147,22.5000000000,15.2205953147,2.5000000000,2.5000000000,22.5000000000,15.2205953147,500.0000000000,586.0000000000,100,8.1750000000,20.0000000000,22.5000000000,15.2205953147
21,175,0.0000000100,3,20,20,100,7.2794046853,25,17.7205953147,22.5000000000,15.2205953147,2.5000000000,2.5000000000,22.5000000000,15.2205953147,500.0000000000,586.0000000000,100,6.9500000000,20.0000000000,22.5000000000,15.2205953147
18,25,0.0000000100,3,20,20,100,7.2794046853,25,17.7205953147,22.5000000000,15.2205953147,2.5000000000,2.5000000000,22.5000000000,15.2205953147,500.0000000000,586.0000000000,100,1.1680000000,20.0000000000,22.5000000000,15.2205953147
18,75,0.0000000100,3,20,20,100,7.2794046853,25,17.7205953147,22.5000000000,15.2205953147,2.5000000000,2.5000000000,22.5000000000,15.2205953147,500.0000000000,586.0000000000,100,3.5040000000,20.0000000000,22.5000000000,15.2205953147
18,125,0.0000000100,3,20,20,100,7.2794046853,25,17.7205953147,22.5000000000,15.2205953147,2.5000000000,2.5000000000,22.5000000000,15.2205953147,500.0000000000,586.0000000000,100,5.8390000000,20.0000000000,22.5000000000,15.2205953147
18,225,0.0000000100,3,20,20,100,7.2794046853,25,17.7205953147,22.5000000000,15.2205953147,2.5000000000,2.5000000000,22.5000000000,15.2205953147,500.0000000000,586.0000000000,100,10.5110000000,20.0000000000,22.5000000000,15.2205953147
18,275,0.0000000100,3,20,20,100,7.2794046853,25,17.7205953147,22.5000000000,15.2205953147,2.5000000000,2.5000000000,22.5000000000,15.2205953147,500.0000000000,586.0000000000,100,12.8470000000,20.0000000000,22.5000000000,15.2205953147
18,325,0.0000000100,3,20,20,100,7.2794046853,25,17.7205953147,22.5000000000,15.2205953147,2.5000000000,2.5000000000,22.5000000000,15.2205953147,500.0000000000,586.0000000000,100,15.1820000000,20.0000000000,22.5000000000,15.2205953147
12,175,0.0000000100,3,20,20,100,7.2794046853,25,17.7205953147,22.5000000000,15.2205953147,2.5000000000,2.5000000000,5.0160000000,0.0000000000,-1.0000000000,0.0000000000,-1,11.7610000000,20.0000000000,5.0160000000,0.0000000000
15,175,0.0000000100,3,20,20,100,7.2794046853,25,17.7205953147,22.5000000000,15.2205953147,2.5000000000,2.5000000000,5.0160000000,0.0000000000,-1.0000000000,0.0000000000,-1,9.3830000000,20.0000000000,5.0160000000,0.0000000000
21,175,0.0000000100,3,20,20,100,7.2794046853,25,17.7205953147,22.5000000000,15.2205953147,2.5000000000,2.5000000000,5.0160000000,0.0000000000,-1.0000000000,0.0000000000,-1,6.6810000000,20.0000000000,5.0160000000,0.0000000000
24,175,0.0000000100,3,20,20,100,7.2794046853,25,17.7205953147,22.5000000000,15.2205953147,2.5000000000,2.5000000000,5.0160000000,0.0000000000,-1.0000000000,0.0000000000,-1,5.8400000000,20.0000000000,5.0160000000,0.0000000000
18,25,0.0000000100,3,20,20,100,7.2794046853,25,17.7205953147,22.5000000000,15.2205953147,2.5000000000,2.5000000000,5.0160000000,0.0000000000,-1.0000000000,0.0000000000,-1,1.1150000000,20.0000000000,5.0160000000,0.0000000000
18,75,0.0000000100,3,20,20,100,7.2794046853,25,17.7205953147,22.5000000000,15.2205953147,2.5000000000,2.5000000000,5.0160000000,0.0000000000,-1.0000000000,0.0000000000,-1,3.3450000000,20.0000000000,5.0160000000,0.0000000000
18,125,0.0000000100,3,20,20,100,7.2794046853,25,17.7205953147,22.5000000000,15.2205953147,2.5000000000,2.5000000000,5.0160000000,0.0000000000,-1.0000000000,0.0000000000,-1,5.5750000000,20.0000000000,5.0160000000,0.0000000000
18,225,0.0000000100,3,20,20,100,7.2794046853,25,17.7205953147,22.5000000000,15.2205953147,2.5000000000,2.5000000000,5.0160000000,0.0000000000,-1.0000000000,0.0000000000,-1,10.0340000000,20.0000000000,5.0160000000,0.0000000000
18,275,0.0000000100,3,20,20,100,7.2794046853,25,17.7205953147,22.5000000000,15.2205953147,2.5000000000,2.5000000000,5.0160000000,0.0000000000,-1.0000000000,0.0000000000,-1,12.2640000000,20.0000000000,5.0160000000,0.0000000000
18,325,0.0000000100,3,20,20,100,7.2794046853,25,17.7205953147,22.5000000000,15.2205953147,2.5000000000,2.5000000000,5.0160000000,0.0000000000,-1.0000000000,0.0000000000,-1,14.4940000000,20.0000000000,5.0160000000,0.0000000000
12,175,0.0000000100,3,20,20,100,7.2794046853,25,17.7205953147,22.5000000000,15.2205953147,2.5000000000,2.5000000000,5.0160000000,0.0000000000,30.0000000000,315.9000000000,100,11.6270000000,20.0000000000,4.8640000000,0.0000000000
15,175,0.0000000100,3,20,20,100,7.2794046853,25,17.7205953147,22.5000000000,15.2205953147,2.5000000000,2.5000000000,5.0160000000,0.0000000000,30.0000000000,315.9000000000,100,9.2970000000,20.0000000000,4.8640000000,0.0000000000
21,175,0.0000000100,3,20,20,100,7.2794046853,25,17.7205953147,22.5000000000,15.2205953147,2.5000000000,2.5000000000,5.0160000000,0.0000000000,30.0000000000,315.9000000000,100,6.6370000000,20.0000000000,4.8640000000,0.0000000000
24,175,0.0000000100,3,20,20,100,7.2794046853,25,17.7205953147,22.5000000000,15.2205953147,2.5000000000,2.5000000000,5.0160000000,0.0000000000,30.0000000000,315.9000000000,100,5.8070000000,20.0000000000,4.8640000000,0.0000000000
18,25,0.0000000100,3,20,20,100,7.2794046853,25,17.7205953147,22.5000000000,15.2205953147,2.5000000000,2.5000000000,5.0160000000,0.0000000000,30.0000000000,315.9000000000,100,1.1060000000,20.0000000000,4.8640000000,0.0000000000
18,75,0.0000000100,3,20,20,100,7.2794046853,25,17.7205953147,22.5000000000,15.2205953147,2.5000000000,2.5000000000,5.0160000000,0.0000000000,30.0000000000,315.9000000000,100,3.3190000000,20.0000000000,4.8640000000,0.0000000000
18,125,0.0000000100,3,20,20,100,7.2794046853,25,17.7205953147,22.5000000000,15.2205953147,2.5000000000,2.5000000000,5.0160000000,0.0000000000,30.0000000000,315.9000000000,100,5.5320000000,20.0000000000,4.8640000000,0.0000000000
18,225,0.0000000100,3,20,20,100,7.2794046853,25,17.7205953147,22.5000000000,15.2205953147,2.5000000000,2.5000000000,5.0160000000,0.0000000000,30.0000000000,315.9000000000,100,9.9580000000,20.0000000000,4.8640000000,0.0000000000
18,275,0.0000000100,3,20,20,100,7.2794046853,25,17.7205953147,22.5000000000,15.2205953147,2.5000000000,2.5000000000,5.0160000000,0.0000000000,30.0000000000,315.9000000000,100,12.1710000000,20.0000000000,4.8640000000,0.0000000000
18,325,0.0000000100,3,20,20,100,7.2794046853,25,17.7205953147,22.5000000000,15.2205953147,2.5000000000,2.5000000000,5.0160000000,0.0000000000,30.0000000000,315.9000000000,100,14.3840000000,20.0000000000,4.8640000000,0.0000000000
12,175,0.0000000100,3,20,20,100,7.2794046853,25,17.7205953147,22.5000000000,15.2205953147,2.5000000000,2.5000000000,5.0160000000,0.0000000000,200.0000000000,480.5000000000,100,11.6270000000,20.0000000000,4.8640000000,0.0000000000
15,175,0.0000000100,3,20,20,100,7.2794046853,25,17.7205953147,22.5000000000,15.2205953147,2.5000000000,2.5000000000,5.0160000000,0.0000000000,200.0000000000,480.5000000000,100,9.2970000000,20.0000000000,4.8640000000,0.0000000000
21,175,0.0000000100,3,20,20,100,7.2794046853,25,17.7205953147,22.5000000000,15.2205953147,2.5000000000,2.5000000000,5.0160000000,0.0000000000,200.0000000000,480.5000000000,100,6.6370000000,20.0000000000,4.8640000000,0.0000000000
24,175,0.0000000100,3,20,20,100,7.2794046853,25,17.7205953147,22.5000000000,15.2205953147,2.5000000000,2.5000000000,5.0160000000,0.0000000000,200.0000000000,480.5000000000,100,5.8070000000,20.0000000000,4.8640000000,0.0000000000
18,25,0.0000000100,3,20,20,100,7.2794046853,25,17.7205953147,22.5000000000,15.2205953147,2.5000000000,2.5000000000,5.0160000000,0.0000000000,200.0000000000,480.5000000000,100,1.1060000000,20.0000000000,4.8640000000,0.0000000000
18,75,0.0000000100,3,20,20,100,7.2794046853,25,17.7205953147,22.5000000000,15.2205953147,2.5000000000,2.5000000000,5.0160000000,0.0000000000,200.0000000000,480.5000000000,100,3.3190000000,20.0000000000,4.8640000000,0.0000000000
18,125,0.0000000100,3,20,20,100,7.2794046853,25,17.7205953147,22.5000000000,15.2205953147,2.5000000000,2.5000000000,5.0160000000,0.0000000000,200.0000000000,480.5000000000,100,5.5320000000,20.0000000000,4.8640000000,0.0000000000
18,225,0.0000000100,3,20,20,100,7.2794046853,25,17.7205953147,22.5000000000,15.2205953147,2.5000000000,2.5000000000,5.0160000000,0.0000000000,200.0000000000,480.5000000000,100,9.9580000000,20.0000000000,4.8640000000,0.0000000000
18,275,0.0000000100,3,20,20,100,7.2794046853,25,17.7205953147,22.5000000000,15.2205953147,2.5000000000,2.5000000000,5.0160000000,0.0000000000,200.0000000000,480.5000000000,100,12.1710000000,20.0000000000,4.8640000000,0.0000000000
18,325,0.0000000100,3,20,20,100,7.2794046853,25,17.7205953147,22.5000000000,15.2205953147,2.5000000000,2.5000000000,5.0160000000,0.0000000000,200.0000000000,480.5000000000,100,14.3840000000,20.0000000000,4.8640000000,0.0000000000
12,175,0.0000000100,3,20,20,100,7.2794046853,25,17.7205953147,22.5000000000,15.2205953147,2.5000000000,2.5000000000,5.0160000000,0.0000000000,500.0000000000,586.0000000000,100,11.6270000000,20.0000000000,4.8640000000,0.0000000000
15,175,0.0000000100,3,20,20,100,7.2794046853,25,17.7205953147,22.5000000000,15.2205953147,2.5000000000,2.5000000000,5.0160000000,0.0000000000,500.0000000000,586.0000000000,100,9.2970000000,20.0000000000,4.8640000000,0.0000000000
21,175,0.0000000100,3,20,20,100,7.2794046853,25,17.7205953147,22.5000000000,15.2205953147,2.5000000000,2.5000000000,5.0160000000,0.0000000000,500.0000000000,586.0000000000,100,6.6370000000,20.0000000000,4.8640000000,0.0000000000
24,175,0.0000000100,3,20,20,100,7.2794046853,25,17.7205953147,22.5000000000,15.2205953147,2.5000000000,2.5000000000,5.0160000000,0.0000000000,500.0000000000,586.0000000000,100,5.8070000000,20.0000000000,4.8640000000,0.0000000000
18,25,0.0000000100,3,20,20,100,7.2794046853,25,17.7205953147,22.5000000000,15.2205953147,2.5000000000,2.5000000000,5.0160000000,0.0000000000,500.0000000000,586.0000000000,100,1.1060000000,20.0000000000,4.8640000000,0.0000000000
18,75,0.0000000100,3,20,20,100,7.2794046853,25,17.7205953147,22.5000000000,15.2205953147,2.5000000000,2.5000000000,5.0160000000,0.0000000000,500.0000000000,586.0000000000,100,3.3190000000,20.0000000000,4.8640000000,0.0000000000
18,125,0.0000000100,3,20,20,100,7.2794046853,25,17.7205953147,22.5000000000,15.2205953147,2.5000000000,2.5000000000,5.0160000000,0.0000000000,500.0000000000,586.0000000000,100,5.5320000000,20.0000000000,4.8640000000,0.0000000000
18,225,0.0000000100,3,20,20,100,7.2794046853,25,17.7205953147,22.5000000000,15.2205953147,2.5000000000,2.5000000000,5.0160000000,0.0000000000,500.0000000000,586.0000000000,100,9.9580000000,20.0000000000,4.8640000000,0.0000000000
18,275,0.0000000100,3,20,20,100,7.2794046853,25,17.7205953147,22.5000000000,15.2205953147,2.5000000000,2.5000000000,5.0160000000,0.0000000000,500.0000000000,586.0000000000,100,12.1710000000,20.0000000000,4.8640000000,0.0000000000
18,325,0.0000000100,3,20,20,100,7.2794046853,25,17.7205953147,22.5000000000,15.2205953147,2.5000000000,2.5000000000,5.0160000000,0.0000000000,500.0000000000,586.0000000000,100,14.3840000000,20.0000000000,4.8640000000,0.0000000000
15,175,0.0000000100,3,20,20,100,7.2794046853,25,17.7205953147,6.2500000000,4.4301488287,18.7500000000,13.2904464860,0.0000000000,0.0000000000,-1.0000000000,0.0000000000,-1,11.9340000000,6.7000000000,0.0000000000,0.0000000000
18,175,0.0000000100,3,20,20,100,7.2794046853,25,17.7205953147,6.2500000000,4.4301488287,18.7500000000,13.2904464860,0.0000000000,0.0000000000,-1.0000000000,0.0000000000,-1,9.9450000000,6.7000000000,0.0000000000,0.0000000000
21,175,0.0000000100,3,20,20,100,7.2794046853,25,17.7205953147,6.2500000000,4.4301488287,18.7500000000,13.2904464860,0.0000000000,0.0000000000,-1.0000000000,0.0000000000,-1,8.5240000000,6.7000000000,0.0000000000,0.0000000000
24,175,0.0000000100,3,20,20,100,7.2794046853,25,17.7205953147,6.2500000000,4.4301488287,18.7500000000,13.2904464860,0.0000000000,0.0000000000,-1.0000000000,0.0000000000,-1,7.4590000000,6.7000000000,0.0000000000,0.0000000000
18,25,0.0000000100,3,20,20,100,7.2794046853,25,17.7205953147,6.2500000000,4.4301488287,18.7500000000,13.2904464860,0.0000000000,0.0000000000,-1.0000000000,0.0000000000,-1,1.4210000000,6.7000000000,0.0000000000,0.0000000000
18,75,0.0000000100,3,20,20,100,7.2794046853,25,17.7205953147,6.2500000000,4.4301488287,18.7500000000,13.2904464860,0.0000000000,0.0000000000,-1.0000000000,0.0000000000,-1,4.2620000000,6.7000000000,0.0000000000,0.0000000000
18,125,0.0000000100,3,20,20,100,7.2794046853,25,17.7205953147,6.2500000000,4.4301488287,18.7500000000,13.2904464860,0.0000000000,0.0000000000,-1.0000000000,0.0000000000,-1,7.1030000000,6.7000000000,0.0000000000,0.0000000000
18,225,0.0000000100,3,20,20,100,7.2794046853,25,17.7205953147,6.2500000000,4.4301488287,18.7500000000,13.2904464860,0.0000000000,0.0000000000,-1.0000000000,0.0000000000,-1,12.7860000000,6.7000000000,0.0000000000,0.0000000000
18,275,0.0000000100,3,20,20,100,7.2794046853,25,17.7205953147,6.2500000000,4.4301488287,18.7500000000,13.2904464860,0.0000000000,0.0000000000,-1.0000000000,0.0000000000,-1,15.6270000000,6.7000000000,0.0000000000,0.0000000000
15,175,0.0000000100,3,20,20,100,7.2794046853,25,17.7205953147,6.2500000000,4.4301488287,18.7500000000,13.2904464860,0.0000000000,0.0000000000,30.0000000000,315.9000000000,100,11.9340000000,6.7000000000,0.0000000000,0.0000000000
18,175,0.0000000100,3,20,20,100,7.2794046853,25,17.7205953147,6.2500000000,4.4301488287,18.7500000000,13.2904464860,0.0000000000,0.0000000000,30.0000000000,315.9000000000,100,9.9450000000,6.7000000000,0.0000000000,0.0000000000
21,175,0.0000000100,3,20,20,100,7.2794046853,25,17.7205953147,6.2500000000,4.4301488287,18.7500000000,13.2904464860,0.0000000000,0.0000000000,30.0000000000,315.9000000000,100,8.5240000000,6.7000000000,0.0000000000,0.0000000000
24,175,0.0000000100,3,20,20,100,7.2794046853,25,17.7205953147,6.2500000000,4.4301488287,18.7500000000,13.2904464860,0.0000000000,0.0000000000,30.0000000000,315.9000000000,100,7.4590000000,6.7000000000,0.0000000000,0.0000000000
18,25,0.0000000100,3,20,20,100,7.2794046853,25,17.7205953147,6.2500000000,4.4301488287,18.7500000000,13.2904464860,0.0000000000,0.0000000000,30.0000000000,315.9000000000,100,1.4210000000,6.7000000000,0.0000000000,0.0000000000
18,75,0.0000000100,3,20,20,100,7.2794046853,25,17.7205953147,6.2500000000,4.4301488287,18.7500000000,13.2904464860,0.0000000000,0.0000000000,30.0000000000,315.9000000000,100,4.2620000000,6.7000000000,0.0000000000,0.0000000000
18,125,0.0000000100,3,20,20,100,7.2794046853,25,17.7205953147,6.2500000000,4.4301488287,18.7500000000,13.2904464860,0.0000000000,0.0000000000,30.0000000000,315.9000000000,100,7.1030000000,6.7000000000,0.0000000000,0.0000000000
18,225,0.0000000100,3,20,20,100,7.2794046853,25,17.7205953147,6.2500000000,4.4301488287,18.7500000000,13.2904464860,0.0000000000,0.0000000000,30.0000000000,315.9000000000,100,12.7860000000,6.7000000000,0.0000000000,0.0000000000
18,275,0.0000000100,3,20,20,100,7.2794046853,25,17.7205953147,6.2500000000,4.4301488287,18.7500000000,13.2904464860,0.0000000000,0.0000000000,30.0000000000,315.9000000000,100,15.6270000000,6.7000000000,0.0000000000,0.0000000000
15,175,0.0000000100,3,20,20,100,7.2794046853,25,17.7205953147,6.2500000000,4.4301488287,18.7500000000,13.2904464860,0.0000000000,0.0000000000,200.0000000000,480.5000000000,100,11.9340000000,6.7000000000,0.0000000000,0.0000000000
18,175,0.0000000100,3,20,20,100,7.2794046853,25,17.7205953147,6.2500000000,4.4301488287,18.7500000000,13.2904464860,0.0000000000,0.0000000000,200.0000000000,480.5000000000,100,9.9450000000,6.7000000000,0.0000000000,0.0000000000
21,175,0.0000000100,3,20,20,100,7.2794046853,25,17.7205953147,6.2500000000,4.4301488287,18.7500000000,13.2904464860,0.0000000000,0.0000000000,200.0000000000,480.5000000000,100,8.5240000000,6.7000000000,0.0000000000,0.0000000000
24,175,0.0000000100,3,20,20,100,7.2794046853,25,17.7205953147,6.2500000000,4.4301488287,18.7500000000,13.2904464860,0.0000000000,0.0000000000,200.0000000000,480.5000000000,100,7.4590000000,6.7000000000,0.0000000000,0.0000000000
18,25,0.0000000100,3,20,20,100,7.2794046853,25,17.7205953147,6.2500000000,4.4301488287,18.7500000000,13.2904464860,0.0000000000,0.0000000000,200.0000000000,480.5000000000,100,1.4210000000,6.7000000000,0.0000000000,0.0000000000
18,75,0.0000000100,3,20,20,100,7.2794046853,25,17.7205953147,6.2500000000,4.4301488287,18.7500000000,13.2904464860,0.0000000000,0.0000000000,200.0000000000,480.5000000000,100,4.2620000000,6.7000000000,0.0000000000,0.0000000000
18,125,0.0000000100,3,20,20,100,7.2794046853,25,17.7205953147,6.2500000000,4.4301488287,18.7500000000,13.2904464860,0.0000000000,0.0000000000,200.0000000000,480.5000000000,100,7.1030000000,6.7000000000,0.0000000000,0.0000000000
18,225,0.0000000100,3,20,20,100,7.2794046853,25,17.7205953147,6.2500000000,4.4301488287,18.7500000000,13.2904464860,0.0000000000,0.0000000000,200.0000000000,480.5000000000,100,12.7860000000,6.7000000000,0.0000000000,0.0000000000
18,275,0.0000000100,3,20,20,100,7.2794046853,25,17.7205953147,6.2500000000,4.4301488287,18.7500000000,13.2904464860,0.0000000000,0.0000000000,200.0000000000,480.5000000000,100,15.6270000000,6.7000000000,0.0000000000,0.0000000000
15,175,0.0000000100,3,20,20,100,7.2794046853,25,17.7205953147,6.2500000000,4.4301488287,18.7500000000,13.2904464860,0.0000000000,0.0000000000,500.0000000000,586.0000000000,100,11.9340000000,6.7000000000,0.0000000000,0.0000000000
18,175,0.0000000100,3,20,20,100,7.2794046853,25,17.7205953147,6.2500000000,4.4301488287,18.7500000000,13.2904464860,0.0000000000,0.0000000000,500.0000000000,586.0000000000,100,9.9450000000,6.7000000000,0.0000000000,0.0000000000
21,175,0.0000000100,3,20,20,100,7.2794046853,25,17.7205953147,6.2500000000,4.4301488287,18.7500000000,13.2904464860,0.0000000000,0.0000000000,500.0000000000,586.0000000000,100,8.5240000000,6.7000000000,0.0000000000,0.0000000000
24,175,0.0000000100,3,20,20,100,7.2794046853,25,17.7205953147,6.2500000000,4.4301488287,18.7500000000,13.2904464860,0.0000000000,0.0000000000,500.0000000000,586.0000000000,100,7.4590000000,6.7000000000,0.0000000000,0.0000000000
18,25,0.0000000100,3,20,20,100,7.2794046853,25,17.7205953147,6.2500000000,4.4301488287,18.7500000000,13.2904464860,0.0000000000,0.0000000000,500.0000000000,586.0000000000,100,1.4210000000,6.7000000000,0.0000000000,0.0000000000
18,75,0.0000000100,3,20,20,100,7.2794046853,25,17.7205953147,6.2500000000,4.4301488287,18.7500000000,13.2904464860,0.0000000000,0.0000000000,500.0000000000,586.0000000000,100,4.2620000000,6.7000000000,0.0000000000,0.0000000000
18,125,0.0000000100,3,20,20,100,7.2794046853,25,17.7205953147,6.2500000000,4.4301488287,18.7500000000,13.2904464860,0.0000000000,0.0000000000,500.0000000000,586.0000000000,100,7.1030000000,6.7000000000,0.0000000000,0.0000000000
18,225,0.0000000100,3,20,20,100,7.2794046853,25,17.7205953147,6.2500000000,4.4301488287,18.7500000000,13.2904464860,0.0000000000,0.0000000000,500.0000000000,586.0000000000,100,12.7860000000,6.7000000000,0.0000000000,0.0000000000
18,275,0.0000000100,3,20,20,100,7.2794046853,25,17.7205953147,6.2500000000,4.4301488287,18.7500000000,13.2904464860,0.0000000000,0.0000000000,500.0000000000,586.0000000000,100,15.6270000000,6.7000000000,0.0000000000,0.0000000000
15,175,0.0000000100,3,20,20,100,7.2794046853,25,17.7205953147,7.2794046853,0.0000000000,17.7205953147,17.7205953147,0.0000000000,0.0000000000,-1.0000000000,0.0000000000,-1,15.1020000000,6.0000000000,0.0000000000,0.0000000000
21,175,0.0000000100,3,20,20,100,7.2794046853,25,17.7205953147,7.2794046853,0.0000000000,17.7205953147,17.7205953147,0.0000000000,0.0000000000,-1.0000000000,0.0000000000,-1,10.7870000000,6.0000000000,0.0000000000,0.0000000000
24,175,0.0000000100,3,20,20,100,7.2794046853,25,17.7205953147,7.2794046853,0.0000000000,17.7205953147,17.7205953147,0.0000000000,0.0000000000,-1.0000000000,0.0000000000,-1,9.4390000000,6.0000000000,0.0000000000,0.0000000000
18,25,0.0000000100,3,20,20,100,7.2794046853,25,17.7205953147,7.2794046853,0.0000000000,17.7205953147,17.7205953147,0.0000000000,0.0000000000,-1.0000000000,0.0000000000,-1,1.7980000000,6.0000000000,0.0000000000,0.0000000000
18,125,0.0000000100,3,20,20,100,7.2794046853,25,17.7205953147,7.2794046853,0.0000000000,17.7205953147,17.7205953147,0.0000000000,0.0000000000,-1.0000000000,0.0000000000,-1,8.9890000000,6.0000000000,0.0000000000,0.0000000000
18,225,0.0000000100,3,20,20,100,7.2794046853,25,17.7205953147,7.2794046853,0.0000000000,17.7205953147,17.7205953147,0.0000000000,0.0000000000,-1.0000000000,0.0000000000,-1,16.1800000000,6.0000000000,0.0000000000,0.0000000000
18,325,0.0000000100,3,20,20,100,7.2794046853,25,17.7205953147,7.2794046853,0.0000000000,17.7205953147,17.7205953147,0.0000000000,0.0000000000,-1.0000000000,0.0000000000,-1,23.3720000000,6.0000000000,0.0000000000,0.0000000000
15,175,0.0000000100,3,20,20,100,7.2794046853,25,17.7205953147,7.2794046853,0.0000000000,17.7205953147,17.7205953147,0.0000000000,0.0000000000,30.0000000000,315.9000000000,100,15.1020000000,6.0000000000,0.0000000000,0.0000000000
21,175,0.0000000100,3,20,20,100,7.2794046853,25,17.7205953147,7.2794046853,0.0000000000,17.7205953147,17.7205953147,0.0000000000,0.0000000000,30.0000000000,315.9000000000,100,10.7870000000,6.0000000000,0.0000000000,0.0000000000
24,175,0.0000000100,3,20,20,100,7.2794046853,25,17.7205953147,7.2794046853,0.0000000000,17.7205953147,17.7205953147,0.0000000000,0.0000000000,30.0000000000,315.9000000000,100,9.4390000000,6.0000000000,0.0000000000,0.0000000000
18,25,0.0000000100,3,20,20,100,7.2794046853,25,17.7205953147,7.2794046853,0.0000000000,17.7205953147,17.7205953147,0.0000000000,0.0000000000,30.0000000000,315.9000000000,100,1.7980000000,6.0000000000,0.0000000000,0.0000000000
18,125,0.0000000100,3,20,20,100,7.2794046853,25,17.7205953147,7.2794046853,0.0000000000,17.7205953147,17.7205953147,0.0000000000,0.0000000000,30.0000000000,315.9000000000,100,8.9890000000,6.0000000000,0.0000000000,0.0000000000
18,225,0.0000000100,3,20,20,100,7.2794046853,25,17.7205953147,7.2794046853,0.0000000000,17.7205953147,17.7205953147,0.0000000000,0.0000000000,30.0000000000,315.9000000000,100,16.1800000000,6.0000000000,0.0000000000,0.0000000000
18,325,0.0000000100,3,20,20,100,7.2794046853,25,17.7205953147,7.2794046853,0.0000000000,17.7205953147,17.7205953147,0.0000000000,0.0000000000,30.0000000000,315.9000000000,100,23.3720000000,6.0000000000,0.0000000000,0.0000000000
15,175,0.0000000100,3,20,20,100,7.2794046853,25,17.7205953147,7.2794046853,0.0000000000,17.7205953147,17.7205953147,0.0000000000,0.0000000000,200.0000000000,480.5000000000,100,15.1020000000,6.0000000000,0.0000000000,0.0000000000
21,175,0.0000000100,3,20,20,100,7.2794046853,25,17.7205953147,7.2794046853,0.0000000000,17.7205953147,17.7205953147,0.0000000000,0.0000000000,200.0000000000,480.5000000000,100,10.7870000000,6.0000000000,0.0000000000,0.0000000000
24,175,0.0000000100,3,20,20,100,7.2794046853,25,17.7205953147,7.2794046853,0.0000000000,17.7205953147,17.7205953147,0.0000000000,0.0000000000,200.0000000000,480.5000000000,100,9.4390000000,6.0000000000,0.0000000000,0.0000000000
18,25,0.0000000100,3,20,20,100,7.2794046853,25,17.7205953147,7.2794046853,0.0000000000,17.7205953147,17.7205953147,0.0000000000,0.0000000000,200.0000000000,480.5000000000,100,1.7980000000,6.0000000000,0.0000000000,0.0000000000
18,125,0.0000000100,3,20,20,100,7.2794046853,25,17.7205953147,7.2794046853,0.0000000000,17.7205953147,17.7205953147,0.0000000000,0.0000000000,200.0000000000,480.5000000000,100,8.9890000000,6.0000000000,0.0000000000,0.0000000000
18,225,0.0000000100,3,20,20,100,7.2794046853,25,17.7205953147,7.2794046853,0.0000000000,17.7205953147,17.7205953147,0.0000000000,0.0000000000,200.0000000000,480.5000000000,100,16.1800000000,6.0000000000,0.0000000000,0.0000000000
18,325,0.0000000100,3,20,20,100,7.2794046853,25,17.7205953147,7.2794046853,0.0000000000,17.7205953147,17.7205953147,0.0000000000,0.0000000000,200.0000000000,480.5000000000,100,23.3720000000,6.0000000000,0.0000000000,0.0000000000
15,175,0.0000000100,3,20,20,100,7.2794046853,25,17.7205953147,7.2794046853,0.0000000000,17.7205953147,17.7205953147,0.0000000000,0.0000000000,500.0000000000,586.0000000000,100,15.1020000000,6.0000000000,0.0000000000,0.0000000000
21,175,0.0000000100,3,20,20,100,7.2794046853,25,17.7205953147,7.2794046853,0.0000000000,17.7205953147,17.7205953147,0.0000000000,0.0000000000,500.0000000000,586.0000000000,100,10.7870000000,6.0000000000,0.0000000000,0.0000000000
24,175,0.0000000100,3,20,20,100,7.2794046853,25,17.7205953147,7.2794046853,0.0000000000,17.7205953147,17.7205953147,0.0000000000,0.0000000000,500.0000000000,586.0000000000,100,9.4390000000,6.0000000000,0.0000000000,0.0000000000
18,25,0.0000000100,3,20,20,100,7.2794046853,25,17.7205953147,7.2794046853,0.0000000000,17.7205953147,17.7205953147,0.0000000000,0.0000000000,500.0000000000,586.0000000000,100,1.7980000000,6.0000000000,0.0000000000,0.0000000000
18,125,0.0000000100,3,20,20,100,7.2794046853,25,17.7205953147,7.2794046853,0.0000000000,17.7205953147,17.7205953147,0.0000000000,0.0000000000,500.0000000000,586.0000000000,100,8.9890000000,6.0000000000,0.0000000000,0.0000000000
18,225,0.0000000100,3,20,20,100,7.2794046853,25,17.7205953147,7.2794046853,0.0000000000,17.7205953147,17.7205953147,0.0000000000,0.0000000000,500.0000000000,586.0000000000,100,16.1800000000,6.0000000000,0.0000000000,0.0000000000
18,325,0.0000000100,3,20,20,100,7.2794046853,25,17.7205953147,7.2794046853,0.0000000000,17.7205953147,17.7205953147,0.0000000000,0.0000000000,500.0000000000,586.0000000000,100,23.3720000000,6.0000000000,0.0000000000,0.0000000000
12,175,0.0000000100,3,20,40,200,14.5588093706,45,30.4411906294,40.5000000000,25.9411906294,4.5000000000,4.5000000000,0.0000000000,0.0000000000,-1.0000000000,0.0000000000,-1,5.8560000000,36.0000000000,0.0000000000,0.0000000000
15,175,0.0000000100,3,20,40,200,14.5588093706,45,30.4411906294,40.5000000000,25.9411906294,4.5000000000,4.5000000000,0.0000000000,0.0000000000,-1.0000000000,0.0000000000,-1,4.6850000000,36.0000000000,0.0000000000,0.0000000000
18,175,0.0000000100,3,20,40,200,14.5588093706,45,30.4411906294,40.5000000000,25.9411906294,4.5000000000,4.5000000000,0.0000000000,0.0000000000,-1.0000000000,0.0000000000,-1,3.9040000000,36.0000000000,0.0000000000,0.0000000000
24,175,0.0000000100,3,20,40,200,14.5588093706,45,30.4411906294,40.5000000000,25.9411906294,4.5000000000,4.5000000000,0.0000000000,0.0000000000,-1.0000000000,0.0000000000,-1,2.9280000000,36.0000000000,0.0000000000,0.0000000000
18,25,0.0000000100,3,20,40,200,14.5588093706,45,30.4411906294,40.5000000000,25.9411906294,4.5000000000,4.5000000000,0.0000000000,0.0000000000,-1.0000000000,0.0000000000,-1,0.5580000000,36.0000000000,0.0000000000,0.0000000000
18,75,0.0000000100,3,20,40,200,14.5588093706,45,30.4411906294,40.5000000000,25.9411906294,4.5000000000,4.5000000000,0.0000000000,0.0000000000,-1.0000000000,0.0000000000,-1,1.6730000000,36.0000000000,0.0000000000,0.0000000000
18,225,0.0000000100,3,20,40,200,14.5588093706,45,30.4411906294,40.5000000000,25.9411906294,4.5000000000,4.5000000000,0.0000000000,0.0000000000,-1.0000000000,0.0000000000,-1,5.0190000000,36.0000000000,0.0000000000,0.0000000000
18,275,0.0000000100,3,20,40,200,14.5588093706,45,30.4411906294,40.5000000000,25.9411906294,4.5000000000,4.5000000000,0.0000000000,0.0000000000,-1.0000000000,0.0000000000,-1,6.1350000000,36.0000000000,0.0000000000,0.0000000000
18,325,0.0000000100,3,20,40,200,14.5588093706,45,30.4411906294,40.5000000000,25.9411906294,4.5000000000,4.5000000000,0.0000000000,0.0000000000,-1.0000000000,0.0000000000,-1,7.2500000000,36.0000000000,0.0000000000,0.0000000000
12,175,0.0000000100,3,20,40,200,14.5588093706,45,30.4411906294,40.5000000000,25.9411906294,4.5000000000,4.5000000000,0.0000000000,0.0000000000,30.0000000000,315.9000000000,100,5.8560000000,36.0000000000,0.0000000000,0.0000000000
15,175,0.0000000100,3,20,40,200,14.5588093706,45,30.4411906294,40.5000000000,25.9411906294,4.5000000000,4.5000000000,0.0000000000,0.0000000000,30.0000000000,315.9000000000,100,4.6850000000,36.0000000000,0.0000000000,0.0000000000
18,175,0.0000000100,3,20,40,200,14.5588093706,45,30.4411906294,40.5000000000,25.9411906294,4.5000000000,4.5000000000,0.0000000000,0.0000000000,30.0000000000,315.9000000000,100,3.9040000000,36.0000000000,0.0000000000,0.0000000000
24,175,0.0000000100,3,20,40,200,14.5588093706,45,30.4411906294,40.5000000000,25.9411906294,4.5000000000,4.5000000000,0.0000000000,0.0000000000,30.0000000000,315.9000000000,100,2.9280000000,36.0000000000,0.0000000000,0.0000000000
18,25,0.0000000100,3,20,40,200,14.5588093706,45,30.4411906294,40.5000000000,25.9411906294,4.5000000000,4.5000000000,0.0000000000,0.0000000000,30.0000000000,315.9000000000,100,0.5580000000,36.0000000000,0.0000000000,0.0000000000
18,75,0.0000000100,3,20,40,200,14.5588093706,45,30.4411906294,40.5000000000,25.9411906294,4.5000000000,4.5000000000,0.0000000000,0.0000000000,30.0000000000,315.9000000000,100,1.6730000000,36.0000000000,0.0000000000,0.0000000000
18,225,0.0000000100,3,20,40,200,14.5588093706,45,30.4411906294,40.5000000000,25.9411906294,4.5000000000,4.5000000000,0.0000000000,0.0000000000,30.0000000000,315.9000000000,100,5.0190000000,36.0000000000,0.0000000000,0.0000000000
18,275,0.0000000100,3,20,40,200,14.5588093706,45,30.4411906294,40.5000000000,25.9411906294,4.5000000000,4.5000000000,0.0000000000,0.0000000000,30.0000000000,315.9000000000,100,6.1350000000,36.0000000000,0.0000000000,0.0000000000
18,325,0.0000000100,3,20,40,200,14.5588093706,45,30.4411906294,40.5000000000,25.9411906294,4.5000000000,4.5000000000,0.0000000000,0.0000000000,30.0000000000,315.9000000000,100,7.2500000000,36.0000000000,0.0000000000,0.0000000000
12,175,0.0000000100,3,20,40,200,14.5588093706,45,30.4411906294,40.5000000000,25.9411906294,4.5000000000,4.5000000000,0.0000000000,0.0000000000,200.0000000000,480.5000000000,100,5.8560000000,36.0000000000,0.0000000000,0.0000000000
15,175,0.0000000100,3,20,40,200,14.5588093706,45,30.4411906294,40.5000000000,25.9411906294,4.5000000000,4.5000000000,0.0000000000,0.0000000000,200.0000000000,480.5000000000,100,4.6850000000,36.0000000000,0.0000000000,0.0000000000
18,175,0.0000000100,3,20,40,200,14.5588093706,45,30.4411906294,40.5000000000,25.9411906294,4.5000000000,4.5000000000,0.0000000000,0.0000000000,200.0000000000,480.5000000000,100,3.9040000000,36.0000000000,0.0000000000,0.0000000000
24,175,0.0000000100,3,20,40,200,14.5588093706,45,30.4411906294,40.5000000000,25.9411906294,4.5000000000,4.5000000000,0.0000000000,0.0000000000,200.0000000000,480.5000000000,100,2.9280000000,36.0000000000,0.0000000000,0.0000000000
18,25,0.0000000100,3,20,40,200,14.5588093706,45,30.4411906294,40.5000000000,25.9411906294,4.5000000000,4.5000000000,0.0000000000,0.0000000000,200.0000000000,480.5000000000,100,0.5580000000,36.0000000000,0.0000000000,0.0000000000
18,75,0.0000000100,3,20,40,200,14.5588093706,45,30.4411906294,40.5000000000,25.9411906294,4.5000000000,4.5000000000,0.0000000000,0.0000000000,200.0000000000,480.5000000000,100,1.6730000000,36.0000000000,0.0000000000,0.0000000000
18,225,0.0000000100,3,20,40,200,14.5588093706,45,30.4411906294,40.5000000000,25.9411906294,4.5000000000,4.5000000000,0.0000000000,0.0000000000,200.0000000000,480.5000000000,100,5.0190000000,36.0000000000,0.0000000000,0.0000000000
18,275,0.0000000100,3,20,40,200,14.5588093706,45,30.4411906294,40.5000000000,25.9411906294,4.5000000000,4.5000000000,0.0000000000,0.0000000000,200.0000000000,480.5000000000,100,6.1350000000,36.0000000000,0.0000000000,0.0000000000
18,325,0.0000000100,3,20,40,200,14.5588093706,45,30.4411906294,40.5000000000,25.9411906294,4.5000000000,4.5000000000,0.0000000000,0.0000000000,200.0000000000,480.5000000000,100,7.2500000000,36.0000000000,0.0000000000,0.0000000000
12,175,0.0000000100,3,20,40,200,14.5588093706,45,30.4411906294,40.5000000000,25.9411906294,4.5000000000,4.5000000000,0.0000000000,0.0000000000,500.0000000000,586.0000000000,100,5.8560000000,36.0000000000,0.0000000000,0.0000000000
15,175,0.0000000100,3,20,40,200,14.5588093706,45,30.4411906294,40.5000000000,25.9411906294,4.5000000000,4.5000000000,0.0000000000,0.0000000000,500.0000000000,586.0000000000,100,4.6850000000,36.0000000000,0.0000000000,0.0000000000
18,175,0.0000000100,3,20,40,200,14.5588093706,45,30.4411906294,40.5000000000,25.9411906294,4.5000000000,4.5000000000,0.0000000000,0.0000000000,500.0000000000,586.0000000000,100,3.9040000000,36.0000000000,0.0000000000,0.0000000000
24,175,0.0000000100,3,20,40,200,14.5588093706,45,30.4411906294,40.5000000000,25.9411906294,4.5000000000,4.5000000000,0.0000000000,0.0000000000,500.0000000000,586.0000000000,100,2.9280000000,36.0000000000,0.0000000000,0.0000000000
18,25,0.0000000100,3,20,40,200,14.5588093706,45,30.4411906294,40.5000000000,25.9411906294,4.5000000000,4.5000000000,0.0000000000,0.0000000000,500.0000000000,586.0000000000,100,0.5580000000,36.0000000000,0.0000000000,0.0000000000
18,75,0.0000000100,3,20,40,200,14.5588093706,45,30.4411906294,40.5000000000,25.9411906294,4.5000000000,4.5000000000,0.0000000000,0.0000000000,500.0000000000,586.0000000000,100,1.6730000000,36.0000000000,0.0000000000,0.0000000000
18,225,0.0000000100,3,20,40,200,14.5588093706,45,30.4411906294,40.5000000000,25.9411906294,4.5000000000,4.5000000000,0.0000000000,0.0000000000,500.0000000000,586.0000000000,100,5.0190000000,36.0000000000,0.0000000000,0.0000000000
18,275,0.0000000100,3,20,40,200,14.5588093706,45,30.4411906294,40.5000000000,25.9411906294,4.5000000000,4.5000000000,0.0000000000,0.0000000000,500.0000000000,586.0000000000,100,6.1350000000,36.0000000000,0.0000000000,0.0000000000
18,325,0.0000000100,3,20,40,200,14.5588093706,45,30.4411906294,40.5000000000,25.9411906294,4.5000000000,4.5000000000,0.0000000000,0.0000000000,500.0000000000,586.0000000000,100,7.2500000000,36.0000000000,0.0000000000,0.0000000000
12,175,0.0000000100,3,20,40,200,14.5588093706,45,30.4411906294,40.5000000000,25.9411906294,4.5000000000,4.5000000000,40.5000000000,25.9411906294,-1.0000000000,0.0000000000,-1,6.3850000000,36.0000000000,40.5000000000,25.9411906294
15,175,0.0000000100,3,20,40,200,14.5588093706,45,30.4411906294,40.5000000000,25.9411906294,4.5000000000,4.5000000000,40.5000000000,25.9411906294,-1.0000000000,0.0000000000,-1,5.0180000000,36.0000000000,40.5000000000,25.9411906294
18,175,0.0000000100,3,20,40,200,14.5588093706,45,30.4411906294,40.5000000000,25.9411906294,4.5000000000,4.5000000000,40.5000000000,25.9411906294,-1.0000000000,0.0000000000,-1,4.1320000000,36.0000000000,40.5000000000,25.9411906294
24,175,0.0000000100,3,20,40,200,14.5588093706,45,30.4411906294,40.5000000000,25.9411906294,4.5000000000,4.5000000000,40.5000000000,25.9411906294,-1.0000000000,0.0000000000,-1,3.0540000000,36.0000000000,40.5000000000,25.9411906294
18,25,0.0000000100,3,20,40,200,14.5588093706,45,30.4411906294,40.5000000000,25.9411906294,4.5000000000,4.5000000000,40.5000000000,25.9411906294,-1.0000000000,0.0000000000,-1,0.5900000000,36.0000000000,40.5000000000,25.9411906294
18,75,0.0000000100,3,20,40,200,14.5588093706,45,30.4411906294,40.5000000000,25.9411906294,4.5000000000,4.5000000000,40.5000000000,25.9411906294,-1.0000000000,0.0000000000,-1,1.7710000000,36.0000000000,40.5000000000,25.9411906294
18,125,0.0000000100,3,20,40,200,14.5588093706,45,30.4411906294,40.5000000000,25.9411906294,4.5000000000,4.5000000000,40.5000000000,25.9411906294,-1.0000000000,0.0000000000,-1,2.9520000000,36.0000000000,40.5000000000,25.9411906294
18,225,0.0000000100,3,20,40,200,14.5588093706,45,30.4411906294,40.5000000000,25.9411906294,4.5000000000,4.5000000000,40.5000000000,25.9411906294,-1.0000000000,0.0000000000,-1,5.3130000000,36.0000000000,40.5000000000,25.9411906294
18,275,0.0000000100,3,20,40,200,14.5588093706,45,30.4411906294,40.5000000000,25.9411906294,4.5000000000,4.5000000000,40.5000000000,25.9411906294,-1.0000000000,0.0000000000,-1,6.4930000000,36.0000000000,40.5000000000,25.9411906294
18,325,0.0000000100,3,20,40,200,14.5588093706,45,30.4411906294,40.5000000000,25.9411906294,4.5000000000,4.5000000000,40.5000000000,25.9411906294,-1.0000000000,0.0000000000,-1,7.6740000000,36.0000000000,40.5000000000,25.9411906294
12,175,0.0000000100,3,20,40,200,14.5588093706,45,30.4411906294,40.5000000000,25.9411906294,4.5000000000,4.5000000000,40.5000000000,25.9411906294,30.0000000000,315.9000000000,100,6.3720000000,36.0000000000,40.5000000000,25.9411906294
15,175,0.0000000100,3,20,40,200,14.5588093706,45,30.4411906294,40.5000000000,25.9411906294,4.5000000000,4.5000000000,40.5000000000,25.9411906294,30.0000000000,315.9000000000,100,5.0090000000,36.0000000000,40.5000000000,25.9411906294
18,175,0.0000000100,3,20,40,200,14.5588093706,45,30.4411906294,40.5000000000,25.9411906294,4.5000000000,4.5000000000,40.5000000000,25.9411906294,30.0000000000,315.9000000000,100,4.1270000000,36.0000000000,40.5000000000,25.9411906294
24,175,0.0000000100,3,20,40,200,14.5588093706,45,30.4411906294,40.5000000000,25.9411906294,4.5000000000,4.5000000000,40.5000000000,25.9411906294,30.0000000000,315.9000000000,100,3.0520000000,36.0000000000,40.5000000000,25.9411906294
18,25,0.0000000100,3,20,40,200,14.5588093706,45,30.4411906294,40.5000000000,25.9411906294,4.5000000000,4.5000000000,40.5000000000,25.9411906294,30.0000000000,315.9000000000,100,0.5900000000,36.0000000000,40.5000000000,25.9411906294
18,75,0.0000000100,3,20,40,200,14.5588093706,45,30.4411906294,40.5000000000,25.9411906294,4.5000000000,4.5000000000,40.5000000000,25.9411906294,30.0000000000,315.9000000000,100,1.7690000000,36.0000000000,40.5000000000,25.9411906294
18,125,0.0000000100,3,20,40,200,14.5588093706,45,30.4411906294,40.5000000000,25.9411906294,4.5000000000,4.5000000000,40.5000000000,25.9411906294,30.0000000000,315.9000000000,100,2.9480000000,36.0000000000,40.5000000000,25.9411906294
18,225,0.0000000100,3,20,40,200,14.5588093706,45,30.4411906294,40.5000000000,25.9411906294,4.5000000000,4.5000000000,40.5000000000,25.9411906294,30.0000000000,315.9000000000,100,5.3060000000,36.0000000000,40.5000000000,25.9411906294
18,275,0.0000000100,3,20,40,200,14.5588093706,45,30.4411906294,40.5000000000,25.9411906294,4.5000000000,4.5000000000,40.5000000000,25.9411906294,30.0000000000,315.9000000000,100,6.4850000000,36.0000000000,40.5000000000,25.9411906294
18,325,0.0000000100,3,20,40,200,14.5588093706,45,30.4411906294,40.5000000000,25.9411906294,4.5000000000,4.5000000000,40.5000000000,25.9411906294,30.0000000000,315.9000000000,100,7.6640000000,36.0000000000,40.5000000000,25.9411906294
12,175,0.0000000100,3,20,40,200,14.5588093706,45,30.4411906294,40.5000000000,25.9411906294,4.5000000000,4.5000000000,40.5000000000,25.9411906294,200.0000000000,480.5000000000,100,6.3720000000,36.0000000000,40.5000000000,25.9411906294
15,175,0.0000000100,3,20,40,200,14.5588093706,45,30.4411906294,40.5000000000,25.9411906294,4.5000000000,4.5000000000,40.5000000000,25.9411906294,200.0000000000,480.5000000000,100,5.0090000000,36.0000000000,40.5000000000,25.9411906294
18,175,0.0000000100,3,20,40,200,14.5588093706,45,30.4411906294,40.5000000000,25.9411906294,4.5000000000,4.5000000000,40.5000000000,25.9411906294,200.0000000000,480.5000000000,100,4.1270000000,36.0000000000,40.5000000000,25.9411906294
24,175,0.0000000100,3,20,40,200,14.5588093706,45,30.4411906294,40.5000000000,25.9411906294,4.5000000000,4.5000000000,40.5000000000,25.9411906294,200.0000000000,480.5000000000,100,3.0520000000,36.0000000000,40.5000000000,25.9411906294
18,25,0.0000000100,3,20,40,200,14.5588093706,45,30.4411906294,40.5000000000,25.9411906294,4.5000000000,4.5000000000,40.5000000000,25.9411906294,200.0000000000,480.5000000000,100,0.5900000000,36.0000000000,40.5000000000,25.9411906294
18,75,0.0000000100,3,20,40,200,14.5588093706,45,30.4411906294,40.5000000000,25.9411906294,4.5000000000,4.5000000000,40.5000000000,25.9411906294,200.0000000000,480.5000000000,100,1.7690000000,36.0000000000,40.5000000000,25.9411906294
18,125,0.0000000100,3,20,40,200,14.5588093706,45,30.4411906294,40.5000000000,25.9411906294,4.5000000000,4.5000000000,40.5000000000,25.9411906294,200.0000000000,480.5000000000,100,2.9480000000,36.0000000000,40.5000000000,25.9411906294
18,225,0.0000000100,3,20,40,200,14.5588093706,45,30.4411906294,40.5000000000,25.9411906294,4.5000000000,4.5000000000,40.5000000000,25.9411906294,200.0000000000,480.5000000000,100,5.3060000000,36.0000000000,40.5000000000,25.9411906294
18,275,0.0000000100,3,20,40,200,14.5588093706,45,30.4411906294,40.5000000000,25.9411906294,4.5000000000,4.5000000000,40.5000000000,25.9411906294,200.0000000000,480.5000000000,100,6.4850000000,36.0000000000,40.5000000000,25.9411906294
18,325,0.0000000100,3,20,40,200,14.5588093706,45,30.4411906294,40.5000000000,25.9411906294,4.5000000000,4.5000000000,40.5000000000,25.9411906294,200.0000000000,480.5000000000,100,7.6640000000,36.0000000000,40.5000000000,25.9411906294
12,175,0.0000000100,3,20,40,200,14.5588093706,45,30.4411906294,40.5000000000,25.9411906294,4.5000000000,4.5000000000,40.5000000000,25.9411906294,500.0000000000,586.0000000000,100,6.3720000000,36.0000000000,40.5000000000,25.9411906294
15,175,0.0000000100,3,20,40,200,14.5588093706,45,30.4411906294,40.5000000000,25.9411906294,4.5000000000,4.5000000000,40.5000000000,25.9411906294,500.0000000000,586.0000000000,100,5.0090000000,36.0000000000,40.5000000000,25.9411906294
18,175,0.0000000100,3,20,40,200,14.5588093706,45,30.4411906294,40.5000000000,25.9411906294,4.5000000000,4.5000000000,40.5000000000,25.9411906294,500.0000000000,586.0000000000,100,4.1270000000,36.0000000000,40.5000000000,25.9411906294
24,175,0.0000000100,3,20,40,200,14.5588093706,45,30.4411906294,40.5000000000,25.9411906294,4.5000000000,4.5000000000,40.5000000000,25.9411906294,500.0000000000,586.0000000000,100,3.0520000000,36.0000000000,40.5000000000,25.9411906294
18,25,0.0000000100,3,20,40,200,14.5588093706,45,30.4411906294,40.5000000000,25.9411906294,4.5000000000,4.5000000000,40.5000000000,25.9411906294,500.0000000000,586.0000000000,100,0.5900000000,36.0000000000,40.5000000000,25.9411906294
18,75,0.0000000100,3,20,40,200,14.5588093706,45,30.4411906294,40.5000000000,25.9411906294,4.5000000000,4.5000000000,40.5000000000,25.9411906294,500.0000000000,586.0000000000,100,1.7690000000,36.0000000000,40.5000000000,25.9411906294
18,125,0.0000000100,3,20,40,200,14.5588093706,45,30.4411906294,40.5000000000,25.9411906294,4.5000000000,4.5000000000,40.5000000000,25.9411906294,500.0000000000,586.0000000000,100,2.9480000000,36.0000000000,40.5000000000,25.9411906294
18,225,0.0000000100,3,20,40,200,14.5588093706,45,30.4411906294,40.5000000000,25.9411906294,4.5000000000,4.5000000000,40.5000000000,25.9411906294,500.0000000000,586.0000000000,100,5.3060000000,36.0000000000,40.5000000000,25.9411906294
18,275,0.0000000100,3,20,40,200,14.5588093706,45,30.4411906294,40.5000000000,25.9411906294,4.5000000000,4.5000000000,40.5000000000,25.9411906294,500.0000000000,586.0000000000,100,6.4850000000,36.0000000000,40.5000000000,25.9411906294
18,325,0.0000000100,3,20,40,200,14.5588093706,45,30.4411906294,40.5000000000,25.9411906294,4.5000000000,4.5000000000,40.5000000000,25.9411906294,500.0000000000,586.0000000000,100,7.6640000000,36.0000000000,40.5000000000,25.9411906294
12,175,0.0000000100,3,20,40,200,14.5588093706,45,30.4411906294,40.5000000000,25.9411906294,4.5000000000,4.5000000000,9.8100000000,0.0000000000,-1.0000000000,0.0000000000,-1,6.0400000000,36.0000000000,9.8100000000,0.0000000000
15,175,0.0000000100,3,20,40,200,14.5588093706,45,30.4411906294,40.5000000000,25.9411906294,4.5000000000,4.5000000000,9.8100000000,0.0000000000,-1.0000000000,0.0000000000,-1,4.8020000000,36.0000000000,9.8100000000,0.0000000000
18,175,0.0000000100,3,20,40,200,14.5588093706,45,30.4411906294,40.5000000000,25.9411906294,4.5000000000,4.5000000000,9.8100000000,0.0000000000,-1.0000000000,0.0000000000,-1,3.9850000000,36.0000000000,9.8100000000,0.0000000000
21,175,0.0000000100,3,20,40,200,14.5588093706,45,30.4411906294,40.5000000000,25.9411906294,4.5000000000,4.5000000000,9.8100000000,0.0000000000,-1.0000000000,0.0000000000,-1,3.4050000000,36.0000000000,9.8100000000,0.0000000000
24,175,0.0000000100,3,20,40,200,14.5588093706,45,30.4411906294,40.5000000000,25.9411906294,4.5000000000,4.5000000000,9.8100000000,0.0000000000,-1.0000000000,0.0000000000,-1,2.9730000000,36.0000000000,9.8100000000,0.0000000000
18,25,0.0000000100,3,20,40,200,14.5588093706,45,30.4411906294,40.5000000000,25.9411906294,4.5000000000,4.5000000000,9.8100000000,0.0000000000,-1.0000000000,0.0000000000,-1,0.5700000000,36.0000000000,9.8100000000,0.0000000000
18,75,0.0000000100,3,20,40,200,14.5588093706,45,30.4411906294,40.5000000000,25.9411906294,4.5000000000,4.5000000000,9.8100000000,0.0000000000,-1.0000000000,0.0000000000,-1,1.7080000000,36.0000000000,9.8100000000,0.0000000000
18,125,0.0000000100,3,20,40,200,14.5588093706,45,30.4411906294,40.5000000000,25.9411906294,4.5000000000,4.5000000000,9.8100000000,0.0000000000,-1.0000000000,0.0000000000,-1,2.8460000000,36.0000000000,9.8100000000,0.0000000000
18,225,0.0000000100,3,20,40,200,14.5588093706,45,30.4411906294,40.5000000000,25.9411906294,4.5000000000,4.5000000000,9.8100000000,0.0000000000,-1.0000000000,0.0000000000,-1,5.1230000000,36.0000000000,9.8100000000,0.0000000000
18,275,0.0000000100,3,20,40,200,14.5588093706,45,30.4411906294,40.5000000000,25.9411906294,4.5000000000,4.5000000000,9.8100000000,0.0000000000,-1.0000000000,0.0000000000,-1,6.2620000000,36.0000000000,9.8100000000,0.0000000000
18,325,0.0000000100,3,20,40,200,14.5588093706,45,30.4411906294,40.5000000000,25.9411906294,4.5000000000,4.5000000000,9.8100000000,0.0000000000,-1.0000000000,0.0000000000,-1,7.4000000000,36.0000000000,9.8100000000,0.0000000000
12,175,0.0000000100,3,20,40,200,14.5588093706,45,30.4411906294,40.5000000000,25.9411906294,4.5000000000,4.5000000000,9.8100000000,0.0000000000,30.0000000000,315.9000000000,100,5.9800000000,36.0000000000,9.6900000000,0.0000000000
15,175,0.0000000100,3,20,40,200,14.5588093706,45,30.4411906294,40.5000000000,25.9411906294,4.5000000000,4.5000000000,9.8100000000,0.0000000000,30.0000000000,315.9000000000,100,4.7640000000,36.0000000000,9.6900000000,0.0000000000
18,175,0.0000000100,3,20,40,200,14.5588093706,45,30.4411906294,40.5000000000,25.9411906294,4.5000000000,4.5000000000,9.8100000000,0.0000000000,30.0000000000,315.9000000000,100,3.9590000000,36.0000000000,9.6900000000,0.0000000000
21,175,0.0000000100,3,20,40,200,14.5588093706,45,30.4411906294,40.5000000000,25.9411906294,4.5000000000,4.5000000000,9.8100000000,0.0000000000,30.0000000000,315.9000000000,100,3.3860000000,36.0000000000,9.6900000000,0.0000000000
24,175,0.0000000100,3,20,40,200,14.5588093706,45,30.4411906294,40.5000000000,25.9411906294,4.5000000000,4.5000000000,9.8100000000,0.0000000000,30.0000000000,315.9000000000,100,2.9590000000,36.0000000000,9.6900000000,0.0000000000
18,25,0.0000000100,3,20,40,200,14.5588093706,45,30.4411906294,40.5000000000,25.9411906294,4.5000000000,4.5000000000,9.8100000000,0.0000000000,30.0000000000,315.9000000000,100,0.5660000000,36.0000000000,9.6900000000,0.0000000000
18,75,0.0000000100,3,20,40,200,14.5588093706,45,30.4411906294,40.5000000000,25.9411906294,4.5000000000,4.5000000000,9.8100000000,0.0000000000,30.0000000000,315.9000000000,100,1.6970000000,36.0000000000,9.6900000000,0.0000000000
18,125,0.0000000100,3,20,40,200,14.5588093706,45,30.4411906294,40.5000000000,25.9411906294,4.5000000000,4.5000000000,9.8100000000,0.0000000000,30.0000000000,315.9000000000,100,2.8280000000,36.0000000000,9.6900000000,0.0000000000
18,225,0.0000000100,3,20,40,200,14.5588093706,45,30.4411906294,40.5000000000,25.9411906294,4.5000000000,4.5000000000,9.8100000000,0.0000000000,30.0000000000,315.9000000000,100,5.0900000000,36.0000000000,9.6900000000,0.0000000000
18,275,0.0000000100,3,20,40,200,14.5588093706,45,30.4411906294,40.5000000000,25.9411906294,4.5000000000,4.5000000000,9.8100000000,0.0000000000,30.0000000000,315.9000000000,100,6.2210000000,36.0000000000,9.6900000000,0.0000000000
18,325,0.0000000100,3,20,40,200,14.5588093706,45,30.4411906294,40.5000000000,25.9411906294,4.5000000000,4.5000000000,9.8100000000,0.0000000000,30.0000000000,315.9000000000,100,7.3520000000,36.0000000000,9.6900000000,0.0000000000
12,175,0.0000000100,3,20,40,200,14.5588093706,45,30.4411906294,40.5000000000,25.9411906294,4.5000000000,4.5000000000,9.8100000000,0.0000000000,200.0000000000,480.5000000000,100,5.9800000000,36.0000000000,9.6900000000,0.0000000000
15,175,0.0000000100,3,20,40,200,14.5588093706,45,30.4411906294,40.5000000000,25.9411906294,4.5000000000,4.5000000000,9.8100000000,0.0000000000,200.0000000000,480.5000000000,100,4.7640000000,36.0000000000,9.6900000000,0.0000000000
18,175,0.0000000100,3,20,40,200,14.5588093706,45,30.4411906294,40.5000000000,25.9411906294,4.5000000000,4.5000000000,9.8100000000,0.0000000000,200.0000000000,480.5000000000,100,3.9590000000,36.0000000000,9.6900000000,0.0000000000
21,175,0.0000000100,3,20,40,200,14.5588093706,45,30.4411906294,40.5000000000,25.9411906294,4.5000000000,4.5000000000,9.8100000000,0.0000000000,200.0000000000,480.5000000000,100,3.3860000000,36.0000000000,9.6900000000,0.0000000000
24,175,0.0000000100,3,20,40,200,14.5588093706,45,30.4411906294,40.5000000000,25.9411906294,4.5000000000,4.5000000000,9.8100000000,0.0000000000,200.0000000000,480.5000000000,100,2.9590000000,36.0000000000,9.6900000000,0.0000000000
18,25,0.0000000100,3,20,40,200,14.5588093706,45,30.4411906294,40.5000000000,25.9411906294,4.5000000000,4.5000000000,9.8100000000,0.0000000000,200.0000000000,480.5000000000,100,0.5660000000,36.0000000000,9.6900000000,0.0000000000
18,75,0.0000000100,3,20,40,200,14.5588093706,45,30.4411906294,40.5000000000,25.9411906294,4.5000000000,4.5000000000,9.8100000000,0.0000000000,200.0000000000,480.5000000000,100,1.6970000000,36.0000000000,9.6900000000,0.0000000000
18,125,0.0000000100,3,20,40,200,14.5588093706,45,30.4411906294,40.5000000000,25.9411906294,4.5000000000,4.5000000000,9.8100000000,0.0000000000,200.0000000000,480.5000000000,100,2.8280000000,36.0000000000,9.6900000000,0.0000000000
18,225,0.0000000100,3,20,40,200,14.5588093706,45,30.4411906294,40.5000000000,25.9411906294,4.5000000000,4.5000000000,9.8100000000,0.0000000000,200.0000000000,480.5000000000,100,5.0900000000,36.0000000000,9.6900000000,0.0000000000
18,275,0.0000000100,3,20,40,200,14.5588093706,45,30.4411906294,40.5000000000,25.9411906294,4.5000000000,4.5000000000,9.8100000000,0.0000000000,200.0000000000,480.5000000000,100,6.2210000000,36.0000000000,9.6900000000,0.0000000000
18,325,0.0000000100,3,20,40,200,14.5588093706,45,30.4411906294,40.5000000000,25.9411906294,4.5000000000,4.5000000000,9.8100000000,0.0000000000,200.0000000000,480.5000000000,100,7.3520000000,36.0000000000,9.6900000000,0.0000000000
12,175,0.0000000100,3,20,40,200,14.5588093706,45,30.4411906294,40.5000000000,25.9411906294,4.5000000000,4.5000000000,9.8100000000,0.0000000000,500.0000000000,586.0000000000,100,5.9800000000,36.0000000000,9.6900000000,0.0000000000
15,175,0.0000000100,3,20,40,200,14.5588093706,45,30.4411906294,40.5000000000,25.9411906294,4.5000000000,4.5000000000,9.8100000000,0.0000000000,500.0000000000,586.0000000000,100,4.7640000000,36.0000000000,9.6900000000,0.0000000000
18,175,0.0000000100,3,20,40,200,14.5588093706,45,30.4411906294,40.5000000000,25.9411906294,4.5000000000,4.5000000000,9.8100000000,0.0000000000,500.0000000000,586.0000000000,100,3.9590000000,36.0000000000,9.6900000000,0.0000000000
21,175,0.0000000100,3,20,40,200,14.5588093706,45,30.4411906294,40.5000000000,25.9411906294,4.5000000000,4.5000000000,9.8100000000,0.0000000000,500.0000000000,586.0000000000,100,3.3860000000,36.0000000000,9.6900000000,0.0000000000
24,175,0.0000000100,3,20,40,200,14.5588093706,45,30.4411906294,40.5000000000,25.9411906294,4.5000000000,4.5000000000,9.8100000000,0.0000000000,500.0000000000,586.0000000000,100,2.9590000000,36.0000000000,9.6900000000,0.0000000000
18,25,0.0000000100,3,20,40,200,14.5588093706,45,30.4411906294,40.5000000000,25.9411906294,4.5000000000,4.5000000000,9.8100000000,0.0000000000,500.0000000000,586.0000000000,100,0.5660000000,36.0000000000,9.6900000000,0.0000000000
18,75,0.0000000100,3,20,40,200,14.5588093706,45,30.4411906294,40.5000000000,25.9411906294,4.5000000000,4.5000000000,9.8100000000,0.0000000000,500.0000000000,586.0000000000,100,1.6970000000,36.0000000000,9.6900000000,0.0000000000
18,125,0.0000000100,3,20,40,200,14.5588093706,45,30.4411906294,40.5000000000,25.9411906294,4.5000000000,4.5000000000,9.8100000000,0.0000000000,500.0000000000,586.0000000000,100,2.8280000000,36.0000000000,9.6900000000,0.0000000000
18,225,0.0000000100,3,20,40,200,14.5588093706,45,30.4411906294,40.5000000000,25.9411906294,4.5000000000,4.5000000000,9.8100000000,0.0000000000,500.0000000000,586.0000000000,100,5.0900000000,36.0000000000,9.6900000000,0.0000000000
18,275,0.0000000100,3,20,40,200,14.5588093706,45,30.4411906294,40.5000000000,25.9411906294,4.5000000000,4.5000000000,9.8100000000,0.0000000000,500.0000000000,586.0000000000,100,6.2210000000,36.0000000000,9.6900000000,0.0000000000
12,175,0.0000000100,3,20,40,200,14.5588093706,45,30.4411906294,11.2500000000,7.6102976573,33.7500000000,22.8308929720,0.0000000000,0.0000000000,-1.0000000000,0.0000000000,-1,7.7230000000,12.0000000000,0.0000000000,0.0000000000
15,175,0.0000000100,3,20,40,200,14.5588093706,45,30.4411906294,11.2500000000,7.6102976573,33.7500000000,22.8308929720,0.0000000000,0.0000000000,-1.0000000000,0.0000000000,-1,6.1790000000,12.0000000000,0.0000000000,0.0000000000
18,25,0.0000000100,3,20,40,200,14.5588093706,45,30.4411906294,11.2500000000,7.6102976573,33.7500000000,22.8308929720,0.0000000000,0.0000000000,-1.0000000000,0.0000000000,-1,0.7360000000,12.0000000000,0.0000000000,0.0000000000
18,75,0.0000000100,3,20,40,200,14.5588093706,45,30.4411906294,11.2500000000,7.6102976573,33.7500000000,22.8308929720,0.0000000000,0.0000000000,-1.0000000000,0.0000000000,-1,2.2070000000,12.0000000000,0.0000000000,0.0000000000
18,125,0.0000000100,3,20,40,200,14.5588093706,45,30.4411906294,11.2500000000,7.6102976573,33.7500000000,22.8308929720,0.0000000000,0.0000000000,-1.0000000000,0.0000000000,-1,3.6780000000,12.0000000000,0.0000000000,0.0000000000
18,275,0.0000000100,3,20,40,200,14.5588093706,45,30.4411906294,11.2500000000,7.6102976573,33.7500000000,22.8308929720,0.0000000000,0.0000000000,-1.0000000000,0.0000000000,-1,8.0910000000,12.0000000000,0.0000000000,0.0000000000
18,325,0.0000000100,3,20,40,200,14.5588093706,45,30.4411906294,11.2500000000,7.6102976573,33.7500000000,22.8308929720,0.0000000000,0.0000000000,-1.0000000000,0.0000000000,-1,9.5620000000,12.0000000000,0.0000000000,0.0000000000
12,175,0.0000000100,3,20,40,200,14.5588093706,45,30.4411906294,11.2500000000,7.6102976573,33.7500000000,22.8308929720,0.0000000000,0.0000000000,30.0000000000,315.9000000000,100,7.7230000000,12.0000000000,0.0000000000,0.0000000000
15,175,0.0000000100,3,20,40,200,14.5588093706,45,30.4411906294,11.2500000000,7.6102976573,33.7500000000,22.8308929720,0.0000000000,0.0000000000,30.0000000000,315.9000000000,100,6.1790000000,12.0000000000,0.0000000000,0.0000000000
18,25,0.0000000100,3,20,40,200,14.5588093706,45,30.4411906294,11.2500000000,7.6102976573,33.7500000000,22.8308929720,0.0000000000,0.0000000000,30.0000000000,315.9000000000,100,0.7360000000,12.0000000000,0.0000000000,0.0000000000
18,75,0.0000000100,3,20,40,200,14.5588093706,45,30.4411906294,11.2500000000,7.6102976573,33.7500000000,22.8308929720,0.0000000000,0.0000000000,30.0000000000,315.9000000000,100,2.2070000000,12.0000000000,0.0000000000,0.0000000000
18,125,0.0000000100,3,20,40,200,14.5588093706,45,30.4411906294,11.2500000000,7.6102976573,33.7500000000,22.8308929720,0.0000000000,0.0000000000,30.0000000000,315.9000000000,100,3.6780000000,12.0000000000,0.0000000000,0.0000000000
18,275,0.0000000100,3,20,40,200,14.5588093706,45,30.4411906294,11.2500000000,7.6102976573,33.7500000000,22.8308929720,0.0000000000,0.0000000000,30.0000000000,315.9000000000,100,8.0910000000,12.0000000000,0.0000000000,0.0000000000
18,325,0.0000000100,3,20,40,200,14.5588093706,45,30.4411906294,11.2500000000,7.6102976573,33.7500000000,22.8308929720,0.0000000000,0.0000000000,30.0000000000,315.9000000000,100,9.5620000000,12.0000000000,0.0000000000,0.0000000000
12,175,0.0000000100,3,20,40,200,14.5588093706,45,30.4411906294,11.2500000000,7.6102976573,33.7500000000,22.8308929720,0.0000000000,0.0000000000,200.0000000000,480.5000000000,100,7.7230000000,12.0000000000,0.0000000000,0.0000000000
15,175,0.0000000100,3,20,40,200,14.5588093706,45,30.4411906294,11.2500000000,7.6102976573,33.7500000000,22.8308929720,0.0000000000,0.0000000000,200.0000000000,480.5000000000,100,6.1790000000,12.0000000000,0.0000000000,0.0000000000
18,25,0.0000000100,3,20,40,200,14.5588093706,45,30.4411906294,11.2500000000,7.6102976573,33.7500000000,22.8308929720,0.0000000000,0.0000000000,200.0000000000,480.5000000000,100,0.7360000000,12.0000000000,0.0000000000,0.0000000000
18,75,0.0000000100,3,20,40,200,14.5588093706,45,30.4411906294,11.2500000000,7.6102976573,33.7500000000,22.8308929720,0.0000000000,0.0000000000,200.0000000000,480.5000000000,100,2.2070000000,12.0000000000,0.0000000000,0.0000000000
18,125,0.0000000100,3,20,40,200,14.5588093706,45,30.4411906294,11.2500000000,7.6102976573,33.7500000000,22.8308929720,0.0000000000,0.0000000000,200.0000000000,480.5000000000,100,3.6780000000,12.0000000000,0.0000000000,0.0000000000
18,275,0.0000000100,3,20,40,200,14.5588093706,45,30.4411906294,11.2500000000,7.6102976573,33.7500000000,22.8308929720,0.0000000000,0.0000000000,200.0000000000,480.5000000000,100,8.0910000000,12.0000000000,0.0000000000,0.0000000000
18,325,0.0000000100,3,20,40,200,14.5588093706,45,30.4411906294,11.2500000000,7.6102976573,33.7500000000,22.8308929720,0.0000000000,0.0000000000,200.0000000000,480.5000000000,100,9.5620000000,12.0000000000,0.0000000000,0.0000000000
12,175,0.0000000100,3,20,40,200,14.5588093706,45,30.4411906294,11.2500000000,7.6102976573,33.7500000000,22.8308929720,0.0000000000,0.0000000000,500.0000000000,586.0000000000,100,7.7230000000,12.0000000000,0.0000000000,0.0000000000
15,175,0.0000000100,3,20,40,200,14.5588093706,45,30.4411906294,11.2500000000,7.6102976573,33.7500000000,22.8308929720,0.0000000000,0.0000000000,500.0000000000,586.0000000000,100,6.1790000000,12.0000000000,0.0000000000,0.0000000000
18,25,0.0000000100,3,20,40,200,14.5588093706,45,30.4411906294,11.2500000000,7.6102976573,33.7500000000,22.8308929720,0.0000000000,0.0000000000,500.0000000000,586.0000000000,100,0.7360000000,12.0000000000,0.0000000000,0.0000000000
18,75,0.0000000100,3,20,40,200,14.5588093706,45,30.4411906294,11.2500000000,7.6102976573,33.7500000000,22.8308929720,0.0000000000,0.0000000000,500.0000000000,586.0000000000,100,2.2070000000,12.0000000000,0.0000000000,0.0000000000
18,125,0.0000000100,3,20,40,200,14.5588093706,45,30.4411906294,11.2500000000,7.6102976573,33.7500000000,22.8308929720,0.0000000000,0.0000000000,500.0000000000,586.0000000000,100,3.6780000000,12.0000000000,0.0000000000,0.0000000000
18,275,0.0000000100,3,20,40,200,14.5588093706,45,30.4411906294,11.2500000000,7.6102976573,33.7500000000,22.8308929720,0.0000000000,0.0000000000,500.0000000000,586.0000000000,100,8.0910000000,12.0000000000,0.0000000000,0.0000000000
18,325,0.0000000100,3,20,40,200,14.5588093706,45,30.4411906294,11.2500000000,7.6102976573,33.7500000000,22.8308929720,0.0000000000,0.0000000000,500.0000000000,586.0000000000,100,9.5620000000,12.0000000000,0.0000000000,0.0000000000
12,175,0.0000000100,3,20,40,200,14.5588093706,45,30.4411906294,14.5588093706,0.0000000000,30.4411906294,30.4411906294,0.0000000000,0.0000000000,-1.0000000000,0.0000000000,-1,9.3490000000,12.0000000000,0.0000000000,0.0000000000
18,175,0.0000000100,3,20,40,200,14.5588093706,45,30.4411906294,14.5588093706,0.0000000000,30.4411906294,30.4411906294,0.0000000000,0.0000000000,-1.0000000000,0.0000000000,-1,6.2330000000,12.0000000000,0.0000000000,0.0000000000
21,175,0.0000000100,3,20,40,200,14.5588093706,45,30.4411906294,14.5588093706,0.0000000000,30.4411906294,30.4411906294,0.0000000000,0.0000000000,-1.0000000000,0.0000000000,-1,5.3420000000,12.0000000000,0.0000000000,0.0000000000
24,175,0.0000000100,3,20,40,200,14.5588093706,45,30.4411906294,14.5588093706,0.0000000000,30.4411906294,30.4411906294,0.0000000000,0.0000000000,-1.0000000000,0.0000000000,-1,4.6750000000,12.0000000000,0.0000000000,0.0000000000
18,25,0.0000000100,3,20,40,200,14.5588093706,45,30.4411906294,14.5588093706,0.0000000000,30.4411906294,30.4411906294,0.0000000000,0.0000000000,-1.0000000000,0.0000000000,-1,0.8910000000,12.0000000000,0.0000000000,0.0000000000
18,125,0.0000000100,3,20,40,200,14.5588093706,45,30.4411906294,14.5588093706,0.0000000000,30.4411906294,30.4411906294,0.0000000000,0.0000000000,-1.0000000000,0.0000000000,-1,4.4520000000,12.0000000000,0.0000000000,0.0000000000
18,225,0.0000000100,3,20,40,200,14.5588093706,45,30.4411906294,14.5588093706,0.0000000000,30.4411906294,30.4411906294,0.0000000000,0.0000000000,-1.0000000000,0.0000000000,-1,8.0140000000,12.0000000000,0.0000000000,0.0000000000
18,275,0.0000000100,3,20,40,200,14.5588093706,45,30.4411906294,14.5588093706,0.0000000000,30.4411906294,30.4411906294,0.0000000000,0.0000000000,-1.0000000000,0.0000000000,-1,9.7940000000,12.0000000000,0.0000000000,0.0000000000
18,325,0.0000000100,3,20,40,200,14.5588093706,45,30.4411906294,14.5588093706,0.0000000000,30.4411906294,30.4411906294,0.0000000000,0.0000000000,-1.0000000000,0.0000000000,-1,11.5750000000,12.0000000000,0.0000000000,0.0000000000
12,175,0.0000000100,3,20,40,200,14.5588093706,45,30.4411906294,14.5588093706,0.0000000000,30.4411906294,30.4411906294,0.0000000000,0.0000000000,30.0000000000,315.9000000000,100,9.3490000000,12.0000000000,0.0000000000,0.0000000000
18,175,0.0000000100,3,20,40,200,14.5588093706,45,30.4411906294,14.5588093706,0.0000000000,30.4411906294,30.4411906294,0.0000000000,0.0000000000,30.0000000000,315.9000000000,100,6.2330000000,12.0000000000,0.0000000000,0.0000000000
21,175,0.0000000100,3,20,40,200,14.5588093706,45,30.4411906294,14.5588093706,0.0000000000,30.4411906294,30.4411906294,0.0000000000,0.0000000000,30.0000000000,315.9000000000,100,5.3420000000,12.0000000000,0.0000000000,0.0000000000
24,175,0.0000000100,3,20,40,200,14.5588093706,45,30.4411906294,14.5588093706,0.0000000000,30.4411906294,30.4411906294,0.0000000000,0.0000000000,30.0000000000,315.9000000000,100,4.6750000000,12.0000000000,0.0000000000,0.0000000000
18,25,0.0000000100,3,20,40,200,14.5588093706,45,30.4411906294,14.5588093706,0.0000000000,30.4411906294,30.4411906294,0.0000000000,0.0000000000,30.0000000000,315.9000000000,100,0.8910000000,12.0000000000,0.0000000000,0.0000000000
18,125,0.0000000100,3,20,40,200,14.5588093706,45,30.4411906294,14.5588093706,0.0000000000,30.4411906294,30.4411906294,0.0000000000,0.0000000000,30.0000000000,315.9000000000,100,4.4520000000,12.0000000000,0.0000000000,0.0000000000
18,225,0.0000000100,3,20,40,200,14.5588093706,45,30.4411906294,14.5588093706,0.0000000000,30.4411906294,30.4411906294,0.0000000000,0.0000000000,30.0000000000,315.9000000000,100,8.0140000000,12.0000000000,0.0000000000,0.0000000000
18,275,0.0000000100,3,20,40,200,14.5588093706,45,30.4411906294,14.5588093706,0.0000000000,30.4411906294,30.4411906294,0.0000000000,0.0000000000,30.0000000000,315.9000000000,100,9.7940000000,12.0000000000,0.0000000000,0.0000000000
18,325,0.0000000100,3,20,40,200,14.5588093706,45,30.4411906294,14.5588093706,0.0000000000,30.4411906294,30.4411906294,0.0000000000,0.0000000000,30.0000000000,315.9000000000,100,11.5750000000,12.0000000000,0.0000000000,0.0000000000
12,175,0.0000000100,3,20,40,200,14.5588093706,45,30.4411906294,14.5588093706,0.0000000000,30.4411906294,30.4411906294,0.0000000000,0.0000000000,200.0000000000,480.5000000000,100,9.3490000000,12.0000000000,0.0000000000,0.0000000000
18,175,0.0000000100,3,20,40,200,14.5588093706,45,30.4411906294,14.5588093706,0.0000000000,30.4411906294,30.4411906294,0.0000000000,0.0000000000,200.0000000000,480.5000000000,100,6.2330000000,12.0000000000,0.0000000000,0.0000000000
21,175,0.0000000100,3,20,40,200,14.5588093706,45,30.4411906294,14.5588093706,0.0000000000,30.4411906294,30.4411906294,0.0000000000,0.0000000000,200.0000000000,480.5000000000,100,5.3420000000,12.0000000000,0.0000000000,0.0000000000
24,175,0.0000000100,3,20,40,200,14.5588093706,45,30.4411906294,14.5588093706,0.0000000000,30.4411906294,30.4411906294,0.0000000000,0.0000000000,200.0000000000,480.5000000000,100,4.6750000000,12.0000000000,0.0000000000,0.0000000000
18,25,0.0000000100,3,20,40,200,14.5588093706,45,30.4411906294,14.5588093706,0.0000000000,30.4411906294,30.4411906294,0.0000000000,0.0000000000,200.0000000000,480.5000000000,100,0.8910000000,12.0000000000,0.0000000000,0.0000000000
18,125,0.0000000100,3,20,40,200,14.5588093706,45,30.4411906294,14.5588093706,0.0000000000,30.4411906294,30.4411906294,0.0000000000,0.0000000000,200.0000000000,480.5000000000,100,4.4520000000,12.0000000000,0.0000000000,0.0000000000
18,225,0.0000000100,3,20,40,200,14.5588093706,45,30.4411906294,14.5588093706,0.0000000000,30.4411906294,30.4411906294,0.0000000000,0.0000000000,200.0000000000,480.5000000000,100,8.0140000000,12.0000000000,0.0000000000,0.0000000000
18,275,0.0000000100,3,20,40,200,14.5588093706,45,30.4411906294,14.5588093706,0.0000000000,30.4411906294,30.4411906294,0.0000000000,0.0000000000,200.0000000000,480.5000000000,100,9.7940000000,12.0000000000,0.0000000000,0.0000000000
18,325,0.0000000100,3,20,40,200,14.5588093706,45,30.4411906294,14.5588093706,0.0000000000,30.4411906294,30.4411906294,0.0000000000,0.0000000000,200.0000000000,480.5000000000,100,11.5750000000,12.0000000000,0.0000000000,0.0000000000
12,175,0.0000000100,3,20,40,200,14.5588093706,45,30.4411906294,14.5588093706,0.0000000000,30.4411906294,30.4411906294,0.0000000000,0.0000000000,500.0000000000,586.0000000000,100,9.3490000000,12.0000000000,0.0000000000,0.0000000000
18,175,0.0000000100,3,20,40,200,14.5588093706,45,30.4411906294,14.5588093706,0.0000000000,30.4411906294,30.4411906294,0.0000000000,0.0000000000,500.0000000000,586.0000000000,100,6.2330000000,12.0000000000,0.0000000000,0.0000000000
21,175,0.0000000100,3,20,40,200,14.5588093706,45,30.4411906294,14.5588093706,0.0000000000,30.4411906294,30.4411906294,0.0000000000,0.0000000000,500.0000000000,586.0000000000,100,5.3420000000,12.0000000000,0.0000000000,0.0000000000
24,175,0.0000000100,3,20,40,200,14.5588093706,45,30.4411906294,14.5588093706,0.0000000000,30.4411906294,30.4411906294,0.0000000000,0.0000000000,500.0000000000,586.0000000000,100,4.6750000000,12.0000000000,0.0000000000,0.0000000000
18,25,0.0000000100,3,20,40,200,14.5588093706,45,30.4411906294,14.5588093706,0.0000000000,30.4411906294,30.4411906294,0.0000000000,0.0000000000,500.0000000000,586.0000000000,100,0.8910000000,12.0000000000,0.0000000000,0.0000000000
18,125,0.0000000100,3,20,40,200,14.5588093706,45,30.4411906294,14.5588093706,0.0000000000,30.4411906294,30.4411906294,0.0000000000,0.0000000000,500.0000000000,586.0000000000,100,4.4520000000,12.0000000000,0.0000000000,0.0000000000
18,225,0.0000000100,3,20,40,200,14.5588093706,45,30.4411906294,14.5588093706,0.0000000000,30.4411906294,30.4411906294,0.0000000000,0.0000000000,500.0000000000,586.0000000000,100,8.0140000000,12.0000000000,0.0000000000,0.0000000000
18,275,0.0000000100,3,20,40,200,14.5588093706,45,30.4411906294,14.5588093706,0.0000000000,30.4411906294,30.4411906294,0.0000000000,0.0000000000,500.0000000000,586.0000000000,100,9.7940000000,12.0000000000,0.0000000000,0.0000000000
18,325,0.0000000100,3,20,40,200,14.5588093706,45,30.4411906294,14.5588093706,0.0000000000,30.4411906294,30.4411906294,0.0000000000,0.0000000000,500.0000000000,586.0000000000,100,11.5750000000,12.0000000000,0.0000000000,0.0000000000
12,175,0.0000000100,3,20,80,400,29.1176187413,90,60.8823812587,81.0000000000,51.8823812587,9.0000000000,9.0000000000,0.0000000000,0.0000000000,-1.0000000000,0.0000000000,-1,2.9400000000,72.0000000000,0.0000000000,0.0000000000
15,175,0.0000000100,3,20,80,400,29.1176187413,90,60.8823812587,81.0000000000,51.8823812587,9.0000000000,9.0000000000,0.0000000000,0.0000000000,-1.0000000000,0.0000000000,-1,2.3520000000,72.0000000000,0.0000000000,0.0000000000
18,175,0.0000000100,3,20,80,400,29.1176187413,90,60.8823812587,81.0000000000,51.8823812587,9.0000000000,9.0000000000,0.0000000000,0.0000000000,-1.0000000000,0.0000000000,-1,1.9600000000,72.0000000000,0.0000000000,0.0000000000
24,175,0.0000000100,3,20,80,400,29.1176187413,90,60.8823812587,81.0000000000,51.8823812587,9.0000000000,9.0000000000,0.0000000000,0.0000000000,-1.0000000000,0.0000000000,-1,1.4700000000,72.0000000000,0.0000000000,0.0000000000
18,25,0.0000000100,3,20,80,400,29.1176187413,90,60.8823812587,81.0000000000,51.8823812587,9.0000000000,9.0000000000,0.0000000000,0.0000000000,-1.0000000000,0.0000000000,-1,0.2800000000,72.0000000000,0.0000000000,0.0000000000
18,75,0.0000000100,3,20,80,400,29.1176187413,90,60.8823812587,81.0000000000,51.8823812587,9.0000000000,9.0000000000,0.0000000000,0.0000000000,-1.0000000000,0.0000000000,-1,0.8400000000,72.0000000000,0.0000000000,0.0000000000
18,125,0.0000000100,3,20,80,400,29.1176187413,90,60.8823812587,81.0000000000,51.8823812587,9.0000000000,9.0000000000,0.0000000000,0.0000000000,-1.0000000000,0.0000000000,-1,1.4000000000,72.0000000000,0.0000000000,0.0000000000
18,275,0.0000000100,3,20,80,400,29.1176187413,90,60.8823812587,81.0000000000,51.8823812587,9.0000000000,9.0000000000,0.0000000000,0.0000000000,-1.0000000000,0.0000000000,-1,3.0800000000,72.0000000000,0.0000000000,0.0000000000
18,325,0.0000000100,3,20,80,400,29.1176187413,90,60.8823812587,81.0000000000,51.8823812587,9.0000000000,9.0000000000,0.0000000000,0.0000000000,-1.0000000000,0.0000000000,-1,3.6390000000,72.0000000000,0.0000000000,0.0000000000
12,175,0.0000000100,3,20,80,400,29.1176187413,90,60.8823812587,81.0000000000,51.8823812587,9.0000000000,9.0000000000,0.0000000000,0.0000000000,30.0000000000,315.9000000000,100,2.9400000000,72.0000000000,0.0000000000,0.0000000000
15,175,0.0000000100,3,20,80,400,29.1176187413,90,60.8823812587,81.0000000000,51.8823812587,9.0000000000,9.0000000000,0.0000000000,0.0000000000,30.0000000000,315.9000000000,100,2.3520000000,72.0000000000,0.0000000000,0.0000000000
18,175,0.0000000100,3,20,80,400,29.1176187413,90,60.8823812587,81.0000000000,51.8823812587,9.0000000000,9.0000000000,0.0000000000,0.0000000000,30.0000000000,315.9000000000,100,1.9600000000,72.0000000000,0.0000000000,0.0000000000
24,175,0.0000000100,3,20,80,400,29.1176187413,90,60.8823812587,81.0000000000,51.8823812587,9.0000000000,9.0000000000,0.0000000000,0.0000000000,30.0000000000,315.9000000000,100,1.4700000000,72.0000000000,0.0000000000,0.0000000000
18,25,0.0000000100,3,20,80,400,29.1176187413,90,60.8823812587,81.0000000000,51.8823812587,9.0000000000,9.0000000000,0.0000000000,0.0000000000,30.0000000000,315.9000000000,100,0.2800000000,72.0000000000,0.0000000000,0.0000000000
18,75,0.0000000100,3,20,80,400,29.1176187413,90,60.8823812587,81.0000000000,51.8823812587,9.0000000000,9.0000000000,0.0000000000,0.0000000000,30.0000000000,315.9000000000,100,0.8400000000,72.0000000000,0.0000000000,0.0000000000
18,125,0.0000000100,3,20,80,400,29.1176187413,90,60.8823812587,81.0000000000,51.8823812587,9.0000000000,9.0000000000,0.0000000000,0.0000000000,30.0000000000,315.9000000000,100,1.4000000000,72.0000000000,0.0000000000,0.0000000000
18,275,0.0000000100,3,20,80,400,29.1176187413,90,60.8823812587,81.0000000000,51.8823812587,9.0000000000,9.0000000000,0.0000000000,0.0000000000,30.0000000000,315.9000000000,100,3.0800000000,72.0000000000,0.0000000000,0.0000000000
18,325,0.0000000100,3,20,80,400,29.1176187413,90,60.8823812587,81.0000000000,51.8823812587,9.0000000000,9.0000000000,0.0000000000,0.0000000000,30.0000000000,315.9000000000,100,3.6390000000,72.0000000000,0.0000000000,0.0000000000
12,175,0.0000000100,3,20,80,400,29.1176187413,90,60.8823812587,81.0000000000,51.8823812587,9.0000000000,9.0000000000,0.0000000000,0.0000000000,200.0000000000,480.5000000000,100,2.9400000000,72.0000000000,0.0000000000,0.0000000000
15,175,0.0000000100,3,20,80,400,29.1176187413,90,60.8823812587,81.0000000000,51.8823812587,9.0000000000,9.0000000000,0.0000000000,0.0000000000,200.0000000000,480.5000000000,100,2.3520000000,72.0000000000,0.0000000000,0.0000000000
18,175,0.0000000100,3,20,80,400,29.1176187413,90,60.8823812587,81.0000000000,51.8823812587,9.0000000000,9.0000000000,0.0000000000,0.0000000000,200.0000000000,480.5000000000,100,1.9600000000,72.0000000000,0.0000000000,0.0000000000
24,175,0.0000000100,3,20,80,400,29.1176187413,90,60.8823812587,81.0000000000,51.8823812587,9.0000000000,9.0000000000,0.0000000000,0.0000000000,200.0000000000,480.5000000000,100,1.4700000000,72.0000000000,0.0000000000,0.0000000000
18,25,0.0000000100,3,20,80,400,29.1176187413,90,60.8823812587,81.0000000000,51.8823812587,9.0000000000,9.0000000000,0.0000000000,0.0000000000,200.0000000000,480.5000000000,100,0.2800000000,72.0000000000,0.0000000000,0.0000000000
18,75,0.0000000100,3,20,80,400,29.1176187413,90,60.8823812587,81.0000000000,51.8823812587,9.0000000000,9.0000000000,0.0000000000,0.0000000000,200.0000000000,480.5000000000,100,0.8400000000,72.0000000000,0.0000000000,0.0000000000
18,125,0.0000000100,3,20,80,400,29.1176187413,90,60.8823812587,81.0000000000,51.8823812587,9.0000000000,9.0000000000,0.0000000000,0.0000000000,200.0000000000,480.5000000000,100,1.4000000000,72.0000000000,0.0000000000,0.0000000000
18,275,0.0000000100,3,20,80,400,29.1176187413,90,60.8823812587,81.0000000000,51.8823812587,9.0000000000,9.0000000000,0.0000000000,0.0000000000,200.0000000000,480.5000000000,100,3.0800000000,72.0000000000,0.0000000000,0.0000000000
18,325,0.0000000100,3,20,80,400,29.1176187413,90,60.8823812587,81.0000000000,51.8823812587,9.0000000000,9.0000000000,0.0000000000,0.0000000000,200.0000000000,480.5000000000,100,3.6390000000,72.0000000000,0.0000000000,0.0000000000
12,175,0.0000000100,3,20,80,400,29.1176187413,90,60.8823812587,81.0000000000,51.8823812587,9.0000000000,9.0000000000,0.0000000000,0.0000000000,500.0000000000,586.0000000000,100,2.9400000000,72.0000000000,0.0000000000,0.0000000000
15,175,0.0000000100,3,20,80,400,29.1176187413,90,60.8823812587,81.0000000000,51.8823812587,9.0000000000,9.0000000000,0.0000000000,0.0000000000,500.0000000000,586.0000000000,100,2.3520000000,72.0000000000,0.0000000000,0.0000000000
18,175,0.0000000100,3,20,80,400,29.1176187413,90,60.8823812587,81.0000000000,51.8823812587,9.0000000000,9.0000000000,0.0000000000,0.0000000000,500.0000000000,586.0000000000,100,1.9600000000,72.0000000000,0.0000000000,0.0000000000
24,175,0.0000000100,3,20,80,400,29.1176187413,90,60.8823812587,81.0000000000,51.8823812587,9.0000000000,9.0000000000,0.0000000000,0.0000000000,500.0000000000,586.0000000000,100,1.4700000000,72.0000000000,0.0000000000,0.0000000000
18,25,0.0000000100,3,20,80,400,29.1176187413,90,60.8823812587,81.0000000000,51.8823812587,9.0000000000,9.0000000000,0.0000000000,0.0000000000,500.0000000000,586.0000000000,100,0.2800000000,72.0000000000,0.0000000000,0.0000000000
18,75,0.0000000100,3,20,80,400,29.1176187413,90,60.8823812587,81.0000000000,51.8823812587,9.0000000000,9.0000000000,0.0000000000,0.0000000000,500.0000000000,586.0000000000,100,0.8400000000,72.0000000000,0.0000000000,0.0000000000
18,125,0.0000000100,3,20,80,400,29.1176187413,90,60.8823812587,81.0000000000,51.8823812587,9.0000000000,9.0000000000,0.0000000000,0.0000000000,500.0000000000,586.0000000000,100,1.4000000000,72.0000000000,0.0000000000,0.0000000000
18,275,0.0000000100,3,20,80,400,29.1176187413,90,60.8823812587,81.0000000000,51.8823812587,9.0000000000,9.0000000000,0.0000000000,0.0000000000,500.0000000000,586.0000000000,100,3.0800000000,72.0000000000,0.0000000000,0.0000000000
18,325,0.0000000100,3,20,80,400,29.1176187413,90,60.8823812587,81.0000000000,51.8823812587,9.0000000000,9.0000000000,0.0000000000,0.0000000000,500.0000000000,586.0000000000,100,3.6390000000,72.0000000000,0.0000000000,0.0000000000
12,175,0.0000000100,3,20,80,400,29.1176187413,90,60.8823812587,81.0000000000,51.8823812587,9.0000000000,9.0000000000,19.4700000000,0.0000000000,-1.0000000000,0.0000000000,-1,3.0580000000,72.0000000000,19.4700000000,0.0000000000
15,175,0.0000000100,3,20,80,400,29.1176187413,90,60.8823812587,81.0000000000,51.8823812587,9.0000000000,9.0000000000,19.4700000000,0.0000000000,-1.0000000000,0.0000000000,-1,2.4260000000,72.0000000000,19.4700000000,0.0000000000
18,175,0.0000000100,3,20,80,400,29.1176187413,90,60.8823812587,81.0000000000,51.8823812587,9.0000000000,9.0000000000,19.4700000000,0.0000000000,-1.0000000000,0.0000000000,-1,2.0120000000,72.0000000000,19.4700000000,0.0000000000
21,175,0.0000000100,3,20,80,400,29.1176187413,90,60.8823812587,81.0000000000,51.8823812587,9.0000000000,9.0000000000,19.4700000000,0.0000000000,-1.0000000000,0.0000000000,-1,1.7180000000,72.0000000000,19.4700000000,0.0000000000
24,175,0.0000000100,3,20,80,400,29.1176187413,90,60.8823812587,81.0000000000,51.8823812587,9.0000000000,9.0000000000,19.4700000000,0.0000000000,-1.0000000000,0.0000000000,-1,1.4990000000,72.0000000000,19.4700000000,0.0000000000
18,25,0.0000000100,3,20,80,400,29.1176187413,90,60.8823812587,81.0000000000,51.8823812587,9.0000000000,9.0000000000,19.4700000000,0.0000000000,-1.0000000000,0.0000000000,-1,0.2880000000,72.0000000000,19.4700000000,0.0000000000
18,75,0.0000000100,3,20,80,400,29.1176187413,90,60.8823812587,81.0000000000,51.8823812587,9.0000000000,9.0000000000,19.4700000000,0.0000000000,-1.0000000000,0.0000000000,-1,0.8620000000,72.0000000000,19.4700000000,0.0000000000
18,125,0.0000000100,3,20,80,400,29.1176187413,90,60.8823812587,81.0000000000,51.8823812587,9.0000000000,9.0000000000,19.4700000000,0.0000000000,-1.0000000000,0.0000000000,-1,1.4370000000,72.0000000000,19.4700000000,0.0000000000
18,225,0.0000000100,3,20,80,400,29.1176187413,90,60.8823812587,81.0000000000,51.8823812587,9.0000000000,9.0000000000,19.4700000000,0.0000000000,-1.0000000000,0.0000000000,-1,2.5860000000,72.0000000000,19.4700000000,0.0000000000
18,275,0.0000000100,3,20,80,400,29.1176187413,90,60.8823812587,81.0000000000,51.8823812587,9.0000000000,9.0000000000,19.4700000000,0.0000000000,-1.0000000000,0.0000000000,-1,3.1610000000,72.0000000000,19.4700000000,0.0000000000
18,325,0.0000000100,3,20,80,400,29.1176187413,90,60.8823812587,81.0000000000,51.8823812587,9.0000000000,9.0000000000,19.4700000000,0.0000000000,-1.0000000000,0.0000000000,-1,3.7350000000,72.0000000000,19.4700000000,0.0000000000
12,175,0.0000000100,3,20,80,400,29.1176187413,90,60.8823812587,81.0000000000,51.8823812587,9.0000000000,9.0000000000,19.4700000000,0.0000000000,30.0000000000,315.9000000000,100,2.9990000000,72.0000000000,19.4700000000,0.0000000000
15,175,0.0000000100,3,20,80,400,29.1176187413,90,60.8823812587,81.0000000000,51.8823812587,9.0000000000,9.0000000000,19.4700000000,0.0000000000,30.0000000000,315.9000000000,100,2.3920000000,72.0000000000,19.4700000000,0.0000000000
18,175,0.0000000100,3,20,80,400,29.1176187413,90,60.8823812587,81.0000000000,51.8823812587,9.0000000000,9.0000000000,19.4700000000,0.0000000000,30.0000000000,315.9000000000,100,1.9900000000,72.0000000000,19.4700000000,0.0000000000
21,175,0.0000000100,3,20,80,400,29.1176187413,90,60.8823812587,81.0000000000,51.8823812587,9.0000000000,9.0000000000,19.4700000000,0.0000000000,30.0000000000,315.9000000000,100,1.7030000000,72.0000000000,19.4700000000,0.0000000000
24,175,0.0000000100,3,20,80,400,29.1176187413,90,60.8823812587,81.0000000000,51.8823812587,9.0000000000,9.0000000000,19.4700000000,0.0000000000,30.0000000000,315.9000000000,100,1.4890000000,72.0000000000,19.4700000000,0.0000000000
18,25,0.0000000100,3,20,80,400,29.1176187413,90,60.8823812587,81.0000000000,51.8823812587,9.0000000000,9.0000000000,19.4700000000,0.0000000000,30.0000000000,315.9000000000,100,0.2850000000,72.0000000000,19.4700000000,0.0000000000
18,75,0.0000000100,3,20,80,400,29.1176187413,90,60.8823812587,81.0000000000,51.8823812587,9.0000000000,9.0000000000,19.4700000000,0.0000000000,30.0000000000,315.9000000000,100,0.8530000000,72.0000000000,19.4700000000,0.0000000000
18,125,0.0000000100,3,20,80,400,29.1176187413,90,60.8823812587,81.0000000000,51.8823812587,9.0000000000,9.0000000000,19.4700000000,0.0000000000,30.0000000000,315.9000000000,100,1.4220000000,72.0000000000,19.4700000000,0.0000000000
18,225,0.0000000100,3,20,80,400,29.1176187413,90,60.8823812587,81.0000000000,51.8823812587,9.0000000000,9.0000000000,19.4700000000,0.0000000000,30.0000000000,315.9000000000,100,2.5580000000,72.0000000000,19.4700000000,0.0000000000
18,275,0.0000000100,3,20,80,400,29.1176187413,90,60.8823812587,81.0000000000,51.8823812587,9.0000000000,9.0000000000,19.4700000000,0.0000000000,30.0000000000,315.9000000000,100,3.1270000000,72.0000000000,19.4700000000,0.0000000000
18,325,0.0000000100,3,20,80,400,29.1176187413,90,60.8823812587,81.0000000000,51.8823812587,9.0000000000,9.0000000000,19.4700000000,0.0000000000,30.0000000000,315.9000000000,100,3.6950000000,72.0000000000,19.4700000000,0.0000000000
12,175,0.0000000100,3,20,80,400,29.1176187413,90,60.8823812587,81.0000000000,51.8823812587,9.0000000000,9.0000000000,19.4700000000,0.0000000000,200.0000000000,480.5000000000,100,2.9990000000,72.0000000000,19.4700000000,0.0000000000
15,175,0.0000000100,3,20,80,400,29.1176187413,90,60.8823812587,81.0000000000,51.8823812587,9.0000000000,9.0000000000,19.4700000000,0.0000000000,200.0000000000,480.5000000000,100,2.3920000000,72.0000000000,19.4700000000,0.0000000000
18,175,0.0000000100,3,20,80,400,29.1176187413,90,60.8823812587,81.0000000000,51.8823812587,9.0000000000,9.0000000000,19.4700000000,0.0000000000,200.0000000000,480.5000000000,100,1.9900000000,72.0000000000,19.4700000000,0.0000000000
21,175,0.0000000100,3,20,80,400,29.1176187413,90,60.8823812587,81.0000000000,51.8823812587,9.0000000000,9.0000000000,19.4700000000,0.0000000000,200.0000000000,480.5000000000,100,1.7030000000,72.0000000000,19.4700000000,0.0000000000
24,175,0.0000000100,3,20,80,400,29.1176187413,90,60.8823812587,81.0000000000,51.8823812587,9.0000000000,9.0000000000,19.4700000000,0.0000000000,200.0000000000,480.5000000000,100,1.4890000000,72.0000000000,19.4700000000,0.0000000000
18,25,0.0000000100,3,20,80,400,29.1176187413,90,60.8823812587,81.0000000000,51.8823812587,9.0000000000,9.0000000000,19.4700000000,0.0000000000,200.0000000000,480.5000000000,100,0.2850000000,72.0000000000,19.4700000000,0.0000000000
18,75,0.0000000100,3,20,80,400,29.1176187413,90,60.8823812587,81.0000000000,51.8823812587,9.0000000000,9.0000000000,19.4700000000,0.0000000000,200.0000000000,480.5000000000,100,0.8530000000,72.0000000000,19.4700000000,0.0000000000
18,125,0.0000000100,3,20,80,400,29.1176187413,90,60.8823812587,81.0000000000,51.8823812587,9.0000000000,9.0000000000,19.4700000000,0.0000000000,200.0000000000,480.5000000000,100,1.4220000000,72.0000000000,19.4700000000,0.0000000000
18,225,0.0000000100,3,20,80,400,29.1176187413,90,60.8823812587,81.0000000000,51.8823812587,9.0000000000,9.0000000000,19.4700000000,0.0000000000,200.0000000000,480.5000000000,100,2.5580000000,72.0000000000,19.4700000000,0.0000000000
18,275,0.0000000100,3,20,80,400,29.1176187413,90,60.8823812587,81.0000000000,51.8823812587,9.0000000000,9.0000000000,19.4700000000,0.0000000000,200.0000000000,480.5000000000,100,3.1270000000,72.0000000000,19.4700000000,0.0000000000
18,325,0.0000000100,3,20,80,400,29.1176187413,90,60.8823812587,81.0000000000,51.8823812587,9.0000000000,9.0000000000,19.4700000000,0.0000000000,200.0000000000,480.5000000000,100,3.6950000000,72.0000000000,19.4700000000,0.0000000000
12,175,0.0000000100,3,20,80,400,29.1176187413,90,60.8823812587,81.0000000000,51.8823812587,9.0000000000,9.0000000000,19.4700000000,0.0000000000,500.0000000000,586.0000000000,100,2.9990000000,72.0000000000,19.4700000000,0.0000000000
15,175,0.0000000100,3,20,80,400,29.1176187413,90,60.8823812587,81.0000000000,51.8823812587,9.0000000000,9.0000000000,19.4700000000,0.0000000000,500.0000000000,586.0000000000,100,2.3920000000,72.0000000000,19.4700000000,0.0000000000
18,175,0.0000000100,3,20,80,400,29.1176187413,90,60.8823812587,81.0000000000,51.8823812587,9.0000000000,9.0000000000,19.4700000000,0.0000000000,500.0000000000,586.0000000000,100,1.9900000000,72.0000000000,19.4700000000,0.0000000000
21,175,0.0000000100,3,20,80,400,29.1176187413,90,60.8823812587,81.0000000000,51.8823812587,9.0000000000,9.0000000000,19.4700000000,0.0000000000,500.0000000000,586.0000000000,100,1.7030000000,72.0000000000,19.4700000000,0.0000000000
24,175,0.0000000100,3,20,80,400,29.1176187413,90,60.8823812587,81.0000000000,51.8823812587,9.0000000000,9.0000000000,19.4700000000,0.0000000000,500.0000000000,586.0000000000,100,1.4890000000,72.0000000000,19.4700000000,0.0000000000
18,25,0.0000000100,3,20,80,400,29.1176187413,90,60.8823812587,81.0000000000,51.8823812587,9.0000000000,9.0000000000,19.4700000000,0.0000000000,500.0000000000,586.0000000000,100,0.2850000000,72.0000000000,19.4700000000,0.0000000000
18,75,0.0000000100,3,20,80,400,29.1176187413,90,60.8823812587,81.0000000000,51.8823812587,9.0000000000,9.0000000000,19.4700000000,0.0000000000,500.0000000000,586.0000000000,100,0.8530000000,72.0000000000,19.4700000000,0.0000000000
18,125,0.0000000100,3,20,80,400,29.1176187413,90,60.8823812587,81.0000000000,51.8823812587,9.0000000000,9.0000000000,19.4700000000,0.0000000000,500.0000000000,586.0000000000,100,1.4220000000,72.0000000000,19.4700000000,0.0000000000
18,225,0.0000000100,3,20,80,400,29.1176187413,90,60.8823812587,81.0000000000,51.8823812587,9.0000000000,9.0000000000,19.4700000000,0.0000000000,500.0000000000,586.0000000000,100,2.5580000000,72.0000000000,19.4700000000,0.0000000000
18,275,0.0000000100,3,20,80,400,29.1176187413,90,60.8823812587,81.0000000000,51.8823812587,9.0000000000,9.0000000000,19.4700000000,0.0000000000,500.0000000000,586.0000000000,100,3.1270000000,72.0000000000,19.4700000000,0.0000000000
18,325,0.0000000100,3,20,80,400,29.1176187413,90,60.8823812587,81.0000000000,51.8823812587,9.0000000000,9.0000000000,19.4700000000,0.0000000000,500.0000000000,586.0000000000,100,3.6950000000,72.0000000000,19.4700000000,0.0000000000
12,175,0.0000000100,3,20,80,400,29.1176187413,90,60.8823812587,22.5000000000,15.2205953147,67.5000000000,45.6617859440,0.0000000000,0.0000000000,-1.0000000000,0.0000000000,-1,3.8710000000,24.0000000000,0.0000000000,0.0000000000
15,175,0.0000000100,3,20,80,400,29.1176187413,90,60.8823812587,22.5000000000,15.2205953147,67.5000000000,45.6617859440,0.0000000000,0.0000000000,-1.0000000000,0.0000000000,-1,3.0960000000,24.0000000000,0.0000000000,0.0000000000
18,175,0.0000000100,3,20,80,400,29.1176187413,90,60.8823812587,22.5000000000,15.2205953147,67.5000000000,45.6617859440,0.0000000000,0.0000000000,-1.0000000000,0.0000000000,-1,2.5800000000,24.0000000000,0.0000000000,0.0000000000
21,175,0.0000000100,3,20,80,400,29.1176187413,90,60.8823812587,22.5000000000,15.2205953147,67.5000000000,45.6617859440,0.0000000000,0.0000000000,-1.0000000000,0.0000000000,-1,2.2110000000,24.0000000000,0.0000000000,0.0000000000
24,175,0.0000000100,3,20,80,400,29.1176187413,90,60.8823812587,22.5000000000,15.2205953147,67.5000000000,45.6617859440,0.0000000000,0.0000000000,-1.0000000000,0.0000000000,-1,1.9350000000,24.0000000000,0.0000000000,0.0000000000
18,75,0.0000000100,3,20,80,400,29.1176187413,90,60.8823812587,22.5000000000,15.2205953147,67.5000000000,45.6617859440,0.0000000000,0.0000000000,-1.0000000000,0.0000000000,-1,1.1060000000,24.0000000000,0.0000000000,0.0000000000
18,225,0.0000000100,3,20,80,400,29.1176187413,90,60.8823812587,22.5000000000,15.2205953147,67.5000000000,45.6617859440,0.0000000000,0.0000000000,-1.0000000000,0.0000000000,-1,3.3170000000,24.0000000000,0.0000000000,0.0000000000
18,275,0.0000000100,3,20,80,400,29.1176187413,90,60.8823812587,22.5000000000,15.2205953147,67.5000000000,45.6617859440,0.0000000000,0.0000000000,-1.0000000000,0.0000000000,-1,4.0540000000,24.0000000000,0.0000000000,0.0000000000
18,325,0.0000000100,3,20,80,400,29.1176187413,90,60.8823812587,22.5000000000,15.2205953147,67.5000000000,45.6617859440,0.0000000000,0.0000000000,-1.0000000000,0.0000000000,-1,4.7920000000,24.0000000000,0.0000000000,0.0000000000
12,175,0.0000000100,3,20,80,400,29.1176187413,90,60.8823812587,22.5000000000,15.2205953147,67.5000000000,45.6617859440,0.0000000000,0.0000000000,30.0000000000,315.9000000000,100,3.8710000000,24.0000000000,0.0000000000,0.0000000000
15,175,0.0000000100,3,20,80,400,29.1176187413,90,60.8823812587,22.5000000000,15.2205953147,67.5000000000,45.6617859440,0.0000000000,0.0000000000,30.0000000000,315.9000000000,100,3.0960000000,24.0000000000,0.0000000000,0.0000000000
18,175,0.0000000100,3,20,80,400,29.1176187413,90,60.8823812587,22.5000000000,15.2205953147,67.5000000000,45.6617859440,0.0000000000,0.0000000000,30.0000000000,315.9000000000,100,2.5800000000,24.0000000000,0.0000000000,0.0000000000
21,175,0.0000000100,3,20,80,400,29.1176187413,90,60.8823812587,22.5000000000,15.2205953147,67.5000000000,45.6617859440,0.0000000000,0.0000000000,30.0000000000,315.9000000000,100,2.2110000000,24.0000000000,0.0000000000,0.0000000000
24,175,0.0000000100,3,20,80,400,29.1176187413,90,60.8823812587,22.5000000000,15.2205953147,67.5000000000,45.6617859440,0.0000000000,0.0000000000,30.0000000000,315.9000000000,100,1.9350000000,24.0000000000,0.0000000000,0.0000000000
18,75,0.0000000100,3,20,80,400,29.1176187413,90,60.8823812587,22.5000000000,15.2205953147,67.5000000000,45.6617859440,0.0000000000,0.0000000000,30.0000000000,315.9000000000,100,1.1060000000,24.0000000000,0.0000000000,0.0000000000
18,225,0.0000000100,3,20,80,400,29.1176187413,90,60.8823812587,22.5000000000,15.2205953147,67.5000000000,45.6617859440,0.0000000000,0.0000000000,30.0000000000,315.9000000000,100,3.3170000000,24.0000000000,0.0000000000,0.0000000000
18,275,0.0000000100,3,20,80,400,29.1176187413,90,60.8823812587,22.5000000000,15.2205953147,67.5000000000,45.6617859440,0.0000000000,0.0000000000,30.0000000000,315.9000000000,100,4.0540000000,24.0000000000,0.0000000000,0.0000000000
18,325,0.0000000100,3,20,80,400,29.1176187413,90,60.8823812587,22.5000000000,15.2205953147,67.5000000000,45.6617859440,0.0000000000,0.0000000000,30.0000000000,315.9000000000,100,4.7920000000,24.0000000000,0.0000000000,0.0000000000
12,175,0.0000000100,3,20,80,400,29.1176187413,90,60.8823812587,22.5000000000,15.2205953147,67.5000000000,45.6617859440,0.0000000000,0.0000000000,200.0000000000,480.5000000000,100,3.8710000000,24.0000000000,0.0000000000,0.0000000000
15,175,0.0000000100,3,20,80,400,29.1176187413,90,60.8823812587,22.5000000000,15.2205953147,67.5000000000,45.6617859440,0.0000000000,0.0000000000,200.0000000000,480.5000000000,100,3.0960000000,24.0000000000,0.0000000000,0.0000000000
18,175,0.0000000100,3,20,80,400,29.1176187413,90,60.8823812587,22.5000000000,15.2205953147,67.5000000000,45.6617859440,0.0000000000,0.0000000000,200.0000000000,480.5000000000,100,2.5800000000,24.0000000000,0.0000000000,0.0000000000
21,175,0.0000000100,3,20,80,400,29.1176187413,90,60.8823812587,22.5000000000,15.2205953147,67.5000000000,45.6617859440,0.0000000000,0.0000000000,200.0000000000,480.5000000000,100,2.2110000000,24.0000000000,0.0000000000,0.0000000000
24,175,0.0000000100,3,20,80,400,29.1176187413,90,60.8823812587,22.5000000000,15.2205953147,67.5000000000,45.6617859440,0.0000000000,0.0000000000,200.0000000000,480.5000000000,100,1.9350000000,24.0000000000,0.0000000000,0.0000000000
18,75,0.0000000100,3,20,80,400,29.1176187413,90,60.8823812587,22.5000000000,15.2205953147,67.5000000000,45.6617859440,0.0000000000,0.0000000000,200.0000000000,480.5000000000,100,1.1060000000,24.0000000000,0.0000000000,0.0000000000
18,225,0.0000000100,3,20,80,400,29.1176187413,90,60.8823812587,22.5000000000,15.2205953147,67.5000000000,45.6617859440,0.0000000000,0.0000000000,200.0000000000,480.5000000000,100,3.3170000000,24.0000000000,0.0000000000,0.0000000000
18,275,0.0000000100,3,20,80,400,29.1176187413,90,60.8823812587,22.5000000000,15.2205953147,67.5000000000,45.6617859440,0.0000000000,0.0000000000,200.0000000000,480.5000000000,100,4.0540000000,24.0000000000,0.0000000000,0.0000000000
18,325,0.0000000100,3,20,80,400,29.1176187413,90,60.8823812587,22.5000000000,15.2205953147,67.5000000000,45.6617859440,0.0000000000,0.0000000000,200.0000000000,480.5000000000,100,4.7920000000,24.0000000000,0.0000000000,0.0000000000
12,175,0.0000000100,3,20,80,400,29.1176187413,90,60.8823812587,22.5000000000,15.2205953147,67.5000000000,45.6617859440,0.0000000000,0.0000000000,500.0000000000,586.0000000000,100,3.8710000000,24.0000000000,0.0000000000,0.0000000000
15,175,0.0000000100,3,20,80,400,29.1176187413,90,60.8823812587,22.5000000000,15.2205953147,67.5000000000,45.6617859440,0.0000000000,0.0000000000,500.0000000000,586.0000000000,100,3.0960000000,24.0000000000,0.0000000000,0.0000000000
18,175,0.0000000100,3,20,80,400,29.1176187413,90,60.8823812587,22.5000000000,15.2205953147,67.5000000000,45.6617859440,0.0000000000,0.0000000000,500.0000000000,586.0000000000,100,2.5800000000,24.0000000000,0.0000000000,0.0000000000
21,175,0.0000000100,3,20,80,400,29.1176187413,90,60.8823812587,22.5000000000,15.2205953147,67.5000000000,45.6617859440,0.0000000000,0.0000000000,500.0000000000,586.0000000000,100,2.2110000000,24.0000000000,0.0000000000,0.0000000000
24,175,0.0000000100,3,20,80,400,29.1176187413,90,60.8823812587,22.5000000000,15.2205953147,67.5000000000,45.6617859440,0.0000000000,0.0000000000,500.0000000000,586.0000000000,100,1.9350000000,24.0000000000,0.0000000000,0.0000000000
18,75,0.0000000100,3,20,80,400,29.1176187413,90,60.8823812587,22.5000000000,15.2205953147,67.5000000000,45.6617859440,0.0000000000,0.0000000000,500.0000000000,586.0000000000,100,1.1060000000,24.0000000000,0.0000000000,0.0000000000
18,225,0.0000000100,3,20,80,400,29.1176187413,90,60.8823812587,22.5000000000,15.2205953147,67.5000000000,45.6617859440,0.0000000000,0.0000000000,500.0000000000,586.0000000000,100,3.3170000000,24.0000000000,0.0000000000,0.0000000000
18,275,0.0000000100,3,20,80,400,29.1176187413,90,60.8823812587,22.5000000000,15.2205953147,67.5000000000,45.6617859440,0.0000000000,0.0000000000,500.0000000000,586.0000000000,100,4.0540000000,24.0000000000,0.0000000000,0.0000000000
18,325,0.0000000100,3,20,80,400,29.1176187413,90,60.8823812587,22.5000000000,15.2205953147,67.5000000000,45.6617859440,0.0000000000,0.0000000000,500.0000000000,586.0000000000,100,4.7920000000,24.0000000000,0.0000000000,0.0000000000
12,175,0.0000000100,3,20,80,400,29.1176187413,90,60.8823812587,22.5000000000,15.2205953147,67.5000000000,45.6617859440,19.4700000000,0.0000000000,-1.0000000000,0.0000000000,-1,4.1170000000,24.0000000000,19.4700000000,0.0000000000
15,175,0.0000000100,3,20,80,400,29.1176187413,90,60.8823812587,22.5000000000,15.2205953147,67.5000000000,45.6617859440,19.4700000000,0.0000000000,-1.0000000000,0.0000000000,-1,3.2520000000,24.0000000000,19.4700000000,0.0000000000
18,175,0.0000000100,3,20,80,400,29.1176187413,90,60.8823812587,22.5000000000,15.2205953147,67.5000000000,45.6617859440,19.4700000000,0.0000000000,-1.0000000000,0.0000000000,-1,2.6870000000,24.0000000000,19.4700000000,0.0000000000
21,175,0.0000000100,3,20,80,400,29.1176187413,90,60.8823812587,22.5000000000,15.2205953147,67.5000000000,45.6617859440,19.4700000000,0.0000000000,-1.0000000000,0.0000000000,-1,2.2900000000,24.0000000000,19.4700000000,0.0000000000
24,175,0.0000000100,3,20,80,400,29.1176187413,90,60.8823812587,22.5000000000,15.2205953147,67.5000000000,45.6617859440,19.4700000000,0.0000000000,-1.0000000000,0.0000000000,-1,1.9950000000,24.0000000000,19.4700000000,0.0000000000
18,25,0.0000000100,3,20,80,400,29.1176187413,90,60.8823812587,22.5000000000,15.2205953147,67.5000000000,45.6617859440,19.4700000000,0.0000000000,-1.0000000000,0.0000000000,-1,0.3840000000,24.0000000000,19.4700000000,0.0000000000
18,125,0.0000000100,3,20,80,400,29.1176187413,90,60.8823812587,22.5000000000,15.2205953147,67.5000000000,45.6617859440,19.4700000000,0.0000000000,-1.0000000000,0.0000000000,-1,1.9190000000,24.0000000000,19.4700000000,0.0000000000
18,225,0.0000000100,3,20,80,400,29.1176187413,90,60.8823812587,22.5000000000,15.2205953147,67.5000000000,45.6617859440,19.4700000000,0.0000000000,-1.0000000000,0.0000000000,-1,3.4550000000,24.0000000000,19.4700000000,0.0000000000
18,275,0.0000000100,3,20,80,400,29.1176187413,90,60.8823812587,22.5000000000,15.2205953147,67.5000000000,45.6617859440,19.4700000000,0.0000000000,-1.0000000000,0.0000000000,-1,4.2230000000,24.0000000000,19.4700000000,0.0000000000
18,325,0.0000000100,3,20,80,400,29.1176187413,90,60.8823812587,22.5000000000,15.2205953147,67.5000000000,45.6617859440,19.4700000000,0.0000000000,-1.0000000000,0.0000000000,-1,4.9910000000,24.0000000000,19.4700000000,0.0000000000
12,175,0.0000000100,3,20,80,400,29.1176187413,90,60.8823812587,22.5000000000,15.2205953147,67.5000000000,45.6617859440,19.4700000000,0.0000000000,30.0000000000,315.9000000000,100,4.0710000000,24.0000000000,19.4700000000,0.0000000000
15,175,0.0000000100,3,20,80,400,29.1176187413,90,60.8823812587,22.5000000000,15.2205953147,67.5000000000,45.6617859440,19.4700000000,0.0000000000,30.0000000000,315.9000000000,100,3.2230000000,24.0000000000,19.4700000000,0.0000000000
18,175,0.0000000100,3,20,80,400,29.1176187413,90,60.8823812587,22.5000000000,15.2205953147,67.5000000000,45.6617859440,19.4700000000,0.0000000000,30.0000000000,315.9000000000,100,2.6670000000,24.0000000000,19.4700000000,0.0000000000
21,175,0.0000000100,3,20,80,400,29.1176187413,90,60.8823812587,22.5000000000,15.2205953147,67.5000000000,45.6617859440,19.4700000000,0.0000000000,30.0000000000,315.9000000000,100,2.2750000000,24.0000000000,19.4700000000,0.0000000000
24,175,0.0000000100,3,20,80,400,29.1176187413,90,60.8823812587,22.5000000000,15.2205953147,67.5000000000,45.6617859440,19.4700000000,0.0000000000,30.0000000000,315.9000000000,100,1.9840000000,24.0000000000,19.4700000000,0.0000000000
18,25,0.0000000100,3,20,80,400,29.1176187413,90,60.8823812587,22.5000000000,15.2205953147,67.5000000000,45.6617859440,19.4700000000,0.0000000000,30.0000000000,315.9000000000,100,0.3810000000,24.0000000000,19.4700000000,0.0000000000
18,125,0.0000000100,3,20,80,400,29.1176187413,90,60.8823812587,22.5000000000,15.2205953147,67.5000000000,45.6617859440,19.4700000000,0.0000000000,30.0000000000,315.9000000000,100,1.9050000000,24.0000000000,19.4700000000,0.0000000000
18,225,0.0000000100,3,20,80,400,29.1176187413,90,60.8823812587,22.5000000000,15.2205953147,67.5000000000,45.6617859440,19.4700000000,0.0000000000,30.0000000000,315.9000000000,100,3.4300000000,24.0000000000,19.4700000000,0.0000000000
18,275,0.0000000100,3,20,80,400,29.1176187413,90,60.8823812587,22.5000000000,15.2205953147,67.5000000000,45.6617859440,19.4700000000,0.0000000000,30.0000000000,315.9000000000,100,4.1920000000,24.0000000000,19.4700000000,0.0000000000
18,325,0.0000000100,3,20,80,400,29.1176187413,90,60.8823812587,22.5000000000,15.2205953147,67.5000000000,45.6617859440,19.4700000000,0.0000000000,30.0000000000,315.9000000000,100,4.9540000000,24.0000000000,19.4700000000,0.0000000000
12,175,0.0000000100,3,20,80,400,29.1176187413,90,60.8823812587,22.5000000000,15.2205953147,67.5000000000,45.6617859440,19.4700000000,0.0000000000,200.0000000000,480.5000000000,100,4.0710000000,24.0000000000,19.4700000000,0.0000000000
15,175,0.0000000100,3,20,80,400,29.1176187413,90,60.8823812587,22.5000000000,15.2205953147,67.5000000000,45.6617859440,19.4700000000,0.0000000000,200.0000000000,480.5000000000,100,3.2230000000,24.0000000000,19.4700000000,0.0000000000
18,175,0.0000000100,3,20,80,400,29.1176187413,90,60.8823812587,22.5000000000,15.2205953147,67.5000000000,45.6617859440,19.4700000000,0.0000000000,200.0000000000,480.5000000000,100,2.6670000000,24.0000000000,19.4700000000,0.0000000000
21,175,0.0000000100,3,20,80,400,29.1176187413,90,60.8823812587,22.5000000000,15.2205953147,67.5000000000,45.6617859440,19.4700000000,0.0000000000,200.0000000000,480.5000000000,100,2.2750000000,24.0000000000,19.4700000000,0.0000000000
24,175,0.0000000100,3,20,80,400,29.1176187413,90,60.8823812587,22.5000000000,15.2205953147,67.5000000000,45.6617859440,19.4700000000,0.0000000000,200.0000000000,480.5000000000,100,1.9840000000,24.0000000000,19.4700000000,0.0000000000
18,25,0.0000000100,3,20,80,400,29.1176187413,90,60.8823812587,22.5000000000,15.2205953147,67.5000000000,45.6617859440,19.4700000000,0.0000000000,200.0000000000,480.5000000000,100,0.3810000000,24.0000000000,19.4700000000,0.0000000000
18,125,0.0000000100,3,20,80,400,29.1176187413,90,60.8823812587,22.5000000000,15.2205953147,67.5000000000,45.6617859440,19.4700000000,0.0000000000,200.0000000000,480.5000000000,100,1.9050000000,24.0000000000,19.4700000000,0.0000000000
18,225,0.0000000100,3,20,80,400,29.1176187413,90,60.8823812587,22.5000000000,15.2205953147,67.5000000000,45.6617859440,19.4700000000,0.0000000000,200.0000000000,480.5000000000,100,3.4300000000,24.0000000000,19.4700000000,0.0000000000
18,275,0.0000000100,3,20,80,400,29.1176187413,90,60.8823812587,22.5000000000,15.2205953147,67.5000000000,45.6617859440,19.4700000000,0.0000000000,200.0000000000,480.5000000000,100,4.1920000000,24.0000000000,19.4700000000,0.0000000000
18,325,0.0000000100,3,20,80,400,29.1176187413,90,60.8823812587,22.5000000000,15.2205953147,67.5000000000,45.6617859440,19.4700000000,0.0000000000,200.0000000000,480.5000000000,100,4.9540000000,24.0000000000,19.4700000000,0.0000000000
12,175,0.0000000100,3,20,80,400,29.1176187413,90,60.8823812587,22.5000000000,15.2205953147,67.5000000000,45.6617859440,19.4700000000,0.0000000000,500.0000000000,586.0000000000,100,4.0710000000,24.0000000000,19.4700000000,0.0000000000
15,175,0.0000000100,3,20,80,400,29.1176187413,90,60.8823812587,22.5000000000,15.2205953147,67.5000000000,45.6617859440,19.4700000000,0.0000000000,500.0000000000,586.0000000000,100,3.2230000000,24.0000000000,19.4700000000,0.0000000000
18,175,0.0000000100,3,20,80,400,29.1176187413,90,60.8823812587,22.5000000000,15.2205953147,67.5000000000,45.6617859440,19.4700000000,0.0000000000,500.0000000000,586.0000000000,100,2.6670000000,24.0000000000,19.4700000000,0.0000000000
21,175,0.0000000100,3,20,80,400,29.1176187413,90,60.8823812587,22.5000000000,15.2205953147,67.5000000000,45.6617859440,19.4700000000,0.0000000000,500.0000000000,586.0000000000,100,2.2750000000,24.0000000000,19.4700000000,0.0000000000
24,175,0.0000000100,3,20,80,400,29.1176187413,90,60.8823812587,22.5000000000,15.2205953147,67.5000000000,45.6617859440,19.4700000000,0.0000000000,500.0000000000,586.0000000000,100,1.9840000000,24.0000000000,19.4700000000,0.0000000000
18,25,0.0000000100,3,20,80,400,29.1176187413,90,60.8823812587,22.5000000000,15.2205953147,67.5000000000,45.6617859440,19.4700000000,0.0000000000,500.0000000000,586.0000000000,100,0.3810000000,24.0000000000,19.4700000000,0.0000000000
18,125,0.0000000100,3,20,80,400,29.1176187413,90,60.8823812587,22.5000000000,15.2205953147,67.5000000000,45.6617859440,19.4700000000,0.0000000000,500.0000000000,586.0000000000,100,1.9050000000,24.0000000000,19.4700000000,0.0000000000
18,225,0.0000000100,3,20,80,400,29.1176187413,90,60.8823812587,22.5000000000,15.2205953147,67.5000000000,45.6617859440,19.4700000000,0.0000000000,500.0000000000,586.0000000000,100,3.4300000000,24.0000000000,19.4700000000,0.0000000000
18,275,0.0000000100,3,20,80,400,29.1176187413,90,60.8823812587,22.5000000000,15.2205953147,67.5000000000,45.6617859440,19.4700000000,0.0000000000,500.0000000000,586.0000000000,100,4.1920000000,24.0000000000,19.4700000000,0.0000000000
18,325,0.0000000100,3,20,80,400,29.1176187413,90,60.8823812587,22.5000000000,15.2205953147,67.5000000000,45.6617859440,19.4700000000,0.0000000000,500.0000000000,586.0000000000,100,4.9540000000,24.0000000000,19.4700000000,0.0000000000
12,175,0.0000000100,3,20,80,400,29.1176187413,90,60.8823812587,29.1176187413,0.0000000000,60.8823812587,60.8823812587,0.0000000000,0.0000000000,-1.0000000000,0.0000000000,-1,4.6770000000,24.0000000000,0.0000000000,0.0000000000
15,175,0.0000000100,3,20,80,400,29.1176187413,90,60.8823812587,29.1176187413,0.0000000000,60.8823812587,60.8823812587,0.0000000000,0.0000000000,-1.0000000000,0.0000000000,-1,3.7410000000,24.0000000000,0.0000000000,0.0000000000
21,175,0.0000000100,3,20,80,400,29.1176187413,90,60.8823812587,29.1176187413,0.0000000000,60.8823812587,60.8823812587,0.0000000000,0.0000000000,-1.0000000000,0.0000000000,-1,2.6720000000,24.0000000000,0.0000000000,0.0000000000
24,175,0.0000000100,3,20,80,400,29.1176187413,90,60.8823812587,29.1176187413,0.0000000000,60.8823812587,60.8823812587,0.0000000000,0.0000000000,-1.0000000000,0.0000000000,-1,2.3380000000,24.0000000000,0.0000000000,0.0000000000
18,25,0.0000000100,3,20,80,400,29.1176187413,90,60.8823812587,29.1176187413,0.0000000000,60.8823812587,60.8823812587,0.0000000000,0.0000000000,-1.0000000000,0.0000000000,-1,0.4450000000,24.0000000000,0.0000000000,0.0000000000
18,75,0.0000000100,3,20,80,400,29.1176187413,90,60.8823812587,29.1176187413,0.0000000000,60.8823812587,60.8823812587,0.0000000000,0.0000000000,-1.0000000000,0.0000000000,-1,1.3360000000,24.0000000000,0.0000000000,0.0000000000
18,125,0.0000000100,3,20,80,400,29.1176187413,90,60.8823812587,29.1176187413,0.0000000000,60.8823812587,60.8823812587,0.0000000000,0.0000000000,-1.0000000000,0.0000000000,-1,2.2270000000,24.0000000000,0.0000000000,0.0000000000
18,225,0.0000000100,3,20,80,400,29.1176187413,90,60.8823812587,29.1176187413,0.0000000000,60.8823812587,60.8823812587,0.0000000000,0.0000000000,-1.0000000000,0.0000000000,-1,4.0080000000,24.0000000000,0.0000000000,0.0000000000
18,325,0.0000000100,3,20,80,400,29.1176187413,90,60.8823812587,29.1176187413,0.0000000000,60.8823812587,60.8823812587,0.0000000000,0.0000000000,-1.0000000000,0.0000000000,-1,5.7900000000,24.0000000000,0.0000000000,0.0000000000
12,175,0.0000000100,3,20,80,400,29.1176187413,90,60.8823812587,29.1176187413,0.0000000000,60.8823812587,60.8823812587,0.0000000000,0.0000000000,30.0000000000,315.9000000000,100,4.6770000000,24.0000000000,0.0000000000,0.0000000000
15,175,0.0000000100,3,20,80,400,29.1176187413,90,60.8823812587,29.1176187413,0.0000000000,60.8823812587,60.8823812587,0.0000000000,0.0000000000,30.0000000000,315.9000000000,100,3.7410000000,24.0000000000,0.0000000000,0.0000000000
21,175,0.0000000100,3,20,80,400,29.1176187413,90,60.8823812587,29.1176187413,0.0000000000,60.8823812587,60.8823812587,0.0000000000,0.0000000000,30.0000000000,315.9000000000,100,2.6720000000,24.0000000000,0.0000000000,0.0000000000
24,175,0.0000000100,3,20,80,400,29.1176187413,90,60.8823812587,29.1176187413,0.0000000000,60.8823812587,60.8823812587,0.0000000000,0.0000000000,30.0000000000,315.9000000000,100,2.3380000000,24.0000000000,0.0000000000,0.0000000000
18,25,0.0000000100,3,20,80,400,29.1176187413,90,60.8823812587,29.1176187413,0.0000000000,60.8823812587,60.8823812587,0.0000000000,0.0000000000,30.0000000000,315.9000000000,100,0.4450000000,24.0000000000,0.0000000000,0.0000000000
18,75,0.0000000100,3,20,80,400,29.1176187413,90,60.8823812587,29.1176187413,0.0000000000,60.8823812587,60.8823812587,0.0000000000,0.0000000000,30.0000000000,315.9000000000,100,1.3360000000,24.0000000000,0.0000000000,0.0000000000
18,125,0.0000000100,3,20,80,400,29.1176187413,90,60.8823812587,29.1176187413,0.0000000000,60.8823812587,60.8823812587,0.0000000000,0.0000000000,30.0000000000,315.9000000000,100,2.2270000000,24.0000000000,0.0000000000,0.0000000000
18,225,0.0000000100,3,20,80,400,29.1176187413,90,60.8823812587,29.1176187413,0.0000000000,60.8823812587,60.8823812587,0.0000000000,0.0000000000,30.0000000000,315.9000000000,100,4.0080000000,24.0000000000,0.0000000000,0.0000000000
18,325,0.0000000100,3,20,80,400,29.1176187413,90,60.8823812587,29.1176187413,0.0000000000,60.8823812587,60.8823812587,0.0000000000,0.0000000000,30.0000000000,315.9000000000,100,5.7900000000,24.0000000000,0.0000000000,0.0000000000
12,175,0.0000000100,3,20,80,400,29.1176187413,90,60.8823812587,29.1176187413,0.0000000000,60.8823812587,60.8823812587,0.0000000000,0.0000000000,200.0000000000,480.5000000000,100,4.6770000000,24.0000000000,0.0000000000,0.0000000000
15,175,0.0000000100,3,20,80,400,29.1176187413,90,60.8823812587,29.1176187413,0.0000000000,60.8823812587,60.8823812587,0.0000000000,0.0000000000,200.0000000000,480.5000000000,100,3.7410000000,24.0000000000,0.0000000000,0.0000000000
21,175,0.0000000100,3,20,80,400,29.1176187413,90,60.8823812587,29.1176187413,0.0000000000,60.8823812587,60.8823812587,0.0000000000,0.0000000000,200.0000000000,480.5000000000,100,2.6720000000,24.0000000000,0.0000000000,0.0000000000
24,175,0.0000000100,3,20,80,400,29.1176187413,90,60.8823812587,29.1176187413,0.0000000000,60.8823812587,60.8823812587,0.0000000000,0.0000000000,200.0000000000,480.5000000000,100,2.3380000000,24.0000000000,0.0000000000,0.0000000000
18,25,0.0000000100,3,20,80,400,29.1176187413,90,60.8823812587,29.1176187413,0.0000000000,60.8823812587,60.8823812587,0.0000000000,0.0000000000,200.0000000000,480.5000000000,100,0.4450000000,24.0000000000,0.0000000000,0.0000000000
18,75,0.0000000100,3,20,80,400,29.1176187413,90,60.8823812587,29.1176187413,0.0000000000,60.8823812587,60.8823812587,0.0000000000,0.0000000000,200.0000000000,480.5000000000,100,1.3360000000,24.0000000000,0.0000000000,0.0000000000
18,125,0.0000000100,3,20,80,400,29.1176187413,90,60.8823812587,29.1176187413,0.0000000000,60.8823812587,60.8823812587,0.0000000000,0.0000000000,200.0000000000,480.5000000000,100,2.2270000000,24.0000000000,0.0000000000,0.0000000000
18,225,0.0000000100,3,20,80,400,29.1176187413,90,60.8823812587,29.1176187413,0.0000000000,60.8823812587,60.8823812587,0.0000000000,0.0000000000,200.0000000000,480.5000000000,100,4.0080000000,24.0000000000,0.0000000000,0.0000000000
18,325,0.0000000100,3,20,80,400,29.1176187413,90,60.8823812587,29.1176187413,0.0000000000,60.8823812587,60.8823812587,0.0000000000,0.0000000000,200.0000000000,480.5000000000,100,5.7900000000,24.0000000000,0.0000000000,0.0000000000
12,175,0.0000000100,3,20,80,400,29.1176187413,90,60.8823812587,29.1176187413,0.0000000000,60.8823812587,60.8823812587,0.0000000000,0.0000000000,500.0000000000,586.0000000000,100,4.6770000000,24.0000000000,0.0000000000,0.0000000000
15,175,0.0000000100,3,20,80,400,29.1176187413,90,60.8823812587,29.1176187413,0.0000000000,60.8823812587,60.8823812587,0.0000000000,0.0000000000,500.0000000000,586.0000000000,100,3.7410000000,24.0000000000,0.0000000000,0.0000000000
21,175,0.0000000100,3,20,80,400,29.1176187413,90,60.8823812587,29.1176187413,0.0000000000,60.8823812587,60.8823812587,0.0000000000,0.0000000000,500.0000000000,586.0000000000,100,2.6720000000,24.0000000000,0.0000000000,0.0000000000
24,175,0.0000000100,3,20,80,400,29.1176187413,90,60.8823812587,29.1176187413,0.0000000000,60.8823812587,60.8823812587,0.0000000000,0.0000000000,500.0000000000,586.0000000000,100,2.3380000000,24.0000000000,0.0000000000,0.0000000000
18,25,0.0000000100,3,20,80,400,29.1176187413,90,60.8823812587,29.1176187413,0.0000000000,60.8823812587,60.8823812587,0.0000000000,0.0000000000,500.0000000000,586.0000000000,100,0.4450000000,24.0000000000,0.0000000000,0.0000000000
18,75,0.0000000100,3,20,80,400,29.1176187413,90,60.8823812587,29.1176187413,0.0000000000,60.8823812587,60.8823812587,0.0000000000,0.0000000000,500.0000000000,586.0000000000,100,1.3360000000,24.0000000000,0.0000000000,0.0000000000
18,125,0.0000000100,3,20,80,400,29.1176187413,90,60.8823812587,29.1176187413,0.0000000000,60.8823812587,60.8823812587,0.0000000000,0.0000000000,500.0000000000,586.0000000000,100,2.2270000000,24.0000000000,0.0000000000,0.0000000000
18,225,0.0000000100,3,20,80,400,29.1176187413,90,60.8823812587,29.1176187413,0.0000000000,60.8823812587,60.8823812587,0.0000000000,0.0000000000,500.0000000000,586.0000000000,100,4.0080000000,24.0000000000,0.0000000000,0.0000000000
18,325,0.0000000100,3,20,80,400,29.1176187413,90,60.8823812587,29.1176187413,0.0000000000,60.8823812587,60.8823812587,0.0000000000,0.0000000000,500.0000000000,586.0000000000,100,5.7900000000,24.0000000000,0.0000000000,0.0000000000
12,175,0.0000000100,3,20,80,400,29.1176187413,90,60.8823812587,29.1176187413,0.0000000000,60.8823812587,60.8823812587,19.4700000000,0.0000000000,-1.0000000000,0.0000000000,-1,5.0060000000,24.0000000000,19.4700000000,0.0000000000
15,175,0.0000000100,3,20,80,400,29.1176187413,90,60.8823812587,29.1176187413,0.0000000000,60.8823812587,60.8823812587,19.4700000000,0.0000000000,-1.0000000000,0.0000000000,-1,3.9490000000,24.0000000000,19.4700000000,0.0000000000
18,175,0.0000000100,3,20,80,400,29.1176187413,90,60.8823812587,29.1176187413,0.0000000000,60.8823812587,60.8823812587,19.4700000000,0.0000000000,-1.0000000000,0.0000000000,-1,3.2600000000,24.0000000000,19.4700000000,0.0000000000
21,175,0.0000000100,3,20,80,400,29.1176187413,90,60.8823812587,29.1176187413,0.0000000000,60.8823812587,60.8823812587,19.4700000000,0.0000000000,-1.0000000000,0.0000000000,-1,2.7760000000,24.0000000000,19.4700000000,0.0000000000
24,175,0.0000000100,3,20,80,400,29.1176187413,90,60.8823812587,29.1176187413,0.0000000000,60.8823812587,60.8823812587,19.4700000000,0.0000000000,-1.0000000000,0.0000000000,-1,2.4170000000,24.0000000000,19.4700000000,0.0000000000
18,25,0.0000000100,3,20,80,400,29.1176187413,90,60.8823812587,29.1176187413,0.0000000000,60.8823812587,60.8823812587,19.4700000000,0.0000000000,-1.0000000000,0.0000000000,-1,0.4660000000,24.0000000000,19.4700000000,0.0000000000
18,75,0.0000000100,3,20,80,400,29.1176187413,90,60.8823812587,29.1176187413,0.0000000000,60.8823812587,60.8823812587,19.4700000000,0.0000000000,-1.0000000000,0.0000000000,-1,1.3980000000,24.0000000000,19.4700000000,0.0000000000
18,125,0.0000000100,3,20,80,400,29.1176187413,90,60.8823812587,29.1176187413,0.0000000000,60.8823812587,60.8823812587,19.4700000000,0.0000000000,-1.0000000000,0.0000000000,-1,2.3290000000,24.0000000000,19.4700000000,0.0000000000
12,175,0.0000000100,3,20,80,400,29.1176187413,90,60.8823812587,29.1176187413,0.0000000000,60.8823812587,60.8823812587,19.4700000000,0.0000000000,30.0000000000,315.9000000000,100,4.9430000000,24.0000000000,19.4700000000,0.0000000000
15,175,0.0000000100,3,20,80,400,29.1176187413,90,60.8823812587,29.1176187413,0.0000000000,60.8823812587,60.8823812587,19.4700000000,0.0000000000,30.0000000000,315.9000000000,100,3.9100000000,24.0000000000,19.4700000000,0.0000000000
18,175,0.0000000100,3,20,80,400,29.1176187413,90,60.8823812587,29.1176187413,0.0000000000,60.8823812587,60.8823812587,19.4700000000,0.0000000000,30.0000000000,315.9000000000,100,3.2340000000,24.0000000000,19.4700000000,0.0000000000
21,175,0.0000000100,3,20,80,400,29.1176187413,90,60.8823812587,29.1176187413,0.0000000000,60.8823812587,60.8823812587,19.4700000000,0.0000000000,30.0000000000,315.9000000000,100,2.7570000000,24.0000000000,19.4700000000,0.0000000000
24,175,0.0000000100,3,20,80,400,29.1176187413,90,60.8823812587,29.1176187413,0.0000000000,60.8823812587,60.8823812587,19.4700000000,0.0000000000,30.0000000000,315.9000000000,100,2.4030000000,24.0000000000,19.4700000000,0.0000000000
18,25,0.0000000100,3,20,80,400,29.1176187413,90,60.8823812587,29.1176187413,0.0000000000,60.8823812587,60.8823812587,19.4700000000,0.0000000000,30.0000000000,315.9000000000,100,0.4620000000,24.0000000000,19.4700000000,0.0000000000
18,75,0.0000000100,3,20,80,400,29.1176187413,90,60.8823812587,29.1176187413,0.0000000000,60.8823812587,60.8823812587,19.4700000000,0.0000000000,30.0000000000,315.9000000000,100,1.3860000000,24.0000000000,19.4700000000,0.0000000000
18,125,0.0000000100,3,20,80,400,29.1176187413,90,60.8823812587,29.1176187413,0.0000000000,60.8823812587,60.8823812587,19.4700000000,0.0000000000,30.0000000000,315.9000000000,100,2.3100000000,24.0000000000,19.4700000000,0.0000000000
12,175,0.0000000100,3,20,80,400,29.1176187413,90,60.8823812587,29.1176187413,0.0000000000,60.8823812587,60.8823812587,19.4700000000,0.0000000000,200.0000000000,480.5000000000,100,4.9430000000,24.0000000000,19.4700000000,0.0000000000
15,175,0.0000000100,3,20,80,400,29.1176187413,90,60.8823812587,29.1176187413,0.0000000000,60.8823812587,60.8823812587,19.4700000000,0.0000000000,200.0000000000,480.5000000000,100,3.9100000000,24.0000000000,19.4700000000,0.0000000000
18,175,0.0000000100,3,20,80,400,29.1176187413,90,60.8823812587,29.1176187413,0.0000000000,60.8823812587,60.8823812587,19.4700000000,0.0000000000,200.0000000000,480.5000000000,100,3.2340000000,24.0000000000,19.4700000000,0.0000000000
21,175,0.0000000100,3,20,80,400,29.1176187413,90,60.8823812587,29.1176187413,0.0000000000,60.8823812587,60.8823812587,19.4700000000,0.0000000000,200.0000000000,480.5000000000,100,2.7570000000,24.0000000000,19.4700000000,0.0000000000
24,175,0.0000000100,3,20,80,400,29.1176187413,90,60.8823812587,29.1176187413,0.0000000000,60.8823812587,60.8823812587,19.4700000000,0.0000000000,200.0000000000,480.5000000000,100,2.4030000000,24.0000000000,19.4700000000,0.0000000000
18,25,0.0000000100,3,20,80,400,29.1176187413,90,60.8823812587,29.1176187413,0.0000000000,60.8823812587,60.8823812587,19.4700000000,0.0000000000,200.0000000000,480.5000000000,100,0.4620000000,24.0000000000,19.4700000000,0.0000000000
18,75,0.0000000100,3,20,80,400,29.1176187413,90,60.8823812587,29.1176187413,0.0000000000,60.8823812587,60.8823812587,19.4700000000,0.0000000000,200.0000000000,480.5000000000,100,1.3860000000,24.0000000000,19.4700000000,0.0000000000
18,125,0.0000000100,3,20,80,400,29.1176187413,90,60.8823812587,29.1176187413,0.0000000000,60.8823812587,60.8823812587,19.4700000000,0.0000000000,200.0000000000,480.5000000000,100,2.3100000000,24.0000000000,19.4700000000,0.0000000000
12,175,0.0000000100,3,20,80,400,29.1176187413,90,60.8823812587,29.1176187413,0.0000000000,60.8823812587,60.8823812587,19.4700000000,0.0000000000,500.0000000000,586.0000000000,100,4.9430000000,24.0000000000,19.4700000000,0.0000000000
15,175,0.0000000100,3,20,80,400,29.1176187413,90,60.8823812587,29.1176187413,0.0000000000,60.8823812587,60.8823812587,19.4700000000,0.0000000000,500.0000000000,586.0000000000,100,3.9100000000,24.0000000000,19.4700000000,0.0000000000
18,175,0.0000000100,3,20,80,400,29.1176187413,90,60.8823812587,29.1176187413,0.0000000000,60.8823812587,60.8823812587,19.4700000000,0.0000000000,500.0000000000,586.0000000000,100,3.2340000000,24.0000000000,19.4700000000,0.0000000000
21,175,0.0000000100,3,20,80,400,29.1176187413,90,60.8823812587,29.1176187413,0.0000000000,60.8823812587,60.8823812587,19.4700000000,0.0000000000,500.0000000000,586.0000000000,100,2.7570000000,24.0000000000,19.4700000000,0.0000000000
24,175,0.0000000100,3,20,80,400,29.1176187413,90,60.8823812587,29.1176187413,0.0000000000,60.8823812587,60.8823812587,19.4700000000,0.0000000000,500.0000000000,586.0000000000,100,2.4030000000,24.0000000000,19.4700000000,0.0000000000
18,25,0.0000000100,3,20,80,400,29.1176187413,90,60.8823812587,29.1176187413,0.0000000000,60.8823812587,60.8823812587,19.4700000000,0.0000000000,500.0000000000,586.0000000000,100,0.4620000000,24.0000000000,19.4700000000,0.0000000000
18,75,0.0000000100,3,20,80,400,29.1176187413,90,60.8823812587,29.1176187413,0.0000000000,60.8823812587,60.8823812587,19.4700000000,0.0000000000,500.0000000000,586.0000000000,100,1.3860000000,24.0000000000,19.4700000000,0.0000000000
18,125,0.0000000100,3,20,80,400,29.1176187413,90,60.8823812587,29.1176187413,0.0000000000,60.8823812587,60.8823812587,19.4700000000,0.0000000000,500.0000000000,586.0000000000,100,2.3100000000,24.0000000000,19.4700000000,0.0000000000
12,175,0.0000000100,3,30,20,100,11.5470053838,35,23.4529946162,31.5000000000,19.9529946162,3.5000000000,3.5000000000,0.0000000000,0.0000000000,-1.0000000000,0.0000000000,-1,7.3900000000,21.0000000000,0.0000000000,0.0000000000
15,175,0.0000000100,3,30,20,100,11.5470053838,35,23.4529946162,31.5000000000,19.9529946162,3.5000000000,3.5000000000,0.0000000000,0.0000000000,-1.0000000000,0.0000000000,-1,5.9080000000,21.0000000000,0.0000000000,0.0000000000
21,175,0.0000000100,3,30,20,100,11.5470053838,35,23.4529946162,31.5000000000,19.9529946162,3.5000000000,3.5000000000,0.0000000000,0.0000000000,-1.0000000000,0.0000000000,-1,4.2170000000,21.0000000000,0.0000000000,0.0000000000
24,175,0.0000000100,3,30,20,100,11.5470053838,35,23.4529946162,31.5000000000,19.9529946162,3.5000000000,3.5000000000,0.0000000000,0.0000000000,-1.0000000000,0.0000000000,-1,3.6890000000,21.0000000000,0.0000000000,0.0000000000
18,25,0.0000000100,3,30,20,100,11.5470053838,35,23.4529946162,31.5000000000,19.9529946162,3.5000000000,3.5000000000,0.0000000000,0.0000000000,-1.0000000000,0.0000000000,-1,0.7030000000,21.0000000000,0.0000000000,0.0000000000
18,75,0.0000000100,3,30,20,100,11.5470053838,35,23.4529946162,31.5000000000,19.9529946162,3.5000000000,3.5000000000,0.0000000000,0.0000000000,-1.0000000000,0.0000000000,-1,2.1090000000,21.0000000000,0.0000000000,0.0000000000
18,225,0.0000000100,3,30,20,100,11.5470053838,35,23.4529946162,31.5000000000,19.9529946162,3.5000000000,3.5000000000,0.0000000000,0.0000000000,-1.0000000000,0.0000000000,-1,6.3280000000,21.0000000000,0.0000000000,0.0000000000
18,275,0.0000000100,3,30,20,100,11.5470053838,35,23.4529946162,31.5000000000,19.9529946162,3.5000000000,3.5000000000,0.0000000000,0.0000000000,-1.0000000000,0.0000000000,-1,7.7340000000,21.0000000000,0.0000000000,0.0000000000
18,325,0.0000000100,3,30,20,100,11.5470053838,35,23.4529946162,31.5000000000,19.9529946162,3.5000000000,3.5000000000,0.0000000000,0.0000000000,-1.0000000000,0.0000000000,-1,9.1400000000,21.0000000000,0.0000000000,0.0000000000
12,175,0.0000000100,3,30,20,100,11.5470053838,35,23.4529946162,31.5000000000,19.9529946162,3.5000000000,3.5000000000,0.0000000000,0.0000000000,30.0000000000,315.9000000000,100,7.3900000000,21.0000000000,0.0000000000,0.0000000000
15,175,0.0000000100,3,30,20,100,11.5470053838,35,23.4529946162,31.5000000000,19.9529946162,3.5000000000,3.5000000000,0.0000000000,0.0000000000,30.0000000000,315.9000000000,100,5.9080000000,21.0000000000,0.0000000000,0.0000000000
21,175,0.0000000100,3,30,20,100,11.5470053838,35,23.4529946162,31.5000000000,19.9529946162,3.5000000000,3.5000000000,0.0000000000,0.0000000000,30.0000000000,315.9000000000,100,4.2170000000,21.0000000000,0.0000000000,0.0000000000
24,175,0.0000000100,3,30,20,100,11.5470053838,35,23.4529946162,31.5000000000,19.9529946162,3.5000000000,3.5000000000,0.0000000000,0.0000000000,30.0000000000,315.9000000000,100,3.6890000000,21.0000000000,0.0000000000,0.0000000000
18,25,0.0000000100,3,30,20,100,11.5470053838,35,23.4529946162,31.5000000000,19.9529946162,3.5000000000,3.5000000000,0.0000000000,0.0000000000,30.0000000000,315.9000000000,100,0.7030000000,21.0000000000,0.0000000000,0.0000000000
18,75,0.0000000100,3,30,20,100,11.5470053838,35,23.4529946162,31.5000000000,19.9529946162,3.5000000000,3.5000000000,0.0000000000,0.0000000000,30.0000000000,315.9000000000,100,2.1090000000,21.0000000000,0.0000000000,0.0000000000
18,225,0.0000000100,3,30,20,100,11.5470053838,35,23.4529946162,31.5000000000,19.9529946162,3.5000000000,3.5000000000,0.0000000000,0.0000000000,30.0000000000,315.9000000000,100,6.3280000000,21.0000000000,0.0000000000,0.0000000000
18,275,0.0000000100,3,30,20,100,11.5470053838,35,23.4529946162,31.5000000000,19.9529946162,3.5000000000,3.5000000000,0.0000000000,0.0000000000,30.0000000000,315.9000000000,100,7.7340000000,21.0000000000,0.0000000000,0.0000000000
18,325,0.0000000100,3,30,20,100,11.5470053838,35,23.4529946162,31.5000000000,19.9529946162,3.5000000000,3.5000000000,0.0000000000,0.0000000000,30.0000000000,315.9000000000,100,9.1400000000,21.0000000000,0.0000000000,0.0000000000
12,175,0.0000000100,3,30,20,100,11.5470053838,35,23.4529946162,31.5000000000,19.9529946162,3.5000000000,3.5000000000,0.0000000000,0.0000000000,200.0000000000,480.5000000000,100,7.3900000000,21.0000000000,0.0000000000,0.0000000000
15,175,0.0000000100,3,30,20,100,11.5470053838,35,23.4529946162,31.5000000000,19.9529946162,3.5000000000,3.5000000000,0.0000000000,0.0000000000,200.0000000000,480.5000000000,100,5.9080000000,21.0000000000,0.0000000000,0.0000000000
21,175,0.0000000100,3,30,20,100,11.5470053838,35,23.4529946162,31.5000000000,19.9529946162,3.5000000000,3.5000000000,0.0000000000,0.0000000000,200.0000000000,480.5000000000,100,4.2170000000,21.0000000000,0.0000000000,0.0000000000
24,175,0.0000000100,3,30,20,100,11.5470053838,35,23.4529946162,31.5000000000,19.9529946162,3.5000000000,3.5000000000,0.0000000000,0.0000000000,200.0000000000,480.5000000000,100,3.6890000000,21.0000000000,0.0000000000,0.0000000000
18,25,0.0000000100,3,30,20,100,11.5470053838,35,23.4529946162,31.5000000000,19.9529946162,3.5000000000,3.5000000000,0.0000000000,0.0000000000,200.0000000000,480.5000000000,100,0.7030000000,21.0000000000,0.0000000000,0.0000000000
18,75,0.0000000100,3,30,20,100,11.5470053838,35,23.4529946162,31.5000000000,19.9529946162,3.5000000000,3.5000000000,0.0000000000,0.0000000000,200.0000000000,480.5000000000,100,2.1090000000,21.0000000000,0.0000000000,0.0000000000
18,225,0.0000000100,3,30,20,100,11.5470053838,35,23.4529946162,31.5000000000,19.9529946162,3.5000000000,3.5000000000,0.0000000000,0.0000000000,200.0000000000,480.5000000000,100,6.3280000000,21.0000000000,0.0000000000,0.0000000000
18,275,0.0000000100,3,30,20,100,11.5470053838,35,23.4529946162,31.5000000000,19.9529946162,3.5000000000,3.5000000000,0.0000000000,0.0000000000,200.0000000000,480.5000000000,100,7.7340000000,21.0000000000,0.0000000000,0.0000000000
18,325,0.0000000100,3,30,20,100,11.5470053838,35,23.4529946162,31.5000000000,19.9529946162,3.5000000000,3.5000000000,0.0000000000,0.0000000000,200.0000000000,480.5000000000,100,9.1400000000,21.0000000000,0.0000000000,0.0000000000
12,175,0.0000000100,3,30,20,100,11.5470053838,35,23.4529946162,31.5000000000,19.9529946162,3.5000000000,3.5000000000,0.0000000000,0.0000000000,500.0000000000,586.0000000000,100,7.3900000000,21.0000000000,0.0000000000,0.0000000000
15,175,0.0000000100,3,30,20,100,11.5470053838,35,23.4529946162,31.5000000000,19.9529946162,3.5000000000,3.5000000000,0.0000000000,0.0000000000,500.0000000000,586.0000000000,100,5.9080000000,21.0000000000,0.0000000000,0.0000000000
21,175,0.0000000100,3,30,20,100,11.5470053838,35,23.4529946162,31.5000000000,19.9529946162,3.5000000000,3.5000000000,0.0000000000,0.0000000000,500.0000000000,586.0000000000,100,4.2170000000,21.0000000000,0.0000000000,0.0000000000
24,175,0.0000000100,3,30,20,100,11.5470053838,35,23.4529946162,31.5000000000,19.9529946162,3.5000000000,3.5000000000,0.0000000000,0.0000000000,500.0000000000,586.0000000000,100,3.6890000000,21.0000000000,0.0000000000,0.0000000000
18,25,0.0000000100,3,30,20,100,11.5470053838,35,23.4529946162,31.5000000000,19.9529946162,3.5000000000,3.5000000000,0.0000000000,0.0000000000,500.0000000000,586.0000000000,100,0.7030000000,21.0000000000,0.0000000000,0.0000000000
18,75,0.0000000100,3,30,20,100,11.5470053838,35,23.4529946162,31.5000000000,19.9529946162,3.5000000000,3.5000000000,0.0000000000,0.0000000000,500.0000000000,586.0000000000,100,2.1090000000,21.0000000000,0.0000000000,0.0000000000
18,225,0.0000000100,3,30,20,100,11.5470053838,35,23.4529946162,31.5000000000,19.9529946162,3.5000000000,3.5000000000,0.0000000000,0.0000000000,500.0000000000,586.0000000000,100,6.3280000000,21.0000000000,0.0000000000,0.0000000000
18,275,0.0000000100,3,30,20,100,11.5470053838,35,23.4529946162,31.5000000000,19.9529946162,3.5000000000,3.5000000000,0.0000000000,0.0000000000,500.0000000000,586.0000000000,100,7.7340000000,21.0000000000,0.0000000000,0.0000000000
18,325,0.0000000100,3,30,20,100,11.5470053838,35,23.4529946162,31.5000000000,19.9529946162,3.5000000000,3.5000000000,0.0000000000,0.0000000000,500.0000000000,586.0000000000,100,9.1400000000,21.0000000000,0.0000000000,0.0000000000
12,175,0.0000000100,3,30,20,100,11.5470053838,35,23.4529946162,31.5000000000,19.9529946162,3.5000000000,3.5000000000,31.5000000000,19.9529946162,-1.0000000000,0.0000000000,-1,8.0310000000,21.0000000000,31.5000000000,19.9529946162
15,175,0.0000000100,3,30,20,100,11.5470053838,35,23.4529946162,31.5000000000,19.9529946162,3.5000000000,3.5000000000,31.5000000000,19.9529946162,-1.0000000000,0.0000000000,-1,6.3110000000,21.0000000000,31.5000000000,19.9529946162
18,175,0.0000000100,3,30,20,100,11.5470053838,35,23.4529946162,31.5000000000,19.9529946162,3.5000000000,3.5000000000,31.5000000000,19.9529946162,-1.0000000000,0.0000000000,-1,5.1980000000,21.0000000000,31.5000000000,19.9529946162
21,175,0.0000000100,3,30,20,100,11.5470053838,35,23.4529946162,31.5000000000,19.9529946162,3.5000000000,3.5000000000,31.5000000000,19.9529946162,-1.0000000000,0.0000000000,-1,4.4180000000,21.0000000000,31.5000000000,19.9529946162
24,175,0.0000000100,3,30,20,100,11.5470053838,35,23.4529946162,31.5000000000,19.9529946162,3.5000000000,3.5000000000,31.5000000000,19.9529946162,-1.0000000000,0.0000000000,-1,3.8420000000,21.0000000000,31.5000000000,19.9529946162
18,75,0.0000000100,3,30,20,100,11.5470053838,35,23.4529946162,31.5000000000,19.9529946162,3.5000000000,3.5000000000,31.5000000000,19.9529946162,-1.0000000000,0.0000000000,-1,2.2280000000,21.0000000000,31.5000000000,19.9529946162
18,125,0.0000000100,3,30,20,100,11.5470053838,35,23.4529946162,31.5000000000,19.9529946162,3.5000000000,3.5000000000,31.5000000000,19.9529946162,-1.0000000000,0.0000000000,-1,3.7130000000,21.0000000000,31.5000000000,19.9529946162
18,225,0.0000000100,3,30,20,100,11.5470053838,35,23.4529946162,31.5000000000,19.9529946162,3.5000000000,3.5000000000,31.5000000000,19.9529946162,-1.0000000000,0.0000000000,-1,6.6830000000,21.0000000000,31.5000000000,19.9529946162
18,325,0.0000000100,3,30,20,100,11.5470053838,35,23.4529946162,31.5000000000,19.9529946162,3.5000000000,3.5000000000,31.5000000000,19.9529946162,-1.0000000000,0.0000000000,-1,9.6530000000,21.0000000000,31.5000000000,19.9529946162
12,175,0.0000000100,3,30,20,100,11.5470053838,35,23.4529946162,31.5000000000,19.9529946162,3.5000000000,3.5000000000,31.5000000000,19.9529946162,30.0000000000,315.9000000000,100,8.0140000000,21.0000000000,31.5000000000,19.9529946162
15,175,0.0000000100,3,30,20,100,11.5470053838,35,23.4529946162,31.5000000000,19.9529946162,3.5000000000,3.5000000000,31.5000000000,19.9529946162,30.0000000000,315.9000000000,100,6.3000000000,21.0000000000,31.5000000000,19.9529946162
18,175,0.0000000100,3,30,20,100,11.5470053838,35,23.4529946162,31.5000000000,19.9529946162,3.5000000000,3.5000000000,31.5000000000,19.9529946162,30.0000000000,315.9000000000,100,5.1900000000,21.0000000000,31.5000000000,19.9529946162
21,175,0.0000000100,3,30,20,100,11.5470053838,35,23.4529946162,31.5000000000,19.9529946162,3.5000000000,3.5000000000,31.5000000000,19.9529946162,30.0000000000,315.9000000000,100,4.4130000000,21.0000000000,31.5000000000,19.9529946162
24,175,0.0000000100,3,30,20,100,11.5470053838,35,23.4529946162,31.5000000000,19.9529946162,3.5000000000,3.5000000000,31.5000000000,19.9529946162,30.0000000000,315.9000000000,100,3.8380000000,21.0000000000,31.5000000000,19.9529946162
18,75,0.0000000100,3,30,20,100,11.5470053838,35,23.4529946162,31.5000000000,19.9529946162,3.5000000000,3.5000000000,31.5000000000,19.9529946162,30.0000000000,315.9000000000,100,2.2240000000,21.0000000000,31.5000000000,19.9529946162
18,125,0.0000000100,3,30,20,100,11.5470053838,35,23.4529946162,31.5000000000,19.9529946162,3.5000000000,3.5000000000,31.5000000000,19.9529946162,30.0000000000,315.9000000000,100,3.7080000000,21.0000000000,31.5000000000,19.9529946162
18,225,0.0000000100,3,30,20,100,11.5470053838,35,23.4529946162,31.5000000000,19.9529946162,3.5000000000,3.5000000000,31.5000000000,19.9529946162,30.0000000000,315.9000000000,100,6.6740000000,21.0000000000,31.5000000000,19.9529946162
18,325,0.0000000100,3,30,20,100,11.5470053838,35,23.4529946162,31.5000000000,19.9529946162,3.5000000000,3.5000000000,31.5000000000,19.9529946162,30.0000000000,315.9000000000,100,9.6390000000,21.0000000000,31.5000000000,19.9529946162
12,175,0.0000000100,3,30,20,100,11.5470053838,35,23.4529946162,31.5000000000,19.9529946162,3.5000000000,3.5000000000,31.5000000000,19.9529946162,200.0000000000,480.5000000000,100,8.0140000000,21.0000000000,31.5000000000,19.9529946162
15,175,0.0000000100,3,30,20,100,11.5470053838,35,23.4529946162,31.5000000000,19.9529946162,3.5000000000,3.5000000000,31.5000000000,19.9529946162,200.0000000000,480.5000000000,100,6.3000000000,21.0000000000,31.5000000000,19.9529946162
18,175,0.0000000100,3,30,20,100,11.5470053838,35,23.4529946162,31.5000000000,19.9529946162,3.5000000000,3.5000000000,31.5000000000,19.9529946162,200.0000000000,480.5000000000,100,5.1900000000,21.0000000000,31.5000000000,19.9529946162
21,175,0.0000000100,3,30,20,100,11.5470053838,35,23.4529946162,31.5000000000,19.9529946162,3.5000000000,3.5000000000,31.5000000000,19.9529946162,200.0000000000,480.5000000000,100,4.4130000000,21.0000000000,31.5000000000,19.9529946162
24,175,0.0000000100,3,30,20,100,11.5470053838,35,23.4529946162,31.5000000000,19.9529946162,3.5000000000,3.5000000000,31.5000000000,19.9529946162,200.0000000000,480.5000000000,100,3.8380000000,21.0000000000,31.5000000000,19.9529946162
18,75,0.0000000100,3,30,20,100,11.5470053838,35,23.4529946162,31.5000000000,19.9529946162,3.5000000000,3.5000000000,31.5000000000,19.9529946162,200.0000000000,480.5000000000,100,2.2240000000,21.0000000000,31.5000000000,19.9529946162
18,125,0.0000000100,3,30,20,100,11.5470053838,35,23.4529946162,31.5000000000,19.9529946162,3.5000000000,3.5000000000,31.5000000000,19.9529946162,200.0000000000,480.5000000000,100,3.7080000000,21.0000000000,31.5000000000,19.9529946162
18,225,0.0000000100,3,30,20,100,11.5470053838,35,23.4529946162,31.5000000000,19.9529946162,3.5000000000,3.5000000000,31.5000000000,19.9529946162,200.0000000000,480.5000000000,100,6.6740000000,21.0000000000,31.5000000000,19.9529946162
18,325,0.0000000100,3,30,20,100,11.5470053838,35,23.4529946162,31.5000000000,19.9529946162,3.5000000000,3.5000000000,31.5000000000,19.9529946162,200.0000000000,480.5000000000,100,9.6390000000,21.0000000000,31.5000000000,19.9529946162
12,175,0.0000000100,3,30,20,100,11.5470053838,35,23.4529946162,31.5000000000,19.9529946162,3.5000000000,3.5000000000,31.5000000000,19.9529946162,500.0000000000,586.0000000000,100,8.0140000000,21.0000000000,31.5000000000,19.9529946162
15,175,0.0000000100,3,30,20,100,11.5470053838,35,23.4529946162,31.5000000000,19.9529946162,3.5000000000,3.5000000000,31.5000000000,19.9529946162,500.0000000000,586.0000000000,100,6.3000000000,21.0000000000,31.5000000000,19.9529946162
18,175,0.0000000100,3,30,20,100,11.5470053838,35,23.4529946162,31.5000000000,19.9529946162,3.5000000000,3.5000000000,31.5000000000,19.9529946162,500.0000000000,586.0000000000,100,5.1900000000,21.0000000000,31.5000000000,19.9529946162
21,175,0.0000000100,3,30,20,100,11.5470053838,35,23.4529946162,31.5000000000,19.9529946162,3.5000000000,3.5000000000,31.5000000000,19.9529946162,500.0000000000,586.0000000000,100,4.4130000000,21.0000000000,31.5000000000,19.9529946162
24,175,0.0000000100,3,30,20,100,11.5470053838,35,23.4529946162,31.5000000000,19.9529946162,3.5000000000,3.5000000000,31.5000000000,19.9529946162,500.0000000000,586.0000000000,100,3.8380000000,21.0000000000,31.5000000000,19.9529946162
18,75,0.0000000100,3,30,20,100,11.5470053838,35,23.4529946162,31.5000000000,19.9529946162,3.5000000000,3.5000000000,31.5000000000,19.9529946162,500.0000000000,586.0000000000,100,2.2240000000,21.0000000000,31.5000000000,19.9529946162
18,125,0.0000000100,3,30,20,100,11.5470053838,35,23.4529946162,31.5000000000,19.9529946162,3.5000000000,3.5000000000,31.5000000000,19.9529946162,500.0000000000,586.0000000000,100,3.7080000000,21.0000000000,31.5000000000,19.9529946162
18,225,0.0000000100,3,30,20,100,11.5470053838,35,23.4529946162,31.5000000000,19.9529946162,3.5000000000,3.5000000000,31.5000000000,19.9529946162,500.0000000000,586.0000000000,100,6.6740000000,21.0000000000,31.5000000000,19.9529946162
18,325,0.0000000100,3,30,20,100,11.5470053838,35,23.4529946162,31.5000000000,19.9529946162,3.5000000000,3.5000000000,31.5000000000,19.9529946162,500.0000000000,586.0000000000,100,9.6390000000,21.0000000000,31.5000000000,19.9529946162
12,175,0.0000000100,3,30,20,100,11.5470053838,35,23.4529946162,31.5000000000,19.9529946162,3.5000000000,3.5000000000,7.6712000000,0.0000000000,-1.0000000000,0.0000000000,-1,7.5690000000,21.0000000000,7.6712000000,0.0000000000
15,175,0.0000000100,3,30,20,100,11.5470053838,35,23.4529946162,31.5000000000,19.9529946162,3.5000000000,3.5000000000,7.6712000000,0.0000000000,-1.0000000000,0.0000000000,-1,6.0220000000,21.0000000000,7.6712000000,0.0000000000
18,175,0.0000000100,3,30,20,100,11.5470053838,35,23.4529946162,31.5000000000,19.9529946162,3.5000000000,3.5000000000,7.6712000000,0.0000000000,-1.0000000000,0.0000000000,-1,5.0000000000,21.0000000000,7.6712000000,0.0000000000
21,175,0.0000000100,3,30,20,100,11.5470053838,35,23.4529946162,31.5000000000,19.9529946162,3.5000000000,3.5000000000,7.6712000000,0.0000000000,-1.0000000000,0.0000000000,-1,4.2750000000,21.0000000000,7.6712000000,0.0000000000
24,175,0.0000000100,3,30,20,100,11.5470053838,35,23.4529946162,31.5000000000,19.9529946162,3.5000000000,3.5000000000,7.6712000000,0.0000000000,-1.0000000000,0.0000000000,-1,3.7330000000,21.0000000000,7.6712000000,0.0000000000
18,25,0.0000000100,3,30,20,100,11.5470053838,35,23.4529946162,31.5000000000,19.9529946162,3.5000000000,3.5000000000,7.6712000000,0.0000000000,-1.0000000000,0.0000000000,-1,0.7140000000,21.0000000000,7.6712000000,0.0000000000
18,75,0.0000000100,3,30,20,100,11.5470053838,35,23.4529946162,31.5000000000,19.9529946162,3.5000000000,3.5000000000,7.6712000000,0.0000000000,-1.0000000000,0.0000000000,-1,2.1430000000,21.0000000000,7.6712000000,0.0000000000
18,125,0.0000000100,3,30,20,100,11.5470053838,35,23.4529946162,31.5000000000,19.9529946162,3.5000000000,3.5000000000,7.6712000000,0.0000000000,-1.0000000000,0.0000000000,-1,3.5720000000,21.0000000000,7.6712000000,0.0000000000
18,225,0.0000000100,3,30,20,100,11.5470053838,35,23.4529946162,31.5000000000,19.9529946162,3.5000000000,3.5000000000,7.6712000000,0.0000000000,-1.0000000000,0.0000000000,-1,6.4290000000,21.0000000000,7.6712000000,0.0000000000
18,275,0.0000000100,3,30,20,100,11.5470053838,35,23.4529946162,31.5000000000,19.9529946162,3.5000000000,3.5000000000,7.6712000000,0.0000000000,-1.0000000000,0.0000000000,-1,7.8580000000,21.0000000000,7.6712000000,0.0000000000
18,325,0.0000000100,3,30,20,100,11.5470053838,35,23.4529946162,31.5000000000,19.9529946162,3.5000000000,3.5000000000,7.6712000000,0.0000000000,-1.0000000000,0.0000000000,-1,9.2860000000,21.0000000000,7.6712000000,0.0000000000
12,175,0.0000000100,3,30,20,100,11.5470053838,35,23.4529946162,31.5000000000,19.9529946162,3.5000000000,3.5000000000,7.6712000000,0.0000000000,30.0000000000,315.9000000000,100,7.5110000000,21.0000000000,7.6712000000,0.0000000000
15,175,0.0000000100,3,30,20,100,11.5470053838,35,23.4529946162,31.5000000000,19.9529946162,3.5000000000,3.5000000000,7.6712000000,0.0000000000,30.0000000000,315.9000000000,100,5.9850000000,21.0000000000,7.6712000000,0.0000000000
18,175,0.0000000100,3,30,20,100,11.5470053838,35,23.4529946162,31.5000000000,19.9529946162,3.5000000000,3.5000000000,7.6712000000,0.0000000000,30.0000000000,315.9000000000,100,4.9750000000,21.0000000000,7.6712000000,0.0000000000
21,175,0.0000000100,3,30,20,100,11.5470053838,35,23.4529946162,31.5000000000,19.9529946162,3.5000000000,3.5000000000,7.6712000000,0.0000000000,30.0000000000,315.9000000000,100,4.2560000000,21.0000000000,7.6712000000,0.0000000000
24,175,0.0000000100,3,30,20,100,11.5470053838,35,23.4529946162,31.5000000000,19.9529946162,3.5000000000,3.5000000000,7.6712000000,0.0000000000,30.0000000000,315.9000000000,100,3.7190000000,21.0000000000,7.6712000000,0.0000000000
18,25,0.0000000100,3,30,20,100,11.5470053838,35,23.4529946162,31.5000000000,19.9529946162,3.5000000000,3.5000000000,7.6712000000,0.0000000000,30.0000000000,315.9000000000,100,0.7110000000,21.0000000000,7.6712000000,0.0000000000
18,75,0.0000000100,3,30,20,100,11.5470053838,35,23.4529946162,31.5000000000,19.9529946162,3.5000000000,3.5000000000,7.6712000000,0.0000000000,30.0000000000,315.9000000000,100,2.1320000000,21.0000000000,7.6712000000,0.0000000000
18,125,0.0000000100,3,30,20,100,11.5470053838,35,23.4529946162,31.5000000000,19.9529946162,3.5000000000,3.5000000000,7.6712000000,0.0000000000,30.0000000000,315.9000000000,100,3.5540000000,21.0000000000,7.6712000000,0.0000000000
18,225,0.0000000100,3,30,20,100,11.5470053838,35,23.4529946162,31.5000000000,19.9529946162,3.5000000000,3.5000000000,7.6712000000,0.0000000000,30.0000000000,315.9000000000,100,6.3960000000,21.0000000000,7.6712000000,0.0000000000
18,275,0.0000000100,3,30,20,100,11.5470053838,35,23.4529946162,31.5000000000,19.9529946162,3.5000000000,3.5000000000,7.6712000000,0.0000000000,30.0000000000,315.9000000000,100,7.8180000000,21.0000000000,7.6712000000,0.0000000000
18,325,0.0000000100,3,30,20,100,11.5470053838,35,23.4529946162,31.5000000000,19.9529946162,3.5000000000,3.5000000000,7.6712000000,0.0000000000,30.0000000000,315.9000000000,100,9.2390000000,21.0000000000,7.6712000000,0.0000000000
12,175,0.0000000100,3,30,20,100,11.5470053838,35,23.4529946162,31.5000000000,19.9529946162,3.5000000000,3.5000000000,7.6712000000,0.0000000000,200.0000000000,480.5000000000,100,7.5110000000,21.0000000000,7.6712000000,0.0000000000
15,175,0.0000000100,3,30,20,100,11.5470053838,35,23.4529946162,31.5000000000,19.9529946162,3.5000000000,3.5000000000,7.6712000000,0.0000000000,200.0000000000,480.5000000000,100,5.9850000000,21.0000000000,7.6712000000,0.0000000000
18,175,0.0000000100,3,30,20,100,11.5470053838,35,23.4529946162,31.5000000000,19.9529946162,3.5000000000,3.5000000000,7.6712000000,0.0000000000,200.0000000000,480.5000000000,100,4.9750000000,21.0000000000,7.6712000000,0.0000000000
21,175,0.0000000100,3,30,20,100,11.5470053838,35,23.4529946162,31.5000000000,19.9529946162,3.5000000000,3.5000000000,7.6712000000,0.0000000000,200.0000000000,480.5000000000,100,4.2560000000,21.0000000000,7.6712000000,0.0000000000
24,175,0.0000000100,3,30,20,100,11.5470053838,35,23.4529946162,31.5000000000,19.9529946162,3.5000000000,3.5000000000,7.6712000000,0.0000000000,200.0000000000,480.5000000000,100,3.7190000000,21.0000000000,7.6712000000,0.0000000000
18,25,0.0000000100,3,30,20,100,11.5470053838,35,23.4529946162,31.5000000000,19.9529946162,3.5000000000,3.5000000000,7.6712000000,0.0000000000,200.0000000000,480.5000000000,100,0.7110000000,21.0000000000,7.6712000000,0.0000000000
18,75,0.0000000100,3,30,20,100,11.5470053838,35,23.4529946162,31.5000000000,19.9529946162,3.5000000000,3.5000000000,7.6712000000,0.0000000000,200.0000000000,480.5000000000,100,2.1320000000,21.0000000000,7.6712000000,0.0000000000
18,125,0.0000000100,3,30,20,100,11.5470053838,35,23.4529946162,31.5000000000,19.9529946162,3.5000000000,3.5000000000,7.6712000000,0.0000000000,200.0000000000,480.5000000000,100,3.5540000000,21.0000000000,7.6712000000,0.0000000000
18,225,0.0000000100,3,30,20,100,11.5470053838,35,23.4529946162,31.5000000000,19.9529946162,3.5000000000,3.5000000000,7.6712000000,0.0000000000,200.0000000000,480.5000000000,100,6.3960000000,21.0000000000,7.6712000000,0.0000000000
18,275,0.0000000100,3,30,20,100,11.5470053838,35,23.4529946162,31.5000000000,19.9529946162,3.5000000000,3.5000000000,7.6712000000,0.0000000000,200.0000000000,480.5000000000,100,7.8180000000,21.0000000000,7.6712000000,0.0000000000
18,325,0.0000000100,3,30,20,100,11.5470053838,35,23.4529946162,31.5000000000,19.9529946162,3.5000000000,3.5000000000,7.6712000000,0.0000000000,200.0000000000,480.5000000000,100,9.2390000000,21.0000000000,7.6712000000,0.0000000000
12,175,0.0000000100,3,30,20,100,11.5470053838,35,23.4529946162,31.5000000000,19.9529946162,3.5000000000,3.5000000000,7.6712000000,0.0000000000,500.0000000000,586.0000000000,100,7.5110000000,21.0000000000,7.6712000000,0.0000000000
15,175,0.0000000100,3,30,20,100,11.5470053838,35,23.4529946162,31.5000000000,19.9529946162,3.5000000000,3.5000000000,7.6712000000,0.0000000000,500.0000000000,586.0000000000,100,5.9850000000,21.0000000000,7.6712000000,0.0000000000
18,175,0.0000000100,3,30,20,100,11.5470053838,35,23.4529946162,31.5000000000,19.9529946162,3.5000000000,3.5000000000,7.6712000000,0.0000000000,500.0000000000,586.0000000000,100,4.9750000000,21.0000000000,7.6712000000,0.0000000000
21,175,0.0000000100,3,30,20,100,11.5470053838,35,23.4529946162,31.5000000000,19.9529946162,3.5000000000,3.5000000000,7.6712000000,0.0000000000,500.0000000000,586.0000000000,100,4.2560000000,21.0000000000,7.6712000000,0.0000000000
24,175,0.0000000100,3,30,20,100,11.5470053838,35,23.4529946162,31.5000000000,19.9529946162,3.5000000000,3.5000000000,7.6712000000,0.0000000000,500.0000000000,586.0000000000,100,3.7190000000,21.0000000000,7.6712000000,0.0000000000
18,25,0.0000000100,3,30,20,100,11.5470053838,35,23.4529946162,31.5000000000,19.9529946162,3.5000000000,3.5000000000,7.6712000000,0.0000000000,500.0000000000,586.0000000000,100,0.7110000000,21.0000000000,7.6712000000,0.0000000000
18,75,0.0000000100,3,30,20,100,11.5470053838,35,23.4529946162,31.5000000000,19.9529946162,3.5000000000,3.5000000000,7.6712000000,0.0000000000,500.0000000000,586.0000000000,100,2.1320000000,21.0000000000,7.6712000000,0.0000000000
18,125,0.0000000100,3,30,20,100,11.5470053838,35,23.4529946162,31.5000000000,19.9529946162,3.5000000000,3.5000000000,7.6712000000,0.0000000000,500.0000000000,586.0000000000,100,3.5540000000,21.0000000000,7.6712000000,0.0000000000
18,225,0.0000000100,3,30,20,100,11.5470053838,35,23.4529946162,31.5000000000,19.9529946162,3.5000000000,3.5000000000,7.6712000000,0.0000000000,500.0000000000,586.0000000000,100,6.3960000000,21.0000000000,7.6712000000,0.0000000000
18,275,0.0000000100,3,30,20,100,11.5470053838,35,23.4529946162,31.5000000000,19.9529946162,3.5000000000,3.5000000000,7.6712000000,0.0000000000,500.0000000000,586.0000000000,100,7.8180000000,21.0000000000,7.6712000000,0.0000000000
18,325,0.0000000100,3,30,20,100,11.5470053838,35,23.4529946162,31.5000000000,19.9529946162,3.5000000000,3.5000000000,7.6712000000,0.0000000000,500.0000000000,586.0000000000,100,9.2390000000,21.0000000000,7.6712000000,0.0000000000
15,175,0.0000000100,3,30,20,100,11.5470053838,35,23.4529946162,8.7500000000,5.8632486541,26.2500000000,17.5897459622,0.0000000000,0.0000000000,-1.0000000000,0.0000000000,-1,6.7270000000,10.0000000000,0.0000000000,0.0000000000
18,175,0.0000000100,3,30,20,100,11.5470053838,35,23.4529946162,8.7500000000,5.8632486541,26.2500000000,17.5897459622,0.0000000000,0.0000000000,-1.0000000000,0.0000000000,-1,5.6030000000,10.0000000000,0.0000000000,0.0000000000
21,175,0.0000000100,3,30,20,100,11.5470053838,35,23.4529946162,8.7500000000,5.8632486541,26.2500000000,17.5897459622,0.0000000000,0.0000000000,-1.0000000000,0.0000000000,-1,4.8010000000,10.0000000000,0.0000000000,0.0000000000
18,25,0.0000000100,3,30,20,100,11.5470053838,35,23.4529946162,8.7500000000,5.8632486541,26.2500000000,17.5897459622,0.0000000000,0.0000000000,-1.0000000000,0.0000000000,-1,0.8000000000,10.0000000000,0.0000000000,0.0000000000
18,225,0.0000000100,3,30,20,100,11.5470053838,35,23.4529946162,8.7500000000,5.8632486541,26.2500000000,17.5897459622,0.0000000000,0.0000000000,-1.0000000000,0.0000000000,-1,7.2040000000,10.0000000000,0.0000000000,0.0000000000
18,325,0.0000000100,3,30,20,100,11.5470053838,35,23.4529946162,8.7500000000,5.8632486541,26.2500000000,17.5897459622,0.0000000000,0.0000000000,-1.0000000000,0.0000000000,-1,10.4050000000,10.0000000000,0.0000000000,0.0000000000
15,175,0.0000000100,3,30,20,100,11.5470053838,35,23.4529946162,8.7500000000,5.8632486541,26.2500000000,17.5897459622,0.0000000000,0.0000000000,30.0000000000,315.9000000000,100,6.7270000000,10.0000000000,0.0000000000,0.0000000000
18,175,0.0000000100,3,30,20,100,11.5470053838,35,23.4529946162,8.7500000000,5.8632486541,26.2500000000,17.5897459622,0.0000000000,0.0000000000,30.0000000000,315.9000000000,100,5.6030000000,10.0000000000,0.0000000000,0.0000000000
21,175,0.0000000100,3,30,20,100,11.5470053838,35,23.4529946162,8.7500000000,5.8632486541,26.2500000000,17.5897459622,0.0000000000,0.0000000000,30.0000000000,315.9000000000,100,4.8010000000,10.0000000000,0.0000000000,0.0000000000
18,25,0.0000000100,3,30,20,100,11.5470053838,35,23.4529946162,8.7500000000,5.8632486541,26.2500000000,17.5897459622,0.0000000000,0.0000000000,30.0000000000,315.9000000000,100,0.8000000000,10.0000000000,0.0000000000,0.0000000000
18,225,0.0000000100,3,30,20,100,11.5470053838,35,23.4529946162,8.7500000000,5.8632486541,26.2500000000,17.5897459622,0.0000000000,0.0000000000,30.0000000000,315.9000000000,100,7.2040000000,10.0000000000,0.0000000000,0.0000000000
18,325,0.0000000100,3,30,20,100,11.5470053838,35,23.4529946162,8.7500000000,5.8632486541,26.2500000000,17.5897459622,0.0000000000,0.0000000000,30.0000000000,315.9000000000,100,10.4050000000,10.0000000000,0.0000000000,0.0000000000
15,175,0.0000000100,3,30,20,100,11.5470053838,35,23.4529946162,8.7500000000,5.8632486541,26.2500000000,17.5897459622,0.0000000000,0.0000000000,200.0000000000,480.5000000000,100,6.7270000000,10.0000000000,0.0000000000,0.0000000000
18,175,0.0000000100,3,30,20,100,11.5470053838,35,23.4529946162,8.7500000000,5.8632486541,26.2500000000,17.5897459622,0.0000000000,0.0000000000,200.0000000000,480.5000000000,100,5.6030000000,10.0000000000,0.0000000000,0.0000000000
21,175,0.0000000100,3,30,20,100,11.5470053838,35,23.4529946162,8.7500000000,5.8632486541,26.2500000000,17.5897459622,0.0000000000,0.0000000000,200.0000000000,480.5000000000,100,4.8010000000,10.0000000000,0.0000000000,0.0000000000
18,25,0.0000000100,3,30,20,100,11.5470053838,35,23.4529946162,8.7500000000,5.8632486541,26.2500000000,17.5897459622,0.0000000000,0.0000000000,200.0000000000,480.5000000000,100,0.8000000000,10.0000000000,0.0000000000,0.0000000000
18,225,0.0000000100,3,30,20,100,11.5470053838,35,23.4529946162,8.7500000000,5.8632486541,26.2500000000,17.5897459622,0.0000000000,0.0000000000,200.0000000000,480.5000000000,100,7.2040000000,10.0000000000,0.0000000000,0.0000000000
18,325,0.0000000100,3,30,20,100,11.5470053838,35,23.4529946162,8.7500000000,5.8632486541,26.2500000000,17.5897459622,0.0000000000,0.0000000000,200.0000000000,480.5000000000,100,10.4050000000,10.0000000000,0.0000000000,0.0000000000
15,175,0.0000000100,3,30,20,100,11.5470053838,35,23.4529946162,8.7500000000,5.8632486541,26.2500000000,17.5897459622,0.0000000000,0.0000000000,500.0000000000,586.0000000000,100,6.7270000000,10.0000000000,0.0000000000,0.0000000000
18,175,0.0000000100,3,30,20,100,11.5470053838,35,23.4529946162,8.7500000000,5.8632486541,26.2500000000,17.5897459622,0.0000000000,0.0000000000,500.0000000000,586.0000000000,100,5.6030000000,10.0000000000,0.0000000000,0.0000000000
21,175,0.0000000100,3,30,20,100,11.5470053838,35,23.4529946162,8.7500000000,5.8632486541,26.2500000000,17.5897459622,0.0000000000,0.0000000000,500.0000000000,586.0000000000,100,4.8010000000,10.0000000000,0.0000000000,0.0000000000
18,25,0.0000000100,3,30,20,100,11.5470053838,35,23.4529946162,8.7500000000,5.8632486541,26.2500000000,17.5897459622,0.0000000000,0.0000000000,500.0000000000,586.0000000000,100,0.8000000000,10.0000000000,0.0000000000,0.0000000000
18,225,0.0000000100,3,30,20,100,11.5470053838,35,23.4529946162,8.7500000000,5.8632486541,26.2500000000,17.5897459622,0.0000000000,0.0000000000,500.0000000000,586.0000000000,100,7.2040000000,10.0000000000,0.0000000000,0.0000000000
18,325,0.0000000100,3,30,20,100,11.5470053838,35,23.4529946162,8.7500000000,5.8632486541,26.2500000000,17.5897459622,0.0000000000,0.0000000000,500.0000000000,586.0000000000,100,10.4050000000,10.0000000000,0.0000000000,0.0000000000
12,175,0.0000000100,3,30,20,100,11.5470053838,35,23.4529946162,8.7500000000,5.8632486541,26.2500000000,17.5897459622,8.7500000000,5.8632486541,-1.0000000000,0.0000000000,-1,8.0310000000,10.0000000000,8.7500000000,5.8632486541
15,175,0.0000000100,3,30,20,100,11.5470053838,35,23.4529946162,8.7500000000,5.8632486541,26.2500000000,17.5897459622,8.7500000000,5.8632486541,-1.0000000000,0.0000000000,-1,6.3110000000,10.0000000000,8.7500000000,5.8632486541
18,175,0.0000000100,3,30,20,100,11.5470053838,35,23.4529946162,8.7500000000,5.8632486541,26.2500000000,17.5897459622,8.7500000000,5.8632486541,-1.0000000000,0.0000000000,-1,5.1980000000,10.0000000000,8.7500000000,5.8632486541
21,175,0.0000000100,3,30,20,100,11.5470053838,35,23.4529946162,8.7500000000,5.8632486541,26.2500000000,17.5897459622,8.7500000000,5.8632486541,-1.0000000000,0.0000000000,-1,4.4180000000,10.0000000000,8.7500000000,5.8632486541
24,175,0.0000000100,3,30,20,100,11.5470053838,35,23.4529946162,8.7500000000,5.8632486541,26.2500000000,17.5897459622,8.7500000000,5.8632486541,-1.0000000000,0.0000000000,-1,3.8420000000,10.0000000000,8.7500000000,5.8632486541
18,25,0.0000000100,3,30,20,100,11.5470053838,35,23.4529946162,8.7500000000,5.8632486541,26.2500000000,17.5897459622,8.7500000000,5.8632486541,-1.0000000000,0.0000000000,-1,0.7430000000,10.0000000000,8.7500000000,5.8632486541
18,75,0.0000000100,3,30,20,100,11.5470053838,35,23.4529946162,8.7500000000,5.8632486541,26.2500000000,17.5897459622,8.7500000000,5.8632486541,-1.0000000000,0.0000000000,-1,2.2280000000,10.0000000000,8.7500000000,5.8632486541
18,125,0.0000000100,3,30,20,100,11.5470053838,35,23.4529946162,8.7500000000,5.8632486541,26.2500000000,17.5897459622,8.7500000000,5.8632486541,-1.0000000000,0.0000000000,-1,3.7130000000,10.0000000000,8.7500000000,5.8632486541
18,225,0.0000000100,3,30,20,100,11.5470053838,35,23.4529946162,8.7500000000,5.8632486541,26.2500000000,17.5897459622,8.7500000000,5.8632486541,-1.0000000000,0.0000000000,-1,6.6830000000,10.0000000000,8.7500000000,5.8632486541
18,275,0.0000000100,3,30,20,100,11.5470053838,35,23.4529946162,8.7500000000,5.8632486541,26.2500000000,17.5897459622,8.7500000000,5.8632486541,-1.0000000000,0.0000000000,-1,8.1680000000,10.0000000000,8.7500000000,5.8632486541
18,325,0.0000000100,3,30,20,100,11.5470053838,35,23.4529946162,8.7500000000,5.8632486541,26.2500000000,17.5897459622,8.7500000000,5.8632486541,-1.0000000000,0.0000000000,-1,9.6530000000,10.0000000000,8.7500000000,5.8632486541
12,175,0.0000000100,3,30,20,100,11.5470053838,35,23.4529946162,8.7500000000,5.8632486541,26.2500000000,17.5897459622,8.7500000000,5.8632486541,30.0000000000,315.9000000000,100,8.0140000000,10.0000000000,8.7500000000,5.8632486541
15,175,0.0000000100,3,30,20,100,11.5470053838,35,23.4529946162,8.7500000000,5.8632486541,26.2500000000,17.5897459622,8.7500000000,5.8632486541,30.0000000000,315.9000000000,100,6.3000000000,10.0000000000,8.7500000000,5.8632486541
18,175,0.0000000100,3,30,20,100,11.5470053838,35,23.4529946162,8.7500000000,5.8632486541,26.2500000000,17.5897459622,8.7500000000,5.8632486541,30.0000000000,315.9000000000,100,5.1900000000,10.0000000000,8.7500000000,5.8632486541
21,175,0.0000000100,3,30,20,100,11.5470053838,35,23.4529946162,8.7500000000,5.8632486541,26.2500000000,17.5897459622,8.7500000000,5.8632486541,30.0000000000,315.9000000000,100,4.4130000000,10.0000000000,8.7500000000,5.8632486541
24,175,0.0000000100,3,30,20,100,11.5470053838,35,23.4529946162,8.7500000000,5.8632486541,26.2500000000,17.5897459622,8.7500000000,5.8632486541,30.0000000000,315.9000000000,100,3.8380000000,10.0000000000,8.7500000000,5.8632486541
18,25,0.0000000100,3,30,20,100,11.5470053838,35,23.4529946162,8.7500000000,5.8632486541,26.2500000000,17.5897459622,8.7500000000,5.8632486541,30.0000000000,315.9000000000,100,0.7420000000,10.0000000000,8.7500000000,5.8632486541
18,75,0.0000000100,3,30,20,100,11.5470053838,35,23.4529946162,8.7500000000,5.8632486541,26.2500000000,17.5897459622,8.7500000000,5.8632486541,30.0000000000,315.9000000000,100,2.2240000000,10.0000000000,8.7500000000,5.8632486541
18,125,0.0000000100,3,30,20,100,11.5470053838,35,23.4529946162,8.7500000000,5.8632486541,26.2500000000,17.5897459622,8.7500000000,5.8632486541,30.0000000000,315.9000000000,100,3.7080000000,10.0000000000,8.7500000000,5.8632486541
18,225,0.0000000100,3,30,20,100,11.5470053838,35,23.4529946162,8.7500000000,5.8632486541,26.2500000000,17.5897459622,8.7500000000,5.8632486541,30.0000000000,315.9000000000,100,6.6740000000,10.0000000000,8.7500000000,5.8632486541
18,275,0.0000000100,3,30,20,100,11.5470053838,35,23.4529946162,8.7500000000,5.8632486541,26.2500000000,17.5897459622,8.7500000000,5.8632486541,30.0000000000,315.9000000000,100,8.1560000000,10.0000000000,8.7500000000,5.8632486541
18,325,0.0000000100,3,30,20,100,11.5470053838,35,23.4529946162,8.7500000000,5.8632486541,26.2500000000,17.5897459622,8.7500000000,5.8632486541,30.0000000000,315.9000000000,100,9.6390000000,10.0000000000,8.7500000000,5.8632486541
12,175,0.0000000100,3,30,20,100,11.5470053838,35,23.4529946162,8.7500000000,5.8632486541,26.2500000000,17.5897459622,8.7500000000,5.8632486541,200.0000000000,480.5000000000,100,8.0140000000,10.0000000000,8.7500000000,5.8632486541
15,175,0.0000000100,3,30,20,100,11.5470053838,35,23.4529946162,8.7500000000,5.8632486541,26.2500000000,17.5897459622,8.7500000000,5.8632486541,200.0000000000,480.5000000000,100,6.3000000000,10.0000000000,8.7500000000,5.8632486541
18,175,0.0000000100,3,30,20,100,11.5470053838,35,23.4529946162,8.7500000000,5.8632486541,26.2500000000,17.5897459622,8.7500000000,5.8632486541,200.0000000000,480.5000000000,100,5.1900000000,10.0000000000,8.7500000000,5.8632486541
21,175,0.0000000100,3,30,20,100,11.5470053838,35,23.4529946162,8.7500000000,5.8632486541,26.2500000000,17.5897459622,8.7500000000,5.8632486541,200.0000000000,480.5000000000,100,4.4130000000,10.0000000000,8.7500000000,5.8632486541
24,175,0.0000000100,3,30,20,100,11.5470053838,35,23.4529946162,8.7500000000,5.8632486541,26.2500000000,17.5897459622,8.7500000000,5.8632486541,200.0000000000,480.5000000000,100,3.8380000000,10.0000000000,8.7500000000,5.8632486541
18,25,0.0000000100,3,30,20,100,11.5470053838,35,23.4529946162,8.7500000000,5.8632486541,26.2500000000,17.5897459622,8.7500000000,5.8632486541,200.0000000000,480.5000000000,100,0.7420000000,10.0000000000,8.7500000000,5.8632486541
18,75,0.0000000100,3,30,20,100,11.5470053838,35,23.4529946162,8.7500000000,5.8632486541,26.2500000000,17.5897459622,8.7500000000,5.8632486541,200.0000000000,480.5000000000,100,2.2240000000,10.0000000000,8.7500000000,5.8632486541
18,125,0.0000000100,3,30,20,100,11.5470053838,35,23.4529946162,8.7500000000,5.8632486541,26.2500000000,17.5897459622,8.7500000000,5.8632486541,200.0000000000,480.5000000000,100,3.7080000000,10.0000000000,8.7500000000,5.8632486541
18,225,0.0000000100,3,30,20,100,11.5470053838,35,23.4529946162,8.7500000000,5.8632486541,26.2500000000,17.5897459622,8.7500000000,5.8632486541,200.0000000000,480.5000000000,100,6.6740000000,10.0000000000,8.7500000000,5.8632486541
18,275,0.0000000100,3,30,20,100,11.5470053838,35,23.4529946162,8.7500000000,5.8632486541,26.2500000000,17.5897459622,8.7500000000,5.8632486541,200.0000000000,480.5000000000,100,8.1560000000,10.0000000000,8.7500000000,5.8632486541
18,325,0.0000000100,3,30,20,100,11.5470053838,35,23.4529946162,8.7500000000,5.8632486541,26.2500000000,17.5897459622,8.7500000000,5.8632486541,200.0000000000,480.5000000000,100,9.6390000000,10.0000000000,8.7500000000,5.8632486541
12,175,0.0000000100,3,30,20,100,11.5470053838,35,23.4529946162,8.7500000000,5.8632486541,26.2500000000,17.5897459622,8.7500000000,5.8632486541,500.0000000000,586.0000000000,100,8.0140000000,10.0000000000,8.7500000000,5.8632486541
15,175,0.0000000100,3,30,20,100,11.5470053838,35,23.4529946162,8.7500000000,5.8632486541,26.2500000000,17.5897459622,8.7500000000,5.8632486541,500.0000000000,586.0000000000,100,6.3000000000,10.0000000000,8.7500000000,5.8632486541
18,175,0.0000000100,3,30,20,100,11.5470053838,35,23.4529946162,8.7500000000,5.8632486541,26.2500000000,17.5897459622,8.7500000000,5.8632486541,500.0000000000,586.0000000000,100,5.1900000000,10.0000000000,8.7500000000,5.8632486541
21,175,0.0000000100,3,30,20,100,11.5470053838,35,23.4529946162,8.7500000000,5.8632486541,26.2500000000,17.5897459622,8.7500000000,5.8632486541,500.0000000000,586.0000000000,100,4.4130000000,10.0000000000,8.7500000000,5.8632486541
24,175,0.0000000100,3,30,20,100,11.5470053838,35,23.4529946162,8.7500000000,5.8632486541,26.2500000000,17.5897459622,8.7500000000,5.8632486541,500.0000000000,586.0000000000,100,3.8380000000,10.0000000000,8.7500000000,5.8632486541
18,25,0.0000000100,3,30,20,100,11.5470053838,35,23.4529946162,8.7500000000,5.8632486541,26.2500000000,17.5897459622,8.7500000000,5.8632486541,500.0000000000,586.0000000000,100,0.7420000000,10.0000000000,8.7500000000,5.8632486541
18,75,0.0000000100,3,30,20,100,11.5470053838,35,23.4529946162,8.7500000000,5.8632486541,26.2500000000,17.5897459622,8.7500000000,5.8632486541,500.0000000000,586.0000000000,100,2.2240000000,10.0000000000,8.7500000000,5.8632486541
18,125,0.0000000100,3,30,20,100,11.5470053838,35,23.4529946162,8.7500000000,5.8632486541,26.2500000000,17.5897459622,8.7500000000,5.8632486541,500.0000000000,586.0000000000,100,3.7080000000,10.0000000000,8.7500000000,5.8632486541
18,225,0.0000000100,3,30,20,100,11.5470053838,35,23.4529946162,8.7500000000,5.8632486541,26.2500000000,17.5897459622,8.7500000000,5.8632486541,500.0000000000,586.0000000000,100,6.6740000000,10.0000000000,8.7500000000,5.8632486541
18,275,0.0000000100,3,30,20,100,11.5470053838,35,23.4529946162,8.7500000000,5.8632486541,26.2500000000,17.5897459622,8.7500000000,5.8632486541,500.0000000000,586.0000000000,100,8.1560000000,10.0000000000,8.7500000000,5.8632486541
18,325,0.0000000100,3,30,20,100,11.5470053838,35,23.4529946162,8.7500000000,5.8632486541,26.2500000000,17.5897459622,8.7500000000,5.8632486541,500.0000000000,586.0000000000,100,9.6390000000,10.0000000000,8.7500000000,5.8632486541
12,175,0.0000000100,3,30,20,100,11.5470053838,35,23.4529946162,8.7500000000,5.8632486541,26.2500000000,17.5897459622,7.6712000000,0.0000000000,-1.0000000000,0.0000000000,-1,8.7630000000,10.0000000000,7.6712000000,0.0000000000
15,175,0.0000000100,3,30,20,100,11.5470053838,35,23.4529946162,8.7500000000,5.8632486541,26.2500000000,17.5897459622,7.6712000000,0.0000000000,-1.0000000000,0.0000000000,-1,6.9470000000,10.0000000000,7.6712000000,0.0000000000
21,175,0.0000000100,3,30,20,100,11.5470053838,35,23.4529946162,8.7500000000,5.8632486541,26.2500000000,17.5897459622,7.6712000000,0.0000000000,-1.0000000000,0.0000000000,-1,4.9130000000,10.0000000000,7.6712000000,0.0000000000
24,175,0.0000000100,3,30,20,100,11.5470053838,35,23.4529946162,8.7500000000,5.8632486541,26.2500000000,17.5897459622,7.6712000000,0.0000000000,-1.0000000000,0.0000000000,-1,4.2850000000,10.0000000000,7.6712000000,0.0000000000
18,75,0.0000000100,3,30,20,100,11.5470053838,35,23.4529946162,8.7500000000,5.8632486541,26.2500000000,17.5897459622,7.6712000000,0.0000000000,-1.0000000000,0.0000000000,-1,2.4670000000,10.0000000000,7.6712000000,0.0000000000
18,225,0.0000000100,3,30,20,100,11.5470053838,35,23.4529946162,8.7500000000,5.8632486541,26.2500000000,17.5897459622,7.6712000000,0.0000000000,-1.0000000000,0.0000000000,-1,7.4000000000,10.0000000000,7.6712000000,0.0000000000
18,275,0.0000000100,3,30,20,100,11.5470053838,35,23.4529946162,8.7500000000,5.8632486541,26.2500000000,17.5897459622,7.6712000000,0.0000000000,-1.0000000000,0.0000000000,-1,9.0450000000,10.0000000000,7.6712000000,0.0000000000
12,175,0.0000000100,3,30,20,100,11.5470053838,35,23.4529946162,8.7500000000,5.8632486541,26.2500000000,17.5897459622,7.6712000000,0.0000000000,30.0000000000,315.9000000000,100,8.6940000000,10.0000000000,7.6712000000,0.0000000000
15,175,0.0000000100,3,30,20,100,11.5470053838,35,23.4529946162,8.7500000000,5.8632486541,26.2500000000,17.5897459622,7.6712000000,0.0000000000,30.0000000000,315.9000000000,100,6.9040000000,10.0000000000,7.6712000000,0.0000000000
21,175,0.0000000100,3,30,20,100,11.5470053838,35,23.4529946162,8.7500000000,5.8632486541,26.2500000000,17.5897459622,7.6712000000,0.0000000000,30.0000000000,315.9000000000,100,4.8910000000,10.0000000000,7.6712000000,0.0000000000
24,175,0.0000000100,3,30,20,100,11.5470053838,35,23.4529946162,8.7500000000,5.8632486541,26.2500000000,17.5897459622,7.6712000000,0.0000000000,30.0000000000,315.9000000000,100,4.2690000000,10.0000000000,7.6712000000,0.0000000000
18,75,0.0000000100,3,30,20,100,11.5470053838,35,23.4529946162,8.7500000000,5.8632486541,26.2500000000,17.5897459622,7.6712000000,0.0000000000,30.0000000000,315.9000000000,100,2.4540000000,10.0000000000,7.6712000000,0.0000000000
18,225,0.0000000100,3,30,20,100,11.5470053838,35,23.4529946162,8.7500000000,5.8632486541,26.2500000000,17.5897459622,7.6712000000,0.0000000000,30.0000000000,315.9000000000,100,7.3610000000,10.0000000000,7.6712000000,0.0000000000
18,275,0.0000000100,3,30,20,100,11.5470053838,35,23.4529946162,8.7500000000,5.8632486541,26.2500000000,17.5897459622,7.6712000000,0.0000000000,30.0000000000,315.9000000000,100,8.9980000000,10.0000000000,7.6712000000,0.0000000000
12,175,0.0000000100,3,30,20,100,11.5470053838,35,23.4529946162,8.7500000000,5.8632486541,26.2500000000,17.5897459622,7.6712000000,0.0000000000,200.0000000000,480.5000000000,100,8.6940000000,10.0000000000,7.6712000000,0.0000000000
15,175,0.0000000100,3,30,20,100,11.5470053838,35,23.4529946162,8.7500000000,5.8632486541,26.2500000000,17.5897459622,7.6712000000,0.0000000000,200.0000000000,480.5000000000,100,6.9040000000,10.0000000000,7.6712000000,0.0000000000
21,175,0.0000000100,3,30,20,100,11.5470053838,35,23.4529946162,8.7500000000,5.8632486541,26.2500000000,17.5897459622,7.6712000000,0.0000000000,200.0000000000,480.5000000000,100,4.8910000000,10.0000000000,7.6712000000,0.0000000000
24,175,0.0000000100,3,30,20,100,11.5470053838,35,23.4529946162,8.7500000000,5.8632486541,26.2500000000,17.5897459622,7.6712000000,0.0000000000,200.0000000000,480.5000000000,100,4.2690000000,10.0000000000,7.6712000000,0.0000000000
18,75,0.0000000100,3,30,20,100,11.5470053838,35,23.4529946162,8.7500000000,5.8632486541,26.2500000000,17.5897459622,7.6712000000,0.0000000000,200.0000000000,480.5000000000,100,2.4540000000,10.0000000000,7.6712000000,0.0000000000
18,225,0.0000000100,3,30,20,100,11.5470053838,35,23.4529946162,8.7500000000,5.8632486541,26.2500000000,17.5897459622,7.6712000000,0.0000000000,200.0000000000,480.5000000000,100,7.3610000000,10.0000000000,7.6712000000,0.0000000000
18,275,0.0000000100,3,30,20,100,11.5470053838,35,23.4529946162,8.7500000000,5.8632486541,26.2500000000,17.5897459622,7.6712000000,0.0000000000,200.0000000000,480.5000000000,100,8.9980000000,10.0000000000,7.6712000000,0.0000000000
12,175,0.0000000100,3,30,20,100,11.5470053838,35,23.4529946162,8.7500000000,5.8632486541,26.2500000000,17.5897459622,7.6712000000,0.0000000000,500.0000000000,586.0000000000,100,8.6940000000,10.0000000000,7.6712000000,0.0000000000
15,175,0.0000000100,3,30,20,100,11.5470053838,35,23.4529946162,8.7500000000,5.8632486541,26.2500000000,17.5897459622,7.6712000000,0.0000000000,500.0000000000,586.0000000000,100,6.9040000000,10.0000000000,7.6712000000,0.0000000000
21,175,0.0000000100,3,30,20,100,11.5470053838,35,23.4529946162,8.7500000000,5.8632486541,26.2500000000,17.5897459622,7.6712000000,0.0000000000,500.0000000000,586.0000000000,100,4.8910000000,10.0000000000,7.6712000000,0.0000000000
24,175,0.0000000100,3,30,20,100,11.5470053838,35,23.4529946162,8.7500000000,5.8632486541,26.2500000000,17.5897459622,7.6712000000,0.0000000000,500.0000000000,586.0000000000,100,4.2690000000,10.0000000000,7.6712000000,0.0000000000
18,75,0.0000000100,3,30,20,100,11.5470053838,35,23.4529946162,8.7500000000,5.8632486541,26.2500000000,17.5897459622,7.6712000000,0.0000000000,500.0000000000,586.0000000000,100,2.4540000000,10.0000000000,7.6712000000,0.0000000000
18,225,0.0000000100,3,30,20,100,11.5470053838,35,23.4529946162,8.7500000000,5.8632486541,26.2500000000,17.5897459622,7.6712000000,0.0000000000,500.0000000000,586.0000000000,100,7.3610000000,10.0000000000,7.6712000000,0.0000000000
18,275,0.0000000100,3,30,20,100,11.5470053838,35,23.4529946162,8.7500000000,5.8632486541,26.2500000000,17.5897459622,7.6712000000,0.0000000000,500.0000000000,586.0000000000,100,8.9980000000,10.0000000000,7.6712000000,0.0000000000
12,175,0.0000000100,3,30,20,100,11.5470053838,35,23.4529946162,11.5470053838,0.0000000000,23.4529946162,23.4529946162,0.0000000000,0.0000000000,-1.0000000000,0.0000000000,-1,9.6260000000,9.0000000000,0.0000000000,0.0000000000
18,175,0.0000000100,3,30,20,100,11.5470053838,35,23.4529946162,11.5470053838,0.0000000000,23.4529946162,23.4529946162,0.0000000000,0.0000000000,-1.0000000000,0.0000000000,-1,6.4110000000,9.0000000000,0.0000000000,0.0000000000
18,25,0.0000000100,3,30,20,100,11.5470053838,35,23.4529946162,11.5470053838,0.0000000000,23.4529946162,23.4529946162,0.0000000000,0.0000000000,-1.0000000000,0.0000000000,-1,0.9160000000,9.0000000000,0.0000000000,0.0000000000
18,75,0.0000000100,3,30,20,100,11.5470053838,35,23.4529946162,11.5470053838,0.0000000000,23.4529946162,23.4529946162,0.0000000000,0.0000000000,-1.0000000000,0.0000000000,-1,2.7480000000,9.0000000000,0.0000000000,0.0000000000
18,125,0.0000000100,3,30,20,100,11.5470053838,35,23.4529946162,11.5470053838,0.0000000000,23.4529946162,23.4529946162,0.0000000000,0.0000000000,-1.0000000000,0.0000000000,-1,4.5790000000,9.0000000000,0.0000000000,0.0000000000
18,225,0.0000000100,3,30,20,100,11.5470053838,35,23.4529946162,11.5470053838,0.0000000000,23.4529946162,23.4529946162,0.0000000000,0.0000000000,-1.0000000000,0.0000000000,-1,8.2420000000,9.0000000000,0.0000000000,0.0000000000
18,275,0.0000000100,3,30,20,100,11.5470053838,35,23.4529946162,11.5470053838,0.0000000000,23.4529946162,23.4529946162,0.0000000000,0.0000000000,-1.0000000000,0.0000000000,-1,10.0740000000,9.0000000000,0.0000000000,0.0000000000
18,325,0.0000000100,3,30,20,100,11.5470053838,35,23.4529946162,11.5470053838,0.0000000000,23.4529946162,23.4529946162,0.0000000000,0.0000000000,-1.0000000000,0.0000000000,-1,11.9050000000,9.0000000000,0.0000000000,0.0000000000
12,175,0.0000000100,3,30,20,100,11.5470053838,35,23.4529946162,11.5470053838,0.0000000000,23.4529946162,23.4529946162,0.0000000000,0.0000000000,30.0000000000,315.9000000000,100,9.6260000000,9.0000000000,0.0000000000,0.0000000000
18,175,0.0000000100,3,30,20,100,11.5470053838,35,23.4529946162,11.5470053838,0.0000000000,23.4529946162,23.4529946162,0.0000000000,0.0000000000,30.0000000000,315.9000000000,100,6.4110000000,9.0000000000,0.0000000000,0.0000000000
18,25,0.0000000100,3,30,20,100,11.5470053838,35,23.4529946162,11.5470053838,0.0000000000,23.4529946162,23.4529946162,0.0000000000,0.0000000000,30.0000000000,315.9000000000,100,0.9160000000,9.0000000000,0.0000000000,0.0000000000
18,75,0.0000000100,3,30,20,100,11.5470053838,35,23.4529946162,11.5470053838,0.0000000000,23.4529946162,23.4529946162,0.0000000000,0.0000000000,30.0000000000,315.9000000000,100,2.7480000000,9.0000000000,0.0000000000,0.0000000000
18,125,0.0000000100,3,30,20,100,11.5470053838,35,23.4529946162,11.5470053838,0.0000000000,23.4529946162,23.4529946162,0.0000000000,0.0000000000,30.0000000000,315.9000000000,100,4.5790000000,9.0000000000,0.0000000000,0.0000000000
18,225,0.0000000100,3,30,20,100,11.5470053838,35,23.4529946162,11.5470053838,0.0000000000,23.4529946162,23.4529946162,0.0000000000,0.0000000000,30.0000000000,315.9000000000,100,8.2420000000,9.0000000000,0.0000000000,0.0000000000
18,275,0.0000000100,3,30,20,100,11.5470053838,35,23.4529946162,11.5470053838,0.0000000000,23.4529946162,23.4529946162,0.0000000000,0.0000000000,30.0000000000,315.9000000000,100,10.0740000000,9.0000000000,0.0000000000,0.0000000000
18,325,0.0000000100,3,30,20,100,11.5470053838,35,23.4529946162,11.5470053838,0.0000000000,23.4529946162,23.4529946162,0.0000000000,0.0000000000,30.0000000000,315.9000000000,100,11.9050000000,9.0000000000,0.0000000000,0.0000000000
12,175,0.0000000100,3,30,20,100,11.5470053838,35,23.4529946162,11.5470053838,0.0000000000,23.4529946162,23.4529946162,0.0000000000,0.0000000000,200.0000000000,480.5000000000,100,9.6260000000,9.0000000000,0.0000000000,0.0000000000
18,175,0.0000000100,3,30,20,100,11.5470053838,35,23.4529946162,11.5470053838,0.0000000000,23.4529946162,23.4529946162,0.0000000000,0.0000000000,200.0000000000,480.5000000000,100,6.4110000000,9.0000000000,0.0000000000,0.0000000000
18,25,0.0000000100,3,30,20,100,11.5470053838,35,23.4529946162,11.5470053838,0.0000000000,23.4529946162,23.4529946162,0.0000000000,0.0000000000,200.0000000000,480.5000000000,100,0.9160000000,9.0000000000,0.0000000000,0.0000000000
18,75,0.0000000100,3,30,20,100,11.5470053838,35,23.4529946162,11.5470053838,0.0000000000,23.4529946162,23.4529946162,0.0000000000,0.0000000000,200.0000000000,480.5000000000,100,2.7480000000,9.0000000000,0.0000000000,0.0000000000
18,125,0.0000000100,3,30,20,100,11.5470053838,35,23.4529946162,11.5470053838,0.0000000000,23.4529946162,23.4529946162,0.0000000000,0.0000000000,200.0000000000,480.5000000000,100,4.5790000000,9.0000000000,0.0000000000,0.0000000000
18,225,0.0000000100,3,30,20,100,11.5470053838,35,23.4529946162,11.5470053838,0.0000000000,23.4529946162,23.4529946162,0.0000000000,0.0000000000,200.0000000000,480.5000000000,100,8.2420000000,9.0000000000,0.0000000000,0.0000000000
18,275,0.0000000100,3,30,20,100,11.5470053838,35,23.4529946162,11.5470053838,0.0000000000,23.4529946162,23.4529946162,0.0000000000,0.0000000000,200.0000000000,480.5000000000,100,10.0740000000,9.0000000000,0.0000000000,0.0000000000
18,325,0.0000000100,3,30,20,100,11.5470053838,35,23.4529946162,11.5470053838,0.0000000000,23.4529946162,23.4529946162,0.0000000000,0.0000000000,200.0000000000,480.5000000000,100,11.9050000000,9.0000000000,0.0000000000,0.0000000000
12,175,0.0000000100,3,30,20,100,11.5470053838,35,23.4529946162,11.5470053838,0.0000000000,23.4529946162,23.4529946162,0.0000000000,0.0000000000,500.0000000000,586.0000000000,100,9.6260000000,9.0000000000,0.0000000000,0.0000000000
18,175,0.0000000100,3,30,20,100,11.5470053838,35,23.4529946162,11.5470053838,0.0000000000,23.4529946162,23.4529946162,0.0000000000,0.0000000000,500.0000000000,586.0000000000,100,6.4110000000,9.0000000000,0.0000000000,0.0000000000
18,25,0.0000000100,3,30,20,100,11.5470053838,35,23.4529946162,11.5470053838,0.0000000000,23.4529946162,23.4529946162,0.0000000000,0.0000000000,500.0000000000,586.0000000000,100,0.9160000000,9.0000000000,0.0000000000,0.0000000000
18,75,0.0000000100,3,30,20,100,11.5470053838,35,23.4529946162,11.5470053838,0.0000000000,23.4529946162,23.4529946162,0.0000000000,0.0000000000,500.0000000000,586.0000000000,100,2.7480000000,9.0000000000,0.0000000000,0.0000000000
18,125,0.0000000100,3,30,20,100,11.5470053838,35,23.4529946162,11.5470053838,0.0000000000,23.4529946162,23.4529946162,0.0000000000,0.0000000000,500.0000000000,586.0000000000,100,4.5790000000,9.0000000000,0.0000000000,0.0000000000
18,225,0.0000000100,3,30,20,100,11.5470053838,35,23.4529946162,11.5470053838,0.0000000000,23.4529946162,23.4529946162,0.0000000000,0.0000000000,500.0000000000,586.0000000000,100,8.2420000000,9.0000000000,0.0000000000,0.0000000000
18,275,0.0000000100,3,30,20,100,11.5470053838,35,23.4529946162,11.5470053838,0.0000000000,23.4529946162,23.4529946162,0.0000000000,0.0000000000,500.0000000000,586.0000000000,100,10.0740000000,9.0000000000,0.0000000000,0.0000000000
18,325,0.0000000100,3,30,20,100,11.5470053838,35,23.4529946162,11.5470053838,0.0000000000,23.4529946162,23.4529946162,0.0000000000,0.0000000000,500.0000000000,586.0000000000,100,11.9050000000,9.0000000000,0.0000000000,0.0000000000
12,175,0.0000000100,3,30,20,100,11.5470053838,35,23.4529946162,11.5470053838,0.0000000000,23.4529946162,23.4529946162,11.5470053838,0.0000000000,-1.0000000000,0.0000000000,-1,10.3780000000,9.0000000000,11.5470053838,0.0000000000
18,175,0.0000000100,3,30,20,100,11.5470053838,35,23.4529946162,11.5470053838,0.0000000000,23.4529946162,23.4529946162,11.5470053838,0.0000000000,-1.0000000000,0.0000000000,-1,6.7350000000,9.0000000000,11.5470053838,0.0000000000
21,175,0.0000000100,3,30,20,100,11.5470053838,35,23.4529946162,11.5470053838,0.0000000000,23.4529946162,23.4529946162,11.5470053838,0.0000000000,-1.0000000000,0.0000000000,-1,5.7300000000,9.0000000000,11.5470053838,0.0000000000
24,175,0.0000000100,3,30,20,100,11.5470053838,35,23.4529946162,11.5470053838,0.0000000000,23.4529946162,23.4529946162,11.5470053838,0.0000000000,-1.0000000000,0.0000000000,-1,4.9860000000,9.0000000000,11.5470053838,0.0000000000
18,75,0.0000000100,3,30,20,100,11.5470053838,35,23.4529946162,11.5470053838,0.0000000000,23.4529946162,23.4529946162,11.5470053838,0.0000000000,-1.0000000000,0.0000000000,-1,2.8870000000,9.0000000000,11.5470053838,0.0000000000
18,125,0.0000000100,3,30,20,100,11.5470053838,35,23.4529946162,11.5470053838,0.0000000000,23.4529946162,23.4529946162,11.5470053838,0.0000000000,-1.0000000000,0.0000000000,-1,4.8110000000,9.0000000000,11.5470053838,0.0000000000
18,275,0.0000000100,3,30,20,100,11.5470053838,35,23.4529946162,11.5470053838,0.0000000000,23.4529946162,23.4529946162,11.5470053838,0.0000000000,-1.0000000000,0.0000000000,-1,10.5840000000,9.0000000000,11.5470053838,0.0000000000
12,175,0.0000000100,3,30,20,100,11.5470053838,35,23.4529946162,11.5470053838,0.0000000000,23.4529946162,23.4529946162,11.5470053838,0.0000000000,30.0000000000,315.9000000000,100,10.2890000000,9.0000000000,11.5470053838,0.0000000000
18,175,0.0000000100,3,30,20,100,11.5470053838,35,23.4529946162,11.5470053838,0.0000000000,23.4529946162,23.4529946162,11.5470053838,0.0000000000,30.0000000000,315.9000000000,100,6.6980000000,9.0000000000,11.5470053838,0.0000000000
21,175,0.0000000100,3,30,20,100,11.5470053838,35,23.4529946162,11.5470053838,0.0000000000,23.4529946162,23.4529946162,11.5470053838,0.0000000000,30.0000000000,315.9000000000,100,5.7030000000,9.0000000000,11.5470053838,0.0000000000
24,175,0.0000000100,3,30,20,100,11.5470053838,35,23.4529946162,11.5470053838,0.0000000000,23.4529946162,23.4529946162,11.5470053838,0.0000000000,30.0000000000,315.9000000000,100,4.9650000000,9.0000000000,11.5470053838,0.0000000000
18,75,0.0000000100,3,30,20,100,11.5470053838,35,23.4529946162,11.5470053838,0.0000000000,23.4529946162,23.4529946162,11.5470053838,0.0000000000,30.0000000000,315.9000000000,100,2.8710000000,9.0000000000,11.5470053838,0.0000000000
18,125,0.0000000100,3,30,20,100,11.5470053838,35,23.4529946162,11.5470053838,0.0000000000,23.4529946162,23.4529946162,11.5470053838,0.0000000000,30.0000000000,315.9000000000,100,4.7840000000,9.0000000000,11.5470053838,0.0000000000
18,275,0.0000000100,3,30,20,100,11.5470053838,35,23.4529946162,11.5470053838,0.0000000000,23.4529946162,23.4529946162,11.5470053838,0.0000000000,30.0000000000,315.9000000000,100,10.5250000000,9.0000000000,11.5470053838,0.0000000000
12,175,0.0000000100,3,30,20,100,11.5470053838,35,23.4529946162,11.5470053838,0.0000000000,23.4529946162,23.4529946162,11.5470053838,0.0000000000,200.0000000000,480.5000000000,100,10.2890000000,9.0000000000,11.5470053838,0.0000000000
18,175,0.0000000100,3,30,20,100,11.5470053838,35,23.4529946162,11.5470053838,0.0000000000,23.4529946162,23.4529946162,11.5470053838,0.0000000000,200.0000000000,480.5000000000,100,6.6980000000,9.0000000000,11.5470053838,0.0000000000
21,175,0.0000000100,3,30,20,100,11.5470053838,35,23.4529946162,11.5470053838,0.0000000000,23.4529946162,23.4529946162,11.5470053838,0.0000000000,200.0000000000,480.5000000000,100,5.7030000000,9.0000000000,11.5470053838,0.0000000000
24,175,0.0000000100,3,30,20,100,11.5470053838,35,23.4529946162,11.5470053838,0.0000000000,23.4529946162,23.4529946162,11.5470053838,0.0000000000,200.0000000000,480.5000000000,100,4.9650000000,9.0000000000,11.5470053838,0.0000000000
18,75,0.0000000100,3,30,20,100,11.5470053838,35,23.4529946162,11.5470053838,0.0000000000,23.4529946162,23.4529946162,11.5470053838,0.0000000000,200.0000000000,480.5000000000,100,2.8710000000,9.0000000000,11.5470053838,0.0000000000
18,125,0.0000000100,3,30,20,100,11.5470053838,35,23.4529946162,11.5470053838,0.0000000000,23.4529946162,23.4529946162,11.5470053838,0.0000000000,200.0000000000,480.5000000000,100,4.7840000000,9.0000000000,11.5470053838,0.0000000000
18,275,0.0000000100,3,30,20,100,11.5470053838,35,23.4529946162,11.5470053838,0.0000000000,23.4529946162,23.4529946162,11.5470053838,0.0000000000,200.0000000000,480.5000000000,100,10.5250000000,9.0000000000,11.5470053838,0.0000000000
12,175,0.0000000100,3,30,20,100,11.5470053838,35,23.4529946162,11.5470053838,0.0000000000,23.4529946162,23.4529946162,11.5470053838,0.0000000000,500.0000000000,586.0000000000,100,10.2890000000,9.0000000000,11.5470053838,0.0000000000
18,175,0.0000000100,3,30,20,100,11.5470053838,35,23.4529946162,11.5470053838,0.0000000000,23.4529946162,23.4529946162,11.5470053838,0.0000000000,500.0000000000,586.0000000000,100,6.6980000000,9.0000000000,11.5470053838,0.0000000000
21,175,0.0000000100,3,30,20,100,11.5470053838,35,23.4529946162,11.5470053838,0.0000000000,23.4529946162,23.4529946162,11.5470053838,0.0000000000,500.0000000000,586.0000000000,100,5.7030000000,9.0000000000,11.5470053838,0.0000000000
24,175,0.0000000100,3,30,20,100,11.5470053838,35,23.4529946162,11.5470053838,0.0000000000,23.4529946162,23.4529946162,11.5470053838,0.0000000000,500.0000000000,586.0000000000,100,4.9650000000,9.0000000000,11.5470053838,0.0000000000
18,75,0.0000000100,3,30,20,100,11.5470053838,35,23.4529946162,11.5470053838,0.0000000000,23.4529946162,23.4529946162,11.5470053838,0.0000000000,500.0000000000,586.0000000000,100,2.8710000000,9.0000000000,11.5470053838,0.0000000000
18,125,0.0000000100,3,30,20,100,11.5470053838,35,23.4529946162,11.5470053838,0.0000000000,23.4529946162,23.4529946162,11.5470053838,0.0000000000,500.0000000000,586.0000000000,100,4.7840000000,9.0000000000,11.5470053838,0.0000000000
18,275,0.0000000100,3,30,20,100,11.5470053838,35,23.4529946162,11.5470053838,0.0000000000,23.4529946162,23.4529946162,11.5470053838,0.0000000000,500.0000000000,586.0000000000,100,10.5250000000,9.0000000000,11.5470053838,0.0000000000
12,175,0.0000000100,3,30,20,100,11.5470053838,35,23.4529946162,11.5470053838,0.0000000000,23.4529946162,23.4529946162,7.6712000000,0.0000000000,-1.0000000000,0.0000000000,-1,10.0610000000,9.0000000000,7.6712000000,0.0000000000
15,175,0.0000000100,3,30,20,100,11.5470053838,35,23.4529946162,11.5470053838,0.0000000000,23.4529946162,23.4529946162,7.6712000000,0.0000000000,-1.0000000000,0.0000000000,-1,7.9710000000,9.0000000000,7.6712000000,0.0000000000
18,175,0.0000000100,3,30,20,100,11.5470053838,35,23.4529946162,11.5470053838,0.0000000000,23.4529946162,23.4529946162,7.6712000000,0.0000000000,-1.0000000000,0.0000000000,-1,6.6000000000,9.0000000000,7.6712000000,0.0000000000
21,175,0.0000000100,3,30,20,100,11.5470053838,35,23.4529946162,11.5470053838,0.0000000000,23.4529946162,23.4529946162,7.6712000000,0.0000000000,-1.0000000000,0.0000000000,-1,5.6320000000,9.0000000000,7.6712000000,0.0000000000
24,175,0.0000000100,3,30,20,100,11.5470053838,35,23.4529946162,11.5470053838,0.0000000000,23.4529946162,23.4529946162,7.6712000000,0.0000000000,-1.0000000000,0.0000000000,-1,4.9110000000,9.0000000000,7.6712000000,0.0000000000
18,25,0.0000000100,3,30,20,100,11.5470053838,35,23.4529946162,11.5470053838,0.0000000000,23.4529946162,23.4529946162,7.6712000000,0.0000000000,-1.0000000000,0.0000000000,-1,0.9430000000,9.0000000000,7.6712000000,0.0000000000
18,75,0.0000000100,3,30,20,100,11.5470053838,35,23.4529946162,11.5470053838,0.0000000000,23.4529946162,23.4529946162,7.6712000000,0.0000000000,-1.0000000000,0.0000000000,-1,2.8290000000,9.0000000000,7.6712000000,0.0000000000
18,125,0.0000000100,3,30,20,100,11.5470053838,35,23.4529946162,11.5470053838,0.0000000000,23.4529946162,23.4529946162,7.6712000000,0.0000000000,-1.0000000000,0.0000000000,-1,4.7150000000,9.0000000000,7.6712000000,0.0000000000
18,225,0.0000000100,3,30,20,100,11.5470053838,35,23.4529946162,11.5470053838,0.0000000000,23.4529946162,23.4529946162,7.6712000000,0.0000000000,-1.0000000000,0.0000000000,-1,8.4860000000,9.0000000000,7.6712000000,0.0000000000
18,275,0.0000000100,3,30,20,100,11.5470053838,35,23.4529946162,11.5470053838,0.0000000000,23.4529946162,23.4529946162,7.6712000000,0.0000000000,-1.0000000000,0.0000000000,-1,10.3720000000,9.0000000000,7.6712000000,0.0000000000
18,325,0.0000000100,3,30,20,100,11.5470053838,35,23.4529946162,11.5470053838,0.0000000000,23.4529946162,23.4529946162,7.6712000000,0.0000000000,-1.0000000000,0.0000000000,-1,12.2580000000,9.0000000000,7.6712000000,0.0000000000
12,175,0.0000000100,3,30,20,100,11.5470053838,35,23.4529946162,11.5470053838,0.0000000000,23.4529946162,23.4529946162,7.6712000000,0.0000000000,30.0000000000,315.9000000000,100,9.9770000000,9.0000000000,7.6712000000,0.0000000000
15,175,0.0000000100,3,30,20,100,11.5470053838,35,23.4529946162,11.5470053838,0.0000000000,23.4529946162,23.4529946162,7.6712000000,0.0000000000,30.0000000000,315.9000000000,100,7.9180000000,9.0000000000,7.6712000000,0.0000000000
18,175,0.0000000100,3,30,20,100,11.5470053838,35,23.4529946162,11.5470053838,0.0000000000,23.4529946162,23.4529946162,7.6712000000,0.0000000000,30.0000000000,315.9000000000,100,6.5640000000,9.0000000000,7.6712000000,0.0000000000
21,175,0.0000000100,3,30,20,100,11.5470053838,35,23.4529946162,11.5470053838,0.0000000000,23.4529946162,23.4529946162,7.6712000000,0.0000000000,30.0000000000,315.9000000000,100,5.6050000000,9.0000000000,7.6712000000,0.0000000000
24,175,0.0000000100,3,30,20,100,11.5470053838,35,23.4529946162,11.5470053838,0.0000000000,23.4529946162,23.4529946162,7.6712000000,0.0000000000,30.0000000000,315.9000000000,100,4.8910000000,9.0000000000,7.6712000000,0.0000000000
18,25,0.0000000100,3,30,20,100,11.5470053838,35,23.4529946162,11.5470053838,0.0000000000,23.4529946162,23.4529946162,7.6712000000,0.0000000000,30.0000000000,315.9000000000,100,0.9380000000,9.0000000000,7.6712000000,0.0000000000
18,75,0.0000000100,3,30,20,100,11.5470053838,35,23.4529946162,11.5470053838,0.0000000000,23.4529946162,23.4529946162,7.6712000000,0.0000000000,30.0000000000,315.9000000000,100,2.8130000000,9.0000000000,7.6712000000,0.0000000000
18,125,0.0000000100,3,30,20,100,11.5470053838,35,23.4529946162,11.5470053838,0.0000000000,23.4529946162,23.4529946162,7.6712000000,0.0000000000,30.0000000000,315.9000000000,100,4.6890000000,9.0000000000,7.6712000000,0.0000000000
18,225,0.0000000100,3,30,20,100,11.5470053838,35,23.4529946162,11.5470053838,0.0000000000,23.4529946162,23.4529946162,7.6712000000,0.0000000000,30.0000000000,315.9000000000,100,8.4400000000,9.0000000000,7.6712000000,0.0000000000
18,275,0.0000000100,3,30,20,100,11.5470053838,35,23.4529946162,11.5470053838,0.0000000000,23.4529946162,23.4529946162,7.6712000000,0.0000000000,30.0000000000,315.9000000000,100,10.3150000000,9.0000000000,7.6712000000,0.0000000000
18,325,0.0000000100,3,30,20,100,11.5470053838,35,23.4529946162,11.5470053838,0.0000000000,23.4529946162,23.4529946162,7.6712000000,0.0000000000,30.0000000000,315.9000000000,100,12.1900000000,9.0000000000,7.6712000000,0.0000000000
12,175,0.0000000100,3,30,20,100,11.5470053838,35,23.4529946162,11.5470053838,0.0000000000,23.4529946162,23.4529946162,7.6712000000,0.0000000000,200.0000000000,480.5000000000,100,9.9770000000,9.0000000000,7.6712000000,0.0000000000
15,175,0.0000000100,3,30,20,100,11.5470053838,35,23.4529946162,11.5470053838,0.0000000000,23.4529946162,23.4529946162,7.6712000000,0.0000000000,200.0000000000,480.5000000000,100,7.9180000000,9.0000000000,7.6712000000,0.0000000000
18,175,0.0000000100,3,30,20,100,11.5470053838,35,23.4529946162,11.5470053838,0.0000000000,23.4529946162,23.4529946162,7.6712000000,0.0000000000,200.0000000000,480.5000000000,100,6.5640000000,9.0000000000,7.6712000000,0.0000000000
21,175,0.0000000100,3,30,20,100,11.5470053838,35,23.4529946162,11.5470053838,0.0000000000,23.4529946162,23.4529946162,7.6712000000,0.0000000000,200.0000000000,480.5000000000,100,5.6050000000,9.0000000000,7.6712000000,0.0000000000
24,175,0.0000000100,3,30,20,100,11.5470053838,35,23.4529946162,11.5470053838,0.0000000000,23.4529946162,23.4529946162,7.6712000000,0.0000000000,200.0000000000,480.5000000000,100,4.8910000000,9.0000000000,7.6712000000,0.0000000000
18,25,0.0000000100,3,30,20,100,11.5470053838,35,23.4529946162,11.5470053838,0.0000000000,23.4529946162,23.4529946162,7.6712000000,0.0000000000,200.0000000000,480.5000000000,100,0.9380000000,9.0000000000,7.6712000000,0.0000000000
18,75,0.0000000100,3,30,20,100,11.5470053838,35,23.4529946162,11.5470053838,0.0000000000,23.4529946162,23.4529946162,7.6712000000,0.0000000000,200.0000000000,480.5000000000,100,2.8130000000,9.0000000000,7.6712000000,0.0000000000
18,125,0.0000000100,3,30,20,100,11.5470053838,35,23.4529946162,11.5470053838,0.0000000000,23.4529946162,23.4529946162,7.6712000000,0.0000000000,200.0000000000,480.5000000000,100,4.6890000000,9.0000000000,7.6712000000,0.0000000000
18,225,0.0000000100,3,30,20,100,11.5470053838,35,23.4529946162,11.5470053838,0.0000000000,23.4529946162,23.4529946162,7.6712000000,0.0000000000,200.0000000000,480.5000000000,100,8.4400000000,9.0000000000,7.6712000000,0.0000000000
18,275,0.0000000100,3,30,20,100,11.5470053838,35,23.4529946162,11.5470053838,0.0000000000,23.4529946162,23.4529946162,7.6712000000,0.0000000000,200.0000000000,480.5000000000,100,10.3150000000,9.0000000000,7.6712000000,0.0000000000
18,325,0.0000000100,3,30,20,100,11.5470053838,35,23.4529946162,11.5470053838,0.0000000000,23.4529946162,23.4529946162,7.6712000000,0.0000000000,200.0000000000,480.5000000000,100,12.1900000000,9.0000000000,7.6712000000,0.0000000000
12,175,0.0000000100,3,30,20,100,11.5470053838,35,23.4529946162,11.5470053838,0.0000000000,23.4529946162,23.4529946162,7.6712000000,0.0000000000,500.0000000000,586.0000000000,100,9.9770000000,9.0000000000,7.6712000000,0.0000000000
15,175,0.0000000100,3,30,20,100,11.5470053838,35,23.4529946162,11.5470053838,0.0000000000,23.4529946162,23.4529946162,7.6712000000,0.0000000000,500.0000000000,586.0000000000,100,7.9180000000,9.0000000000,7.6712000000,0.0000000000
18,175,0.0000000100,3,30,20,100,11.5470053838,35,23.4529946162,11.5470053838,0.0000000000,23.4529946162,23.4529946162,7.6712000000,0.0000000000,500.0000000000,586.0000000000,100,6.5640000000,9.0000000000,7.6712000000,0.0000000000
21,175,0.0000000100,3,30,20,100,11.5470053838,35,23.4529946162,11.5470053838,0.0000000000,23.4529946162,23.4529946162,7.6712000000,0.0000000000,500.0000000000,586.0000000000,100,5.6050000000,9.0000000000,7.6712000000,0.0000000000
24,175,0.0000000100,3,30,20,100,11.5470053838,35,23.4529946162,11.5470053838,0.0000000000,23.4529946162,23.4529946162,7.6712000000,0.0000000000,500.0000000000,586.0000000000,100,4.8910000000,9.0000000000,7.6712000000,0.0000000000
18,25,0.0000000100,3,30,20,100,11.5470053838,35,23.4529946162,11.5470053838,0.0000000000,23.4529946162,23.4529946162,7.6712000000,0.0000000000,500.0000000000,586.0000000000,100,0.9380000000,9.0000000000,7.6712000000,0.0000000000
18,75,0.0000000100,3,30,20,100,11.5470053838,35,23.4529946162,11.5470053838,0.0000000000,23.4529946162,23.4529946162,7.6712000000,0.0000000000,500.0000000000,586.0000000000,100,2.8130000000,9.0000000000,7.6712000000,0.0000000000
18,125,0.0000000100,3,30,20,100,11.5470053838,35,23.4529946162,11.5470053838,0.0000000000,23.4529946162,23.4529946162,7.6712000000,0.0000000000,500.0000000000,586.0000000000,100,4.6890000000,9.0000000000,7.6712000000,0.0000000000
18,225,0.0000000100,3,30,20,100,11.5470053838,35,23.4529946162,11.5470053838,0.0000000000,23.4529946162,23.4529946162,7.6712000000,0.0000000000,500.0000000000,586.0000000000,100,8.4400000000,9.0000000000,7.6712000000,0.0000000000
18,275,0.0000000100,3,30,20,100,11.5470053838,35,23.4529946162,11.5470053838,0.0000000000,23.4529946162,23.4529946162,7.6712000000,0.0000000000,500.0000000000,586.0000000000,100,10.3150000000,9.0000000000,7.6712000000,0.0000000000
18,325,0.0000000100,3,30,20,100,11.5470053838,35,23.4529946162,11.5470053838,0.0000000000,23.4529946162,23.4529946162,7.6712000000,0.0000000000,500.0000000000,586.0000000000,100,12.1900000000,9.0000000000,7.6712000000,0.0000000000
12,175,0.0000000100,3,30,40,200,23.0940107676,70,46.9059892324,63.0000000000,39.9059892324,7.0000000000,7.0000000000,0.0000000000,0.0000000000,-1.0000000000,0.0000000000,-1,3.6830000000,42.0000000000,0.0000000000,0.0000000000
15,175,0.0000000100,3,30,40,200,23.0940107676,70,46.9059892324,63.0000000000,39.9059892324,7.0000000000,7.0000000000,0.0000000000,0.0000000000,-1.0000000000,0.0000000000,-1,2.9470000000,42.0000000000,0.0000000000,0.0000000000
18,175,0.0000000100,3,30,40,200,23.0940107676,70,46.9059892324,63.0000000000,39.9059892324,7.0000000000,7.0000000000,0.0000000000,0.0000000000,-1.0000000000,0.0000000000,-1,2.4560000000,42.0000000000,0.0000000000,0.0000000000
21,175,0.0000000100,3,30,40,200,23.0940107676,70,46.9059892324,63.0000000000,39.9059892324,7.0000000000,7.0000000000,0.0000000000,0.0000000000,-1.0000000000,0.0000000000,-1,2.1050000000,42.0000000000,0.0000000000,0.0000000000
24,175,0.0000000100,3,30,40,200,23.0940107676,70,46.9059892324,63.0000000000,39.9059892324,7.0000000000,7.0000000000,0.0000000000,0.0000000000,-1.0000000000,0.0000000000,-1,1.8420000000,42.0000000000,0.0000000000,0.0000000000
18,25,0.0000000100,3,30,40,200,23.0940107676,70,46.9059892324,63.0000000000,39.9059892324,7.0000000000,7.0000000000,0.0000000000,0.0000000000,-1.0000000000,0.0000000000,-1,0.3510000000,42.0000000000,0.0000000000,0.0000000000
18,75,0.0000000100,3,30,40,200,23.0940107676,70,46.9059892324,63.0000000000,39.9059892324,7.0000000000,7.0000000000,0.0000000000,0.0000000000,-1.0000000000,0.0000000000,-1,1.0520000000,42.0000000000,0.0000000000,0.0000000000
18,125,0.0000000100,3,30,40,200,23.0940107676,70,46.9059892324,63.0000000000,39.9059892324,7.0000000000,7.0000000000,0.0000000000,0.0000000000,-1.0000000000,0.0000000000,-1,1.7540000000,42.0000000000,0.0000000000,0.0000000000
18,225,0.0000000100,3,30,40,200,23.0940107676,70,46.9059892324,63.0000000000,39.9059892324,7.0000000000,7.0000000000,0.0000000000,0.0000000000,-1.0000000000,0.0000000000,-1,3.1570000000,42.0000000000,0.0000000000,0.0000000000
18,325,0.0000000100,3,30,40,200,23.0940107676,70,46.9059892324,63.0000000000,39.9059892324,7.0000000000,7.0000000000,0.0000000000,0.0000000000,-1.0000000000,0.0000000000,-1,4.5600000000,42.0000000000,0.0000000000,0.0000000000
12,175,0.0000000100,3,30,40,200,23.0940107676,70,46.9059892324,63.0000000000,39.9059892324,7.0000000000,7.0000000000,0.0000000000,0.0000000000,30.0000000000,315.9000000000,100,3.6830000000,42.0000000000,0.0000000000,0.0000000000
15,175,0.0000000100,3,30,40,200,23.0940107676,70,46.9059892324,63.0000000000,39.9059892324,7.0000000000,7.0000000000,0.0000000000,0.0000000000,30.0000000000,315.9000000000,100,2.9470000000,42.0000000000,0.0000000000,0.0000000000
18,175,0.0000000100,3,30,40,200,23.0940107676,70,46.9059892324,63.0000000000,39.9059892324,7.0000000000,7.0000000000,0.0000000000,0.0000000000,30.0000000000,315.9000000000,100,2.4560000000,42.0000000000,0.0000000000,0.0000000000
21,175,0.0000000100,3,30,40,200,23.0940107676,70,46.9059892324,63.0000000000,39.9059892324,7.0000000000,7.0000000000,0.0000000000,0.0000000000,30.0000000000,315.9000000000,100,2.1050000000,42.0000000000,0.0000000000,0.0000000000
24,175,0.0000000100,3,30,40,200,23.0940107676,70,46.9059892324,63.0000000000,39.9059892324,7.0000000000,7.0000000000,0.0000000000,0.0000000000,30.0000000000,315.9000000000,100,1.8420000000,42.0000000000,0.0000000000,0.0000000000
18,25,0.0000000100,3,30,40,200,23.0940107676,70,46.9059892324,63.0000000000,39.9059892324,7.0000000000,7.0000000000,0.0000000000,0.0000000000,30.0000000000,315.9000000000,100,0.3510000000,42.0000000000,0.0000000000,0.0000000000
18,75,0.0000000100,3,30,40,200,23.0940107676,70,46.9059892324,63.0000000000,39.9059892324,7.0000000000,7.0000000000,0.0000000000,0.0000000000,30.0000000000,315.9000000000,100,1.0520000000,42.0000000000,0.0000000000,0.0000000000
18,125,0.0000000100,3,30,40,200,23.0940107676,70,46.9059892324,63.0000000000,39.9059892324,7.0000000000,7.0000000000,0.0000000000,0.0000000000,30.0000000000,315.9000000000,100,1.7540000000,42.0000000000,0.0000000000,0.0000000000
18,225,0.0000000100,3,30,40,200,23.0940107676,70,46.9059892324,63.0000000000,39.9059892324,7.0000000000,7.0000000000,0.0000000000,0.0000000000,30.0000000000,315.9000000000,100,3.1570000000,42.0000000000,0.0000000000,0.0000000000
18,325,0.0000000100,3,30,40,200,23.0940107676,70,46.9059892324,63.0000000000,39.9059892324,7.0000000000,7.0000000000,0.0000000000,0.0000000000,30.0000000000,315.9000000000,100,4.5600000000,42.0000000000,0.0000000000,0.0000000000
12,175,0.0000000100,3,30,40,200,23.0940107676,70,46.9059892324,63.0000000000,39.9059892324,7.0000000000,7.0000000000,0.0000000000,0.0000000000,200.0000000000,480.5000000000,100,3.6830000000,42.0000000000,0.0000000000,0.0000000000
15,175,0.0000000100,3,30,40,200,23.0940107676,70,46.9059892324,63.0000000000,39.9059892324,7.0000000000,7.0000000000,0.0000000000,0.0000000000,200.0000000000,480.5000000000,100,2.9470000000,42.0000000000,0.0000000000,0.0000000000
18,175,0.0000000100,3,30,40,200,23.0940107676,70,46.9059892324,63.0000000000,39.9059892324,7.0000000000,7.0000000000,0.0000000000,0.0000000000,200.0000000000,480.5000000000,100,2.4560000000,42.0000000000,0.0000000000,0.0000000000
21,175,0.0000000100,3,30,40,200,23.0940107676,70,46.9059892324,63.0000000000,39.9059892324,7.0000000000,7.0000000000,0.0000000000,0.0000000000,200.0000000000,480.5000000000,100,2.1050000000,42.0000000000,0.0000000000,0.0000000000
24,175,0.0000000100,3,30,40,200,23.0940107676,70,46.9059892324,63.0000000000,39.9059892324,7.0000000000,7.0000000000,0.0000000000,0.0000000000,200.0000000000,480.5000000000,100,1.8420000000,42.0000000000,0.0000000000,0.0000000000
18,25,0.0000000100,3,30,40,200,23.0940107676,70,46.9059892324,63.0000000000,39.9059892324,7.0000000000,7.0000000000,0.0000000000,0.0000000000,200.0000000000,480.5000000000,100,0.3510000000,42.0000000000,0.0000000000,0.0000000000
18,75,0.0000000100,3,30,40,200,23.0940107676,70,46.9059892324,63.0000000000,39.9059892324,7.0000000000,7.0000000000,0.0000000000,0.0000000000,200.0000000000,480.5000000000,100,1.0520000000,42.0000000000,0.0000000000,0.0000000000
18,125,0.0000000100,3,30,40,200,23.0940107676,70,46.9059892324,63.0000000000,39.9059892324,7.0000000000,7.0000000000,0.0000000000,0.0000000000,200.0000000000,480.5000000000,100,1.7540000000,42.0000000000,0.0000000000,0.0000000000
18,225,0.0000000100,3,30,40,200,23.0940107676,70,46.9059892324,63.0000000000,39.9059892324,7.0000000000,7.0000000000,0.0000000000,0.0000000000,200.0000000000,480.5000000000,100,3.1570000000,42.0000000000,0.0000000000,0.0000000000
18,325,0.0000000100,3,30,40,200,23.0940107676,70,46.9059892324,63.0000000000,39.9059892324,7.0000000000,7.0000000000,0.0000000000,0.0000000000,200.0000000000,480.5000000000,100,4.5600000000,42.0000000000,0.0000000000,0.0000000000
12,175,0.0000000100,3,30,40,200,23.0940107676,70,46.9059892324,63.0000000000,39.9059892324,7.0000000000,7.0000000000,0.0000000000,0.0000000000,500.0000000000,586.0000000000,100,3.6830000000,42.0000000000,0.0000000000,0.0000000000
15,175,0.0000000100,3,30,40,200,23.0940107676,70,46.9059892324,63.0000000000,39.9059892324,7.0000000000,7.0000000000,0.0000000000,0.0000000000,500.0000000000,586.0000000000,100,2.9470000000,42.0000000000,0.0000000000,0.0000000000
18,175,0.0000000100,3,30,40,200,23.0940107676,70,46.9059892324,63.0000000000,39.9059892324,7.0000000000,7.0000000000,0.0000000000,0.0000000000,500.0000000000,586.0000000000,100,2.4560000000,42.0000000000,0.0000000000,0.0000000000
21,175,0.0000000100,3,30,40,200,23.0940107676,70,46.9059892324,63.0000000000,39.9059892324,7.0000000000,7.0000000000,0.0000000000,0.0000000000,500.0000000000,586.0000000000,100,2.1050000000,42.0000000000,0.0000000000,0.0000000000
24,175,0.0000000100,3,30,40,200,23.0940107676,70,46.9059892324,63.0000000000,39.9059892324,7.0000000000,7.0000000000,0.0000000000,0.0000000000,500.0000000000,586.0000000000,100,1.8420000000,42.0000000000,0.0000000000,0.0000000000
18,25,0.0000000100,3,30,40,200,23.0940107676,70,46.9059892324,63.0000000000,39.9059892324,7.0000000000,7.0000000000,0.0000000000,0.0000000000,500.0000000000,586.0000000000,100,0.3510000000,42.0000000000,0.0000000000,0.0000000000
18,75,0.0000000100,3,30,40,200,23.0940107676,70,46.9059892324,63.0000000000,39.9059892324,7.0000000000,7.0000000000,0.0000000000,0.0000000000,500.0000000000,586.0000000000,100,1.0520000000,42.0000000000,0.0000000000,0.0000000000
18,125,0.0000000100,3,30,40,200,23.0940107676,70,46.9059892324,63.0000000000,39.9059892324,7.0000000000,7.0000000000,0.0000000000,0.0000000000,500.0000000000,586.0000000000,100,1.7540000000,42.0000000000,0.0000000000,0.0000000000
18,225,0.0000000100,3,30,40,200,23.0940107676,70,46.9059892324,63.0000000000,39.9059892324,7.0000000000,7.0000000000,0.0000000000,0.0000000000,500.0000000000,586.0000000000,100,3.1570000000,42.0000000000,0.0000000000,0.0000000000
18,325,0.0000000100,3,30,40,200,23.0940107676,70,46.9059892324,63.0000000000,39.9059892324,7.0000000000,7.0000000000,0.0000000000,0.0000000000,500.0000000000,586.0000000000,100,4.5600000000,42.0000000000,0.0000000000,0.0000000000
12,175,0.0000000100,3,30,40,200,23.0940107676,70,46.9059892324,63.0000000000,39.9059892324,7.0000000000,7.0000000000,63.0000000000,39.9059892324,-1.0000000000,0.0000000000,-1,4.0160000000,42.0000000000,63.0000000000,39.9059892324
15,175,0.0000000100,3,30,40,200,23.0940107676,70,46.9059892324,63.0000000000,39.9059892324,7.0000000000,7.0000000000,63.0000000000,39.9059892324,-1.0000000000,0.0000000000,-1,3.1560000000,42.0000000000,63.0000000000,39.9059892324
21,175,0.0000000100,3,30,40,200,23.0940107676,70,46.9059892324,63.0000000000,39.9059892324,7.0000000000,7.0000000000,63.0000000000,39.9059892324,-1.0000000000,0.0000000000,-1,2.2090000000,42.0000000000,63.0000000000,39.9059892324
18,25,0.0000000100,3,30,40,200,23.0940107676,70,46.9059892324,63.0000000000,39.9059892324,7.0000000000,7.0000000000,63.0000000000,39.9059892324,-1.0000000000,0.0000000000,-1,0.3710000000,42.0000000000,63.0000000000,39.9059892324
18,125,0.0000000100,3,30,40,200,23.0940107676,70,46.9059892324,63.0000000000,39.9059892324,7.0000000000,7.0000000000,63.0000000000,39.9059892324,-1.0000000000,0.0000000000,-1,1.8560000000,42.0000000000,63.0000000000,39.9059892324
18,225,0.0000000100,3,30,40,200,23.0940107676,70,46.9059892324,63.0000000000,39.9059892324,7.0000000000,7.0000000000,63.0000000000,39.9059892324,-1.0000000000,0.0000000000,-1,3.3410000000,42.0000000000,63.0000000000,39.9059892324
18,275,0.0000000100,3,30,40,200,23.0940107676,70,46.9059892324,63.0000000000,39.9059892324,7.0000000000,7.0000000000,63.0000000000,39.9059892324,-1.0000000000,0.0000000000,-1,4.0840000000,42.0000000000,63.0000000000,39.9059892324
18,325,0.0000000100,3,30,40,200,23.0940107676,70,46.9059892324,63.0000000000,39.9059892324,7.0000000000,7.0000000000,63.0000000000,39.9059892324,-1.0000000000,0.0000000000,-1,4.8260000000,42.0000000000,63.0000000000,39.9059892324
12,175,0.0000000100,3,30,40,200,23.0940107676,70,46.9059892324,63.0000000000,39.9059892324,7.0000000000,7.0000000000,63.0000000000,39.9059892324,30.0000000000,315.9000000000,100,4.0080000000,42.0000000000,63.0000000000,39.9059892324
15,175,0.0000000100,3,30,40,200,23.0940107676,70,46.9059892324,63.0000000000,39.9059892324,7.0000000000,7.0000000000,63.0000000000,39.9059892324,30.0000000000,315.9000000000,100,3.1510000000,42.0000000000,63.0000000000,39.9059892324
21,175,0.0000000100,3,30,40,200,23.0940107676,70,46.9059892324,63.0000000000,39.9059892324,7.0000000000,7.0000000000,63.0000000000,39.9059892324,30.0000000000,315.9000000000,100,2.2070000000,42.0000000000,63.0000000000,39.9059892324
18,25,0.0000000100,3,30,40,200,23.0940107676,70,46.9059892324,63.0000000000,39.9059892324,7.0000000000,7.0000000000,63.0000000000,39.9059892324,30.0000000000,315.9000000000,100,0.3710000000,42.0000000000,63.0000000000,39.9059892324
18,125,0.0000000100,3,30,40,200,23.0940107676,70,46.9059892324,63.0000000000,39.9059892324,7.0000000000,7.0000000000,63.0000000000,39.9059892324,30.0000000000,315.9000000000,100,1.8540000000,42.0000000000,63.0000000000,39.9059892324
18,225,0.0000000100,3,30,40,200,23.0940107676,70,46.9059892324,63.0000000000,39.9059892324,7.0000000000,7.0000000000,63.0000000000,39.9059892324,30.0000000000,315.9000000000,100,3.3370000000,42.0000000000,63.0000000000,39.9059892324
18,275,0.0000000100,3,30,40,200,23.0940107676,70,46.9059892324,63.0000000000,39.9059892324,7.0000000000,7.0000000000,63.0000000000,39.9059892324,30.0000000000,315.9000000000,100,4.0790000000,42.0000000000,63.0000000000,39.9059892324
18,325,0.0000000100,3,30,40,200,23.0940107676,70,46.9059892324,63.0000000000,39.9059892324,7.0000000000,7.0000000000,63.0000000000,39.9059892324,30.0000000000,315.9000000000,100,4.8200000000,42.0000000000,63.0000000000,39.9059892324
12,175,0.0000000100,3,30,40,200,23.0940107676,70,46.9059892324,63.0000000000,39.9059892324,7.0000000000,7.0000000000,63.0000000000,39.9059892324,200.0000000000,480.5000000000,100,4.0080000000,42.0000000000,63.0000000000,39.9059892324
15,175,0.0000000100,3,30,40,200,23.0940107676,70,46.9059892324,63.0000000000,39.9059892324,7.0000000000,7.0000000000,63.0000000000,39.9059892324,200.0000000000,480.5000000000,100,3.1510000000,42.0000000000,63.0000000000,39.9059892324
21,175,0.0000000100,3,30,40,200,23.0940107676,70,46.9059892324,63.0000000000,39.9059892324,7.0000000000,7.0000000000,63.0000000000,39.9059892324,200.0000000000,480.5000000000,100,2.2070000000,42.0000000000,63.0000000000,39.9059892324
18,25,0.0000000100,3,30,40,200,23.0940107676,70,46.9059892324,63.0000000000,39.9059892324,7.0000000000,7.0000000000,63.0000000000,39.9059892324,200.0000000000,480.5000000000,100,0.3710000000,42.0000000000,63.0000000000,39.9059892324
18,125,0.0000000100,3,30,40,200,23.0940107676,70,46.9059892324,63.0000000000,39.9059892324,7.0000000000,7.0000000000,63.0000000000,39.9059892324,200.0000000000,480.5000000000,100,1.8540000000,42.0000000000,63.0000000000,39.9059892324
18,225,0.0000000100,3,30,40,200,23.0940107676,70,46.9059892324,63.0000000000,39.9059892324,7.0000000000,7.0000000000,63.0000000000,39.9059892324,200.0000000000,480.5000000000,100,3.3370000000,42.0000000000,63.0000000000,39.9059892324
18,275,0.0000000100,3,30,40,200,23.0940107676,70,46.9059892324,63.0000000000,39.9059892324,7.0000000000,7.0000000000,63.0000000000,39.9059892324,200.0000000000,480.5000000000,100,4.0790000000,42.0000000000,63.0000000000,39.9059892324
18,325,0.0000000100,3,30,40,200,23.0940107676,70,46.9059892324,63.0000000000,39.9059892324,7.0000000000,7.0000000000,63.0000000000,39.9059892324,200.0000000000,480.5000000000,100,4.8200000000,42.0000000000,63.0000000000,39.9059892324
12,175,0.0000000100,3,30,40,200,23.0940107676,70,46.9059892324,63.0000000000,39.9059892324,7.0000000000,7.0000000000,63.0000000000,39.9059892324,500.0000000000,586.0000000000,100,4.0080000000,42.0000000000,63.0000000000,39.9059892324
15,175,0.0000000100,3,30,40,200,23.0940107676,70,46.9059892324,63.0000000000,39.9059892324,7.0000000000,7.0000000000,63.0000000000,39.9059892324,500.0000000000,586.0000000000,100,3.1510000000,42.0000000000,63.0000000000,39.9059892324
21,175,0.0000000100,3,30,40,200,23.0940107676,70,46.9059892324,63.0000000000,39.9059892324,7.0000000000,7.0000000000,63.0000000000,39.9059892324,500.0000000000,586.0000000000,100,2.2070000000,42.0000000000,63.0000000000,39.9059892324
18,25,0.0000000100,3,30,40,200,23.0940107676,70,46.9059892324,63.0000000000,39.9059892324,7.0000000000,7.0000000000,63.0000000000,39.9059892324,500.0000000000,586.0000000000,100,0.3710000000,42.0000000000,63.0000000000,39.9059892324
18,125,0.0000000100,3,30,40,200,23.0940107676,70,46.9059892324,63.0000000000,39.9059892324,7.0000000000,7.0000000000,63.0000000000,39.9059892324,500.0000000000,586.0000000000,100,1.8540000000,42.0000000000,63.0000000000,39.9059892324
18,225,0.0000000100,3,30,40,200,23.0940107676,70,46.9059892324,63.0000000000,39.9059892324,7.0000000000,7.0000000000,63.0000000000,39.9059892324,500.0000000000,586.0000000000,100,3.3370000000,42.0000000000,63.0000000000,39.9059892324
18,275,0.0000000100,3,30,40,200,23.0940107676,70,46.9059892324,63.0000000000,39.9059892324,7.0000000000,7.0000000000,63.0000000000,39.9059892324,500.0000000000,586.0000000000,100,4.0790000000,42.0000000000,63.0000000000,39.9059892324
18,325,0.0000000100,3,30,40,200,23.0940107676,70,46.9059892324,63.0000000000,39.9059892324,7.0000000000,7.0000000000,63.0000000000,39.9059892324,500.0000000000,586.0000000000,100,4.8200000000,42.0000000000,63.0000000000,39.9059892324
12,175,0.0000000100,3,30,40,200,23.0940107676,70,46.9059892324,63.0000000000,39.9059892324,7.0000000000,7.0000000000,15.3000000000,0.0000000000,-1.0000000000,0.0000000000,-1,3.8220000000,42.0000000000,15.3000000000,0.0000000000
15,175,0.0000000100,3,30,40,200,23.0940107676,70,46.9059892324,63.0000000000,39.9059892324,7.0000000000,7.0000000000,15.3000000000,0.0000000000,-1.0000000000,0.0000000000,-1,3.0350000000,42.0000000000,15.3000000000,0.0000000000
18,175,0.0000000100,3,30,40,200,23.0940107676,70,46.9059892324,63.0000000000,39.9059892324,7.0000000000,7.0000000000,15.3000000000,0.0000000000,-1.0000000000,0.0000000000,-1,2.5170000000,42.0000000000,15.3000000000,0.0000000000
21,175,0.0000000100,3,30,40,200,23.0940107676,70,46.9059892324,63.0000000000,39.9059892324,7.0000000000,7.0000000000,15.3000000000,0.0000000000,-1.0000000000,0.0000000000,-1,2.1490000000,42.0000000000,15.3000000000,0.0000000000
24,175,0.0000000100,3,30,40,200,23.0940107676,70,46.9059892324,63.0000000000,39.9059892324,7.0000000000,7.0000000000,15.3000000000,0.0000000000,-1.0000000000,0.0000000000,-1,1.8750000000,42.0000000000,15.3000000000,0.0000000000
18,25,0.0000000100,3,30,40,200,23.0940107676,70,46.9059892324,63.0000000000,39.9059892324,7.0000000000,7.0000000000,15.3000000000,0.0000000000,-1.0000000000,0.0000000000,-1,0.3590000000,42.0000000000,15.3000000000,0.0000000000
18,75,0.0000000100,3,30,40,200,23.0940107676,70,46.9059892324,63.0000000000,39.9059892324,7.0000000000,7.0000000000,15.3000000000,0.0000000000,-1.0000000000,0.0000000000,-1,1.0790000000,42.0000000000,15.3000000000,0.0000000000
18,225,0.0000000100,3,30,40,200,23.0940107676,70,46.9059892324,63.0000000000,39.9059892324,7.0000000000,7.0000000000,15.3000000000,0.0000000000,-1.0000000000,0.0000000000,-1,3.2350000000,42.0000000000,15.3000000000,0.0000000000
18,275,0.0000000100,3,30,40,200,23.0940107676,70,46.9059892324,63.0000000000,39.9059892324,7.0000000000,7.0000000000,15.3000000000,0.0000000000,-1.0000000000,0.0000000000,-1,3.9540000000,42.0000000000,15.3000000000,0.0000000000
18,325,0.0000000100,3,30,40,200,23.0940107676,70,46.9059892324,63.0000000000,39.9059892324,7.0000000000,7.0000000000,15.3000000000,0.0000000000,-1.0000000000,0.0000000000,-1,4.6730000000,42.0000000000,15.3000000000,0.0000000000
12,175,0.0000000100,3,30,40,200,23.0940107676,70,46.9059892324,63.0000000000,39.9059892324,7.0000000000,7.0000000000,15.3000000000,0.0000000000,30.0000000000,315.9000000000,100,3.8010000000,42.0000000000,15.3000000000,0.0000000000
15,175,0.0000000100,3,30,40,200,23.0940107676,70,46.9059892324,63.0000000000,39.9059892324,7.0000000000,7.0000000000,15.3000000000,0.0000000000,30.0000000000,315.9000000000,100,3.0220000000,42.0000000000,15.3000000000,0.0000000000
18,175,0.0000000100,3,30,40,200,23.0940107676,70,46.9059892324,63.0000000000,39.9059892324,7.0000000000,7.0000000000,15.3000000000,0.0000000000,30.0000000000,315.9000000000,100,2.5070000000,42.0000000000,15.3000000000,0.0000000000
21,175,0.0000000100,3,30,40,200,23.0940107676,70,46.9059892324,63.0000000000,39.9059892324,7.0000000000,7.0000000000,15.3000000000,0.0000000000,30.0000000000,315.9000000000,100,2.1430000000,42.0000000000,15.3000000000,0.0000000000
24,175,0.0000000100,3,30,40,200,23.0940107676,70,46.9059892324,63.0000000000,39.9059892324,7.0000000000,7.0000000000,15.3000000000,0.0000000000,30.0000000000,315.9000000000,100,1.8700000000,42.0000000000,15.3000000000,0.0000000000
18,25,0.0000000100,3,30,40,200,23.0940107676,70,46.9059892324,63.0000000000,39.9059892324,7.0000000000,7.0000000000,15.3000000000,0.0000000000,30.0000000000,315.9000000000,100,0.3580000000,42.0000000000,15.3000000000,0.0000000000
18,75,0.0000000100,3,30,40,200,23.0940107676,70,46.9059892324,63.0000000000,39.9059892324,7.0000000000,7.0000000000,15.3000000000,0.0000000000,30.0000000000,315.9000000000,100,1.0750000000,42.0000000000,15.3000000000,0.0000000000
18,225,0.0000000100,3,30,40,200,23.0940107676,70,46.9059892324,63.0000000000,39.9059892324,7.0000000000,7.0000000000,15.3000000000,0.0000000000,30.0000000000,315.9000000000,100,3.2240000000,42.0000000000,15.3000000000,0.0000000000
18,275,0.0000000100,3,30,40,200,23.0940107676,70,46.9059892324,63.0000000000,39.9059892324,7.0000000000,7.0000000000,15.3000000000,0.0000000000,30.0000000000,315.9000000000,100,3.9400000000,42.0000000000,15.3000000000,0.0000000000
18,325,0.0000000100,3,30,40,200,23.0940107676,70,46.9059892324,63.0000000000,39.9059892324,7.0000000000,7.0000000000,15.3000000000,0.0000000000,30.0000000000,315.9000000000,100,4.6560000000,42.0000000000,15.3000000000,0.0000000000
12,175,0.0000000100,3,30,40,200,23.0940107676,70,46.9059892324,63.0000000000,39.9059892324,7.0000000000,7.0000000000,15.3000000000,0.0000000000,200.0000000000,480.5000000000,100,3.8010000000,42.0000000000,15.3000000000,0.0000000000
15,175,0.0000000100,3,30,40,200,23.0940107676,70,46.9059892324,63.0000000000,39.9059892324,7.0000000000,7.0000000000,15.3000000000,0.0000000000,200.0000000000,480.5000000000,100,3.0220000000,42.0000000000,15.3000000000,0.0000000000
18,175,0.0000000100,3,30,40,200,23.0940107676,70,46.9059892324,63.0000000000,39.9059892324,7.0000000000,7.0000000000,15.3000000000,0.0000000000,200.0000000000,480.5000000000,100,2.5070000000,42.0000000000,15.3000000000,0.0000000000
21,175,0.0000000100,3,30,40,200,23.0940107676,70,46.9059892324,63.0000000000,39.9059892324,7.0000000000,7.0000000000,15.3000000000,0.0000000000,200.0000000000,480.5000000000,100,2.1430000000,42.0000000000,15.3000000000,0.0000000000
24,175,0.0000000100,3,30,40,200,23.0940107676,70,46.9059892324,63.0000000000,39.9059892324,7.0000000000,7.0000000000,15.3000000000,0.0000000000,200.0000000000,480.5000000000,100,1.8700000000,42.0000000000,15.3000000000,0.0000000000
18,25,0.0000000100,3,30,40,200,23.0940107676,70,46.9059892324,63.0000000000,39.9059892324,7.0000000000,7.0000000000,15.3000000000,0.0000000000,200.0000000000,480.5000000000,100,0.3580000000,42.0000000000,15.3000000000,0.0000000000
18,75,0.0000000100,3,30,40,200,23.0940107676,70,46.9059892324,63.0000000000,39.9059892324,7.0000000000,7.0000000000,15.3000000000,0.0000000000,200.0000000000,480.5000000000,100,1.0750000000,42.0000000000,15.3000000000,0.0000000000
18,225,0.0000000100,3,30,40,200,23.0940107676,70,46.9059892324,63.0000000000,39.9059892324,7.0000000000,7.0000000000,15.3000000000,0.0000000000,200.0000000000,480.5000000000,100,3.2240000000,42.0000000000,15.3000000000,0.0000000000
18,275,0.0000000100,3,30,40,200,23.0940107676,70,46.9059892324,63.0000000000,39.9059892324,7.0000000000,7.0000000000,15.3000000000,0.0000000000,200.0000000000,480.5000000000,100,3.9400000000,42.0000000000,15.3000000000,0.0000000000
18,325,0.0000000100,3,30,40,200,23.0940107676,70,46.9059892324,63.0000000000,39.9059892324,7.0000000000,7.0000000000,15.3000000000,0.0000000000,200.0000000000,480.5000000000,100,4.6560000000,42.0000000000,15.3000000000,0.0000000000
12,175,0.0000000100,3,30,40,200,23.0940107676,70,46.9059892324,63.0000000000,39.9059892324,7.0000000000,7.0000000000,15.3000000000,0.0000000000,500.0000000000,586.0000000000,100,3.8010000000,42.0000000000,15.3000000000,0.0000000000
15,175,0.0000000100,3,30,40,200,23.0940107676,70,46.9059892324,63.0000000000,39.9059892324,7.0000000000,7.0000000000,15.3000000000,0.0000000000,500.0000000000,586.0000000000,100,3.0220000000,42.0000000000,15.3000000000,0.0000000000
18,175,0.0000000100,3,30,40,200,23.0940107676,70,46.9059892324,63.0000000000,39.9059892324,7.0000000000,7.0000000000,15.3000000000,0.0000000000,500.0000000000,586.0000000000,100,2.5070000000,42.0000000000,15.3000000000,0.0000000000
21,175,0.0000000100,3,30,40,200,23.0940107676,70,46.9059892324,63.0000000000,39.9059892324,7.0000000000,7.0000000000,15.3000000000,0.0000000000,500.0000000000,586.0000000000,100,2.1430000000,42.0000000000,15.3000000000,0.0000000000
24,175,0.0000000100,3,30,40,200,23.0940107676,70,46.9059892324,63.0000000000,39.9059892324,7.0000000000,7.0000000000,15.3000000000,0.0000000000,500.0000000000,586.0000000000,100,1.8700000000,42.0000000000,15.3000000000,0.0000000000
18,25,0.0000000100,3,30,40,200,23.0940107676,70,46.9059892324,63.0000000000,39.9059892324,7.0000000000,7.0000000000,15.3000000000,0.0000000000,500.0000000000,586.0000000000,100,0.3580000000,42.0000000000,15.3000000000,0.0000000000
18,75,0.0000000100,3,30,40,200,23.0940107676,70,46.9059892324,63.0000000000,39.9059892324,7.0000000000,7.0000000000,15.3000000000,0.0000000000,500.0000000000,586.0000000000,100,1.0750000000,42.0000000000,15.3000000000,0.0000000000
18,225,0.0000000100,3,30,40,200,23.0940107676,70,46.9059892324,63.0000000000,39.9059892324,7.0000000000,7.0000000000,15.3000000000,0.0000000000,500.0000000000,586.0000000000,100,3.2240000000,42.0000000000,15.3000000000,0.0000000000
18,275,0.0000000100,3,30,40,200,23.0940107676,70,46.9059892324,63.0000000000,39.9059892324,7.0000000000,7.0000000000,15.3000000000,0.0000000000,500.0000000000,586.0000000000,100,3.9400000000,42.0000000000,15.3000000000,0.0000000000
18,325,0.0000000100,3,30,40,200,23.0940107676,70,46.9059892324,63.0000000000,39.9059892324,7.0000000000,7.0000000000,15.3000000000,0.0000000000,500.0000000000,586.0000000000,100,4.6560000000,42.0000000000,15.3000000000,0.0000000000
12,175,0.0000000100,3,30,40,200,23.0940107676,70,46.9059892324,17.5000000000,11.7264973081,52.5000000000,35.1794919243,7.6712000000,0.0000000000,-1.0000000000,0.0000000000,-1,4.1970000000,20.0000000000,0.0000000000,0.0000000000
15,175,0.0000000100,3,30,40,200,23.0940107676,70,46.9059892324,17.5000000000,11.7264973081,52.5000000000,35.1794919243,7.6712000000,0.0000000000,-1.0000000000,0.0000000000,-1,3.3580000000,20.0000000000,0.0000000000,0.0000000000
21,175,0.0000000100,3,30,40,200,23.0940107676,70,46.9059892324,17.5000000000,11.7264973081,52.5000000000,35.1794919243,7.6712000000,0.0000000000,-1.0000000000,0.0000000000,-1,2.3990000000,20.0000000000,0.0000000000,0.0000000000
24,175,0.0000000100,3,30,40,200,23.0940107676,70,46.9059892324,17.5000000000,11.7264973081,52.5000000000,35.1794919243,7.6712000000,0.0000000000,-1.0000000000,0.0000000000,-1,2.0990000000,20.0000000000,0.0000000000,0.0000000000
18,25,0.0000000100,3,30,40,200,23.0940107676,70,46.9059892324,17.5000000000,11.7264973081,52.5000000000,35.1794919243,7.6712000000,0.0000000000,-1.0000000000,0.0000000000,-1,0.4000000000,20.0000000000,0.0000000000,0.0000000000
18,75,0.0000000100,3,30,40,200,23.0940107676,70,46.9059892324,17.5000000000,11.7264973081,52.5000000000,35.1794919243,7.6712000000,0.0000000000,-1.0000000000,0.0000000000,-1,1.1990000000,20.0000000000,0.0000000000,0.0000000000
18,125,0.0000000100,3,30,40,200,23.0940107676,70,46.9059892324,17.5000000000,11.7264973081,52.5000000000,35.1794919243,7.6712000000,0.0000000000,-1.0000000000,0.0000000000,-1,1.9990000000,20.0000000000,0.0000000000,0.0000000000
18,225,0.0000000100,3,30,40,200,23.0940107676,70,46.9059892324,17.5000000000,11.7264973081,52.5000000000,35.1794919243,7.6712000000,0.0000000000,-1.0000000000,0.0000000000,-1,3.5980000000,20.0000000000,0.0000000000,0.0000000000
18,275,0.0000000100,3,30,40,200,23.0940107676,70,46.9059892324,17.5000000000,11.7264973081,52.5000000000,35.1794919243,7.6712000000,0.0000000000,-1.0000000000,0.0000000000,-1,4.3970000000,20.0000000000,0.0000000000,0.0000000000
18,325,0.0000000100,3,30,40,200,23.0940107676,70,46.9059892324,17.5000000000,11.7264973081,52.5000000000,35.1794919243,7.6712000000,0.0000000000,-1.0000000000,0.0000000000,-1,5.1960000000,20.0000000000,0.0000000000,0.0000000000
12,175,0.0000000100,3,30,40,200,23.0940107676,70,46.9059892324,17.5000000000,11.7264973081,52.5000000000,35.1794919243,0.0000000000,0.0000000000,30.0000000000,315.9000000000,100,4.1970000000,20.0000000000,0.0000000000,0.0000000000
15,175,0.0000000100,3,30,40,200,23.0940107676,70,46.9059892324,17.5000000000,11.7264973081,52.5000000000,35.1794919243,0.0000000000,0.0000000000,30.0000000000,315.9000000000,100,3.3580000000,20.0000000000,0.0000000000,0.0000000000
18,175,0.0000000100,3,30,40,200,23.0940107676,70,46.9059892324,17.5000000000,11.7264973081,52.5000000000,35.1794919243,0.0000000000,0.0000000000,30.0000000000,315.9000000000,100,2.7980000000,20.0000000000,0.0000000000,0.0000000000
21,175,0.0000000100,3,30,40,200,23.0940107676,70,46.9059892324,17.5000000000,11.7264973081,52.5000000000,35.1794919243,0.0000000000,0.0000000000,30.0000000000,315.9000000000,100,2.3990000000,20.0000000000,0.0000000000,0.0000000000
24,175,0.0000000100,3,30,40,200,23.0940107676,70,46.9059892324,17.5000000000,11.7264973081,52.5000000000,35.1794919243,0.0000000000,0.0000000000,30.0000000000,315.9000000000,100,2.0990000000,20.0000000000,0.0000000000,0.0000000000
18,25,0.0000000100,3,30,40,200,23.0940107676,70,46.9059892324,17.5000000000,11.7264973081,52.5000000000,35.1794919243,0.0000000000,0.0000000000,30.0000000000,315.9000000000,100,0.4000000000,20.0000000000,0.0000000000,0.0000000000
18,75,0.0000000100,3,30,40,200,23.0940107676,70,46.9059892324,17.5000000000,11.7264973081,52.5000000000,35.1794919243,0.0000000000,0.0000000000,30.0000000000,315.9000000000,100,1.1990000000,20.0000000000,0.0000000000,0.0000000000
18,125,0.0000000100,3,30,40,200,23.0940107676,70,46.9059892324,17.5000000000,11.7264973081,52.5000000000,35.1794919243,0.0000000000,0.0000000000,30.0000000000,315.9000000000,100,1.9990000000,20.0000000000,0.0000000000,0.0000000000
18,275,0.0000000100,3,30,40,200,23.0940107676,70,46.9059892324,17.5000000000,11.7264973081,52.5000000000,35.1794919243,0.0000000000,0.0000000000,30.0000000000,315.9000000000,100,4.3970000000,20.0000000000,0.0000000000,0.0000000000
18,325,0.0000000100,3,30,40,200,23.0940107676,70,46.9059892324,17.5000000000,11.7264973081,52.5000000000,35.1794919243,0.0000000000,0.0000000000,30.0000000000,315.9000000000,100,5.1960000000,20.0000000000,0.0000000000,0.0000000000
12,175,0.0000000100,3,30,40,200,23.0940107676,70,46.9059892324,17.5000000000,11.7264973081,52.5000000000,35.1794919243,0.0000000000,0.0000000000,200.0000000000,480.5000000000,100,4.1970000000,20.0000000000,0.0000000000,0.0000000000
15,175,0.0000000100,3,30,40,200,23.0940107676,70,46.9059892324,17.5000000000,11.7264973081,52.5000000000,35.1794919243,0.0000000000,0.0000000000,200.0000000000,480.5000000000,100,3.3580000000,20.0000000000,0.0000000000,0.0000000000
18,175,0.0000000100,3,30,40,200,23.0940107676,70,46.9059892324,17.5000000000,11.7264973081,52.5000000000,35.1794919243,0.0000000000,0.0000000000,200.0000000000,480.5000000000,100,2.7980000000,20.0000000000,0.0000000000,0.0000000000
21,175,0.0000000100,3,30,40,200,23.0940107676,70,46.9059892324,17.5000000000,11.7264973081,52.5000000000,35.1794919243,0.0000000000,0.0000000000,200.0000000000,480.5000000000,100,2.3990000000,20.0000000000,0.0000000000,0.0000000000
24,175,0.0000000100,3,30,40,200,23.0940107676,70,46.9059892324,17.5000000000,11.7264973081,52.5000000000,35.1794919243,0.0000000000,0.0000000000,200.0000000000,480.5000000000,100,2.0990000000,20.0000000000,0.0000000000,0.0000000000
18,25,0.0000000100,3,30,40,200,23.0940107676,70,46.9059892324,17.5000000000,11.7264973081,52.5000000000,35.1794919243,0.0000000000,0.0000000000,200.0000000000,480.5000000000,100,0.4000000000,20.0000000000,0.0000000000,0.0000000000
18,75,0.0000000100,3,30,40,200,23.0940107676,70,46.9059892324,17.5000000000,11.7264973081,52.5000000000,35.1794919243,0.0000000000,0.0000000000,200.0000000000,480.5000000000,100,1.1990000000,20.0000000000,0.0000000000,0.0000000000
18,125,0.0000000100,3,30,40,200,23.0940107676,70,46.9059892324,17.5000000000,11.7264973081,52.5000000000,35.1794919243,0.0000000000,0.0000000000,200.0000000000,480.5000000000,100,1.9990000000,20.0000000000,0.0000000000,0.0000000000
18,275,0.0000000100,3,30,40,200,23.0940107676,70,46.9059892324,17.5000000000,11.7264973081,52.5000000000,35.1794919243,0.0000000000,0.0000000000,200.0000000000,480.5000000000,100,4.3970000000,20.0000000000,0.0000000000,0.0000000000
18,325,0.0000000100,3,30,40,200,23.0940107676,70,46.9059892324,17.5000000000,11.7264973081,52.5000000000,35.1794919243,0.0000000000,0.0000000000,200.0000000000,480.5000000000,100,5.1960000000,20.0000000000,0.0000000000,0.0000000000
12,175,0.0000000100,3,30,40,200,23.0940107676,70,46.9059892324,17.5000000000,11.7264973081,52.5000000000,35.1794919243,0.0000000000,0.0000000000,500.0000000000,586.0000000000,100,4.1970000000,20.0000000000,0.0000000000,0.0000000000
15,175,0.0000000100,3,30,40,200,23.0940107676,70,46.9059892324,17.5000000000,11.7264973081,52.5000000000,35.1794919243,0.0000000000,0.0000000000,500.0000000000,586.0000000000,100,3.3580000000,20.0000000000,0.0000000000,0.0000000000
18,175,0.0000000100,3,30,40,200,23.0940107676,70,46.9059892324,17.5000000000,11.7264973081,52.5000000000,35.1794919243,0.0000000000,0.0000000000,500.0000000000,586.0000000000,100,2.7980000000,20.0000000000,0.0000000000,0.0000000000
21,175,0.0000000100,3,30,40,200,23.0940107676,70,46.9059892324,17.5000000000,11.7264973081,52.5000000000,35.1794919243,0.0000000000,0.0000000000,500.0000000000,586.0000000000,100,2.3990000000,20.0000000000,0.0000000000,0.0000000000
24,175,0.0000000100,3,30,40,200,23.0940107676,70,46.9059892324,17.5000000000,11.7264973081,52.5000000000,35.1794919243,0.0000000000,0.0000000000,500.0000000000,586.0000000000,100,2.0990000000,20.0000000000,0.0000000000,0.0000000000
18,25,0.0000000100,3,30,40,200,23.0940107676,70,46.9059892324,17.5000000000,11.7264973081,52.5000000000,35.1794919243,0.0000000000,0.0000000000,500.0000000000,586.0000000000,100,0.4000000000,20.0000000000,0.0000000000,0.0000000000
18,75,0.0000000100,3,30,40,200,23.0940107676,70,46.9059892324,17.5000000000,11.7264973081,52.5000000000,35.1794919243,0.0000000000,0.0000000000,500.0000000000,586.0000000000,100,1.1990000000,20.0000000000,0.0000000000,0.0000000000
18,125,0.0000000100,3,30,40,200,23.0940107676,70,46.9059892324,17.5000000000,11.7264973081,52.5000000000,35.1794919243,0.0000000000,0.0000000000,500.0000000000,586.0000000000,100,1.9990000000,20.0000000000,0.0000000000,0.0000000000
18,275,0.0000000100,3,30,40,200,23.0940107676,70,46.9059892324,17.5000000000,11.7264973081,52.5000000000,35.1794919243,0.0000000000,0.0000000000,500.0000000000,586.0000000000,100,4.3970000000,20.0000000000,0.0000000000,0.0000000000
18,325,0.0000000100,3,30,40,200,23.0940107676,70,46.9059892324,17.5000000000,11.7264973081,52.5000000000,35.1794919243,0.0000000000,0.0000000000,500.0000000000,586.0000000000,100,5.1960000000,20.0000000000,0.0000000000,0.0000000000
12,175,0.0000000100,3,30,40,200,23.0940107676,70,46.9059892324,17.5000000000,11.7264973081,52.5000000000,35.1794919243,17.5000000000,11.7264973081,-1.0000000000,0.0000000000,-1,4.5320000000,20.0000000000,17.5000000000,11.7264973081
15,175,0.0000000100,3,30,40,200,23.0940107676,70,46.9059892324,17.5000000000,11.7264973081,52.5000000000,35.1794919243,17.5000000000,11.7264973081,-1.0000000000,0.0000000000,-1,3.5690000000,20.0000000000,17.5000000000,11.7264973081
18,175,0.0000000100,3,30,40,200,23.0940107676,70,46.9059892324,17.5000000000,11.7264973081,52.5000000000,35.1794919243,17.5000000000,11.7264973081,-1.0000000000,0.0000000000,-1,2.9430000000,20.0000000000,17.5000000000,11.7264973081
21,175,0.0000000100,3,30,40,200,23.0940107676,70,46.9059892324,17.5000000000,11.7264973081,52.5000000000,35.1794919243,17.5000000000,11.7264973081,-1.0000000000,0.0000000000,-1,2.5040000000,20.0000000000,17.5000000000,11.7264973081
24,175,0.0000000100,3,30,40,200,23.0940107676,70,46.9059892324,17.5000000000,11.7264973081,52.5000000000,35.1794919243,17.5000000000,11.7264973081,-1.0000000000,0.0000000000,-1,2.1790000000,20.0000000000,17.5000000000,11.7264973081
18,325,0.0000000100,3,30,40,200,23.0940107676,70,46.9059892324,17.5000000000,11.7264973081,52.5000000000,35.1794919243,17.5000000000,11.7264973081,-1.0000000000,0.0000000000,-1,5.4660000000,20.0000000000,17.5000000000,11.7264973081
12,175,0.0000000100,3,30,40,200,23.0940107676,70,46.9059892324,17.5000000000,11.7264973081,52.5000000000,35.1794919243,17.5000000000,11.7264973081,30.0000000000,315.9000000000,100,4.5050000000,20.0000000000,17.5000000000,11.7264973081
15,175,0.0000000100,3,30,40,200,23.0940107676,70,46.9059892324,17.5000000000,11.7264973081,52.5000000000,35.1794919243,17.5000000000,11.7264973081,30.0000000000,315.9000000000,100,3.5520000000,20.0000000000,17.5000000000,11.7264973081
18,175,0.0000000100,3,30,40,200,23.0940107676,70,46.9059892324,17.5000000000,11.7264973081,52.5000000000,35.1794919243,17.5000000000,11.7264973081,30.0000000000,315.9000000000,100,2.9320000000,20.0000000000,17.5000000000,11.7264973081
21,175,0.0000000100,3,30,40,200,23.0940107676,70,46.9059892324,17.5000000000,11.7264973081,52.5000000000,35.1794919243,17.5000000000,11.7264973081,30.0000000000,315.9000000000,100,2.4960000000,20.0000000000,17.5000000000,11.7264973081
24,175,0.0000000100,3,30,40,200,23.0940107676,70,46.9059892324,17.5000000000,11.7264973081,52.5000000000,35.1794919243,17.5000000000,11.7264973081,30.0000000000,315.9000000000,100,2.1730000000,20.0000000000,17.5000000000,11.7264973081
18,325,0.0000000100,3,30,40,200,23.0940107676,70,46.9059892324,17.5000000000,11.7264973081,52.5000000000,35.1794919243,17.5000000000,11.7264973081,30.0000000000,315.9000000000,100,5.4440000000,20.0000000000,17.5000000000,11.7264973081
12,175,0.0000000100,3,30,40,200,23.0940107676,70,46.9059892324,17.5000000000,11.7264973081,52.5000000000,35.1794919243,17.5000000000,11.7264973081,200.0000000000,480.5000000000,100,4.5050000000,20.0000000000,17.5000000000,11.7264973081
15,175,0.0000000100,3,30,40,200,23.0940107676,70,46.9059892324,17.5000000000,11.7264973081,52.5000000000,35.1794919243,17.5000000000,11.7264973081,200.0000000000,480.5000000000,100,3.5520000000,20.0000000000,17.5000000000,11.7264973081
18,175,0.0000000100,3,30,40,200,23.0940107676,70,46.9059892324,17.5000000000,11.7264973081,52.5000000000,35.1794919243,17.5000000000,11.7264973081,200.0000000000,480.5000000000,100,2.9320000000,20.0000000000,17.5000000000,11.7264973081
21,175,0.0000000100,3,30,40,200,23.0940107676,70,46.9059892324,17.5000000000,11.7264973081,52.5000000000,35.1794919243,17.5000000000,11.7264973081,200.0000000000,480.5000000000,100,2.4960000000,20.0000000000,17.5000000000,11.7264973081
24,175,0.0000000100,3,30,40,200,23.0940107676,70,46.9059892324,17.5000000000,11.7264973081,52.5000000000,35.1794919243,17.5000000000,11.7264973081,200.0000000000,480.5000000000,100,2.1730000000,20.0000000000,17.5000000000,11.7264973081
18,325,0.0000000100,3,30,40,200,23.0940107676,70,46.9059892324,17.5000000000,11.7264973081,52.5000000000,35.1794919243,17.5000000000,11.7264973081,200.0000000000,480.5000000000,100,5.4440000000,20.0000000000,17.5000000000,11.7264973081
12,175,0.0000000100,3,30,40,200,23.0940107676,70,46.9059892324,17.5000000000,11.7264973081,52.5000000000,35.1794919243,17.5000000000,11.7264973081,500.0000000000,586.0000000000,100,4.5050000000,20.0000000000,17.5000000000,11.7264973081
15,175,0.0000000100,3,30,40,200,23.0940107676,70,46.9059892324,17.5000000000,11.7264973081,52.5000000000,35.1794919243,17.5000000000,11.7264973081,500.0000000000,586.0000000000,100,3.5520000000,20.0000000000,17.5000000000,11.7264973081
18,175,0.0000000100,3,30,40,200,23.0940107676,70,46.9059892324,17.5000000000,11.7264973081,52.5000000000,35.1794919243,17.5000000000,11.7264973081,500.0000000000,586.0000000000,100,2.9320000000,20.0000000000,17.5000000000,11.7264973081
21,175,0.0000000100,3,30,40,200,23.0940107676,70,46.9059892324,17.5000000000,11.7264973081,52.5000000000,35.1794919243,17.5000000000,11.7264973081,500.0000000000,586.0000000000,100,2.4960000000,20.0000000000,17.5000000000,11.7264973081
24,175,0.0000000100,3,30,40,200,23.0940107676,70,46.9059892324,17.5000000000,11.7264973081,52.5000000000,35.1794919243,17.5000000000,11.7264973081,500.0000000000,586.0000000000,100,2.1730000000,20.0000000000,17.5000000000,11.7264973081
18,325,0.0000000100,3,30,40,200,23.0940107676,70,46.9059892324,17.5000000000,11.7264973081,52.5000000000,35.1794919243,17.5000000000,11.7264973081,500.0000000000,586.0000000000,100,5.4440000000,20.0000000000,17.5000000000,11.7264973081
18,175,0.0000000100,3,30,40,200,23.0940107676,70,46.9059892324,17.5000000000,11.7264973081,52.5000000000,35.1794919243,15.3000000000,0.0000000000,-1.0000000000,0.0000000000,-1,2.9080000000,20.0000000000,15.3000000000,0.0000000000
21,175,0.0000000100,3,30,40,200,23.0940107676,70,46.9059892324,17.5000000000,11.7264973081,52.5000000000,35.1794919243,15.3000000000,0.0000000000,-1.0000000000,0.0000000000,-1,2.4790000000,20.0000000000,15.3000000000,0.0000000000
24,175,0.0000000100,3,30,40,200,23.0940107676,70,46.9059892324,17.5000000000,11.7264973081,52.5000000000,35.1794919243,15.3000000000,0.0000000000,-1.0000000000,0.0000000000,-1,2.1590000000,20.0000000000,15.3000000000,0.0000000000
18,25,0.0000000100,3,30,40,200,23.0940107676,70,46.9059892324,17.5000000000,11.7264973081,52.5000000000,35.1794919243,15.3000000000,0.0000000000,-1.0000000000,0.0000000000,-1,0.4150000000,20.0000000000,15.3000000000,0.0000000000
18,75,0.0000000100,3,30,40,200,23.0940107676,70,46.9059892324,17.5000000000,11.7264973081,52.5000000000,35.1794919243,15.3000000000,0.0000000000,-1.0000000000,0.0000000000,-1,1.2460000000,20.0000000000,15.3000000000,0.0000000000
18,125,0.0000000100,3,30,40,200,23.0940107676,70,46.9059892324,17.5000000000,11.7264973081,52.5000000000,35.1794919243,15.3000000000,0.0000000000,-1.0000000000,0.0000000000,-1,2.0770000000,20.0000000000,15.3000000000,0.0000000000
18,275,0.0000000100,3,30,40,200,23.0940107676,70,46.9059892324,17.5000000000,11.7264973081,52.5000000000,35.1794919243,15.3000000000,0.0000000000,-1.0000000000,0.0000000000,-1,4.5690000000,20.0000000000,15.3000000000,0.0000000000
18,325,0.0000000100,3,30,40,200,23.0940107676,70,46.9059892324,17.5000000000,11.7264973081,52.5000000000,35.1794919243,15.3000000000,0.0000000000,-1.0000000000,0.0000000000,-1,5.4000000000,20.0000000000,15.3000000000,0.0000000000
18,175,0.0000000100,3,30,40,200,23.0940107676,70,46.9059892324,17.5000000000,11.7264973081,52.5000000000,35.1794919243,15.3000000000,0.0000000000,30.0000000000,315.9000000000,100,2.8940000000,20.0000000000,15.3000000000,0.0000000000
21,175,0.0000000100,3,30,40,200,23.0940107676,70,46.9059892324,17.5000000000,11.7264973081,52.5000000000,35.1794919243,15.3000000000,0.0000000000,30.0000000000,315.9000000000,100,2.4690000000,20.0000000000,15.3000000000,0.0000000000
24,175,0.0000000100,3,30,40,200,23.0940107676,70,46.9059892324,17.5000000000,11.7264973081,52.5000000000,35.1794919243,15.3000000000,0.0000000000,30.0000000000,315.9000000000,100,2.1520000000,20.0000000000,15.3000000000,0.0000000000
18,25,0.0000000100,3,30,40,200,23.0940107676,70,46.9059892324,17.5000000000,11.7264973081,52.5000000000,35.1794919243,15.3000000000,0.0000000000,30.0000000000,315.9000000000,100,0.4130000000,20.0000000000,15.3000000000,0.0000000000
18,75,0.0000000100,3,30,40,200,23.0940107676,70,46.9059892324,17.5000000000,11.7264973081,52.5000000000,35.1794919243,15.3000000000,0.0000000000,30.0000000000,315.9000000000,100,1.2400000000,20.0000000000,15.3000000000,0.0000000000
18,125,0.0000000100,3,30,40,200,23.0940107676,70,46.9059892324,17.5000000000,11.7264973081,52.5000000000,35.1794919243,15.3000000000,0.0000000000,30.0000000000,315.9000000000,100,2.0670000000,20.0000000000,15.3000000000,0.0000000000
18,275,0.0000000100,3,30,40,200,23.0940107676,70,46.9059892324,17.5000000000,11.7264973081,52.5000000000,35.1794919243,15.3000000000,0.0000000000,30.0000000000,315.9000000000,100,4.5480000000,20.0000000000,15.3000000000,0.0000000000
18,325,0.0000000100,3,30,40,200,23.0940107676,70,46.9059892324,17.5000000000,11.7264973081,52.5000000000,35.1794919243,15.3000000000,0.0000000000,30.0000000000,315.9000000000,100,5.3750000000,20.0000000000,15.3000000000,0.0000000000
18,175,0.0000000100,3,30,40,200,23.0940107676,70,46.9059892324,17.5000000000,11.7264973081,52.5000000000,35.1794919243,15.3000000000,0.0000000000,200.0000000000,480.5000000000,100,2.8940000000,20.0000000000,15.3000000000,0.0000000000
21,175,0.0000000100,3,30,40,200,23.0940107676,70,46.9059892324,17.5000000000,11.7264973081,52.5000000000,35.1794919243,15.3000000000,0.0000000000,200.0000000000,480.5000000000,100,2.4690000000,20.0000000000,15.3000000000,0.0000000000
24,175,0.0000000100,3,30,40,200,23.0940107676,70,46.9059892324,17.5000000000,11.7264973081,52.5000000000,35.1794919243,15.3000000000,0.0000000000,200.0000000000,480.5000000000,100,2.1520000000,20.0000000000,15.3000000000,0.0000000000
18,25,0.0000000100,3,30,40,200,23.0940107676,70,46.9059892324,17.5000000000,11.7264973081,52.5000000000,35.1794919243,15.3000000000,0.0000000000,200.0000000000,480.5000000000,100,0.4130000000,20.0000000000,15.3000000000,0.0000000000
18,75,0.0000000100,3,30,40,200,23.0940107676,70,46.9059892324,17.5000000000,11.7264973081,52.5000000000,35.1794919243,15.3000000000,0.0000000000,200.0000000000,480.5000000000,100,1.2400000000,20.0000000000,15.3000000000,0.0000000000
18,125,0.0000000100,3,30,40,200,23.0940107676,70,46.9059892324,17.5000000000,11.7264973081,52.5000000000,35.1794919243,15.3000000000,0.0000000000,200.0000000000,480.5000000000,100,2.0670000000,20.0000000000,15.3000000000,0.0000000000
18,275,0.0000000100,3,30,40,200,23.0940107676,70,46.9059892324,17.5000000000,11.7264973081,52.5000000000,35.1794919243,15.3000000000,0.0000000000,200.0000000000,480.5000000000,100,4.5480000000,20.0000000000,15.3000000000,0.0000000000
18,325,0.0000000100,3,30,40,200,23.0940107676,70,46.9059892324,17.5000000000,11.7264973081,52.5000000000,35.1794919243,15.3000000000,0.0000000000,200.0000000000,480.5000000000,100,5.3750000000,20.0000000000,15.3000000000,0.0000000000
18,175,0.0000000100,3,30,40,200,23.0940107676,70,46.9059892324,17.5000000000,11.7264973081,52.5000000000,35.1794919243,15.3000000000,0.0000000000,500.0000000000,586.0000000000,100,2.8940000000,20.0000000000,15.3000000000,0.0000000000
21,175,0.0000000100,3,30,40,200,23.0940107676,70,46.9059892324,17.5000000000,11.7264973081,52.5000000000,35.1794919243,15.3000000000,0.0000000000,500.0000000000,586.0000000000,100,2.4690000000,20.0000000000,15.3000000000,0.0000000000
24,175,0.0000000100,3,30,40,200,23.0940107676,70,46.9059892324,17.5000000000,11.7264973081,52.5000000000,35.1794919243,15.3000000000,0.0000000000,500.0000000000,586.0000000000,100,2.1520000000,20.0000000000,15.3000000000,0.0000000000
18,25,0.0000000100,3,30,40,200,23.0940107676,70,46.9059892324,17.5000000000,11.7264973081,52.5000000000,35.1794919243,15.3000000000,0.0000000000,500.0000000000,586.0000000000,100,0.4130000000,20.0000000000,15.3000000000,0.0000000000
18,75,0.0000000100,3,30,40,200,23.0940107676,70,46.9059892324,17.5000000000,11.7264973081,52.5000000000,35.1794919243,15.3000000000,0.0000000000,500.0000000000,586.0000000000,100,1.2400000000,20.0000000000,15.3000000000,0.0000000000
18,125,0.0000000100,3,30,40,200,23.0940107676,70,46.9059892324,17.5000000000,11.7264973081,52.5000000000,35.1794919243,15.3000000000,0.0000000000,500.0000000000,586.0000000000,100,2.0670000000,20.0000000000,15.3000000000,0.0000000000
18,275,0.0000000100,3,30,40,200,23.0940107676,70,46.9059892324,17.5000000000,11.7264973081,52.5000000000,35.1794919243,15.3000000000,0.0000000000,500.0000000000,586.0000000000,100,4.5480000000,20.0000000000,15.3000000000,0.0000000000
18,325,0.0000000100,3,30,40,200,23.0940107676,70,46.9059892324,17.5000000000,11.7264973081,52.5000000000,35.1794919243,15.3000000000,0.0000000000,500.0000000000,586.0000000000,100,5.3750000000,20.0000000000,15.3000000000,0.0000000000
12,175,0.0000000100,3,30,40,200,23.0940107676,70,46.9059892324,23.0940107676,0.0000000000,46.9059892324,46.9059892324,7.6712000000,0.0000000000,-1.0000000000,0.0000000000,-1,4.7970000000,19.0000000000,0.0000000000,0.0000000000
15,175,0.0000000100,3,30,40,200,23.0940107676,70,46.9059892324,23.0940107676,0.0000000000,46.9059892324,46.9059892324,7.6712000000,0.0000000000,-1.0000000000,0.0000000000,-1,3.8380000000,19.0000000000,0.0000000000,0.0000000000
21,175,0.0000000100,3,30,40,200,23.0940107676,70,46.9059892324,23.0940107676,0.0000000000,46.9059892324,46.9059892324,7.6712000000,0.0000000000,-1.0000000000,0.0000000000,-1,2.7420000000,19.0000000000,0.0000000000,0.0000000000
24,175,0.0000000100,3,30,40,200,23.0940107676,70,46.9059892324,23.0940107676,0.0000000000,46.9059892324,46.9059892324,7.6712000000,0.0000000000,-1.0000000000,0.0000000000,-1,2.3990000000,19.0000000000,0.0000000000,0.0000000000
18,75,0.0000000100,3,30,40,200,23.0940107676,70,46.9059892324,23.0940107676,0.0000000000,46.9059892324,46.9059892324,7.6712000000,0.0000000000,-1.0000000000,0.0000000000,-1,1.3710000000,19.0000000000,0.0000000000,0.0000000000
18,125,0.0000000100,3,30,40,200,23.0940107676,70,46.9059892324,23.0940107676,0.0000000000,46.9059892324,46.9059892324,7.6712000000,0.0000000000,-1.0000000000,0.0000000000,-1,2.2850000000,19.0000000000,0.0000000000,0.0000000000
18,225,0.0000000100,3,30,40,200,23.0940107676,70,46.9059892324,23.0940107676,0.0000000000,46.9059892324,46.9059892324,7.6712000000,0.0000000000,-1.0000000000,0.0000000000,-1,4.1120000000,19.0000000000,0.0000000000,0.0000000000
18,275,0.0000000100,3,30,40,200,23.0940107676,70,46.9059892324,23.0940107676,0.0000000000,46.9059892324,46.9059892324,7.6712000000,0.0000000000,-1.0000000000,0.0000000000,-1,5.0260000000,19.0000000000,0.0000000000,0.0000000000
12,175,0.0000000100,3,30,40,200,23.0940107676,70,46.9059892324,23.0940107676,0.0000000000,46.9059892324,46.9059892324,0.0000000000,0.0000000000,30.0000000000,315.9000000000,100,4.7970000000,19.0000000000,0.0000000000,0.0000000000
15,175,0.0000000100,3,30,40,200,23.0940107676,70,46.9059892324,23.0940107676,0.0000000000,46.9059892324,46.9059892324,0.0000000000,0.0000000000,30.0000000000,315.9000000000,100,3.8380000000,19.0000000000,0.0000000000,0.0000000000
18,175,0.0000000100,3,30,40,200,23.0940107676,70,46.9059892324,23.0940107676,0.0000000000,46.9059892324,46.9059892324,0.0000000000,0.0000000000,30.0000000000,315.9000000000,100,3.1990000000,19.0000000000,0.0000000000,0.0000000000
24,175,0.0000000100,3,30,40,200,23.0940107676,70,46.9059892324,23.0940107676,0.0000000000,46.9059892324,46.9059892324,0.0000000000,0.0000000000,30.0000000000,315.9000000000,100,2.3990000000,19.0000000000,0.0000000000,0.0000000000
18,75,0.0000000100,3,30,40,200,23.0940107676,70,46.9059892324,23.0940107676,0.0000000000,46.9059892324,46.9059892324,0.0000000000,0.0000000000,30.0000000000,315.9000000000,100,1.3710000000,19.0000000000,0.0000000000,0.0000000000
18,125,0.0000000100,3,30,40,200,23.0940107676,70,46.9059892324,23.0940107676,0.0000000000,46.9059892324,46.9059892324,0.0000000000,0.0000000000,30.0000000000,315.9000000000,100,2.2850000000,19.0000000000,0.0000000000,0.0000000000
18,225,0.0000000100,3,30,40,200,23.0940107676,70,46.9059892324,23.0940107676,0.0000000000,46.9059892324,46.9059892324,0.0000000000,0.0000000000,30.0000000000,315.9000000000,100,4.1120000000,19.0000000000,0.0000000000,0.0000000000
18,325,0.0000000100,3,30,40,200,23.0940107676,70,46.9059892324,23.0940107676,0.0000000000,46.9059892324,46.9059892324,0.0000000000,0.0000000000,30.0000000000,315.9000000000,100,5.9390000000,19.0000000000,0.0000000000,0.0000000000
12,175,0.0000000100,3,30,40,200,23.0940107676,70,46.9059892324,23.0940107676,0.0000000000,46.9059892324,46.9059892324,0.0000000000,0.0000000000,200.0000000000,480.5000000000,100,4.7970000000,19.0000000000,0.0000000000,0.0000000000
15,175,0.0000000100,3,30,40,200,23.0940107676,70,46.9059892324,23.0940107676,0.0000000000,46.9059892324,46.9059892324,0.0000000000,0.0000000000,200.0000000000,480.5000000000,100,3.8380000000,19.0000000000,0.0000000000,0.0000000000
18,175,0.0000000100,3,30,40,200,23.0940107676,70,46.9059892324,23.0940107676,0.0000000000,46.9059892324,46.9059892324,0.0000000000,0.0000000000,200.0000000000,480.5000000000,100,3.1990000000,19.0000000000,0.0000000000,0.0000000000
24,175,0.0000000100,3,30,40,200,23.0940107676,70,46.9059892324,23.0940107676,0.0000000000,46.9059892324,46.9059892324,0.0000000000,0.0000000000,200.0000000000,480.5000000000,100,2.3990000000,19.0000000000,0.0000000000,0.0000000000
18,75,0.0000000100,3,30,40,200,23.0940107676,70,46.9059892324,23.0940107676,0.0000000000,46.9059892324,46.9059892324,0.0000000000,0.0000000000,200.0000000000,480.5000000000,100,1.3710000000,19.0000000000,0.0000000000,0.0000000000
18,125,0.0000000100,3,30,40,200,23.0940107676,70,46.9059892324,23.0940107676,0.0000000000,46.9059892324,46.9059892324,0.0000000000,0.0000000000,200.0000000000,480.5000000000,100,2.2850000000,19.0000000000,0.0000000000,0.0000000000
18,225,0.0000000100,3,30,40,200,23.0940107676,70,46.9059892324,23.0940107676,0.0000000000,46.9059892324,46.9059892324,0.0000000000,0.0000000000,200.0000000000,480.5000000000,100,4.1120000000,19.0000000000,0.0000000000,0.0000000000
18,325,0.0000000100,3,30,40,200,23.0940107676,70,46.9059892324,23.0940107676,0.0000000000,46.9059892324,46.9059892324,0.0000000000,0.0000000000,200.0000000000,480.5000000000,100,5.9390000000,19.0000000000,0.0000000000,0.0000000000
12,175,0.0000000100,3,30,40,200,23.0940107676,70,46.9059892324,23.0940107676,0.0000000000,46.9059892324,46.9059892324,0.0000000000,0.0000000000,500.0000000000,586.0000000000,100,4.7970000000,19.0000000000,0.0000000000,0.0000000000
15,175,0.0000000100,3,30,40,200,23.0940107676,70,46.9059892324,23.0940107676,0.0000000000,46.9059892324,46.9059892324,0.0000000000,0.0000000000,500.0000000000,586.0000000000,100,3.8380000000,19.0000000000,0.0000000000,0.0000000000
18,175,0.0000000100,3,30,40,200,23.0940107676,70,46.9059892324,23.0940107676,0.0000000000,46.9059892324,46.9059892324,0.0000000000,0.0000000000,500.0000000000,586.0000000000,100,3.1990000000,19.0000000000,0.0000000000,0.0000000000
24,175,0.0000000100,3,30,40,200,23.0940107676,70,46.9059892324,23.0940107676,0.0000000000,46.9059892324,46.9059892324,0.0000000000,0.0000000000,500.0000000000,586.0000000000,100,2.3990000000,19.0000000000,0.0000000000,0.0000000000
18,75,0.0000000100,3,30,40,200,23.0940107676,70,46.9059892324,23.0940107676,0.0000000000,46.9059892324,46.9059892324,0.0000000000,0.0000000000,500.0000000000,586.0000000000,100,1.3710000000,19.0000000000,0.0000000000,0.0000000000
18,125,0.0000000100,3,30,40,200,23.0940107676,70,46.9059892324,23.0940107676,0.0000000000,46.9059892324,46.9059892324,0.0000000000,0.0000000000,500.0000000000,586.0000000000,100,2.2850000000,19.0000000000,0.0000000000,0.0000000000
18,225,0.0000000100,3,30,40,200,23.0940107676,70,46.9059892324,23.0940107676,0.0000000000,46.9059892324,46.9059892324,0.0000000000,0.0000000000,500.0000000000,586.0000000000,100,4.1120000000,19.0000000000,0.0000000000,0.0000000000
18,325,0.0000000100,3,30,40,200,23.0940107676,70,46.9059892324,23.0940107676,0.0000000000,46.9059892324,46.9059892324,0.0000000000,0.0000000000,500.0000000000,586.0000000000,100,5.9390000000,19.0000000000,0.0000000000,0.0000000000
12,175,0.0000000100,3,30,40,200,23.0940107676,70,46.9059892324,23.0940107676,0.0000000000,46.9059892324,46.9059892324,23.0940107676,0.0000000000,-1.0000000000,0.0000000000,-1,5.2190000000,19.0000000000,23.0940107676,0.0000000000
21,175,0.0000000100,3,30,40,200,23.0940107676,70,46.9059892324,23.0940107676,0.0000000000,46.9059892324,46.9059892324,23.0940107676,0.0000000000,-1.0000000000,0.0000000000,-1,2.8740000000,19.0000000000,23.0940107676,0.0000000000
24,175,0.0000000100,3,30,40,200,23.0940107676,70,46.9059892324,23.0940107676,0.0000000000,46.9059892324,46.9059892324,23.0940107676,0.0000000000,-1.0000000000,0.0000000000,-1,2.5000000000,19.0000000000,23.0940107676,0.0000000000
18,25,0.0000000100,3,30,40,200,23.0940107676,70,46.9059892324,23.0940107676,0.0000000000,46.9059892324,46.9059892324,23.0940107676,0.0000000000,-1.0000000000,0.0000000000,-1,0.4830000000,19.0000000000,23.0940107676,0.0000000000
18,75,0.0000000100,3,30,40,200,23.0940107676,70,46.9059892324,23.0940107676,0.0000000000,46.9059892324,46.9059892324,23.0940107676,0.0000000000,-1.0000000000,0.0000000000,-1,1.4490000000,19.0000000000,23.0940107676,0.0000000000
18,225,0.0000000100,3,30,40,200,23.0940107676,70,46.9059892324,23.0940107676,0.0000000000,46.9059892324,46.9059892324,23.0940107676,0.0000000000,-1.0000000000,0.0000000000,-1,4.3460000000,19.0000000000,23.0940107676,0.0000000000
18,275,0.0000000100,3,30,40,200,23.0940107676,70,46.9059892324,23.0940107676,0.0000000000,46.9059892324,46.9059892324,23.0940107676,0.0000000000,-1.0000000000,0.0000000000,-1,5.3120000000,19.0000000000,23.0940107676,0.0000000000
18,325,0.0000000100,3,30,40,200,23.0940107676,70,46.9059892324,23.0940107676,0.0000000000,46.9059892324,46.9059892324,23.0940107676,0.0000000000,-1.0000000000,0.0000000000,-1,6.2780000000,19.0000000000,23.0940107676,0.0000000000
12,175,0.0000000100,3,30,40,200,23.0940107676,70,46.9059892324,23.0940107676,0.0000000000,46.9059892324,46.9059892324,23.0940107676,0.0000000000,30.0000000000,315.9000000000,100,5.1760000000,19.0000000000,23.0940107676,0.0000000000
21,175,0.0000000100,3,30,40,200,23.0940107676,70,46.9059892324,23.0940107676,0.0000000000,46.9059892324,46.9059892324,23.0940107676,0.0000000000,30.0000000000,315.9000000000,100,2.8610000000,19.0000000000,23.0940107676,0.0000000000
24,175,0.0000000100,3,30,40,200,23.0940107676,70,46.9059892324,23.0940107676,0.0000000000,46.9059892324,46.9059892324,23.0940107676,0.0000000000,30.0000000000,315.9000000000,100,2.4900000000,19.0000000000,23.0940107676,0.0000000000
18,25,0.0000000100,3,30,40,200,23.0940107676,70,46.9059892324,23.0940107676,0.0000000000,46.9059892324,46.9059892324,23.0940107676,0.0000000000,30.0000000000,315.9000000000,100,0.4800000000,19.0000000000,23.0940107676,0.0000000000
18,75,0.0000000100,3,30,40,200,23.0940107676,70,46.9059892324,23.0940107676,0.0000000000,46.9059892324,46.9059892324,23.0940107676,0.0000000000,30.0000000000,315.9000000000,100,1.4410000000,19.0000000000,23.0940107676,0.0000000000
18,225,0.0000000100,3,30,40,200,23.0940107676,70,46.9059892324,23.0940107676,0.0000000000,46.9059892324,46.9059892324,23.0940107676,0.0000000000,30.0000000000,315.9000000000,100,4.3230000000,19.0000000000,23.0940107676,0.0000000000
18,275,0.0000000100,3,30,40,200,23.0940107676,70,46.9059892324,23.0940107676,0.0000000000,46.9059892324,46.9059892324,23.0940107676,0.0000000000,30.0000000000,315.9000000000,100,5.2840000000,19.0000000000,23.0940107676,0.0000000000
18,325,0.0000000100,3,30,40,200,23.0940107676,70,46.9059892324,23.0940107676,0.0000000000,46.9059892324,46.9059892324,23.0940107676,0.0000000000,30.0000000000,315.9000000000,100,6.2440000000,19.0000000000,23.0940107676,0.0000000000
12,175,0.0000000100,3,30,40,200,23.0940107676,70,46.9059892324,23.0940107676,0.0000000000,46.9059892324,46.9059892324,23.0940107676,0.0000000000,200.0000000000,480.5000000000,100,5.1760000000,19.0000000000,23.0940107676,0.0000000000
21,175,0.0000000100,3,30,40,200,23.0940107676,70,46.9059892324,23.0940107676,0.0000000000,46.9059892324,46.9059892324,23.0940107676,0.0000000000,200.0000000000,480.5000000000,100,2.8610000000,19.0000000000,23.0940107676,0.0000000000
24,175,0.0000000100,3,30,40,200,23.0940107676,70,46.9059892324,23.0940107676,0.0000000000,46.9059892324,46.9059892324,23.0940107676,0.0000000000,200.0000000000,480.5000000000,100,2.4900000000,19.0000000000,23.0940107676,0.0000000000
18,25,0.0000000100,3,30,40,200,23.0940107676,70,46.9059892324,23.0940107676,0.0000000000,46.9059892324,46.9059892324,23.0940107676,0.0000000000,200.0000000000,480.5000000000,100,0.4800000000,19.0000000000,23.0940107676,0.0000000000
18,75,0.0000000100,3,30,40,200,23.0940107676,70,46.9059892324,23.0940107676,0.0000000000,46.9059892324,46.9059892324,23.0940107676,0.0000000000,200.0000000000,480.5000000000,100,1.4410000000,19.0000000000,23.0940107676,0.0000000000
18,225,0.0000000100,3,30,40,200,23.0940107676,70,46.9059892324,23.0940107676,0.0000000000,46.9059892324,46.9059892324,23.0940107676,0.0000000000,200.0000000000,480.5000000000,100,4.3230000000,19.0000000000,23.0940107676,0.0000000000
18,275,0.0000000100,3,30,40,200,23.0940107676,70,46.9059892324,23.0940107676,0.0000000000,46.9059892324,46.9059892324,23.0940107676,0.0000000000,200.0000000000,480.5000000000,100,5.2840000000,19.0000000000,23.0940107676,0.0000000000
18,325,0.0000000100,3,30,40,200,23.0940107676,70,46.9059892324,23.0940107676,0.0000000000,46.9059892324,46.9059892324,23.0940107676,0.0000000000,200.0000000000,480.5000000000,100,6.2440000000,19.0000000000,23.0940107676,0.0000000000
12,175,0.0000000100,3,30,40,200,23.0940107676,70,46.9059892324,23.0940107676,0.0000000000,46.9059892324,46.9059892324,23.0940107676,0.0000000000,500.0000000000,586.0000000000,100,5.1760000000,19.0000000000,23.0940107676,0.0000000000
21,175,0.0000000100,3,30,40,200,23.0940107676,70,46.9059892324,23.0940107676,0.0000000000,46.9059892324,46.9059892324,23.0940107676,0.0000000000,500.0000000000,586.0000000000,100,2.8610000000,19.0000000000,23.0940107676,0.0000000000
24,175,0.0000000100,3,30,40,200,23.0940107676,70,46.9059892324,23.0940107676,0.0000000000,46.9059892324,46.9059892324,23.0940107676,0.0000000000,500.0000000000,586.0000000000,100,2.4900000000,19.0000000000,23.0940107676,0.0000000000
18,25,0.0000000100,3,30,40,200,23.0940107676,70,46.9059892324,23.0940107676,0.0000000000,46.9059892324,46.9059892324,23.0940107676,0.0000000000,500.0000000000,586.0000000000,100,0.4800000000,19.0000000000,23.0940107676,0.0000000000
18,75,0.0000000100,3,30,40,200,23.0940107676,70,46.9059892324,23.0940107676,0.0000000000,46.9059892324,46.9059892324,23.0940107676,0.0000000000,500.0000000000,586.0000000000,100,1.4410000000,19.0000000000,23.0940107676,0.0000000000
18,225,0.0000000100,3,30,40,200,23.0940107676,70,46.9059892324,23.0940107676,0.0000000000,46.9059892324,46.9059892324,23.0940107676,0.0000000000,500.0000000000,586.0000000000,100,4.3230000000,19.0000000000,23.0940107676,0.0000000000
18,275,0.0000000100,3,30,40,200,23.0940107676,70,46.9059892324,23.0940107676,0.0000000000,46.9059892324,46.9059892324,23.0940107676,0.0000000000,500.0000000000,586.0000000000,100,5.2840000000,19.0000000000,23.0940107676,0.0000000000
18,325,0.0000000100,3,30,40,200,23.0940107676,70,46.9059892324,23.0940107676,0.0000000000,46.9059892324,46.9059892324,23.0940107676,0.0000000000,500.0000000000,586.0000000000,100,6.2440000000,19.0000000000,23.0940107676,0.0000000000
12,175,0.0000000100,3,30,40,200,23.0940107676,70,46.9059892324,23.0940107676,0.0000000000,46.9059892324,46.9059892324,22.4020000000,0.0000000000,-1.0000000000,0.0000000000,-1,5.1060000000,19.0000000000,15.3000000000,0.0000000000
15,175,0.0000000100,3,30,40,200,23.0940107676,70,46.9059892324,23.0940107676,0.0000000000,46.9059892324,46.9059892324,22.4020000000,0.0000000000,-1.0000000000,0.0000000000,-1,4.0340000000,19.0000000000,15.3000000000,0.0000000000
18,175,0.0000000100,3,30,40,200,23.0940107676,70,46.9059892324,23.0940107676,0.0000000000,46.9059892324,46.9059892324,22.4020000000,0.0000000000,-1.0000000000,0.0000000000,-1,3.3330000000,19.0000000000,15.3000000000,0.0000000000
24,175,0.0000000100,3,30,40,200,23.0940107676,70,46.9059892324,23.0940107676,0.0000000000,46.9059892324,46.9059892324,22.4020000000,0.0000000000,-1.0000000000,0.0000000000,-1,2.4740000000,19.0000000000,15.3000000000,0.0000000000
18,25,0.0000000100,3,30,40,200,23.0940107676,70,46.9059892324,23.0940107676,0.0000000000,46.9059892324,46.9059892324,22.4020000000,0.0000000000,-1.0000000000,0.0000000000,-1,0.4760000000,19.0000000000,15.3000000000,0.0000000000
18,75,0.0000000100,3,30,40,200,23.0940107676,70,46.9059892324,23.0940107676,0.0000000000,46.9059892324,46.9059892324,22.4020000000,0.0000000000,-1.0000000000,0.0000000000,-1,1.4280000000,19.0000000000,15.3000000000,0.0000000000
18,125,0.0000000100,3,30,40,200,23.0940107676,70,46.9059892324,23.0940107676,0.0000000000,46.9059892324,46.9059892324,22.4020000000,0.0000000000,-1.0000000000,0.0000000000,-1,2.3810000000,19.0000000000,15.3000000000,0.0000000000
18,225,0.0000000100,3,30,40,200,23.0940107676,70,46.9059892324,23.0940107676,0.0000000000,46.9059892324,46.9059892324,22.4020000000,0.0000000000,-1.0000000000,0.0000000000,-1,4.2850000000,19.0000000000,15.3000000000,0.0000000000
18,275,0.0000000100,3,30,40,200,23.0940107676,70,46.9059892324,23.0940107676,0.0000000000,46.9059892324,46.9059892324,22.4020000000,0.0000000000,-1.0000000000,0.0000000000,-1,5.2370000000,19.0000000000,15.3000000000,0.0000000000
18,325,0.0000000100,3,30,40,200,23.0940107676,70,46.9059892324,23.0940107676,0.0000000000,46.9059892324,46.9059892324,22.4020000000,0.0000000000,-1.0000000000,0.0000000000,-1,6.1890000000,19.0000000000,15.3000000000,0.0000000000
12,175,0.0000000100,3,30,40,200,23.0940107676,70,46.9059892324,23.0940107676,0.0000000000,46.9059892324,46.9059892324,22.4020000000,0.0000000000,30.0000000000,315.9000000000,100,5.0650000000,19.0000000000,15.3000000000,0.0000000000
15,175,0.0000000100,3,30,40,200,23.0940107676,70,46.9059892324,23.0940107676,0.0000000000,46.9059892324,46.9059892324,22.4020000000,0.0000000000,30.0000000000,315.9000000000,100,4.0070000000,19.0000000000,15.3000000000,0.0000000000
18,175,0.0000000100,3,30,40,200,23.0940107676,70,46.9059892324,23.0940107676,0.0000000000,46.9059892324,46.9059892324,22.4020000000,0.0000000000,30.0000000000,315.9000000000,100,3.3150000000,19.0000000000,15.3000000000,0.0000000000
24,175,0.0000000100,3,30,40,200,23.0940107676,70,46.9059892324,23.0940107676,0.0000000000,46.9059892324,46.9059892324,22.4020000000,0.0000000000,30.0000000000,315.9000000000,100,2.4640000000,19.0000000000,15.3000000000,0.0000000000
18,25,0.0000000100,3,30,40,200,23.0940107676,70,46.9059892324,23.0940107676,0.0000000000,46.9059892324,46.9059892324,22.4020000000,0.0000000000,30.0000000000,315.9000000000,100,0.4740000000,19.0000000000,15.3000000000,0.0000000000
18,75,0.0000000100,3,30,40,200,23.0940107676,70,46.9059892324,23.0940107676,0.0000000000,46.9059892324,46.9059892324,22.4020000000,0.0000000000,30.0000000000,315.9000000000,100,1.4210000000,19.0000000000,15.3000000000,0.0000000000
18,125,0.0000000100,3,30,40,200,23.0940107676,70,46.9059892324,23.0940107676,0.0000000000,46.9059892324,46.9059892324,22.4020000000,0.0000000000,30.0000000000,315.9000000000,100,2.3680000000,19.0000000000,15.3000000000,0.0000000000
18,225,0.0000000100,3,30,40,200,23.0940107676,70,46.9059892324,23.0940107676,0.0000000000,46.9059892324,46.9059892324,22.4020000000,0.0000000000,30.0000000000,315.9000000000,100,4.2620000000,19.0000000000,15.3000000000,0.0000000000
18,275,0.0000000100,3,30,40,200,23.0940107676,70,46.9059892324,23.0940107676,0.0000000000,46.9059892324,46.9059892324,22.4020000000,0.0000000000,30.0000000000,315.9000000000,100,5.2090000000,19.0000000000,15.3000000000,0.0000000000
18,325,0.0000000100,3,30,40,200,23.0940107676,70,46.9059892324,23.0940107676,0.0000000000,46.9059892324,46.9059892324,22.4020000000,0.0000000000,30.0000000000,315.9000000000,100,6.1560000000,19.0000000000,15.3000000000,0.0000000000
12,175,0.0000000100,3,30,40,200,23.0940107676,70,46.9059892324,23.0940107676,0.0000000000,46.9059892324,46.9059892324,22.4020000000,0.0000000000,200.0000000000,480.5000000000,100,5.0650000000,19.0000000000,15.3000000000,0.0000000000
15,175,0.0000000100,3,30,40,200,23.0940107676,70,46.9059892324,23.0940107676,0.0000000000,46.9059892324,46.9059892324,22.4020000000,0.0000000000,200.0000000000,480.5000000000,100,4.0070000000,19.0000000000,15.3000000000,0.0000000000
18,175,0.0000000100,3,30,40,200,23.0940107676,70,46.9059892324,23.0940107676,0.0000000000,46.9059892324,46.9059892324,22.4020000000,0.0000000000,200.0000000000,480.5000000000,100,3.3150000000,19.0000000000,15.3000000000,0.0000000000
24,175,0.0000000100,3,30,40,200,23.0940107676,70,46.9059892324,23.0940107676,0.0000000000,46.9059892324,46.9059892324,22.4020000000,0.0000000000,200.0000000000,480.5000000000,100,2.4640000000,19.0000000000,15.3000000000,0.0000000000
18,25,0.0000000100,3,30,40,200,23.0940107676,70,46.9059892324,23.0940107676,0.0000000000,46.9059892324,46.9059892324,22.4020000000,0.0000000000,200.0000000000,480.5000000000,100,0.4740000000,19.0000000000,15.3000000000,0.0000000000
18,75,0.0000000100,3,30,40,200,23.0940107676,70,46.9059892324,23.0940107676,0.0000000000,46.9059892324,46.9059892324,22.4020000000,0.0000000000,200.0000000000,480.5000000000,100,1.4210000000,19.0000000000,15.3000000000,0.0000000000
18,125,0.0000000100,3,30,40,200,23.0940107676,70,46.9059892324,23.0940107676,0.0000000000,46.9059892324,46.9059892324,22.4020000000,0.0000000000,200.0000000000,480.5000000000,100,2.3680000000,19.0000000000,15.3000000000,0.0000000000
18,225,0.0000000100,3,30,40,200,23.0940107676,70,46.9059892324,23.0940107676,0.0000000000,46.9059892324,46.9059892324,22.4020000000,0.0000000000,200.0000000000,480.5000000000,100,4.2620000000,19.0000000000,15.3000000000,0.0000000000
18,275,0.0000000100,3,30,40,200,23.0940107676,70,46.9059892324,23.0940107676,0.0000000000,46.9059892324,46.9059892324,22.4020000000,0.0000000000,200.0000000000,480.5000000000,100,5.2090000000,19.0000000000,15.3000000000,0.0000000000
18,325,0.0000000100,3,30,40,200,23.0940107676,70,46.9059892324,23.0940107676,0.0000000000,46.9059892324,46.9059892324,22.4020000000,0.0000000000,200.0000000000,480.5000000000,100,6.1560000000,19.0000000000,15.3000000000,0.0000000000
12,175,0.0000000100,3,30,40,200,23.0940107676,70,46.9059892324,23.0940107676,0.0000000000,46.9059892324,46.9059892324,22.4020000000,0.0000000000,500.0000000000,586.0000000000,100,5.0650000000,19.0000000000,15.3000000000,0.0000000000
15,175,0.0000000100,3,30,40,200,23.0940107676,70,46.9059892324,23.0940107676,0.0000000000,46.9059892324,46.9059892324,22.4020000000,0.0000000000,500.0000000000,586.0000000000,100,4.0070000000,19.0000000000,15.3000000000,0.0000000000
18,175,0.0000000100,3,30,40,200,23.0940107676,70,46.9059892324,23.0940107676,0.0000000000,46.9059892324,46.9059892324,22.4020000000,0.0000000000,500.0000000000,586.0000000000,100,3.3150000000,19.0000000000,15.3000000000,0.0000000000
24,175,0.0000000100,3,30,40,200,23.0940107676,70,46.9059892324,23.0940107676,0.0000000000,46.9059892324,46.9059892324,22.4020000000,0.0000000000,500.0000000000,586.0000000000,100,2.4640000000,19.0000000000,15.3000000000,0.0000000000
18,25,0.0000000100,3,30,40,200,23.0940107676,70,46.9059892324,23.0940107676,0.0000000000,46.9059892324,46.9059892324,22.4020000000,0.0000000000,500.0000000000,586.0000000000,100,0.4740000000,19.0000000000,15.3000000000,0.0000000000
18,75,0.0000000100,3,30,40,200,23.0940107676,70,46.9059892324,23.0940107676,0.0000000000,46.9059892324,46.9059892324,22.4020000000,0.0000000000,500.0000000000,586.0000000000,100,1.4210000000,19.0000000000,15.3000000000,0.0000000000
18,125,0.0000000100,3,30,40,200,23.0940107676,70,46.9059892324,23.0940107676,0.0000000000,46.9059892324,46.9059892324,22.4020000000,0.0000000000,500.0000000000,586.0000000000,100,2.3680000000,19.0000000000,15.3000000000,0.0000000000
18,225,0.0000000100,3,30,40,200,23.0940107676,70,46.9059892324,23.0940107676,0.0000000000,46.9059892324,46.9059892324,22.4020000000,0.0000000000,500.0000000000,586.0000000000,100,4.2620000000,19.0000000000,15.3000000000,0.0000000000
18,275,0.0000000100,3,30,40,200,23.0940107676,70,46.9059892324,23.0940107676,0.0000000000,46.9059892324,46.9059892324,22.4020000000,0.0000000000,500.0000000000,586.0000000000,100,5.2090000000,19.0000000000,15.3000000000,0.0000000000
18,325,0.0000000100,3,30,40,200,23.0940107676,70,46.9059892324,23.0940107676,0.0000000000,46.9059892324,46.9059892324,22.4020000000,0.0000000000,500.0000000000,586.0000000000,100,6.1560000000,19.0000000000,15.3000000000,0.0000000000
12,175,0.0000000100,3,30,80,400,46.1880215352,140,93.8119784648,126.0000000000,79.8119784648,14.0000000000,14.0000000000,0.0000000000,0.0000000000,-1.0000000000,0.0000000000,-1,1.8420000000,83.0000000000,0.0000000000,0.0000000000
15,175,0.0000000100,3,30,80,400,46.1880215352,140,93.8119784648,126.0000000000,79.8119784648,14.0000000000,14.0000000000,0.0000000000,0.0000000000,-1.0000000000,0.0000000000,-1,1.4730000000,83.0000000000,0.0000000000,0.0000000000
24,175,0.0000000100,3,30,80,400,46.1880215352,140,93.8119784648,126.0000000000,79.8119784648,14.0000000000,14.0000000000,0.0000000000,0.0000000000,-1.0000000000,0.0000000000,-1,0.9210000000,83.0000000000,0.0000000000,0.0000000000
18,25,0.0000000100,3,30,80,400,46.1880215352,140,93.8119784648,126.0000000000,79.8119784648,14.0000000000,14.0000000000,0.0000000000,0.0000000000,-1.0000000000,0.0000000000,-1,0.1750000000,83.0000000000,0.0000000000,0.0000000000
18,75,0.0000000100,3,30,80,400,46.1880215352,140,93.8119784648,126.0000000000,79.8119784648,14.0000000000,14.0000000000,0.0000000000,0.0000000000,-1.0000000000,0.0000000000,-1,0.5260000000,83.0000000000,0.0000000000,0.0000000000
18,125,0.0000000100,3,30,80,400,46.1880215352,140,93.8119784648,126.0000000000,79.8119784648,14.0000000000,14.0000000000,0.0000000000,0.0000000000,-1.0000000000,0.0000000000,-1,0.8770000000,83.0000000000,0.0000000000,0.0000000000
12,175,0.0000000100,3,30,80,400,46.1880215352,140,93.8119784648,126.0000000000,79.8119784648,14.0000000000,14.0000000000,0.0000000000,0.0000000000,30.0000000000,315.9000000000,100,1.8420000000,83.0000000000,0.0000000000,0.0000000000
15,175,0.0000000100,3,30,80,400,46.1880215352,140,93.8119784648,126.0000000000,79.8119784648,14.0000000000,14.0000000000,0.0000000000,0.0000000000,30.0000000000,315.9000000000,100,1.4730000000,83.0000000000,0.0000000000,0.0000000000
24,175,0.0000000100,3,30,80,400,46.1880215352,140,93.8119784648,126.0000000000,79.8119784648,14.0000000000,14.0000000000,0.0000000000,0.0000000000,30.0000000000,315.9000000000,100,0.9210000000,83.0000000000,0.0000000000,0.0000000000
18,25,0.0000000100,3,30,80,400,46.1880215352,140,93.8119784648,126.0000000000,79.8119784648,14.0000000000,14.0000000000,0.0000000000,0.0000000000,30.0000000000,315.9000000000,100,0.1750000000,83.0000000000,0.0000000000,0.0000000000
18,75,0.0000000100,3,30,80,400,46.1880215352,140,93.8119784648,126.0000000000,79.8119784648,14.0000000000,14.0000000000,0.0000000000,0.0000000000,30.0000000000,315.9000000000,100,0.5260000000,83.0000000000,0.0000000000,0.0000000000
18,125,0.0000000100,3,30,80,400,46.1880215352,140,93.8119784648,126.0000000000,79.8119784648,14.0000000000,14.0000000000,0.0000000000,0.0000000000,30.0000000000,315.9000000000,100,0.8770000000,83.0000000000,0.0000000000,0.0000000000
12,175,0.0000000100,3,30,80,400,46.1880215352,140,93.8119784648,126.0000000000,79.8119784648,14.0000000000,14.0000000000,0.0000000000,0.0000000000,200.0000000000,480.5000000000,100,1.8420000000,83.0000000000,0.0000000000,0.0000000000
15,175,0.0000000100,3,30,80,400,46.1880215352,140,93.8119784648,126.0000000000,79.8119784648,14.0000000000,14.0000000000,0.0000000000,0.0000000000,200.0000000000,480.5000000000,100,1.4730000000,83.0000000000,0.0000000000,0.0000000000
24,175,0.0000000100,3,30,80,400,46.1880215352,140,93.8119784648,126.0000000000,79.8119784648,14.0000000000,14.0000000000,0.0000000000,0.0000000000,200.0000000000,480.5000000000,100,0.9210000000,83.0000000000,0.0000000000,0.0000000000
18,25,0.0000000100,3,30,80,400,46.1880215352,140,93.8119784648,126.0000000000,79.8119784648,14.0000000000,14.0000000000,0.0000000000,0.0000000000,200.0000000000,480.5000000000,100,0.1750000000,83.0000000000,0.0000000000,0.0000000000
18,75,0.0000000100,3,30,80,400,46.1880215352,140,93.8119784648,126.0000000000,79.8119784648,14.0000000000,14.0000000000,0.0000000000,0.0000000000,200.0000000000,480.5000000000,100,0.5260000000,83.0000000000,0.0000000000,0.0000000000
18,125,0.0000000100,3,30,80,400,46.1880215352,140,93.8119784648,126.0000000000,79.8119784648,14.0000000000,14.0000000000,0.0000000000,0.0000000000,200.0000000000,480.5000000000,100,0.8770000000,83.0000000000,0.0000000000,0.0000000000
12,175,0.0000000100,3,30,80,400,46.1880215352,140,93.8119784648,126.0000000000,79.8119784648,14.0000000000,14.0000000000,0.0000000000,0.0000000000,500.0000000000,586.0000000000,100,1.8420000000,83.0000000000,0.0000000000,0.0000000000
15,175,0.0000000100,3,30,80,400,46.1880215352,140,93.8119784648,126.0000000000,79.8119784648,14.0000000000,14.0000000000,0.0000000000,0.0000000000,500.0000000000,586.0000000000,100,1.4730000000,83.0000000000,0.0000000000,0.0000000000
24,175,0.0000000100,3,30,80,400,46.1880215352,140,93.8119784648,126.0000000000,79.8119784648,14.0000000000,14.0000000000,0.0000000000,0.0000000000,500.0000000000,586.0000000000,100,0.9210000000,83.0000000000,0.0000000000,0.0000000000
18,25,0.0000000100,3,30,80,400,46.1880215352,140,93.8119784648,126.0000000000,79.8119784648,14.0000000000,14.0000000000,0.0000000000,0.0000000000,500.0000000000,586.0000000000,100,0.1750000000,83.0000000000,0.0000000000,0.0000000000
18,75,0.0000000100,3,30,80,400,46.1880215352,140,93.8119784648,126.0000000000,79.8119784648,14.0000000000,14.0000000000,0.0000000000,0.0000000000,500.0000000000,586.0000000000,100,0.5260000000,83.0000000000,0.0000000000,0.0000000000
18,125,0.0000000100,3,30,80,400,46.1880215352,140,93.8119784648,126.0000000000,79.8119784648,14.0000000000,14.0000000000,0.0000000000,0.0000000000,500.0000000000,586.0000000000,100,0.8770000000,83.0000000000,0.0000000000,0.0000000000
12,175,0.0000000100,3,30,80,400,46.1880215352,140,93.8119784648,126.0000000000,79.8119784648,14.0000000000,14.0000000000,126.0000000000,79.8119784648,-1.0000000000,0.0000000000,-1,2.0080000000,83.0000000000,126.0000000000,79.8119784648
18,175,0.0000000100,3,30,80,400,46.1880215352,140,93.8119784648,126.0000000000,79.8119784648,14.0000000000,14.0000000000,126.0000000000,79.8119784648,-1.0000000000,0.0000000000,-1,1.3000000000,83.0000000000,126.0000000000,79.8119784648
21,175,0.0000000100,3,30,80,400,46.1880215352,140,93.8119784648,126.0000000000,79.8119784648,14.0000000000,14.0000000000,126.0000000000,79.8119784648,-1.0000000000,0.0000000000,-1,1.1050000000,83.0000000000,126.0000000000,79.8119784648
24,175,0.0000000100,3,30,80,400,46.1880215352,140,93.8119784648,126.0000000000,79.8119784648,14.0000000000,14.0000000000,126.0000000000,79.8119784648,-1.0000000000,0.0000000000,-1,0.9610000000,83.0000000000,126.0000000000,79.8119784648
18,75,0.0000000100,3,30,80,400,46.1880215352,140,93.8119784648,126.0000000000,79.8119784648,14.0000000000,14.0000000000,126.0000000000,79.8119784648,-1.0000000000,0.0000000000,-1,0.5570000000,83.0000000000,126.0000000000,79.8119784648
18,125,0.0000000100,3,30,80,400,46.1880215352,140,93.8119784648,126.0000000000,79.8119784648,14.0000000000,14.0000000000,126.0000000000,79.8119784648,-1.0000000000,0.0000000000,-1,0.9280000000,83.0000000000,126.0000000000,79.8119784648
18,225,0.0000000100,3,30,80,400,46.1880215352,140,93.8119784648,126.0000000000,79.8119784648,14.0000000000,14.0000000000,126.0000000000,79.8119784648,-1.0000000000,0.0000000000,-1,1.6700000000,83.0000000000,126.0000000000,79.8119784648
18,325,0.0000000100,3,30,80,400,46.1880215352,140,93.8119784648,126.0000000000,79.8119784648,14.0000000000,14.0000000000,126.0000000000,79.8119784648,-1.0000000000,0.0000000000,-1,2.4130000000,83.0000000000,126.0000000000,79.8119784648
12,175,0.0000000100,3,30,80,400,46.1880215352,140,93.8119784648,126.0000000000,79.8119784648,14.0000000000,14.0000000000,126.0000000000,79.8119784648,30.0000000000,315.9000000000,100,2.0040000000,83.0000000000,126.0000000000,79.8119784648
18,175,0.0000000100,3,30,80,400,46.1880215352,140,93.8119784648,126.0000000000,79.8119784648,14.0000000000,14.0000000000,126.0000000000,79.8119784648,30.0000000000,315.9000000000,100,1.2980000000,83.0000000000,126.0000000000,79.8119784648
21,175,0.0000000100,3,30,80,400,46.1880215352,140,93.8119784648,126.0000000000,79.8119784648,14.0000000000,14.0000000000,126.0000000000,79.8119784648,30.0000000000,315.9000000000,100,1.1030000000,83.0000000000,126.0000000000,79.8119784648
24,175,0.0000000100,3,30,80,400,46.1880215352,140,93.8119784648,126.0000000000,79.8119784648,14.0000000000,14.0000000000,126.0000000000,79.8119784648,30.0000000000,315.9000000000,100,0.9600000000,83.0000000000,126.0000000000,79.8119784648
18,75,0.0000000100,3,30,80,400,46.1880215352,140,93.8119784648,126.0000000000,79.8119784648,14.0000000000,14.0000000000,126.0000000000,79.8119784648,30.0000000000,315.9000000000,100,0.5570000000,83.0000000000,126.0000000000,79.8119784648
18,125,0.0000000100,3,30,80,400,46.1880215352,140,93.8119784648,126.0000000000,79.8119784648,14.0000000000,14.0000000000,126.0000000000,79.8119784648,30.0000000000,315.9000000000,100,0.9270000000,83.0000000000,126.0000000000,79.8119784648
18,225,0.0000000100,3,30,80,400,46.1880215352,140,93.8119784648,126.0000000000,79.8119784648,14.0000000000,14.0000000000,126.0000000000,79.8119784648,30.0000000000,315.9000000000,100,1.6680000000,83.0000000000,126.0000000000,79.8119784648
18,325,0.0000000100,3,30,80,400,46.1880215352,140,93.8119784648,126.0000000000,79.8119784648,14.0000000000,14.0000000000,126.0000000000,79.8119784648,30.0000000000,315.9000000000,100,2.4100000000,83.0000000000,126.0000000000,79.8119784648
12,175,0.0000000100,3,30,80,400,46.1880215352,140,93.8119784648,126.0000000000,79.8119784648,14.0000000000,14.0000000000,126.0000000000,79.8119784648,200.0000000000,480.5000000000,100,2.0040000000,83.0000000000,126.0000000000,79.8119784648
18,175,0.0000000100,3,30,80,400,46.1880215352,140,93.8119784648,126.0000000000,79.8119784648,14.0000000000,14.0000000000,126.0000000000,79.8119784648,200.0000000000,480.5000000000,100,1.2980000000,83.0000000000,126.0000000000,79.8119784648
21,175,0.0000000100,3,30,80,400,46.1880215352,140,93.8119784648,126.0000000000,79.8119784648,14.0000000000,14.0000000000,126.0000000000,79.8119784648,200.0000000000,480.5000000000,100,1.1030000000,83.0000000000,126.0000000000,79.8119784648
24,175,0.0000000100,3,30,80,400,46.1880215352,140,93.8119784648,126.0000000000,79.8119784648,14.0000000000,14.0000000000,126.0000000000,79.8119784648,200.0000000000,480.5000000000,100,0.9600000000,83.0000000000,126.0000000000,79.8119784648
18,75,0.0000000100,3,30,80,400,46.1880215352,140,93.8119784648,126.0000000000,79.8119784648,14.0000000000,14.0000000000,126.0000000000,79.8119784648,200.0000000000,480.5000000000,100,0.5570000000,83.0000000000,126.0000000000,79.8119784648
18,125,0.0000000100,3,30,80,400,46.1880215352,140,93.8119784648,126.0000000000,79.8119784648,14.0000000000,14.0000000000,126.0000000000,79.8119784648,200.0000000000,480.5000000000,100,0.9270000000,83.0000000000,126.0000000000,79.8119784648
18,225,0.0000000100,3,30,80,400,46.1880215352,140,93.8119784648,126.0000000000,79.8119784648,14.0000000000,14.0000000000,126.0000000000,79.8119784648,200.0000000000,480.5000000000,100,1.6680000000,83.0000000000,126.0000000000,79.8119784648
18,325,0.0000000100,3,30,80,400,46.1880215352,140,93.8119784648,126.0000000000,79.8119784648,14.0000000000,14.0000000000,126.0000000000,79.8119784648,200.0000000000,480.5000000000,100,2.4100000000,83.0000000000,126.0000000000,79.8119784648
12,175,0.0000000100,3,30,80,400,46.1880215352,140,93.8119784648,126.0000000000,79.8119784648,14.0000000000,14.0000000000,126.0000000000,79.8119784648,500.0000000000,586.0000000000,100,2.0040000000,83.0000000000,126.0000000000,79.8119784648
18,175,0.0000000100,3,30,80,400,46.1880215352,140,93.8119784648,126.0000000000,79.8119784648,14.0000000000,14.0000000000,126.0000000000,79.8119784648,500.0000000000,586.0000000000,100,1.2980000000,83.0000000000,126.0000000000,79.8119784648
21,175,0.0000000100,3,30,80,400,46.1880215352,140,93.8119784648,126.0000000000,79.8119784648,14.0000000000,14.0000000000,126.0000000000,79.8119784648,500.0000000000,586.0000000000,100,1.1030000000,83.0000000000,126.0000000000,79.8119784648
24,175,0.0000000100,3,30,80,400,46.1880215352,140,93.8119784648,126.0000000000,79.8119784648,14.0000000000,14.0000000000,126.0000000000,79.8119784648,500.0000000000,586.0000000000,100,0.9600000000,83.0000000000,126.0000000000,79.8119784648
18,75,0.0000000100,3,30,80,400,46.1880215352,140,93.8119784648,126.0000000000,79.8119784648,14.0000000000,14.0000000000,126.0000000000,79.8119784648,500.0000000000,586.0000000000,100,0.5570000000,83.0000000000,126.0000000000,79.8119784648
18,125,0.0000000100,3,30,80,400,46.1880215352,140,93.8119784648,126.0000000000,79.8119784648,14.0000000000,14.0000000000,126.0000000000,79.8119784648,500.0000000000,586.0000000000,100,0.9270000000,83.0000000000,126.0000000000,79.8119784648
18,225,0.0000000100,3,30,80,400,46.1880215352,140,93.8119784648,126.0000000000,79.8119784648,14.0000000000,14.0000000000,126.0000000000,79.8119784648,500.0000000000,586.0000000000,100,1.6680000000,83.0000000000,126.0000000000,79.8119784648
18,325,0.0000000100,3,30,80,400,46.1880215352,140,93.8119784648,126.0000000000,79.8119784648,14.0000000000,14.0000000000,126.0000000000,79.8119784648,500.0000000000,586.0000000000,100,2.4100000000,83.0000000000,126.0000000000,79.8119784648
12,175,0.0000000100,3,30,80,400,46.1880215352,140,93.8119784648,126.0000000000,79.8119784648,14.0000000000,14.0000000000,30.7850000000,0.0000000000,-1.0000000000,0.0000000000,-1,1.9210000000,83.0000000000,30.7850000000,0.0000000000
15,175,0.0000000100,3,30,80,400,46.1880215352,140,93.8119784648,126.0000000000,79.8119784648,14.0000000000,14.0000000000,30.7850000000,0.0000000000,-1.0000000000,0.0000000000,-1,1.5240000000,83.0000000000,30.7850000000,0.0000000000
18,175,0.0000000100,3,30,80,400,46.1880215352,140,93.8119784648,126.0000000000,79.8119784648,14.0000000000,14.0000000000,30.7850000000,0.0000000000,-1.0000000000,0.0000000000,-1,1.2630000000,83.0000000000,30.7850000000,0.0000000000
24,175,0.0000000100,3,30,80,400,46.1880215352,140,93.8119784648,126.0000000000,79.8119784648,14.0000000000,14.0000000000,30.7850000000,0.0000000000,-1.0000000000,0.0000000000,-1,0.9400000000,83.0000000000,30.7850000000,0.0000000000
18,25,0.0000000100,3,30,80,400,46.1880215352,140,93.8119784648,126.0000000000,79.8119784648,14.0000000000,14.0000000000,30.7850000000,0.0000000000,-1.0000000000,0.0000000000,-1,0.1800000000,83.0000000000,30.7850000000,0.0000000000
18,75,0.0000000100,3,30,80,400,46.1880215352,140,93.8119784648,126.0000000000,79.8119784648,14.0000000000,14.0000000000,30.7850000000,0.0000000000,-1.0000000000,0.0000000000,-1,0.5410000000,83.0000000000,30.7850000000,0.0000000000
18,125,0.0000000100,3,30,80,400,46.1880215352,140,93.8119784648,126.0000000000,79.8119784648,14.0000000000,14.0000000000,30.7850000000,0.0000000000,-1.0000000000,0.0000000000,-1,0.9020000000,83.0000000000,30.7850000000,0.0000000000
18,225,0.0000000100,3,30,80,400,46.1880215352,140,93.8119784648,126.0000000000,79.8119784648,14.0000000000,14.0000000000,30.7850000000,0.0000000000,-1.0000000000,0.0000000000,-1,1.6240000000,83.0000000000,30.7850000000,0.0000000000
18,275,0.0000000100,3,30,80,400,46.1880215352,140,93.8119784648,126.0000000000,79.8119784648,14.0000000000,14.0000000000,30.7850000000,0.0000000000,-1.0000000000,0.0000000000,-1,1.9840000000,83.0000000000,30.7850000000,0.0000000000
18,325,0.0000000100,3,30,80,400,46.1880215352,140,93.8119784648,126.0000000000,79.8119784648,14.0000000000,14.0000000000,30.7850000000,0.0000000000,-1.0000000000,0.0000000000,-1,2.3450000000,83.0000000000,30.7850000000,0.0000000000
12,175,0.0000000100,3,30,80,400,46.1880215352,140,93.8119784648,126.0000000000,79.8119784648,14.0000000000,14.0000000000,30.7850000000,0.0000000000,30.0000000000,315.9000000000,100,1.9110000000,83.0000000000,30.7850000000,0.0000000000
15,175,0.0000000100,3,30,80,400,46.1880215352,140,93.8119784648,126.0000000000,79.8119784648,14.0000000000,14.0000000000,30.7850000000,0.0000000000,30.0000000000,315.9000000000,100,1.5170000000,83.0000000000,30.7850000000,0.0000000000
18,175,0.0000000100,3,30,80,400,46.1880215352,140,93.8119784648,126.0000000000,79.8119784648,14.0000000000,14.0000000000,30.7850000000,0.0000000000,30.0000000000,315.9000000000,100,1.2580000000,83.0000000000,30.7850000000,0.0000000000
24,175,0.0000000100,3,30,80,400,46.1880215352,140,93.8119784648,126.0000000000,79.8119784648,14.0000000000,14.0000000000,30.7850000000,0.0000000000,30.0000000000,315.9000000000,100,0.9380000000,83.0000000000,30.7850000000,0.0000000000
18,25,0.0000000100,3,30,80,400,46.1880215352,140,93.8119784648,126.0000000000,79.8119784648,14.0000000000,14.0000000000,30.7850000000,0.0000000000,30.0000000000,315.9000000000,100,0.1800000000,83.0000000000,30.7850000000,0.0000000000
18,75,0.0000000100,3,30,80,400,46.1880215352,140,93.8119784648,126.0000000000,79.8119784648,14.0000000000,14.0000000000,30.7850000000,0.0000000000,30.0000000000,315.9000000000,100,0.5390000000,83.0000000000,30.7850000000,0.0000000000
18,125,0.0000000100,3,30,80,400,46.1880215352,140,93.8119784648,126.0000000000,79.8119784648,14.0000000000,14.0000000000,30.7850000000,0.0000000000,30.0000000000,315.9000000000,100,0.8990000000,83.0000000000,30.7850000000,0.0000000000
18,225,0.0000000100,3,30,80,400,46.1880215352,140,93.8119784648,126.0000000000,79.8119784648,14.0000000000,14.0000000000,30.7850000000,0.0000000000,30.0000000000,315.9000000000,100,1.6180000000,83.0000000000,30.7850000000,0.0000000000
18,275,0.0000000100,3,30,80,400,46.1880215352,140,93.8119784648,126.0000000000,79.8119784648,14.0000000000,14.0000000000,30.7850000000,0.0000000000,30.0000000000,315.9000000000,100,1.9770000000,83.0000000000,30.7850000000,0.0000000000
18,325,0.0000000100,3,30,80,400,46.1880215352,140,93.8119784648,126.0000000000,79.8119784648,14.0000000000,14.0000000000,30.7850000000,0.0000000000,30.0000000000,315.9000000000,100,2.3370000000,83.0000000000,30.7850000000,0.0000000000
12,175,0.0000000100,3,30,80,400,46.1880215352,140,93.8119784648,126.0000000000,79.8119784648,14.0000000000,14.0000000000,30.7850000000,0.0000000000,200.0000000000,480.5000000000,100,1.9110000000,83.0000000000,30.7850000000,0.0000000000
15,175,0.0000000100,3,30,80,400,46.1880215352,140,93.8119784648,126.0000000000,79.8119784648,14.0000000000,14.0000000000,30.7850000000,0.0000000000,200.0000000000,480.5000000000,100,1.5170000000,83.0000000000,30.7850000000,0.0000000000
18,175,0.0000000100,3,30,80,400,46.1880215352,140,93.8119784648,126.0000000000,79.8119784648,14.0000000000,14.0000000000,30.7850000000,0.0000000000,200.0000000000,480.5000000000,100,1.2580000000,83.0000000000,30.7850000000,0.0000000000
24,175,0.0000000100,3,30,80,400,46.1880215352,140,93.8119784648,126.0000000000,79.8119784648,14.0000000000,14.0000000000,30.7850000000,0.0000000000,200.0000000000,480.5000000000,100,0.9380000000,83.0000000000,30.7850000000,0.0000000000
18,25,0.0000000100,3,30,80,400,46.1880215352,140,93.8119784648,126.0000000000,79.8119784648,14.0000000000,14.0000000000,30.7850000000,0.0000000000,200.0000000000,480.5000000000,100,0.1800000000,83.0000000000,30.7850000000,0.0000000000
18,75,0.0000000100,3,30,80,400,46.1880215352,140,93.8119784648,126.0000000000,79.8119784648,14.0000000000,14.0000000000,30.7850000000,0.0000000000,200.0000000000,480.5000000000,100,0.5390000000,83.0000000000,30.7850000000,0.0000000000
18,125,0.0000000100,3,30,80,400,46.1880215352,140,93.8119784648,126.0000000000,79.8119784648,14.0000000000,14.0000000000,30.7850000000,0.0000000000,200.0000000000,480.5000000000,100,0.8990000000,83.0000000000,30.7850000000,0.0000000000
18,225,0.0000000100,3,30,80,400,46.1880215352,140,93.8119784648,126.0000000000,79.8119784648,14.0000000000,14.0000000000,30.7850000000,0.0000000000,200.0000000000,480.5000000000,100,1.6180000000,83.0000000000,30.7850000000,0.0000000000
18,275,0.0000000100,3,30,80,400,46.1880215352,140,93.8119784648,126.0000000000,79.8119784648,14.0000000000,14.0000000000,30.7850000000,0.0000000000,200.0000000000,480.5000000000,100,1.9770000000,83.0000000000,30.7850000000,0.0000000000
18,325,0.0000000100,3,30,80,400,46.1880215352,140,93.8119784648,126.0000000000,79.8119784648,14.0000000000,14.0000000000,30.7850000000,0.0000000000,200.0000000000,480.5000000000,100,2.3370000000,83.0000000000,30.7850000000,0.0000000000
12,175,0.0000000100,3,30,80,400,46.1880215352,140,93.8119784648,126.0000000000,79.8119784648,14.0000000000,14.0000000000,30.7850000000,0.0000000000,500.0000000000,586.0000000000,100,1.9110000000,83.0000000000,30.7850000000,0.0000000000
15,175,0.0000000100,3,30,80,400,46.1880215352,140,93.8119784648,126.0000000000,79.8119784648,14.0000000000,14.0000000000,30.7850000000,0.0000000000,500.0000000000,586.0000000000,100,1.5170000000,83.0000000000,30.7850000000,0.0000000000
18,175,0.0000000100,3,30,80,400,46.1880215352,140,93.8119784648,126.0000000000,79.8119784648,14.0000000000,14.0000000000,30.7850000000,0.0000000000,500.0000000000,586.0000000000,100,1.2580000000,83.0000000000,30.7850000000,0.0000000000
24,175,0.0000000100,3,30,80,400,46.1880215352,140,93.8119784648,126.0000000000,79.8119784648,14.0000000000,14.0000000000,30.7850000000,0.0000000000,500.0000000000,586.0000000000,100,0.9380000000,83.0000000000,30.7850000000,0.0000000000
18,25,0.0000000100,3,30,80,400,46.1880215352,140,93.8119784648,126.0000000000,79.8119784648,14.0000000000,14.0000000000,30.7850000000,0.0000000000,500.0000000000,586.0000000000,100,0.1800000000,83.0000000000,30.7850000000,0.0000000000
18,75,0.0000000100,3,30,80,400,46.1880215352,140,93.8119784648,126.0000000000,79.8119784648,14.0000000000,14.0000000000,30.7850000000,0.0000000000,500.0000000000,586.0000000000,100,0.5390000000,83.0000000000,30.7850000000,0.0000000000
18,125,0.0000000100,3,30,80,400,46.1880215352,140,93.8119784648,126.0000000000,79.8119784648,14.0000000000,14.0000000000,30.7850000000,0.0000000000,500.0000000000,586.0000000000,100,0.8990000000,83.0000000000,30.7850000000,0.0000000000
18,225,0.0000000100,3,30,80,400,46.1880215352,140,93.8119784648,126.0000000000,79.8119784648,14.0000000000,14.0000000000,30.7850000000,0.0000000000,500.0000000000,586.0000000000,100,1.6180000000,83.0000000000,30.7850000000,0.0000000000
18,275,0.0000000100,3,30,80,400,46.1880215352,140,93.8119784648,126.0000000000,79.8119784648,14.0000000000,14.0000000000,30.7850000000,0.0000000000,500.0000000000,586.0000000000,100,1.9770000000,83.0000000000,30.7850000000,0.0000000000
18,325,0.0000000100,3,30,80,400,46.1880215352,140,93.8119784648,126.0000000000,79.8119784648,14.0000000000,14.0000000000,30.7850000000,0.0000000000,500.0000000000,586.0000000000,100,2.3370000000,83.0000000000,30.7850000000,0.0000000000
12,175,0.0000000100,3,30,80,400,46.1880215352,140,93.8119784648,35.0000000000,23.4529946162,105.0000000000,70.3589838486,7.6712000000,0.0000000000,-1.0000000000,0.0000000000,-1,2.0990000000,40.0000000000,0.0000000000,0.0000000000
15,175,0.0000000100,3,30,80,400,46.1880215352,140,93.8119784648,35.0000000000,23.4529946162,105.0000000000,70.3589838486,7.6712000000,0.0000000000,-1.0000000000,0.0000000000,-1,1.6790000000,40.0000000000,0.0000000000,0.0000000000
18,175,0.0000000100,3,30,80,400,46.1880215352,140,93.8119784648,35.0000000000,23.4529946162,105.0000000000,70.3589838486,7.6712000000,0.0000000000,-1.0000000000,0.0000000000,-1,1.3990000000,40.0000000000,0.0000000000,0.0000000000
21,175,0.0000000100,3,30,80,400,46.1880215352,140,93.8119784648,35.0000000000,23.4529946162,105.0000000000,70.3589838486,7.6712000000,0.0000000000,-1.0000000000,0.0000000000,-1,1.1990000000,40.0000000000,0.0000000000,0.0000000000
24,175,0.0000000100,3,30,80,400,46.1880215352,140,93.8119784648,35.0000000000,23.4529946162,105.0000000000,70.3589838486,7.6712000000,0.0000000000,-1.0000000000,0.0000000000,-1,1.0490000000,40.0000000000,0.0000000000,0.0000000000
18,25,0.0000000100,3,30,80,400,46.1880215352,140,93.8119784648,35.0000000000,23.4529946162,105.0000000000,70.3589838486,7.6712000000,0.0000000000,-1.0000000000,0.0000000000,-1,0.2000000000,40.0000000000,0.0000000000,0.0000000000
18,225,0.0000000100,3,30,80,400,46.1880215352,140,93.8119784648,35.0000000000,23.4529946162,105.0000000000,70.3589838486,7.6712000000,0.0000000000,-1.0000000000,0.0000000000,-1,1.7990000000,40.0000000000,0.0000000000,0.0000000000
21,175,0.0000000100,3,30,80,400,46.1880215352,140,93.8119784648,35.0000000000,23.4529946162,105.0000000000,70.3589838486,0.0000000000,0.0000000000,30.0000000000,315.9000000000,100,1.1990000000,40.0000000000,0.0000000000,0.0000000000
24,175,0.0000000100,3,30,80,400,46.1880215352,140,93.8119784648,35.0000000000,23.4529946162,105.0000000000,70.3589838486,0.0000000000,0.0000000000,30.0000000000,315.9000000000,100,1.0490000000,40.0000000000,0.0000000000,0.0000000000
18,25,0.0000000100,3,30,80,400,46.1880215352,140,93.8119784648,35.0000000000,23.4529946162,105.0000000000,70.3589838486,0.0000000000,0.0000000000,30.0000000000,315.9000000000,100,0.2000000000,40.0000000000,0.0000000000,0.0000000000
18,75,0.0000000100,3,30,80,400,46.1880215352,140,93.8119784648,35.0000000000,23.4529946162,105.0000000000,70.3589838486,0.0000000000,0.0000000000,30.0000000000,315.9000000000,100,0.5990000000,40.0000000000,0.0000000000,0.0000000000
18,125,0.0000000100,3,30,80,400,46.1880215352,140,93.8119784648,35.0000000000,23.4529946162,105.0000000000,70.3589838486,0.0000000000,0.0000000000,30.0000000000,315.9000000000,100,0.9990000000,40.0000000000,0.0000000000,0.0000000000
18,225,0.0000000100,3,30,80,400,46.1880215352,140,93.8119784648,35.0000000000,23.4529946162,105.0000000000,70.3589838486,0.0000000000,0.0000000000,30.0000000000,315.9000000000,100,1.7990000000,40.0000000000,0.0000000000,0.0000000000
18,325,0.0000000100,3,30,80,400,46.1880215352,140,93.8119784648,35.0000000000,23.4529946162,105.0000000000,70.3589838486,0.0000000000,0.0000000000,30.0000000000,315.9000000000,100,2.5980000000,40.0000000000,0.0000000000,0.0000000000
21,175,0.0000000100,3,30,80,400,46.1880215352,140,93.8119784648,35.0000000000,23.4529946162,105.0000000000,70.3589838486,0.0000000000,0.0000000000,200.0000000000,480.5000000000,100,1.1990000000,40.0000000000,0.0000000000,0.0000000000
24,175,0.0000000100,3,30,80,400,46.1880215352,140,93.8119784648,35.0000000000,23.4529946162,105.0000000000,70.3589838486,0.0000000000,0.0000000000,200.0000000000,480.5000000000,100,1.0490000000,40.0000000000,0.0000000000,0.0000000000
18,25,0.0000000100,3,30,80,400,46.1880215352,140,93.8119784648,35.0000000000,23.4529946162,105.0000000000,70.3589838486,0.0000000000,0.0000000000,200.0000000000,480.5000000000,100,0.2000000000,40.0000000000,0.0000000000,0.0000000000
18,75,0.0000000100,3,30,80,400,46.1880215352,140,93.8119784648,35.0000000000,23.4529946162,105.0000000000,70.3589838486,0.0000000000,0.0000000000,200.0000000000,480.5000000000,100,0.5990000000,40.0000000000,0.0000000000,0.0000000000
18,125,0.0000000100,3,30,80,400,46.1880215352,140,93.8119784648,35.0000000000,23.4529946162,105.0000000000,70.3589838486,0.0000000000,0.0000000000,200.0000000000,480.5000000000,100,0.9990000000,40.0000000000,0.0000000000,0.0000000000
18,225,0.0000000100,3,30,80,400,46.1880215352,140,93.8119784648,35.0000000000,23.4529946162,105.0000000000,70.3589838486,0.0000000000,0.0000000000,200.0000000000,480.5000000000,100,1.7990000000,40.0000000000,0.0000000000,0.0000000000
18,325,0.0000000100,3,30,80,400,46.1880215352,140,93.8119784648,35.0000000000,23.4529946162,105.0000000000,70.3589838486,0.0000000000,0.0000000000,200.0000000000,480.5000000000,100,2.5980000000,40.0000000000,0.0000000000,0.0000000000
21,175,0.0000000100,3,30,80,400,46.1880215352,140,93.8119784648,35.0000000000,23.4529946162,105.0000000000,70.3589838486,0.0000000000,0.0000000000,500.0000000000,586.0000000000,100,1.1990000000,40.0000000000,0.0000000000,0.0000000000
24,175,0.0000000100,3,30,80,400,46.1880215352,140,93.8119784648,35.0000000000,23.4529946162,105.0000000000,70.3589838486,0.0000000000,0.0000000000,500.0000000000,586.0000000000,100,1.0490000000,40.0000000000,0.0000000000,0.0000000000
18,25,0.0000000100,3,30,80,400,46.1880215352,140,93.8119784648,35.0000000000,23.4529946162,105.0000000000,70.3589838486,0.0000000000,0.0000000000,500.0000000000,586.0000000000,100,0.2000000000,40.0000000000,0.0000000000,0.0000000000
18,75,0.0000000100,3,30,80,400,46.1880215352,140,93.8119784648,35.0000000000,23.4529946162,105.0000000000,70.3589838486,0.0000000000,0.0000000000,500.0000000000,586.0000000000,100,0.5990000000,40.0000000000,0.0000000000,0.0000000000
18,125,0.0000000100,3,30,80,400,46.1880215352,140,93.8119784648,35.0000000000,23.4529946162,105.0000000000,70.3589838486,0.0000000000,0.0000000000,500.0000000000,586.0000000000,100,0.9990000000,40.0000000000,0.0000000000,0.0000000000
18,225,0.0000000100,3,30,80,400,46.1880215352,140,93.8119784648,35.0000000000,23.4529946162,105.0000000000,70.3589838486,0.0000000000,0.0000000000,500.0000000000,586.0000000000,100,1.7990000000,40.0000000000,0.0000000000,0.0000000000
18,325,0.0000000100,3,30,80,400,46.1880215352,140,93.8119784648,35.0000000000,23.4529946162,105.0000000000,70.3589838486,0.0000000000,0.0000000000,500.0000000000,586.0000000000,100,2.5980000000,40.0000000000,0.0000000000,0.0000000000
12,175,0.0000000100,3,30,80,400,46.1880215352,140,93.8119784648,35.0000000000,23.4529946162,105.0000000000,70.3589838486,35.0000000000,23.4529946162,-1.0000000000,0.0000000000,-1,2.0080000000,40.0000000000,35.0000000000,23.4529946162
15,175,0.0000000100,3,30,80,400,46.1880215352,140,93.8119784648,35.0000000000,23.4529946162,105.0000000000,70.3589838486,35.0000000000,23.4529946162,-1.0000000000,0.0000000000,-1,1.5780000000,40.0000000000,35.0000000000,23.4529946162
18,175,0.0000000100,3,30,80,400,46.1880215352,140,93.8119784648,35.0000000000,23.4529946162,105.0000000000,70.3589838486,35.0000000000,23.4529946162,-1.0000000000,0.0000000000,-1,1.3000000000,40.0000000000,35.0000000000,23.4529946162
21,175,0.0000000100,3,30,80,400,46.1880215352,140,93.8119784648,35.0000000000,23.4529946162,105.0000000000,70.3589838486,35.0000000000,23.4529946162,-1.0000000000,0.0000000000,-1,1.1050000000,40.0000000000,35.0000000000,23.4529946162
24,175,0.0000000100,3,30,80,400,46.1880215352,140,93.8119784648,35.0000000000,23.4529946162,105.0000000000,70.3589838486,35.0000000000,23.4529946162,-1.0000000000,0.0000000000,-1,0.9610000000,40.0000000000,35.0000000000,23.4529946162
18,25,0.0000000100,3,30,80,400,46.1880215352,140,93.8119784648,35.0000000000,23.4529946162,105.0000000000,70.3589838486,35.0000000000,23.4529946162,-1.0000000000,0.0000000000,-1,0.1850000000,40.0000000000,35.0000000000,23.4529946162
18,125,0.0000000100,3,30,80,400,46.1880215352,140,93.8119784648,35.0000000000,23.4529946162,105.0000000000,70.3589838486,35.0000000000,23.4529946162,-1.0000000000,0.0000000000,-1,0.9280000000,40.0000000000,35.0000000000,23.4529946162
18,225,0.0000000100,3,30,80,400,46.1880215352,140,93.8119784648,35.0000000000,23.4529946162,105.0000000000,70.3589838486,35.0000000000,23.4529946162,-1.0000000000,0.0000000000,-1,1.6700000000,40.0000000000,35.0000000000,23.4529946162
18,275,0.0000000100,3,30,80,400,46.1880215352,140,93.8119784648,35.0000000000,23.4529946162,105.0000000000,70.3589838486,35.0000000000,23.4529946162,-1.0000000000,0.0000000000,-1,2.0420000000,40.0000000000,35.0000000000,23.4529946162
18,325,0.0000000100,3,30,80,400,46.1880215352,140,93.8119784648,35.0000000000,23.4529946162,105.0000000000,70.3589838486,35.0000000000,23.4529946162,-1.0000000000,0.0000000000,-1,2.4130000000,40.0000000000,35.0000000000,23.4529946162
12,175,0.0000000100,3,30,80,400,46.1880215352,140,93.8119784648,35.0000000000,23.4529946162,105.0000000000,70.3589838486,35.0000000000,23.4529946162,30.0000000000,315.9000000000,100,2.0040000000,40.0000000000,35.0000000000,23.4529946162
15,175,0.0000000100,3,30,80,400,46.1880215352,140,93.8119784648,35.0000000000,23.4529946162,105.0000000000,70.3589838486,35.0000000000,23.4529946162,30.0000000000,315.9000000000,100,1.5750000000,40.0000000000,35.0000000000,23.4529946162
18,175,0.0000000100,3,30,80,400,46.1880215352,140,93.8119784648,35.0000000000,23.4529946162,105.0000000000,70.3589838486,35.0000000000,23.4529946162,30.0000000000,315.9000000000,100,1.2980000000,40.0000000000,35.0000000000,23.4529946162
21,175,0.0000000100,3,30,80,400,46.1880215352,140,93.8119784648,35.0000000000,23.4529946162,105.0000000000,70.3589838486,35.0000000000,23.4529946162,30.0000000000,315.9000000000,100,1.1030000000,40.0000000000,35.0000000000,23.4529946162
24,175,0.0000000100,3,30,80,400,46.1880215352,140,93.8119784648,35.0000000000,23.4529946162,105.0000000000,70.3589838486,35.0000000000,23.4529946162,30.0000000000,315.9000000000,100,0.9600000000,40.0000000000,35.0000000000,23.4529946162
18,25,0.0000000100,3,30,80,400,46.1880215352,140,93.8119784648,35.0000000000,23.4529946162,105.0000000000,70.3589838486,35.0000000000,23.4529946162,30.0000000000,315.9000000000,100,0.1850000000,40.0000000000,35.0000000000,23.4529946162
18,125,0.0000000100,3,30,80,400,46.1880215352,140,93.8119784648,35.0000000000,23.4529946162,105.0000000000,70.3589838486,35.0000000000,23.4529946162,30.0000000000,315.9000000000,100,0.9270000000,40.0000000000,35.0000000000,23.4529946162
18,225,0.0000000100,3,30,80,400,46.1880215352,140,93.8119784648,35.0000000000,23.4529946162,105.0000000000,70.3589838486,35.0000000000,23.4529946162,30.0000000000,315.9000000000,100,1.6680000000,40.0000000000,35.0000000000,23.4529946162
18,275,0.0000000100,3,30,80,400,46.1880215352,140,93.8119784648,35.0000000000,23.4529946162,105.0000000000,70.3589838486,35.0000000000,23.4529946162,30.0000000000,315.9000000000,100,2.0390000000,40.0000000000,35.0000000000,23.4529946162
18,325,0.0000000100,3,30,80,400,46.1880215352,140,93.8119784648,35.0000000000,23.4529946162,105.0000000000,70.3589838486,35.0000000000,23.4529946162,30.0000000000,315.9000000000,100,2.4100000000,40.0000000000,35.0000000000,23.4529946162
12,175,0.0000000100,3,30,80,400,46.1880215352,140,93.8119784648,35.0000000000,23.4529946162,105.0000000000,70.3589838486,35.0000000000,23.4529946162,200.0000000000,480.5000000000,100,2.0040000000,40.0000000000,35.0000000000,23.4529946162
15,175,0.0000000100,3,30,80,400,46.1880215352,140,93.8119784648,35.0000000000,23.4529946162,105.0000000000,70.3589838486,35.0000000000,23.4529946162,200.0000000000,480.5000000000,100,1.5750000000,40.0000000000,35.0000000000,23.4529946162
18,175,0.0000000100,3,30,80,400,46.1880215352,140,93.8119784648,35.0000000000,23.4529946162,105.0000000000,70.3589838486,35.0000000000,23.4529946162,200.0000000000,480.5000000000,100,1.2980000000,40.0000000000,35.0000000000,23.4529946162
21,175,0.0000000100,3,30,80,400,46.1880215352,140,93.8119784648,35.0000000000,23.4529946162,105.0000000000,70.3589838486,35.0000000000,23.4529946162,200.0000000000,480.5000000000,100,1.1030000000,40.0000000000,35.0000000000,23.4529946162
24,175,0.0000000100,3,30,80,400,46.1880215352,140,93.8119784648,35.0000000000,23.4529946162,105.0000000000,70.3589838486,35.0000000000,23.4529946162,200.0000000000,480.5000000000,100,0.9600000000,40.0000000000,35.0000000000,23.4529946162
18,25,0.0000000100,3,30,80,400,46.1880215352,140,93.8119784648,35.0000000000,23.4529946162,105.0000000000,70.3589838486,35.0000000000,23.4529946162,200.0000000000,480.5000000000,100,0.1850000000,40.0000000000,35.0000000000,23.4529946162
18,125,0.0000000100,3,30,80,400,46.1880215352,140,93.8119784648,35.0000000000,23.4529946162,105.0000000000,70.3589838486,35.0000000000,23.4529946162,200.0000000000,480.5000000000,100,0.9270000000,40.0000000000,35.0000000000,23.4529946162
18,225,0.0000000100,3,30,80,400,46.1880215352,140,93.8119784648,35.0000000000,23.4529946162,105.0000000000,70.3589838486,35.0000000000,23.4529946162,200.0000000000,480.5000000000,100,1.6680000000,40.0000000000,35.0000000000,23.4529946162
18,275,0.0000000100,3,30,80,400,46.1880215352,140,93.8119784648,35.0000000000,23.4529946162,105.0000000000,70.3589838486,35.0000000000,23.4529946162,200.0000000000,480.5000000000,100,2.0390000000,40.0000000000,35.0000000000,23.4529946162
18,325,0.0000000100,3,30,80,400,46.1880215352,140,93.8119784648,35.0000000000,23.4529946162,105.0000000000,70.3589838486,35.0000000000,23.4529946162,200.0000000000,480.5000000000,100,2.4100000000,40.0000000000,35.0000000000,23.4529946162
12,175,0.0000000100,3,30,80,400,46.1880215352,140,93.8119784648,35.0000000000,23.4529946162,105.0000000000,70.3589838486,35.0000000000,23.4529946162,500.0000000000,586.0000000000,100,2.0040000000,40.0000000000,35.0000000000,23.4529946162
15,175,0.0000000100,3,30,80,400,46.1880215352,140,93.8119784648,35.0000000000,23.4529946162,105.0000000000,70.3589838486,35.0000000000,23.4529946162,500.0000000000,586.0000000000,100,1.5750000000,40.0000000000,35.0000000000,23.4529946162
18,175,0.0000000100,3,30,80,400,46.1880215352,140,93.8119784648,35.0000000000,23.4529946162,105.0000000000,70.3589838486,35.0000000000,23.4529946162,500.0000000000,586.0000000000,100,1.2980000000,40.0000000000,35.0000000000,23.4529946162
21,175,0.0000000100,3,30,80,400,46.1880215352,140,93.8119784648,35.0000000000,23.4529946162,105.0000000000,70.3589838486,35.0000000000,23.4529946162,500.0000000000,586.0000000000,100,1.1030000000,40.0000000000,35.0000000000,23.4529946162
24,175,0.0000000100,3,30,80,400,46.1880215352,140,93.8119784648,35.0000000000,23.4529946162,105.0000000000,70.3589838486,35.0000000000,23.4529946162,500.0000000000,586.0000000000,100,0.9600000000,40.0000000000,35.0000000000,23.4529946162
18,25,0.0000000100,3,30,80,400,46.1880215352,140,93.8119784648,35.0000000000,23.4529946162,105.0000000000,70.3589838486,35.0000000000,23.4529946162,500.0000000000,586.0000000000,100,0.1850000000,40.0000000000,35.0000000000,23.4529946162
18,125,0.0000000100,3,30,80,400,46.1880215352,140,93.8119784648,35.0000000000,23.4529946162,105.0000000000,70.3589838486,35.0000000000,23.4529946162,500.0000000000,586.0000000000,100,0.9270000000,40.0000000000,35.0000000000,23.4529946162
18,225,0.0000000100,3,30,80,400,46.1880215352,140,93.8119784648,35.0000000000,23.4529946162,105.0000000000,70.3589838486,35.0000000000,23.4529946162,500.0000000000,586.0000000000,100,1.6680000000,40.0000000000,35.0000000000,23.4529946162
18,275,0.0000000100,3,30,80,400,46.1880215352,140,93.8119784648,35.0000000000,23.4529946162,105.0000000000,70.3589838486,35.0000000000,23.4529946162,500.0000000000,586.0000000000,100,2.0390000000,40.0000000000,35.0000000000,23.4529946162
18,325,0.0000000100,3,30,80,400,46.1880215352,140,93.8119784648,35.0000000000,23.4529946162,105.0000000000,70.3589838486,35.0000000000,23.4529946162,500.0000000000,586.0000000000,100,2.4100000000,40.0000000000,35.0000000000,23.4529946162
15,175,0.0000000100,3,30,80,400,46.1880215352,140,93.8119784648,35.0000000000,23.4529946162,105.0000000000,70.3589838486,30.7850000000,0.0000000000,-1.0000000000,0.0000000000,-1,1.7660000000,40.0000000000,30.7850000000,0.0000000000
21,175,0.0000000100,3,30,80,400,46.1880215352,140,93.8119784648,35.0000000000,23.4529946162,105.0000000000,70.3589838486,30.7850000000,0.0000000000,-1.0000000000,0.0000000000,-1,1.2430000000,40.0000000000,30.7850000000,0.0000000000
24,175,0.0000000100,3,30,80,400,46.1880215352,140,93.8119784648,35.0000000000,23.4529946162,105.0000000000,70.3589838486,30.7850000000,0.0000000000,-1.0000000000,0.0000000000,-1,1.0830000000,40.0000000000,30.7850000000,0.0000000000
18,25,0.0000000100,3,30,80,400,46.1880215352,140,93.8119784648,35.0000000000,23.4529946162,105.0000000000,70.3589838486,30.7850000000,0.0000000000,-1.0000000000,0.0000000000,-1,0.2090000000,40.0000000000,30.7850000000,0.0000000000
18,75,0.0000000100,3,30,80,400,46.1880215352,140,93.8119784648,35.0000000000,23.4529946162,105.0000000000,70.3589838486,30.7850000000,0.0000000000,-1.0000000000,0.0000000000,-1,0.6250000000,40.0000000000,30.7850000000,0.0000000000
18,225,0.0000000100,3,30,80,400,46.1880215352,140,93.8119784648,35.0000000000,23.4529946162,105.0000000000,70.3589838486,30.7850000000,0.0000000000,-1.0000000000,0.0000000000,-1,1.8760000000,40.0000000000,30.7850000000,0.0000000000
18,275,0.0000000100,3,30,80,400,46.1880215352,140,93.8119784648,35.0000000000,23.4529946162,105.0000000000,70.3589838486,30.7850000000,0.0000000000,-1.0000000000,0.0000000000,-1,2.2940000000,40.0000000000,30.7850000000,0.0000000000
18,325,0.0000000100,3,30,80,400,46.1880215352,140,93.8119784648,35.0000000000,23.4529946162,105.0000000000,70.3589838486,30.7850000000,0.0000000000,-1.0000000000,0.0000000000,-1,2.7100000000,40.0000000000,30.7850000000,0.0000000000
15,175,0.0000000100,3,30,80,400,46.1880215352,140,93.8119784648,35.0000000000,23.4529946162,105.0000000000,70.3589838486,30.7850000000,0.0000000000,30.0000000000,315.9000000000,100,1.7570000000,40.0000000000,30.7850000000,0.0000000000
21,175,0.0000000100,3,30,80,400,46.1880215352,140,93.8119784648,35.0000000000,23.4529946162,105.0000000000,70.3589838486,30.7850000000,0.0000000000,30.0000000000,315.9000000000,100,1.2390000000,40.0000000000,30.7850000000,0.0000000000
24,175,0.0000000100,3,30,80,400,46.1880215352,140,93.8119784648,35.0000000000,23.4529946162,105.0000000000,70.3589838486,30.7850000000,0.0000000000,30.0000000000,315.9000000000,100,1.0800000000,40.0000000000,30.7850000000,0.0000000000
18,25,0.0000000100,3,30,80,400,46.1880215352,140,93.8119784648,35.0000000000,23.4529946162,105.0000000000,70.3589838486,30.7850000000,0.0000000000,30.0000000000,315.9000000000,100,0.2080000000,40.0000000000,30.7850000000,0.0000000000
18,75,0.0000000100,3,30,80,400,46.1880215352,140,93.8119784648,35.0000000000,23.4529946162,105.0000000000,70.3589838486,30.7850000000,0.0000000000,30.0000000000,315.9000000000,100,0.6220000000,40.0000000000,30.7850000000,0.0000000000
18,225,0.0000000100,3,30,80,400,46.1880215352,140,93.8119784648,35.0000000000,23.4529946162,105.0000000000,70.3589838486,30.7850000000,0.0000000000,30.0000000000,315.9000000000,100,1.8680000000,40.0000000000,30.7850000000,0.0000000000
18,275,0.0000000100,3,30,80,400,46.1880215352,140,93.8119784648,35.0000000000,23.4529946162,105.0000000000,70.3589838486,30.7850000000,0.0000000000,30.0000000000,315.9000000000,100,2.2830000000,40.0000000000,30.7850000000,0.0000000000
18,325,0.0000000100,3,30,80,400,46.1880215352,140,93.8119784648,35.0000000000,23.4529946162,105.0000000000,70.3589838486,30.7850000000,0.0000000000,30.0000000000,315.9000000000,100,2.6980000000,40.0000000000,30.7850000000,0.0000000000
15,175,0.0000000100,3,30,80,400,46.1880215352,140,93.8119784648,35.0000000000,23.4529946162,105.0000000000,70.3589838486,30.7850000000,0.0000000000,200.0000000000,480.5000000000,100,1.7570000000,40.0000000000,30.7850000000,0.0000000000
21,175,0.0000000100,3,30,80,400,46.1880215352,140,93.8119784648,35.0000000000,23.4529946162,105.0000000000,70.3589838486,30.7850000000,0.0000000000,200.0000000000,480.5000000000,100,1.2390000000,40.0000000000,30.7850000000,0.0000000000
24,175,0.0000000100,3,30,80,400,46.1880215352,140,93.8119784648,35.0000000000,23.4529946162,105.0000000000,70.3589838486,30.7850000000,0.0000000000,200.0000000000,480.5000000000,100,1.0800000000,40.0000000000,30.7850000000,0.0000000000
18,25,0.0000000100,3,30,80,400,46.1880215352,140,93.8119784648,35.0000000000,23.4529946162,105.0000000000,70.3589838486,30.7850000000,0.0000000000,200.0000000000,480.5000000000,100,0.2080000000,40.0000000000,30.7850000000,0.0000000000
18,75,0.0000000100,3,30,80,400,46.1880215352,140,93.8119784648,35.0000000000,23.4529946162,105.0000000000,70.3589838486,30.7850000000,0.0000000000,200.0000000000,480.5000000000,100,0.6220000000,40.0000000000,30.7850000000,0.0000000000
18,225,0.0000000100,3,30,80,400,46.1880215352,140,93.8119784648,35.0000000000,23.4529946162,105.0000000000,70.3589838486,30.7850000000,0.0000000000,200.0000000000,480.5000000000,100,1.8680000000,40.0000000000,30.7850000000,0.0000000000
18,275,0.0000000100,3,30,80,400,46.1880215352,140,93.8119784648,35.0000000000,23.4529946162,105.0000000000,70.3589838486,30.7850000000,0.0000000000,200.0000000000,480.5000000000,100,2.2830000000,40.0000000000,30.7850000000,0.0000000000
18,325,0.0000000100,3,30,80,400,46.1880215352,140,93.8119784648,35.0000000000,23.4529946162,105.0000000000,70.3589838486,30.7850000000,0.0000000000,200.0000000000,480.5000000000,100,2.6980000000,40.0000000000,30.7850000000,0.0000000000
15,175,0.0000000100,3,30,80,400,46.1880215352,140,93.8119784648,35.0000000000,23.4529946162,105.0000000000,70.3589838486,30.7850000000,0.0000000000,500.0000000000,586.0000000000,100,1.7570000000,40.0000000000,30.7850000000,0.0000000000
21,175,0.0000000100,3,30,80,400,46.1880215352,140,93.8119784648,35.0000000000,23.4529946162,105.0000000000,70.3589838486,30.7850000000,0.0000000000,500.0000000000,586.0000000000,100,1.2390000000,40.0000000000,30.7850000000,0.0000000000
24,175,0.0000000100,3,30,80,400,46.1880215352,140,93.8119784648,35.0000000000,23.4529946162,105.0000000000,70.3589838486,30.7850000000,0.0000000000,500.0000000000,586.0000000000,100,1.0800000000,40.0000000000,30.7850000000,0.0000000000
18,25,0.0000000100,3,30,80,400,46.1880215352,140,93.8119784648,35.0000000000,23.4529946162,105.0000000000,70.3589838486,30.7850000000,0.0000000000,500.0000000000,586.0000000000,100,0.2080000000,40.0000000000,30.7850000000,0.0000000000
18,75,0.0000000100,3,30,80,400,46.1880215352,140,93.8119784648,35.0000000000,23.4529946162,105.0000000000,70.3589838486,30.7850000000,0.0000000000,500.0000000000,586.0000000000,100,0.6220000000,40.0000000000,30.7850000000,0.0000000000
18,225,0.0000000100,3,30,80,400,46.1880215352,140,93.8119784648,35.0000000000,23.4529946162,105.0000000000,70.3589838486,30.7850000000,0.0000000000,500.0000000000,586.0000000000,100,1.8680000000,40.0000000000,30.7850000000,0.0000000000
18,275,0.0000000100,3,30,80,400,46.1880215352,140,93.8119784648,35.0000000000,23.4529946162,105.0000000000,70.3589838486,30.7850000000,0.0000000000,500.0000000000,586.0000000000,100,2.2830000000,40.0000000000,30.7850000000,0.0000000000
18,325,0.0000000100,3,30,80,400,46.1880215352,140,93.8119784648,35.0000000000,23.4529946162,105.0000000000,70.3589838486,30.7850000000,0.0000000000,500.0000000000,586.0000000000,100,2.6980000000,40.0000000000,30.7850000000,0.0000000000
12,175,0.0000000100,3,30,80,400,46.1880215352,140,93.8119784648,46.1880215352,0.0000000000,93.8119784648,93.8119784648,7.6712000000,0.0000000000,-1.0000000000,0.0000000000,-1,2.3990000000,38.0000000000,0.0000000000,0.0000000000
15,175,0.0000000100,3,30,80,400,46.1880215352,140,93.8119784648,46.1880215352,0.0000000000,93.8119784648,93.8119784648,7.6712000000,0.0000000000,-1.0000000000,0.0000000000,-1,1.9190000000,38.0000000000,0.0000000000,0.0000000000
24,175,0.0000000100,3,30,80,400,46.1880215352,140,93.8119784648,46.1880215352,0.0000000000,93.8119784648,93.8119784648,7.6712000000,0.0000000000,-1.0000000000,0.0000000000,-1,1.2000000000,38.0000000000,0.0000000000,0.0000000000
18,75,0.0000000100,3,30,80,400,46.1880215352,140,93.8119784648,46.1880215352,0.0000000000,93.8119784648,93.8119784648,7.6712000000,0.0000000000,-1.0000000000,0.0000000000,-1,0.6850000000,38.0000000000,0.0000000000,0.0000000000
18,225,0.0000000100,3,30,80,400,46.1880215352,140,93.8119784648,46.1880215352,0.0000000000,93.8119784648,93.8119784648,7.6712000000,0.0000000000,-1.0000000000,0.0000000000,-1,2.0560000000,38.0000000000,0.0000000000,0.0000000000
18,325,0.0000000100,3,30,80,400,46.1880215352,140,93.8119784648,46.1880215352,0.0000000000,93.8119784648,93.8119784648,7.6712000000,0.0000000000,-1.0000000000,0.0000000000,-1,2.9700000000,38.0000000000,0.0000000000,0.0000000000
15,175,0.0000000100,3,30,80,400,46.1880215352,140,93.8119784648,46.1880215352,0.0000000000,93.8119784648,93.8119784648,0.0000000000,0.0000000000,30.0000000000,315.9000000000,100,1.9190000000,38.0000000000,0.0000000000,0.0000000000
18,175,0.0000000100,3,30,80,400,46.1880215352,140,93.8119784648,46.1880215352,0.0000000000,93.8119784648,93.8119784648,0.0000000000,0.0000000000,30.0000000000,315.9000000000,100,1.5990000000,38.0000000000,0.0000000000,0.0000000000
21,175,0.0000000100,3,30,80,400,46.1880215352,140,93.8119784648,46.1880215352,0.0000000000,93.8119784648,93.8119784648,0.0000000000,0.0000000000,30.0000000000,315.9000000000,100,1.3710000000,38.0000000000,0.0000000000,0.0000000000
24,175,0.0000000100,3,30,80,400,46.1880215352,140,93.8119784648,46.1880215352,0.0000000000,93.8119784648,93.8119784648,0.0000000000,0.0000000000,30.0000000000,315.9000000000,100,1.2000000000,38.0000000000,0.0000000000,0.0000000000
18,25,0.0000000100,3,30,80,400,46.1880215352,140,93.8119784648,46.1880215352,0.0000000000,93.8119784648,93.8119784648,0.0000000000,0.0000000000,30.0000000000,315.9000000000,100,0.2290000000,38.0000000000,0.0000000000,0.0000000000
18,75,0.0000000100,3,30,80,400,46.1880215352,140,93.8119784648,46.1880215352,0.0000000000,93.8119784648,93.8119784648,0.0000000000,0.0000000000,30.0000000000,315.9000000000,100,0.6850000000,38.0000000000,0.0000000000,0.0000000000
18,125,0.0000000100,3,30,80,400,46.1880215352,140,93.8119784648,46.1880215352,0.0000000000,93.8119784648,93.8119784648,0.0000000000,0.0000000000,30.0000000000,315.9000000000,100,1.1430000000,38.0000000000,0.0000000000,0.0000000000
18,225,0.0000000100,3,30,80,400,46.1880215352,140,93.8119784648,46.1880215352,0.0000000000,93.8119784648,93.8119784648,0.0000000000,0.0000000000,30.0000000000,315.9000000000,100,2.0560000000,38.0000000000,0.0000000000,0.0000000000
18,275,0.0000000100,3,30,80,400,46.1880215352,140,93.8119784648,46.1880215352,0.0000000000,93.8119784648,93.8119784648,0.0000000000,0.0000000000,30.0000000000,315.9000000000,100,2.5130000000,38.0000000000,0.0000000000,0.0000000000
18,325,0.0000000100,3,30,80,400,46.1880215352,140,93.8119784648,46.1880215352,0.0000000000,93.8119784648,93.8119784648,0.0000000000,0.0000000000,30.0000000000,315.9000000000,100,2.9700000000,38.0000000000,0.0000000000,0.0000000000
15,175,0.0000000100,3,30,80,400,46.1880215352,140,93.8119784648,46.1880215352,0.0000000000,93.8119784648,93.8119784648,0.0000000000,0.0000000000,200.0000000000,480.5000000000,100,1.9190000000,38.0000000000,0.0000000000,0.0000000000
18,175,0.0000000100,3,30,80,400,46.1880215352,140,93.8119784648,46.1880215352,0.0000000000,93.8119784648,93.8119784648,0.0000000000,0.0000000000,200.0000000000,480.5000000000,100,1.5990000000,38.0000000000,0.0000000000,0.0000000000
21,175,0.0000000100,3,30,80,400,46.1880215352,140,93.8119784648,46.1880215352,0.0000000000,93.8119784648,93.8119784648,0.0000000000,0.0000000000,200.0000000000,480.5000000000,100,1.3710000000,38.0000000000,0.0000000000,0.0000000000
24,175,0.0000000100,3,30,80,400,46.1880215352,140,93.8119784648,46.1880215352,0.0000000000,93.8119784648,93.8119784648,0.0000000000,0.0000000000,200.0000000000,480.5000000000,100,1.2000000000,38.0000000000,0.0000000000,0.0000000000
18,25,0.0000000100,3,30,80,400,46.1880215352,140,93.8119784648,46.1880215352,0.0000000000,93.8119784648,93.8119784648,0.0000000000,0.0000000000,200.0000000000,480.5000000000,100,0.2290000000,38.0000000000,0.0000000000,0.0000000000
18,75,0.0000000100,3,30,80,400,46.1880215352,140,93.8119784648,46.1880215352,0.0000000000,93.8119784648,93.8119784648,0.0000000000,0.0000000000,200.0000000000,480.5000000000,100,0.6850000000,38.0000000000,0.0000000000,0.0000000000
18,125,0.0000000100,3,30,80,400,46.1880215352,140,93.8119784648,46.1880215352,0.0000000000,93.8119784648,93.8119784648,0.0000000000,0.0000000000,200.0000000000,480.5000000000,100,1.1430000000,38.0000000000,0.0000000000,0.0000000000
18,225,0.0000000100,3,30,80,400,46.1880215352,140,93.8119784648,46.1880215352,0.0000000000,93.8119784648,93.8119784648,0.0000000000,0.0000000000,200.0000000000,480.5000000000,100,2.0560000000,38.0000000000,0.0000000000,0.0000000000
18,275,0.0000000100,3,30,80,400,46.1880215352,140,93.8119784648,46.1880215352,0.0000000000,93.8119784648,93.8119784648,0.0000000000,0.0000000000,200.0000000000,480.5000000000,100,2.5130000000,38.0000000000,0.0000000000,0.0000000000
18,325,0.0000000100,3,30,80,400,46.1880215352,140,93.8119784648,46.1880215352,0.0000000000,93.8119784648,93.8119784648,0.0000000000,0.0000000000,200.0000000000,480.5000000000,100,2.9700000000,38.0000000000,0.0000000000,0.0000000000
15,175,0.0000000100,3,30,80,400,46.1880215352,140,93.8119784648,46.1880215352,0.0000000000,93.8119784648,93.8119784648,0.0000000000,0.0000000000,500.0000000000,586.0000000000,100,1.9190000000,38.0000000000,0.0000000000,0.0000000000
18,175,0.0000000100,3,30,80,400,46.1880215352,140,93.8119784648,46.1880215352,0.0000000000,93.8119784648,93.8119784648,0.0000000000,0.0000000000,500.0000000000,586.0000000000,100,1.5990000000,38.0000000000,0.0000000000,0.0000000000
21,175,0.0000000100,3,30,80,400,46.1880215352,140,93.8119784648,46.1880215352,0.0000000000,93.8119784648,93.8119784648,0.0000000000,0.0000000000,500.0000000000,586.0000000000,100,1.3710000000,38.0000000000,0.0000000000,0.0000000000
24,175,0.0000000100,3,30,80,400,46.1880215352,140,93.8119784648,46.1880215352,0.0000000000,93.8119784648,93.8119784648,0.0000000000,0.0000000000,500.0000000000,586.0000000000,100,1.2000000000,38.0000000000,0.0000000000,0.0000000000
18,25,0.0000000100,3,30,80,400,46.1880215352,140,93.8119784648,46.1880215352,0.0000000000,93.8119784648,93.8119784648,0.0000000000,0.0000000000,500.0000000000,586.0000000000,100,0.2290000000,38.0000000000,0.0000000000,0.0000000000
18,75,0.0000000100,3,30,80,400,46.1880215352,140,93.8119784648,46.1880215352,0.0000000000,93.8119784648,93.8119784648,0.0000000000,0.0000000000,500.0000000000,586.0000000000,100,0.6850000000,38.0000000000,0.0000000000,0.0000000000
18,125,0.0000000100,3,30,80,400,46.1880215352,140,93.8119784648,46.1880215352,0.0000000000,93.8119784648,93.8119784648,0.0000000000,0.0000000000,500.0000000000,586.0000000000,100,1.1430000000,38.0000000000,0.0000000000,0.0000000000
18,225,0.0000000100,3,30,80,400,46.1880215352,140,93.8119784648,46.1880215352,0.0000000000,93.8119784648,93.8119784648,0.0000000000,0.0000000000,500.0000000000,586.0000000000,100,2.0560000000,38.0000000000,0.0000000000,0.0000000000
18,275,0.0000000100,3,30,80,400,46.1880215352,140,93.8119784648,46.1880215352,0.0000000000,93.8119784648,93.8119784648,0.0000000000,0.0000000000,500.0000000000,586.0000000000,100,2.5130000000,38.0000000000,0.0000000000,0.0000000000
18,325,0.0000000100,3,30,80,400,46.1880215352,140,93.8119784648,46.1880215352,0.0000000000,93.8119784648,93.8119784648,0.0000000000,0.0000000000,500.0000000000,586.0000000000,100,2.9700000000,38.0000000000,0.0000000000,0.0000000000
12,175,0.0000000100,3,30,80,400,46.1880215352,140,93.8119784648,46.1880215352,0.0000000000,93.8119784648,93.8119784648,46.1880215352,0.0000000000,-1.0000000000,0.0000000000,-1,2.6140000000,38.0000000000,46.1880215352,0.0000000000
18,175,0.0000000100,3,30,80,400,46.1880215352,140,93.8119784648,46.1880215352,0.0000000000,93.8119784648,93.8119784648,46.1880215352,0.0000000000,-1.0000000000,0.0000000000,-1,1.6920000000,38.0000000000,46.1880215352,0.0000000000
21,175,0.0000000100,3,30,80,400,46.1880215352,140,93.8119784648,46.1880215352,0.0000000000,93.8119784648,93.8119784648,46.1880215352,0.0000000000,-1.0000000000,0.0000000000,-1,1.4380000000,38.0000000000,46.1880215352,0.0000000000
24,175,0.0000000100,3,30,80,400,46.1880215352,140,93.8119784648,46.1880215352,0.0000000000,93.8119784648,93.8119784648,46.1880215352,0.0000000000,-1.0000000000,0.0000000000,-1,1.2510000000,38.0000000000,46.1880215352,0.0000000000
18,25,0.0000000100,3,30,80,400,46.1880215352,140,93.8119784648,46.1880215352,0.0000000000,93.8119784648,93.8119784648,46.1880215352,0.0000000000,-1.0000000000,0.0000000000,-1,0.2420000000,38.0000000000,46.1880215352,0.0000000000
18,125,0.0000000100,3,30,80,400,46.1880215352,140,93.8119784648,46.1880215352,0.0000000000,93.8119784648,93.8119784648,46.1880215352,0.0000000000,-1.0000000000,0.0000000000,-1,1.2090000000,38.0000000000,46.1880215352,0.0000000000
18,225,0.0000000100,3,30,80,400,46.1880215352,140,93.8119784648,46.1880215352,0.0000000000,93.8119784648,93.8119784648,46.1880215352,0.0000000000,-1.0000000000,0.0000000000,-1,2.1750000000,38.0000000000,46.1880215352,0.0000000000
18,275,0.0000000100,3,30,80,400,46.1880215352,140,93.8119784648,46.1880215352,0.0000000000,93.8119784648,93.8119784648,46.1880215352,0.0000000000,-1.0000000000,0.0000000000,-1,2.6590000000,38.0000000000,46.1880215352,0.0000000000
18,325,0.0000000100,3,30,80,400,46.1880215352,140,93.8119784648,46.1880215352,0.0000000000,93.8119784648,93.8119784648,46.1880215352,0.0000000000,-1.0000000000,0.0000000000,-1,3.1420000000,38.0000000000,46.1880215352,0.0000000000
12,175,0.0000000100,3,30,80,400,46.1880215352,140,93.8119784648,46.1880215352,0.0000000000,93.8119784648,93.8119784648,46.1880215352,0.0000000000,30.0000000000,315.9000000000,100,2.5920000000,38.0000000000,46.1880215352,0.0000000000
18,175,0.0000000100,3,30,80,400,46.1880215352,140,93.8119784648,46.1880215352,0.0000000000,93.8119784648,93.8119784648,46.1880215352,0.0000000000,30.0000000000,315.9000000000,100,1.6830000000,38.0000000000,46.1880215352,0.0000000000
21,175,0.0000000100,3,30,80,400,46.1880215352,140,93.8119784648,46.1880215352,0.0000000000,93.8119784648,93.8119784648,46.1880215352,0.0000000000,30.0000000000,315.9000000000,100,1.4320000000,38.0000000000,46.1880215352,0.0000000000
24,175,0.0000000100,3,30,80,400,46.1880215352,140,93.8119784648,46.1880215352,0.0000000000,93.8119784648,93.8119784648,46.1880215352,0.0000000000,30.0000000000,315.9000000000,100,1.2460000000,38.0000000000,46.1880215352,0.0000000000
18,25,0.0000000100,3,30,80,400,46.1880215352,140,93.8119784648,46.1880215352,0.0000000000,93.8119784648,93.8119784648,46.1880215352,0.0000000000,30.0000000000,315.9000000000,100,0.2400000000,38.0000000000,46.1880215352,0.0000000000
18,125,0.0000000100,3,30,80,400,46.1880215352,140,93.8119784648,46.1880215352,0.0000000000,93.8119784648,93.8119784648,46.1880215352,0.0000000000,30.0000000000,315.9000000000,100,1.2030000000,38.0000000000,46.1880215352,0.0000000000
18,225,0.0000000100,3,30,80,400,46.1880215352,140,93.8119784648,46.1880215352,0.0000000000,93.8119784648,93.8119784648,46.1880215352,0.0000000000,30.0000000000,315.9000000000,100,2.1640000000,38.0000000000,46.1880215352,0.0000000000
18,275,0.0000000100,3,30,80,400,46.1880215352,140,93.8119784648,46.1880215352,0.0000000000,93.8119784648,93.8119784648,46.1880215352,0.0000000000,30.0000000000,315.9000000000,100,2.6450000000,38.0000000000,46.1880215352,0.0000000000
18,325,0.0000000100,3,30,80,400,46.1880215352,140,93.8119784648,46.1880215352,0.0000000000,93.8119784648,93.8119784648,46.1880215352,0.0000000000,30.0000000000,315.9000000000,100,3.1250000000,38.0000000000,46.1880215352,0.0000000000
12,175,0.0000000100,3,30,80,400,46.1880215352,140,93.8119784648,46.1880215352,0.0000000000,93.8119784648,93.8119784648,46.1880215352,0.0000000000,200.0000000000,480.5000000000,100,2.5920000000,38.0000000000,46.1880215352,0.0000000000
18,175,0.0000000100,3,30,80,400,46.1880215352,140,93.8119784648,46.1880215352,0.0000000000,93.8119784648,93.8119784648,46.1880215352,0.0000000000,200.0000000000,480.5000000000,100,1.6830000000,38.0000000000,46.1880215352,0.0000000000
21,175,0.0000000100,3,30,80,400,46.1880215352,140,93.8119784648,46.1880215352,0.0000000000,93.8119784648,93.8119784648,46.1880215352,0.0000000000,200.0000000000,480.5000000000,100,1.4320000000,38.0000000000,46.1880215352,0.0000000000
24,175,0.0000000100,3,30,80,400,46.1880215352,140,93.8119784648,46.1880215352,0.0000000000,93.8119784648,93.8119784648,46.1880215352,0.0000000000,200.0000000000,480.5000000000,100,1.2460000000,38.0000000000,46.1880215352,0.0000000000
18,25,0.0000000100,3,30,80,400,46.1880215352,140,93.8119784648,46.1880215352,0.0000000000,93.8119784648,93.8119784648,46.1880215352,0.0000000000,200.0000000000,480.5000000000,100,0.2400000000,38.0000000000,46.1880215352,0.0000000000
18,125,0.0000000100,3,30,80,400,46.1880215352,140,93.8119784648,46.1880215352,0.0000000000,93.8119784648,93.8119784648,46.1880215352,0.0000000000,200.0000000000,480.5000000000,100,1.2030000000,38.0000000000,46.1880215352,0.0000000000
18,225,0.0000000100,3,30,80,400,46.1880215352,140,93.8119784648,46.1880215352,0.0000000000,93.8119784648,93.8119784648,46.1880215352,0.0000000000,200.0000000000,480.5000000000,100,2.1640000000,38.0000000000,46.1880215352,0.0000000000
18,275,0.0000000100,3,30,80,400,46.1880215352,140,93.8119784648,46.1880215352,0.0000000000,93.8119784648,93.8119784648,46.1880215352,0.0000000000,200.0000000000,480.5000000000,100,2.6450000000,38.0000000000,46.1880215352,0.0000000000
18,325,0.0000000100,3,30,80,400,46.1880215352,140,93.8119784648,46.1880215352,0.0000000000,93.8119784648,93.8119784648,46.1880215352,0.0000000000,200.0000000000,480.5000000000,100,3.1250000000,38.0000000000,46.1880215352,0.0000000000
12,175,0.0000000100,3,30,80,400,46.1880215352,140,93.8119784648,46.1880215352,0.0000000000,93.8119784648,93.8119784648,46.1880215352,0.0000000000,500.0000000000,586.0000000000,100,2.5920000000,38.0000000000,46.1880215352,0.0000000000
18,175,0.0000000100,3,30,80,400,46.1880215352,140,93.8119784648,46.1880215352,0.0000000000,93.8119784648,93.8119784648,46.1880215352,0.0000000000,500.0000000000,586.0000000000,100,1.6830000000,38.0000000000,46.1880215352,0.0000000000
21,175,0.0000000100,3,30,80,400,46.1880215352,140,93.8119784648,46.1880215352,0.0000000000,93.8119784648,93.8119784648,46.1880215352,0.0000000000,500.0000000000,586.0000000000,100,1.4320000000,38.0000000000,46.1880215352,0.0000000000
24,175,0.0000000100,3,30,80,400,46.1880215352,140,93.8119784648,46.1880215352,0.0000000000,93.8119784648,93.8119784648,46.1880215352,0.0000000000,500.0000000000,586.0000000000,100,1.2460000000,38.0000000000,46.1880215352,0.0000000000
18,25,0.0000000100,3,30,80,400,46.1880215352,140,93.8119784648,46.1880215352,0.0000000000,93.8119784648,93.8119784648,46.1880215352,0.0000000000,500.0000000000,586.0000000000,100,0.2400000000,38.0000000000,46.1880215352,0.0000000000
18,125,0.0000000100,3,30,80,400,46.1880215352,140,93.8119784648,46.1880215352,0.0000000000,93.8119784648,93.8119784648,46.1880215352,0.0000000000,500.0000000000,586.0000000000,100,1.2030000000,38.0000000000,46.1880215352,0.0000000000
18,225,0.0000000100,3,30,80,400,46.1880215352,140,93.8119784648,46.1880215352,0.0000000000,93.8119784648,93.8119784648,46.1880215352,0.0000000000,500.0000000000,586.0000000000,100,2.1640000000,38.0000000000,46.1880215352,0.0000000000
18,275,0.0000000100,3,30,80,400,46.1880215352,140,93.8119784648,46.1880215352,0.0000000000,93.8119784648,93.8119784648,46.1880215352,0.0000000000,500.0000000000,586.0000000000,100,2.6450000000,38.0000000000,46.1880215352,0.0000000000
18,325,0.0000000100,3,30,80,400,46.1880215352,140,93.8119784648,46.1880215352,0.0000000000,93.8119784648,93.8119784648,46.1880215352,0.0000000000,500.0000000000,586.0000000000,100,3.1250000000,38.0000000000,46.1880215352,0.0000000000
15,175,0.0000000100,3,30,80,400,46.1880215352,140,93.8119784648,46.1880215352,0.0000000000,93.8119784648,93.8119784648,30.7850000000,0.0000000000,-1.0000000000,0.0000000000,-1,2.0270000000,38.0000000000,30.7850000000,0.0000000000
18,175,0.0000000100,3,30,80,400,46.1880215352,140,93.8119784648,46.1880215352,0.0000000000,93.8119784648,93.8119784648,30.7850000000,0.0000000000,-1.0000000000,0.0000000000,-1,1.6730000000,38.0000000000,30.7850000000,0.0000000000
21,175,0.0000000100,3,30,80,400,46.1880215352,140,93.8119784648,46.1880215352,0.0000000000,93.8119784648,93.8119784648,30.7850000000,0.0000000000,-1.0000000000,0.0000000000,-1,1.4250000000,38.0000000000,30.7850000000,0.0000000000
24,175,0.0000000100,3,30,80,400,46.1880215352,140,93.8119784648,46.1880215352,0.0000000000,93.8119784648,93.8119784648,30.7850000000,0.0000000000,-1.0000000000,0.0000000000,-1,1.2410000000,38.0000000000,30.7850000000,0.0000000000
18,25,0.0000000100,3,30,80,400,46.1880215352,140,93.8119784648,46.1880215352,0.0000000000,93.8119784648,93.8119784648,30.7850000000,0.0000000000,-1.0000000000,0.0000000000,-1,0.2390000000,38.0000000000,30.7850000000,0.0000000000
18,125,0.0000000100,3,30,80,400,46.1880215352,140,93.8119784648,46.1880215352,0.0000000000,93.8119784648,93.8119784648,30.7850000000,0.0000000000,-1.0000000000,0.0000000000,-1,1.1960000000,38.0000000000,30.7850000000,0.0000000000
18,225,0.0000000100,3,30,80,400,46.1880215352,140,93.8119784648,46.1880215352,0.0000000000,93.8119784648,93.8119784648,30.7850000000,0.0000000000,-1.0000000000,0.0000000000,-1,2.1510000000,38.0000000000,30.7850000000,0.0000000000
18,275,0.0000000100,3,30,80,400,46.1880215352,140,93.8119784648,46.1880215352,0.0000000000,93.8119784648,93.8119784648,30.7850000000,0.0000000000,-1.0000000000,0.0000000000,-1,2.6290000000,38.0000000000,30.7850000000,0.0000000000
18,325,0.0000000100,3,30,80,400,46.1880215352,140,93.8119784648,46.1880215352,0.0000000000,93.8119784648,93.8119784648,30.7850000000,0.0000000000,-1.0000000000,0.0000000000,-1,3.1070000000,38.0000000000,30.7850000000,0.0000000000
15,175,0.0000000100,3,30,80,400,46.1880215352,140,93.8119784648,46.1880215352,0.0000000000,93.8119784648,93.8119784648,30.7850000000,0.0000000000,30.0000000000,315.9000000000,100,2.0140000000,38.0000000000,30.7850000000,0.0000000000
18,175,0.0000000100,3,30,80,400,46.1880215352,140,93.8119784648,46.1880215352,0.0000000000,93.8119784648,93.8119784648,30.7850000000,0.0000000000,30.0000000000,315.9000000000,100,1.6650000000,38.0000000000,30.7850000000,0.0000000000
21,175,0.0000000100,3,30,80,400,46.1880215352,140,93.8119784648,46.1880215352,0.0000000000,93.8119784648,93.8119784648,30.7850000000,0.0000000000,30.0000000000,315.9000000000,100,1.4180000000,38.0000000000,30.7850000000,0.0000000000
24,175,0.0000000100,3,30,80,400,46.1880215352,140,93.8119784648,46.1880215352,0.0000000000,93.8119784648,93.8119784648,30.7850000000,0.0000000000,30.0000000000,315.9000000000,100,1.2360000000,38.0000000000,30.7850000000,0.0000000000
18,25,0.0000000100,3,30,80,400,46.1880215352,140,93.8119784648,46.1880215352,0.0000000000,93.8119784648,93.8119784648,30.7850000000,0.0000000000,30.0000000000,315.9000000000,100,0.2380000000,38.0000000000,30.7850000000,0.0000000000
18,125,0.0000000100,3,30,80,400,46.1880215352,140,93.8119784648,46.1880215352,0.0000000000,93.8119784648,93.8119784648,30.7850000000,0.0000000000,30.0000000000,315.9000000000,100,1.1890000000,38.0000000000,30.7850000000,0.0000000000
18,225,0.0000000100,3,30,80,400,46.1880215352,140,93.8119784648,46.1880215352,0.0000000000,93.8119784648,93.8119784648,30.7850000000,0.0000000000,30.0000000000,315.9000000000,100,2.1400000000,38.0000000000,30.7850000000,0.0000000000
18,275,0.0000000100,3,30,80,400,46.1880215352,140,93.8119784648,46.1880215352,0.0000000000,93.8119784648,93.8119784648,30.7850000000,0.0000000000,30.0000000000,315.9000000000,100,2.6160000000,38.0000000000,30.7850000000,0.0000000000
18,325,0.0000000100,3,30,80,400,46.1880215352,140,93.8119784648,46.1880215352,0.0000000000,93.8119784648,93.8119784648,30.7850000000,0.0000000000,30.0000000000,315.9000000000,100,3.0910000000,38.0000000000,30.7850000000,0.0000000000
15,175,0.0000000100,3,30,80,400,46.1880215352,140,93.8119784648,46.1880215352,0.0000000000,93.8119784648,93.8119784648,30.7850000000,0.0000000000,200.0000000000,480.5000000000,100,2.0140000000,38.0000000000,30.7850000000,0.0000000000
18,175,0.0000000100,3,30,80,400,46.1880215352,140,93.8119784648,46.1880215352,0.0000000000,93.8119784648,93.8119784648,30.7850000000,0.0000000000,200.0000000000,480.5000000000,100,1.6650000000,38.0000000000,30.7850000000,0.0000000000
21,175,0.0000000100,3,30,80,400,46.1880215352,140,93.8119784648,46.1880215352,0.0000000000,93.8119784648,93.8119784648,30.7850000000,0.0000000000,200.0000000000,480.5000000000,100,1.4180000000,38.0000000000,30.7850000000,0.0000000000
24,175,0.0000000100,3,30,80,400,46.1880215352,140,93.8119784648,46.1880215352,0.0000000000,93.8119784648,93.8119784648,30.7850000000,0.0000000000,200.0000000000,480.5000000000,100,1.2360000000,38.0000000000,30.7850000000,0.0000000000
18,25,0.0000000100,3,30,80,400,46.1880215352,140,93.8119784648,46.1880215352,0.0000000000,93.8119784648,93.8119784648,30.7850000000,0.0000000000,200.0000000000,480.5000000000,100,0.2380000000,38.0000000000,30.7850000000,0.0000000000
18,125,0.0000000100,3,30,80,400,46.1880215352,140,93.8119784648,46.1880215352,0.0000000000,93.8119784648,93.8119784648,30.7850000000,0.0000000000,200.0000000000,480.5000000000,100,1.1890000000,38.0000000000,30.7850000000,0.0000000000
18,225,0.0000000100,3,30,80,400,46.1880215352,140,93.8119784648,46.1880215352,0.0000000000,93.8119784648,93.8119784648,30.7850000000,0.0000000000,200.0000000000,480.5000000000,100,2.1400000000,38.0000000000,30.7850000000,0.0000000000
18,275,0.0000000100,3,30,80,400,46.1880215352,140,93.8119784648,46.1880215352,0.0000000000,93.8119784648,93.8119784648,30.7850000000,0.0000000000,200.0000000000,480.5000000000,100,2.6160000000,38.0000000000,30.7850000000,0.0000000000
18,325,0.0000000100,3,30,80,400,46.1880215352,140,93.8119784648,46.1880215352,0.0000000000,93.8119784648,93.8119784648,30.7850000000,0.0000000000,200.0000000000,480.5000000000,100,3.0910000000,38.0000000000,30.7850000000,0.0000000000
15,175,0.0000000100,3,30,80,400,46.1880215352,140,93.8119784648,46.1880215352,0.0000000000,93.8119784648,93.8119784648,30.7850000000,0.0000000000,500.0000000000,586.0000000000,100,2.0140000000,38.0000000000,30.7850000000,0.0000000000
18,175,0.0000000100,3,30,80,400,46.1880215352,140,93.8119784648,46.1880215352,0.0000000000,93.8119784648,93.8119784648,30.7850000000,0.0000000000,500.0000000000,586.0000000000,100,1.6650000000,38.0000000000,30.7850000000,0.0000000000
21,175,0.0000000100,3,30,80,400,46.1880215352,140,93.8119784648,46.1880215352,0.0000000000,93.8119784648,93.8119784648,30.7850000000,0.0000000000,500.0000000000,586.0000000000,100,1.4180000000,38.0000000000,30.7850000000,0.0000000000
24,175,0.0000000100,3,30,80,400,46.1880215352,140,93.8119784648,46.1880215352,0.0000000000,93.8119784648,93.8119784648,30.7850000000,0.0000000000,500.0000000000,586.0000000000,100,1.2360000000,38.0000000000,30.7850000000,0.0000000000
18,25,0.0000000100,3,30,80,400,46.1880215352,140,93.8119784648,46.1880215352,0.0000000000,93.8119784648,93.8119784648,30.7850000000,0.0000000000,500.0000000000,586.0000000000,100,0.2380000000,38.0000000000,30.7850000000,0.0000000000
18,125,0.0000000100,3,30,80,400,46.1880215352,140,93.8119784648,46.1880215352,0.0000000000,93.8119784648,93.8119784648,30.7850000000,0.0000000000,500.0000000000,586.0000000000,100,1.1890000000,38.0000000000,30.7850000000,0.0000000000
18,225,0.0000000100,3,30,80,400,46.1880215352,140,93.8119784648,46.1880215352,0.0000000000,93.8119784648,93.8119784648,30.7850000000,0.0000000000,500.0000000000,586.0000000000,100,2.1400000000,38.0000000000,30.7850000000,0.0000000000
18,275,0.0000000100,3,30,80,400,46.1880215352,140,93.8119784648,46.1880215352,0.0000000000,93.8119784648,93.8119784648,30.7850000000,0.0000000000,500.0000000000,586.0000000000,100,2.6160000000,38.0000000000,30.7850000000,0.0000000000
18,325,0.0000000100,3,30,80,400,46.1880215352,140,93.8119784648,46.1880215352,0.0000000000,93.8119784648,93.8119784648,30.7850000000,0.0000000000,500.0000000000,586.0000000000,100,3.0910000000,38.0000000000,30.7850000000,0.0000000000
12,175,0.0000000100,3,40,20,100,16.7819926235,50,33.2180073765,45.0000000000,28.2180073765,5.0000000000,5.0000000000,0.0000000000,0.0000000000,-1.0000000000,0.0000000000,-1,5.1520000000,21.0000000000,0.0000000000,0.0000000000
15,175,0.0000000100,3,40,20,100,16.7819926235,50,33.2180073765,45.0000000000,28.2180073765,5.0000000000,5.0000000000,0.0000000000,0.0000000000,-1.0000000000,0.0000000000,-1,4.1220000000,21.0000000000,0.0000000000,0.0000000000
18,175,0.0000000100,3,40,20,100,16.7819926235,50,33.2180073765,45.0000000000,28.2180073765,5.0000000000,5.0000000000,0.0000000000,0.0000000000,-1.0000000000,0.0000000000,-1,3.4350000000,21.0000000000,0.0000000000,0.0000000000
21,175,0.0000000100,3,40,20,100,16.7819926235,50,33.2180073765,45.0000000000,28.2180073765,5.0000000000,5.0000000000,0.0000000000,0.0000000000,-1.0000000000,0.0000000000,-1,2.9440000000,21.0000000000,0.0000000000,0.0000000000
24,175,0.0000000100,3,40,20,100,16.7819926235,50,33.2180073765,45.0000000000,28.2180073765,5.0000000000,5.0000000000,0.0000000000,0.0000000000,-1.0000000000,0.0000000000,-1,2.5760000000,21.0000000000,0.0000000000,0.0000000000
18,25,0.0000000100,3,40,20,100,16.7819926235,50,33.2180073765,45.0000000000,28.2180073765,5.0000000000,5.0000000000,0.0000000000,0.0000000000,-1.0000000000,0.0000000000,-1,0.4910000000,21.0000000000,0.0000000000,0.0000000000
18,75,0.0000000100,3,40,20,100,16.7819926235,50,33.2180073765,45.0000000000,28.2180073765,5.0000000000,5.0000000000,0.0000000000,0.0000000000,-1.0000000000,0.0000000000,-1,1.4720000000,21.0000000000,0.0000000000,0.0000000000
18,225,0.0000000100,3,40,20,100,16.7819926235,50,33.2180073765,45.0000000000,28.2180073765,5.0000000000,5.0000000000,0.0000000000,0.0000000000,-1.0000000000,0.0000000000,-1,4.4160000000,21.0000000000,0.0000000000,0.0000000000
12,175,0.0000000100,3,40,20,100,16.7819926235,50,33.2180073765,45.0000000000,28.2180073765,5.0000000000,5.0000000000,0.0000000000,0.0000000000,30.0000000000,315.9000000000,100,5.1520000000,21.0000000000,0.0000000000,0.0000000000
15,175,0.0000000100,3,40,20,100,16.7819926235,50,33.2180073765,45.0000000000,28.2180073765,5.0000000000,5.0000000000,0.0000000000,0.0000000000,30.0000000000,315.9000000000,100,4.1220000000,21.0000000000,0.0000000000,0.0000000000
18,175,0.0000000100,3,40,20,100,16.7819926235,50,33.2180073765,45.0000000000,28.2180073765,5.0000000000,5.0000000000,0.0000000000,0.0000000000,30.0000000000,315.9000000000,100,3.4350000000,21.0000000000,0.0000000000,0.0000000000
21,175,0.0000000100,3,40,20,100,16.7819926235,50,33.2180073765,45.0000000000,28.2180073765,5.0000000000,5.0000000000,0.0000000000,0.0000000000,30.0000000000,315.9000000000,100,2.9440000000,21.0000000000,0.0000000000,0.0000000000
24,175,0.0000000100,3,40,20,100,16.7819926235,50,33.2180073765,45.0000000000,28.2180073765,5.0000000000,5.0000000000,0.0000000000,0.0000000000,30.0000000000,315.9000000000,100,2.5760000000,21.0000000000,0.0000000000,0.0000000000
18,25,0.0000000100,3,40,20,100,16.7819926235,50,33.2180073765,45.0000000000,28.2180073765,5.0000000000,5.0000000000,0.0000000000,0.0000000000,30.0000000000,315.9000000000,100,0.4910000000,21.0000000000,0.0000000000,0.0000000000
18,75,0.0000000100,3,40,20,100,16.7819926235,50,33.2180073765,45.0000000000,28.2180073765,5.0000000000,5.0000000000,0.0000000000,0.0000000000,30.0000000000,315.9000000000,100,1.4720000000,21.0000000000,0.0000000000,0.0000000000
18,225,0.0000000100,3,40,20,100,16.7819926235,50,33.2180073765,45.0000000000,28.2180073765,5.0000000000,5.0000000000,0.0000000000,0.0000000000,30.0000000000,315.9000000000,100,4.4160000000,21.0000000000,0.0000000000,0.0000000000
12,175,0.0000000100,3,40,20,100,16.7819926235,50,33.2180073765,45.0000000000,28.2180073765,5.0000000000,5.0000000000,0.0000000000,0.0000000000,200.0000000000,480.5000000000,100,5.1520000000,21.0000000000,0.0000000000,0.0000000000
15,175,0.0000000100,3,40,20,100,16.7819926235,50,33.2180073765,45.0000000000,28.2180073765,5.0000000000,5.0000000000,0.0000000000,0.0000000000,200.0000000000,480.5000000000,100,4.1220000000,21.0000000000,0.0000000000,0.0000000000
18,175,0.0000000100,3,40,20,100,16.7819926235,50,33.2180073765,45.0000000000,28.2180073765,5.0000000000,5.0000000000,0.0000000000,0.0000000000,200.0000000000,480.5000000000,100,3.4350000000,21.0000000000,0.0000000000,0.0000000000
21,175,0.0000000100,3,40,20,100,16.7819926235,50,33.2180073765,45.0000000000,28.2180073765,5.0000000000,5.0000000000,0.0000000000,0.0000000000,200.0000000000,480.5000000000,100,2.9440000000,21.0000000000,0.0000000000,0.0000000000
24,175,0.0000000100,3,40,20,100,16.7819926235,50,33.2180073765,45.0000000000,28.2180073765,5.0000000000,5.0000000000,0.0000000000,0.0000000000,200.0000000000,480.5000000000,100,2.5760000000,21.0000000000,0.0000000000,0.0000000000
18,25,0.0000000100,3,40,20,100,16.7819926235,50,33.2180073765,45.0000000000,28.2180073765,5.0000000000,5.0000000000,0.0000000000,0.0000000000,200.0000000000,480.5000000000,100,0.4910000000,21.0000000000,0.0000000000,0.0000000000
18,75,0.0000000100,3,40,20,100,16.7819926235,50,33.2180073765,45.0000000000,28.2180073765,5.0000000000,5.0000000000,0.0000000000,0.0000000000,200.0000000000,480.5000000000,100,1.4720000000,21.0000000000,0.0000000000,0.0000000000
18,225,0.0000000100,3,40,20,100,16.7819926235,50,33.2180073765,45.0000000000,28.2180073765,5.0000000000,5.0000000000,0.0000000000,0.0000000000,200.0000000000,480.5000000000,100,4.4160000000,21.0000000000,0.0000000000,0.0000000000
12,175,0.0000000100,3,40,20,100,16.7819926235,50,33.2180073765,45.0000000000,28.2180073765,5.0000000000,5.0000000000,0.0000000000,0.0000000000,500.0000000000,586.0000000000,100,5.1520000000,21.0000000000,0.0000000000,0.0000000000
15,175,0.0000000100,3,40,20,100,16.7819926235,50,33.2180073765,45.0000000000,28.2180073765,5.0000000000,5.0000000000,0.0000000000,0.0000000000,500.0000000000,586.0000000000,100,4.1220000000,21.0000000000,0.0000000000,0.0000000000
18,175,0.0000000100,3,40,20,100,16.7819926235,50,33.2180073765,45.0000000000,28.2180073765,5.0000000000,5.0000000000,0.0000000000,0.0000000000,500.0000000000,586.0000000000,100,3.4350000000,21.0000000000,0.0000000000,0.0000000000
21,175,0.0000000100,3,40,20,100,16.7819926235,50,33.2180073765,45.0000000000,28.2180073765,5.0000000000,5.0000000000,0.0000000000,0.0000000000,500.0000000000,586.0000000000,100,2.9440000000,21.0000000000,0.0000000000,0.0000000000
24,175,0.0000000100,3,40,20,100,16.7819926235,50,33.2180073765,45.0000000000,28.2180073765,5.0000000000,5.0000000000,0.0000000000,0.0000000000,500.0000000000,586.0000000000,100,2.5760000000,21.0000000000,0.0000000000,0.0000000000
18,25,0.0000000100,3,40,20,100,16.7819926235,50,33.2180073765,45.0000000000,28.2180073765,5.0000000000,5.0000000000,0.0000000000,0.0000000000,500.0000000000,586.0000000000,100,0.4910000000,21.0000000000,0.0000000000,0.0000000000
18,75,0.0000000100,3,40,20,100,16.7819926235,50,33.2180073765,45.0000000000,28.2180073765,5.0000000000,5.0000000000,0.0000000000,0.0000000000,500.0000000000,586.0000000000,100,1.4720000000,21.0000000000,0.0000000000,0.0000000000
18,225,0.0000000100,3,40,20,100,16.7819926235,50,33.2180073765,45.0000000000,28.2180073765,5.0000000000,5.0000000000,0.0000000000,0.0000000000,500.0000000000,586.0000000000,100,4.4160000000,21.0000000000,0.0000000000,0.0000000000
12,175,0.0000000100,3,40,20,100,16.7819926235,50,33.2180073765,45.0000000000,28.2180073765,5.0000000000,5.0000000000,45.0000000000,28.2180073765,-1.0000000000,0.0000000000,-1,5.6170000000,21.0000000000,45.0000000000,28.2180073765
15,175,0.0000000100,3,40,20,100,16.7819926235,50,33.2180073765,45.0000000000,28.2180073765,5.0000000000,5.0000000000,45.0000000000,28.2180073765,-1.0000000000,0.0000000000,-1,4.4140000000,21.0000000000,45.0000000000,28.2180073765
18,175,0.0000000100,3,40,20,100,16.7819926235,50,33.2180073765,45.0000000000,28.2180073765,5.0000000000,5.0000000000,45.0000000000,28.2180073765,-1.0000000000,0.0000000000,-1,3.6350000000,21.0000000000,45.0000000000,28.2180073765
21,175,0.0000000100,3,40,20,100,16.7819926235,50,33.2180073765,45.0000000000,28.2180073765,5.0000000000,5.0000000000,45.0000000000,28.2180073765,-1.0000000000,0.0000000000,-1,3.0900000000,21.0000000000,45.0000000000,28.2180073765
24,175,0.0000000100,3,40,20,100,16.7819926235,50,33.2180073765,45.0000000000,28.2180073765,5.0000000000,5.0000000000,45.0000000000,28.2180073765,-1.0000000000,0.0000000000,-1,2.6870000000,21.0000000000,45.0000000000,28.2180073765
18,25,0.0000000100,3,40,20,100,16.7819926235,50,33.2180073765,45.0000000000,28.2180073765,5.0000000000,5.0000000000,45.0000000000,28.2180073765,-1.0000000000,0.0000000000,-1,0.5190000000,21.0000000000,45.0000000000,28.2180073765
18,75,0.0000000100,3,40,20,100,16.7819926235,50,33.2180073765,45.0000000000,28.2180073765,5.0000000000,5.0000000000,45.0000000000,28.2180073765,-1.0000000000,0.0000000000,-1,1.5580000000,21.0000000000,45.0000000000,28.2180073765
18,125,0.0000000100,3,40,20,100,16.7819926235,50,33.2180073765,45.0000000000,28.2180073765,5.0000000000,5.0000000000,45.0000000000,28.2180073765,-1.0000000000,0.0000000000,-1,2.5970000000,21.0000000000,45.0000000000,28.2180073765
18,225,0.0000000100,3,40,20,100,16.7819926235,50,33.2180073765,45.0000000000,28.2180073765,5.0000000000,5.0000000000,45.0000000000,28.2180073765,-1.0000000000,0.0000000000,-1,4.6740000000,21.0000000000,45.0000000000,28.2180073765
18,275,0.0000000100,3,40,20,100,16.7819926235,50,33.2180073765,45.0000000000,28.2180073765,5.0000000000,5.0000000000,45.0000000000,28.2180073765,-1.0000000000,0.0000000000,-1,5.7130000000,21.0000000000,45.0000000000,28.2180073765
18,325,0.0000000100,3,40,20,100,16.7819926235,50,33.2180073765,45.0000000000,28.2180073765,5.0000000000,5.0000000000,45.0000000000,28.2180073765,-1.0000000000,0.0000000000,-1,6.7520000000,21.0000000000,45.0000000000,28.2180073765
12,175,0.0000000100,3,40,20,100,16.7819926235,50,33.2180073765,45.0000000000,28.2180073765,5.0000000000,5.0000000000,45.0000000000,28.2180073765,30.0000000000,315.9000000000,100,5.6020000000,21.0000000000,45.0000000000,28.2180073765
15,175,0.0000000100,3,40,20,100,16.7819926235,50,33.2180073765,45.0000000000,28.2180073765,5.0000000000,5.0000000000,45.0000000000,28.2180073765,30.0000000000,315.9000000000,100,4.4040000000,21.0000000000,45.0000000000,28.2180073765
18,175,0.0000000100,3,40,20,100,16.7819926235,50,33.2180073765,45.0000000000,28.2180073765,5.0000000000,5.0000000000,45.0000000000,28.2180073765,30.0000000000,315.9000000000,100,3.6290000000,21.0000000000,45.0000000000,28.2180073765
21,175,0.0000000100,3,40,20,100,16.7819926235,50,33.2180073765,45.0000000000,28.2180073765,5.0000000000,5.0000000000,45.0000000000,28.2180073765,30.0000000000,315.9000000000,100,3.0860000000,21.0000000000,45.0000000000,28.2180073765
24,175,0.0000000100,3,40,20,100,16.7819926235,50,33.2180073765,45.0000000000,28.2180073765,5.0000000000,5.0000000000,45.0000000000,28.2180073765,30.0000000000,315.9000000000,100,2.6840000000,21.0000000000,45.0000000000,28.2180073765
18,25,0.0000000100,3,40,20,100,16.7819926235,50,33.2180073765,45.0000000000,28.2180073765,5.0000000000,5.0000000000,45.0000000000,28.2180073765,30.0000000000,315.9000000000,100,0.5180000000,21.0000000000,45.0000000000,28.2180073765
18,75,0.0000000100,3,40,20,100,16.7819926235,50,33.2180073765,45.0000000000,28.2180073765,5.0000000000,5.0000000000,45.0000000000,28.2180073765,30.0000000000,315.9000000000,100,1.5550000000,21.0000000000,45.0000000000,28.2180073765
18,125,0.0000000100,3,40,20,100,16.7819926235,50,33.2180073765,45.0000000000,28.2180073765,5.0000000000,5.0000000000,45.0000000000,28.2180073765,30.0000000000,315.9000000000,100,2.5920000000,21.0000000000,45.0000000000,28.2180073765
18,225,0.0000000100,3,40,20,100,16.7819926235,50,33.2180073765,45.0000000000,28.2180073765,5.0000000000,5.0000000000,45.0000000000,28.2180073765,30.0000000000,315.9000000000,100,4.6650000000,21.0000000000,45.0000000000,28.2180073765
18,275,0.0000000100,3,40,20,100,16.7819926235,50,33.2180073765,45.0000000000,28.2180073765,5.0000000000,5.0000000000,45.0000000000,28.2180073765,30.0000000000,315.9000000000,100,5.7020000000,21.0000000000,45.0000000000,28.2180073765
18,325,0.0000000100,3,40,20,100,16.7819926235,50,33.2180073765,45.0000000000,28.2180073765,5.0000000000,5.0000000000,45.0000000000,28.2180073765,30.0000000000,315.9000000000,100,6.7390000000,21.0000000000,45.0000000000,28.2180073765
12,175,0.0000000100,3,40,20,100,16.7819926235,50,33.2180073765,45.0000000000,28.2180073765,5.0000000000,5.0000000000,45.0000000000,28.2180073765,200.0000000000,480.5000000000,100,5.6020000000,21.0000000000,45.0000000000,28.2180073765
15,175,0.0000000100,3,40,20,100,16.7819926235,50,33.2180073765,45.0000000000,28.2180073765,5.0000000000,5.0000000000,45.0000000000,28.2180073765,200.0000000000,480.5000000000,100,4.4040000000,21.0000000000,45.0000000000,28.2180073765
18,175,0.0000000100,3,40,20,100,16.7819926235,50,33.2180073765,45.0000000000,28.2180073765,5.0000000000,5.0000000000,45.0000000000,28.2180073765,200.0000000000,480.5000000000,100,3.6290000000,21.0000000000,45.0000000000,28.2180073765
21,175,0.0000000100,3,40,20,100,16.7819926235,50,33.2180073765,45.0000000000,28.2180073765,5.0000000000,5.0000000000,45.0000000000,28.2180073765,200.0000000000,480.5000000000,100,3.0860000000,21.0000000000,45.0000000000,28.2180073765
24,175,0.0000000100,3,40,20,100,16.7819926235,50,33.2180073765,45.0000000000,28.2180073765,5.0000000000,5.0000000000,45.0000000000,28.2180073765,200.0000000000,480.5000000000,100,2.6840000000,21.0000000000,45.0000000000,28.2180073765
18,25,0.0000000100,3,40,20,100,16.7819926235,50,33.2180073765,45.0000000000,28.2180073765,5.0000000000,5.0000000000,45.0000000000,28.2180073765,200.0000000000,480.5000000000,100,0.5180000000,21.0000000000,45.0000000000,28.2180073765
18,75,0.0000000100,3,40,20,100,16.7819926235,50,33.2180073765,45.0000000000,28.2180073765,5.0000000000,5.0000000000,45.0000000000,28.2180073765,200.0000000000,480.5000000000,100,1.5550000000,21.0000000000,45.0000000000,28.2180073765
18,125,0.0000000100,3,40,20,100,16.7819926235,50,33.2180073765,45.0000000000,28.2180073765,5.0000000000,5.0000000000,45.0000000000,28.2180073765,200.0000000000,480.5000000000,100,2.5920000000,21.0000000000,45.0000000000,28.2180073765
18,225,0.0000000100,3,40,20,100,16.7819926235,50,33.2180073765,45.0000000000,28.2180073765,5.0000000000,5.0000000000,45.0000000000,28.2180073765,200.0000000000,480.5000000000,100,4.6650000000,21.0000000000,45.0000000000,28.2180073765
18,275,0.0000000100,3,40,20,100,16.7819926235,50,33.2180073765,45.0000000000,28.2180073765,5.0000000000,5.0000000000,45.0000000000,28.2180073765,200.0000000000,480.5000000000,100,5.7020000000,21.0000000000,45.0000000000,28.2180073765
18,325,0.0000000100,3,40,20,100,16.7819926235,50,33.2180073765,45.0000000000,28.2180073765,5.0000000000,5.0000000000,45.0000000000,28.2180073765,200.0000000000,480.5000000000,100,6.7390000000,21.0000000000,45.0000000000,28.2180073765
12,175,0.0000000100,3,40,20,100,16.7819926235,50,33.2180073765,45.0000000000,28.2180073765,5.0000000000,5.0000000000,45.0000000000,28.2180073765,500.0000000000,586.0000000000,100,5.6020000000,21.0000000000,45.0000000000,28.2180073765
15,175,0.0000000100,3,40,20,100,16.7819926235,50,33.2180073765,45.0000000000,28.2180073765,5.0000000000,5.0000000000,45.0000000000,28.2180073765,500.0000000000,586.0000000000,100,4.4040000000,21.0000000000,45.0000000000,28.2180073765
18,175,0.0000000100,3,40,20,100,16.7819926235,50,33.2180073765,45.0000000000,28.2180073765,5.0000000000,5.0000000000,45.0000000000,28.2180073765,500.0000000000,586.0000000000,100,3.6290000000,21.0000000000,45.0000000000,28.2180073765
21,175,0.0000000100,3,40,20,100,16.7819926235,50,33.2180073765,45.0000000000,28.2180073765,5.0000000000,5.0000000000,45.0000000000,28.2180073765,500.0000000000,586.0000000000,100,3.0860000000,21.0000000000,45.0000000000,28.2180073765
24,175,0.0000000100,3,40,20,100,16.7819926235,50,33.2180073765,45.0000000000,28.2180073765,5.0000000000,5.0000000000,45.0000000000,28.2180073765,500.0000000000,586.0000000000,100,2.6840000000,21.0000000000,45.0000000000,28.2180073765
18,25,0.0000000100,3,40,20,100,16.7819926235,50,33.2180073765,45.0000000000,28.2180073765,5.0000000000,5.0000000000,45.0000000000,28.2180073765,500.0000000000,586.0000000000,100,0.5180000000,21.0000000000,45.0000000000,28.2180073765
18,75,0.0000000100,3,40,20,100,16.7819926235,50,33.2180073765,45.0000000000,28.2180073765,5.0000000000,5.0000000000,45.0000000000,28.2180073765,500.0000000000,586.0000000000,100,1.5550000000,21.0000000000,45.0000000000,28.2180073765
18,125,0.0000000100,3,40,20,100,16.7819926235,50,33.2180073765,45.0000000000,28.2180073765,5.0000000000,5.0000000000,45.0000000000,28.2180073765,500.0000000000,586.0000000000,100,2.5920000000,21.0000000000,45.0000000000,28.2180073765
18,225,0.0000000100,3,40,20,100,16.7819926235,50,33.2180073765,45.0000000000,28.2180073765,5.0000000000,5.0000000000,45.0000000000,28.2180073765,500.0000000000,586.0000000000,100,4.6650000000,21.0000000000,45.0000000000,28.2180073765
18,275,0.0000000100,3,40,20,100,16.7819926235,50,33.2180073765,45.0000000000,28.2180073765,5.0000000000,5.0000000000,45.0000000000,28.2180073765,500.0000000000,586.0000000000,100,5.7020000000,21.0000000000,45.0000000000,28.2180073765
18,325,0.0000000100,3,40,20,100,16.7819926235,50,33.2180073765,45.0000000000,28.2180073765,5.0000000000,5.0000000000,45.0000000000,28.2180073765,500.0000000000,586.0000000000,100,6.7390000000,21.0000000000,45.0000000000,28.2180073765
12,175,0.0000000100,3,40,20,100,16.7819926235,50,33.2180073765,45.0000000000,28.2180073765,5.0000000000,5.0000000000,11.2490000000,0.0000000000,-1.0000000000,0.0000000000,-1,5.3440000000,21.0000000000,11.2490000000,0.0000000000
15,175,0.0000000100,3,40,20,100,16.7819926235,50,33.2180073765,45.0000000000,28.2180073765,5.0000000000,5.0000000000,11.2490000000,0.0000000000,-1.0000000000,0.0000000000,-1,4.2430000000,21.0000000000,11.2490000000,0.0000000000
18,175,0.0000000100,3,40,20,100,16.7819926235,50,33.2180073765,45.0000000000,28.2180073765,5.0000000000,5.0000000000,11.2490000000,0.0000000000,-1.0000000000,0.0000000000,-1,3.5190000000,21.0000000000,11.2490000000,0.0000000000
24,175,0.0000000100,3,40,20,100,16.7819926235,50,33.2180073765,45.0000000000,28.2180073765,5.0000000000,5.0000000000,11.2490000000,0.0000000000,-1.0000000000,0.0000000000,-1,2.6230000000,21.0000000000,11.2490000000,0.0000000000
18,25,0.0000000100,3,40,20,100,16.7819926235,50,33.2180073765,45.0000000000,28.2180073765,5.0000000000,5.0000000000,11.2490000000,0.0000000000,-1.0000000000,0.0000000000,-1,0.5020000000,21.0000000000,11.2490000000,0.0000000000
18,75,0.0000000100,3,40,20,100,16.7819926235,50,33.2180073765,45.0000000000,28.2180073765,5.0000000000,5.0000000000,11.2490000000,0.0000000000,-1.0000000000,0.0000000000,-1,1.5080000000,21.0000000000,11.2490000000,0.0000000000
18,225,0.0000000100,3,40,20,100,16.7819926235,50,33.2180073765,45.0000000000,28.2180073765,5.0000000000,5.0000000000,11.2490000000,0.0000000000,-1.0000000000,0.0000000000,-1,4.5250000000,21.0000000000,11.2490000000,0.0000000000
18,325,0.0000000100,3,40,20,100,16.7819926235,50,33.2180073765,45.0000000000,28.2180073765,5.0000000000,5.0000000000,11.2490000000,0.0000000000,-1.0000000000,0.0000000000,-1,6.5350000000,21.0000000000,11.2490000000,0.0000000000
12,175,0.0000000100,3,40,20,100,16.7819926235,50,33.2180073765,45.0000000000,28.2180073765,5.0000000000,5.0000000000,11.2490000000,0.0000000000,30.0000000000,315.9000000000,100,5.3210000000,21.0000000000,11.2490000000,0.0000000000
15,175,0.0000000100,3,40,20,100,16.7819926235,50,33.2180073765,45.0000000000,28.2180073765,5.0000000000,5.0000000000,11.2490000000,0.0000000000,30.0000000000,315.9000000000,100,4.2290000000,21.0000000000,11.2490000000,0.0000000000
18,175,0.0000000100,3,40,20,100,16.7819926235,50,33.2180073765,45.0000000000,28.2180073765,5.0000000000,5.0000000000,11.2490000000,0.0000000000,30.0000000000,315.9000000000,100,3.5090000000,21.0000000000,11.2490000000,0.0000000000
21,175,0.0000000100,3,40,20,100,16.7819926235,50,33.2180073765,45.0000000000,28.2180073765,5.0000000000,5.0000000000,11.1890000000,0.0000000000,30.0000000000,315.9000000000,100,2.9980000000,21.0000000000,11.1890000000,0.0000000000
24,175,0.0000000100,3,40,20,100,16.7819926235,50,33.2180073765,45.0000000000,28.2180073765,5.0000000000,5.0000000000,11.1890000000,0.0000000000,30.0000000000,315.9000000000,100,2.6180000000,21.0000000000,11.1890000000,0.0000000000
18,25,0.0000000100,3,40,20,100,16.7819926235,50,33.2180073765,45.0000000000,28.2180073765,5.0000000000,5.0000000000,11.1890000000,0.0000000000,30.0000000000,315.9000000000,100,0.5010000000,21.0000000000,11.1890000000,0.0000000000
18,75,0.0000000100,3,40,20,100,16.7819926235,50,33.2180073765,45.0000000000,28.2180073765,5.0000000000,5.0000000000,11.1890000000,0.0000000000,30.0000000000,315.9000000000,100,1.5040000000,21.0000000000,11.1890000000,0.0000000000
18,125,0.0000000100,3,40,20,100,16.7819926235,50,33.2180073765,45.0000000000,28.2180073765,5.0000000000,5.0000000000,11.1890000000,0.0000000000,30.0000000000,315.9000000000,100,2.5060000000,21.0000000000,11.1890000000,0.0000000000
18,175,0.0000000100,3,40,20,100,16.7819926235,50,33.2180073765,45.0000000000,28.2180073765,5.0000000000,5.0000000000,11.1890000000,0.0000000000,30.0000000000,315.9000000000,100,3.5090000000,21.0000000000,11.1890000000,0.0000000000
18,225,0.0000000100,3,40,20,100,16.7819926235,50,33.2180073765,45.0000000000,28.2180073765,5.0000000000,5.0000000000,11.1890000000,0.0000000000,30.0000000000,315.9000000000,100,4.5120000000,21.0000000000,11.1890000000,0.0000000000
18,275,0.0000000100,3,40,20,100,16.7819926235,50,33.2180073765,45.0000000000,28.2180073765,5.0000000000,5.0000000000,11.1890000000,0.0000000000,30.0000000000,315.9000000000,100,5.5140000000,21.0000000000,11.1890000000,0.0000000000
18,325,0.0000000100,3,40,20,100,16.7819926235,50,33.2180073765,45.0000000000,28.2180073765,5.0000000000,5.0000000000,11.1890000000,0.0000000000,30.0000000000,315.9000000000,100,6.5160000000,21.0000000000,11.1890000000,0.0000000000
18,175,0.0000000100,3,40,20,100,16.7819926235,50,33.2180073765,45.0000000000,28.2180073765,5.0000000000,5.0000000000,11.1890000000,0.0000000000,200.0000000000,480.5000000000,100,3.5090000000,21.0000000000,11.1890000000,0.0000000000
21,175,0.0000000100,3,40,20,100,16.7819926235,50,33.2180073765,45.0000000000,28.2180073765,5.0000000000,5.0000000000,11.1890000000,0.0000000000,200.0000000000,480.5000000000,100,2.9980000000,21.0000000000,11.1890000000,0.0000000000
24,175,0.0000000100,3,40,20,100,16.7819926235,50,33.2180073765,45.0000000000,28.2180073765,5.0000000000,5.0000000000,11.1890000000,0.0000000000,200.0000000000,480.5000000000,100,2.6180000000,21.0000000000,11.1890000000,0.0000000000
18,25,0.0000000100,3,40,20,100,16.7819926235,50,33.2180073765,45.0000000000,28.2180073765,5.0000000000,5.0000000000,11.1890000000,0.0000000000,200.0000000000,480.5000000000,100,0.5010000000,21.0000000000,11.1890000000,0.0000000000
18,75,0.0000000100,3,40,20,100,16.7819926235,50,33.2180073765,45.0000000000,28.2180073765,5.0000000000,5.0000000000,11.1890000000,0.0000000000,200.0000000000,480.5000000000,100,1.5040000000,21.0000000000,11.1890000000,0.0000000000
18,125,0.0000000100,3,40,20,100,16.7819926235,50,33.2180073765,45.0000000000,28.2180073765,5.0000000000,5.0000000000,11.1890000000,0.0000000000,200.0000000000,480.5000000000,100,2.5060000000,21.0000000000,11.1890000000,0.0000000000
18,225,0.0000000100,3,40,20,100,16.7819926235,50,33.2180073765,45.0000000000,28.2180073765,5.0000000000,5.0000000000,11.1890000000,0.0000000000,200.0000000000,480.5000000000,100,4.5120000000,21.0000000000,11.1890000000,0.0000000000
18,275,0.0000000100,3,40,20,100,16.7819926235,50,33.2180073765,45.0000000000,28.2180073765,5.0000000000,5.0000000000,11.1890000000,0.0000000000,200.0000000000,480.5000000000,100,5.5140000000,21.0000000000,11.1890000000,0.0000000000
18,325,0.0000000100,3,40,20,100,16.7819926235,50,33.2180073765,45.0000000000,28.2180073765,5.0000000000,5.0000000000,11.1890000000,0.0000000000,200.0000000000,480.5000000000,100,6.5160000000,21.0000000000,11.1890000000,0.0000000000
18,175,0.0000000100,3,40,20,100,16.7819926235,50,33.2180073765,45.0000000000,28.2180073765,5.0000000000,5.0000000000,11.1890000000,0.0000000000,500.0000000000,586.0000000000,100,3.5090000000,21.0000000000,11.1890000000,0.0000000000
21,175,0.0000000100,3,40,20,100,16.7819926235,50,33.2180073765,45.0000000000,28.2180073765,5.0000000000,5.0000000000,11.1890000000,0.0000000000,500.0000000000,586.0000000000,100,2.9980000000,21.0000000000,11.1890000000,0.0000000000
24,175,0.0000000100,3,40,20,100,16.7819926235,50,33.2180073765,45.0000000000,28.2180073765,5.0000000000,5.0000000000,11.1890000000,0.0000000000,500.0000000000,586.0000000000,100,2.6180000000,21.0000000000,11.1890000000,0.0000000000
18,25,0.0000000100,3,40,20,100,16.7819926235,50,33.2180073765,45.0000000000,28.2180073765,5.0000000000,5.0000000000,11.1890000000,0.0000000000,500.0000000000,586.0000000000,100,0.5010000000,21.0000000000,11.1890000000,0.0000000000
18,75,0.0000000100,3,40,20,100,16.7819926235,50,33.2180073765,45.0000000000,28.2180073765,5.0000000000,5.0000000000,11.1890000000,0.0000000000,500.0000000000,586.0000000000,100,1.5040000000,21.0000000000,11.1890000000,0.0000000000
18,125,0.0000000100,3,40,20,100,16.7819926235,50,33.2180073765,45.0000000000,28.2180073765,5.0000000000,5.0000000000,11.1890000000,0.0000000000,500.0000000000,586.0000000000,100,2.5060000000,21.0000000000,11.1890000000,0.0000000000
18,225,0.0000000100,3,40,20,100,16.7819926235,50,33.2180073765,45.0000000000,28.2180073765,5.0000000000,5.0000000000,11.1890000000,0.0000000000,500.0000000000,586.0000000000,100,4.5120000000,21.0000000000,11.1890000000,0.0000000000
18,275,0.0000000100,3,40,20,100,16.7819926235,50,33.2180073765,45.0000000000,28.2180073765,5.0000000000,5.0000000000,11.1890000000,0.0000000000,500.0000000000,586.0000000000,100,5.5140000000,21.0000000000,11.1890000000,0.0000000000
18,325,0.0000000100,3,40,20,100,16.7819926235,50,33.2180073765,45.0000000000,28.2180073765,5.0000000000,5.0000000000,11.1890000000,0.0000000000,500.0000000000,586.0000000000,100,6.5160000000,21.0000000000,11.1890000000,0.0000000000
15,175,0.0000000100,3,40,20,100,16.7819926235,50,33.2180073765,12.5000000000,8.3045018441,37.5000000000,24.9135055323,0.0000000000,0.0000000000,-1.0000000000,0.0000000000,-1,4.2870000000,16.0000000000,0.0000000000,0.0000000000
18,175,0.0000000100,3,40,20,100,16.7819926235,50,33.2180073765,12.5000000000,8.3045018441,37.5000000000,24.9135055323,0.0000000000,0.0000000000,-1.0000000000,0.0000000000,-1,3.5730000000,16.0000000000,0.0000000000,0.0000000000
21,175,0.0000000100,3,40,20,100,16.7819926235,50,33.2180073765,12.5000000000,8.3045018441,37.5000000000,24.9135055323,0.0000000000,0.0000000000,-1.0000000000,0.0000000000,-1,3.0630000000,16.0000000000,0.0000000000,0.0000000000
24,175,0.0000000100,3,40,20,100,16.7819926235,50,33.2180073765,12.5000000000,8.3045018441,37.5000000000,24.9135055323,0.0000000000,0.0000000000,-1.0000000000,0.0000000000,-1,2.6800000000,16.0000000000,0.0000000000,0.0000000000
18,25,0.0000000100,3,40,20,100,16.7819926235,50,33.2180073765,12.5000000000,8.3045018441,37.5000000000,24.9135055323,0.0000000000,0.0000000000,-1.0000000000,0.0000000000,-1,0.5100000000,16.0000000000,0.0000000000,0.0000000000
18,125,0.0000000100,3,40,20,100,16.7819926235,50,33.2180073765,12.5000000000,8.3045018441,37.5000000000,24.9135055323,0.0000000000,0.0000000000,-1.0000000000,0.0000000000,-1,2.5520000000,16.0000000000,0.0000000000,0.0000000000
18,225,0.0000000100,3,40,20,100,16.7819926235,50,33.2180073765,12.5000000000,8.3045018441,37.5000000000,24.9135055323,0.0000000000,0.0000000000,-1.0000000000,0.0000000000,-1,4.5940000000,16.0000000000,0.0000000000,0.0000000000
18,275,0.0000000100,3,40,20,100,16.7819926235,50,33.2180073765,12.5000000000,8.3045018441,37.5000000000,24.9135055323,0.0000000000,0.0000000000,-1.0000000000,0.0000000000,-1,5.6140000000,16.0000000000,0.0000000000,0.0000000000
18,325,0.0000000100,3,40,20,100,16.7819926235,50,33.2180073765,12.5000000000,8.3045018441,37.5000000000,24.9135055323,0.0000000000,0.0000000000,-1.0000000000,0.0000000000,-1,6.6360000000,16.0000000000,0.0000000000,0.0000000000
15,175,0.0000000100,3,40,20,100,16.7819926235,50,33.2180073765,12.5000000000,8.3045018441,37.5000000000,24.9135055323,0.0000000000,0.0000000000,30.0000000000,315.9000000000,100,4.2870000000,16.0000000000,0.0000000000,0.0000000000
18,175,0.0000000100,3,40,20,100,16.7819926235,50,33.2180073765,12.5000000000,8.3045018441,37.5000000000,24.9135055323,0.0000000000,0.0000000000,30.0000000000,315.9000000000,100,3.5730000000,16.0000000000,0.0000000000,0.0000000000
21,175,0.0000000100,3,40,20,100,16.7819926235,50,33.2180073765,12.5000000000,8.3045018441,37.5000000000,24.9135055323,0.0000000000,0.0000000000,30.0000000000,315.9000000000,100,3.0630000000,16.0000000000,0.0000000000,0.0000000000
24,175,0.0000000100,3,40,20,100,16.7819926235,50,33.2180073765,12.5000000000,8.3045018441,37.5000000000,24.9135055323,0.0000000000,0.0000000000,30.0000000000,315.9000000000,100,2.6800000000,16.0000000000,0.0000000000,0.0000000000
18,25,0.0000000100,3,40,20,100,16.7819926235,50,33.2180073765,12.5000000000,8.3045018441,37.5000000000,24.9135055323,0.0000000000,0.0000000000,30.0000000000,315.9000000000,100,0.5100000000,16.0000000000,0.0000000000,0.0000000000
18,125,0.0000000100,3,40,20,100,16.7819926235,50,33.2180073765,12.5000000000,8.3045018441,37.5000000000,24.9135055323,0.0000000000,0.0000000000,30.0000000000,315.9000000000,100,2.5520000000,16.0000000000,0.0000000000,0.0000000000
18,225,0.0000000100,3,40,20,100,16.7819926235,50,33.2180073765,12.5000000000,8.3045018441,37.5000000000,24.9135055323,0.0000000000,0.0000000000,30.0000000000,315.9000000000,100,4.5940000000,16.0000000000,0.0000000000,0.0000000000
18,275,0.0000000100,3,40,20,100,16.7819926235,50,33.2180073765,12.5000000000,8.3045018441,37.5000000000,24.9135055323,0.0000000000,0.0000000000,30.0000000000,315.9000000000,100,5.6140000000,16.0000000000,0.0000000000,0.0000000000
18,325,0.0000000100,3,40,20,100,16.7819926235,50,33.2180073765,12.5000000000,8.3045018441,37.5000000000,24.9135055323,0.0000000000,0.0000000000,30.0000000000,315.9000000000,100,6.6360000000,16.0000000000,0.0000000000,0.0000000000
15,175,0.0000000100,3,40,20,100,16.7819926235,50,33.2180073765,12.5000000000,8.3045018441,37.5000000000,24.9135055323,0.0000000000,0.0000000000,200.0000000000,480.5000000000,100,4.2870000000,16.0000000000,0.0000000000,0.0000000000
18,175,0.0000000100,3,40,20,100,16.7819926235,50,33.2180073765,12.5000000000,8.3045018441,37.5000000000,24.9135055323,0.0000000000,0.0000000000,200.0000000000,480.5000000000,100,3.5730000000,16.0000000000,0.0000000000,0.0000000000
21,175,0.0000000100,3,40,20,100,16.7819926235,50,33.2180073765,12.5000000000,8.3045018441,37.5000000000,24.9135055323,0.0000000000,0.0000000000,200.0000000000,480.5000000000,100,3.0630000000,16.0000000000,0.0000000000,0.0000000000
24,175,0.0000000100,3,40,20,100,16.7819926235,50,33.2180073765,12.5000000000,8.3045018441,37.5000000000,24.9135055323,0.0000000000,0.0000000000,200.0000000000,480.5000000000,100,2.6800000000,16.0000000000,0.0000000000,0.0000000000
18,25,0.0000000100,3,40,20,100,16.7819926235,50,33.2180073765,12.5000000000,8.3045018441,37.5000000000,24.9135055323,0.0000000000,0.0000000000,200.0000000000,480.5000000000,100,0.5100000000,16.0000000000,0.0000000000,0.0000000000
18,125,0.0000000100,3,40,20,100,16.7819926235,50,33.2180073765,12.5000000000,8.3045018441,37.5000000000,24.9135055323,0.0000000000,0.0000000000,200.0000000000,480.5000000000,100,2.5520000000,16.0000000000,0.0000000000,0.0000000000
18,225,0.0000000100,3,40,20,100,16.7819926235,50,33.2180073765,12.5000000000,8.3045018441,37.5000000000,24.9135055323,0.0000000000,0.0000000000,200.0000000000,480.5000000000,100,4.5940000000,16.0000000000,0.0000000000,0.0000000000
18,275,0.0000000100,3,40,20,100,16.7819926235,50,33.2180073765,12.5000000000,8.3045018441,37.5000000000,24.9135055323,0.0000000000,0.0000000000,200.0000000000,480.5000000000,100,5.6140000000,16.0000000000,0.0000000000,0.0000000000
18,325,0.0000000100,3,40,20,100,16.7819926235,50,33.2180073765,12.5000000000,8.3045018441,37.5000000000,24.9135055323,0.0000000000,0.0000000000,200.0000000000,480.5000000000,100,6.6360000000,16.0000000000,0.0000000000,0.0000000000
15,175,0.0000000100,3,40,20,100,16.7819926235,50,33.2180073765,12.5000000000,8.3045018441,37.5000000000,24.9135055323,0.0000000000,0.0000000000,500.0000000000,586.0000000000,100,4.2870000000,16.0000000000,0.0000000000,0.0000000000
18,175,0.0000000100,3,40,20,100,16.7819926235,50,33.2180073765,12.5000000000,8.3045018441,37.5000000000,24.9135055323,0.0000000000,0.0000000000,500.0000000000,586.0000000000,100,3.5730000000,16.0000000000,0.0000000000,0.0000000000
21,175,0.0000000100,3,40,20,100,16.7819926235,50,33.2180073765,12.5000000000,8.3045018441,37.5000000000,24.9135055323,0.0000000000,0.0000000000,500.0000000000,586.0000000000,100,3.0630000000,16.0000000000,0.0000000000,0.0000000000
24,175,0.0000000100,3,40,20,100,16.7819926235,50,33.2180073765,12.5000000000,8.3045018441,37.5000000000,24.9135055323,0.0000000000,0.0000000000,500.0000000000,586.0000000000,100,2.6800000000,16.0000000000,0.0000000000,0.0000000000
18,25,0.0000000100,3,40,20,100,16.7819926235,50,33.2180073765,12.5000000000,8.3045018441,37.5000000000,24.9135055323,0.0000000000,0.0000000000,500.0000000000,586.0000000000,100,0.5100000000,16.0000000000,0.0000000000,0.0000000000
18,125,0.0000000100,3,40,20,100,16.7819926235,50,33.2180073765,12.5000000000,8.3045018441,37.5000000000,24.9135055323,0.0000000000,0.0000000000,500.0000000000,586.0000000000,100,2.5520000000,16.0000000000,0.0000000000,0.0000000000
18,225,0.0000000100,3,40,20,100,16.7819926235,50,33.2180073765,12.5000000000,8.3045018441,37.5000000000,24.9135055323,0.0000000000,0.0000000000,500.0000000000,586.0000000000,100,4.5940000000,16.0000000000,0.0000000000,0.0000000000
18,275,0.0000000100,3,40,20,100,16.7819926235,50,33.2180073765,12.5000000000,8.3045018441,37.5000000000,24.9135055323,0.0000000000,0.0000000000,500.0000000000,586.0000000000,100,5.6140000000,16.0000000000,0.0000000000,0.0000000000
18,325,0.0000000100,3,40,20,100,16.7819926235,50,33.2180073765,12.5000000000,8.3045018441,37.5000000000,24.9135055323,0.0000000000,0.0000000000,500.0000000000,586.0000000000,100,6.6360000000,16.0000000000,0.0000000000,0.0000000000
15,175,0.0000000100,3,40,20,100,16.7819926235,50,33.2180073765,12.5000000000,8.3045018441,37.5000000000,24.9135055323,12.5000000000,8.3045018441,-1.0000000000,0.0000000000,-1,4.5280000000,16.0000000000,12.5000000000,8.3045018441
18,175,0.0000000100,3,40,20,100,16.7819926235,50,33.2180073765,12.5000000000,8.3045018441,37.5000000000,24.9135055323,12.5000000000,8.3045018441,-1.0000000000,0.0000000000,-1,3.7410000000,16.0000000000,12.5000000000,8.3045018441
21,175,0.0000000100,3,40,20,100,16.7819926235,50,33.2180073765,12.5000000000,8.3045018441,37.5000000000,24.9135055323,12.5000000000,8.3045018441,-1.0000000000,0.0000000000,-1,3.1860000000,16.0000000000,12.5000000000,8.3045018441
24,175,0.0000000100,3,40,20,100,16.7819926235,50,33.2180073765,12.5000000000,8.3045018441,37.5000000000,24.9135055323,12.5000000000,8.3045018441,-1.0000000000,0.0000000000,-1,2.7700000000,16.0000000000,12.5000000000,8.3045018441
18,25,0.0000000100,3,40,20,100,16.7819926235,50,33.2180073765,12.5000000000,8.3045018441,37.5000000000,24.9135055323,12.5000000000,8.3045018441,-1.0000000000,0.0000000000,-1,0.5380000000,16.0000000000,12.5000000000,8.3045018441
18,75,0.0000000100,3,40,20,100,16.7819926235,50,33.2180073765,12.5000000000,8.3045018441,37.5000000000,24.9135055323,12.5000000000,8.3045018441,-1.0000000000,0.0000000000,-1,1.6050000000,16.0000000000,12.5000000000,8.3045018441
18,325,0.0000000100,3,40,20,100,16.7819926235,50,33.2180073765,12.5000000000,8.3045018441,37.5000000000,24.9135055323,12.5000000000,8.3045018441,-1.0000000000,0.0000000000,-1,6.9400000000,16.0000000000,12.5000000000,8.3045018441
15,175,0.0000000100,3,40,20,100,16.7819926235,50,33.2180073765,12.5000000000,8.3045018441,37.5000000000,24.9135055323,12.5000000000,8.3045018441,30.0000000000,315.9000000000,100,4.5260000000,16.0000000000,12.5000000000,8.3045018441
18,175,0.0000000100,3,40,20,100,16.7819926235,50,33.2180073765,12.5000000000,8.3045018441,37.5000000000,24.9135055323,12.5000000000,8.3045018441,30.0000000000,315.9000000000,100,3.7390000000,16.0000000000,12.5000000000,8.3045018441
21,175,0.0000000100,3,40,20,100,16.7819926235,50,33.2180073765,12.5000000000,8.3045018441,37.5000000000,24.9135055323,12.5000000000,8.3045018441,30.0000000000,315.9000000000,100,3.1850000000,16.0000000000,12.5000000000,8.3045018441
24,175,0.0000000100,3,40,20,100,16.7819926235,50,33.2180073765,12.5000000000,8.3045018441,37.5000000000,24.9135055323,12.5000000000,8.3045018441,30.0000000000,315.9000000000,100,2.7730000000,16.0000000000,12.5000000000,8.3045018441
18,25,0.0000000100,3,40,20,100,16.7819926235,50,33.2180073765,12.5000000000,8.3045018441,37.5000000000,24.9135055323,12.5000000000,8.3045018441,30.0000000000,315.9000000000,100,0.5370000000,16.0000000000,12.5000000000,8.3045018441
18,75,0.0000000100,3,40,20,100,16.7819926235,50,33.2180073765,12.5000000000,8.3045018441,37.5000000000,24.9135055323,12.5000000000,8.3045018441,30.0000000000,315.9000000000,100,1.6030000000,16.0000000000,12.5000000000,8.3045018441
18,325,0.0000000100,3,40,20,100,16.7819926235,50,33.2180073765,12.5000000000,8.3045018441,37.5000000000,24.9135055323,12.5000000000,8.3045018441,30.0000000000,315.9000000000,100,6.9440000000,16.0000000000,12.5000000000,8.3045018441
15,175,0.0000000100,3,40,20,100,16.7819926235,50,33.2180073765,12.5000000000,8.3045018441,37.5000000000,24.9135055323,12.5000000000,8.3045018441,200.0000000000,480.5000000000,100,4.5260000000,16.0000000000,12.5000000000,8.3045018441
18,175,0.0000000100,3,40,20,100,16.7819926235,50,33.2180073765,12.5000000000,8.3045018441,37.5000000000,24.9135055323,12.5000000000,8.3045018441,200.0000000000,480.5000000000,100,3.7390000000,16.0000000000,12.5000000000,8.3045018441
21,175,0.0000000100,3,40,20,100,16.7819926235,50,33.2180073765,12.5000000000,8.3045018441,37.5000000000,24.9135055323,12.5000000000,8.3045018441,200.0000000000,480.5000000000,100,3.1850000000,16.0000000000,12.5000000000,8.3045018441
24,175,0.0000000100,3,40,20,100,16.7819926235,50,33.2180073765,12.5000000000,8.3045018441,37.5000000000,24.9135055323,12.5000000000,8.3045018441,200.0000000000,480.5000000000,100,2.7730000000,16.0000000000,12.5000000000,8.3045018441
18,25,0.0000000100,3,40,20,100,16.7819926235,50,33.2180073765,12.5000000000,8.3045018441,37.5000000000,24.9135055323,12.5000000000,8.3045018441,200.0000000000,480.5000000000,100,0.5370000000,16.0000000000,12.5000000000,8.3045018441
18,75,0.0000000100,3,40,20,100,16.7819926235,50,33.2180073765,12.5000000000,8.3045018441,37.5000000000,24.9135055323,12.5000000000,8.3045018441,200.0000000000,480.5000000000,100,1.6030000000,16.0000000000,12.5000000000,8.3045018441
18,325,0.0000000100,3,40,20,100,16.7819926235,50,33.2180073765,12.5000000000,8.3045018441,37.5000000000,24.9135055323,12.5000000000,8.3045018441,200.0000000000,480.5000000000,100,6.9440000000,16.0000000000,12.5000000000,8.3045018441
15,175,0.0000000100,3,40,20,100,16.7819926235,50,33.2180073765,12.5000000000,8.3045018441,37.5000000000,24.9135055323,12.5000000000,8.3045018441,500.0000000000,586.0000000000,100,4.5260000000,16.0000000000,12.5000000000,8.3045018441
18,175,0.0000000100,3,40,20,100,16.7819926235,50,33.2180073765,12.5000000000,8.3045018441,37.5000000000,24.9135055323,12.5000000000,8.3045018441,500.0000000000,586.0000000000,100,3.7390000000,16.0000000000,12.5000000000,8.3045018441
21,175,0.0000000100,3,40,20,100,16.7819926235,50,33.2180073765,12.5000000000,8.3045018441,37.5000000000,24.9135055323,12.5000000000,8.3045018441,500.0000000000,586.0000000000,100,3.1850000000,16.0000000000,12.5000000000,8.3045018441
24,175,0.0000000100,3,40,20,100,16.7819926235,50,33.2180073765,12.5000000000,8.3045018441,37.5000000000,24.9135055323,12.5000000000,8.3045018441,500.0000000000,586.0000000000,100,2.7730000000,16.0000000000,12.5000000000,8.3045018441
18,25,0.0000000100,3,40,20,100,16.7819926235,50,33.2180073765,12.5000000000,8.3045018441,37.5000000000,24.9135055323,12.5000000000,8.3045018441,500.0000000000,586.0000000000,100,0.5370000000,16.0000000000,12.5000000000,8.3045018441
18,75,0.0000000100,3,40,20,100,16.7819926235,50,33.2180073765,12.5000000000,8.3045018441,37.5000000000,24.9135055323,12.5000000000,8.3045018441,500.0000000000,586.0000000000,100,1.6030000000,16.0000000000,12.5000000000,8.3045018441
18,325,0.0000000100,3,40,20,100,16.7819926235,50,33.2180073765,12.5000000000,8.3045018441,37.5000000000,24.9135055323,12.5000000000,8.3045018441,500.0000000000,586.0000000000,100,6.9440000000,16.0000000000,12.5000000000,8.3045018441
12,175,0.0000000100,3,40,20,100,16.7819926235,50,33.2180073765,12.5000000000,8.3045018441,37.5000000000,24.9135055323,11.2490000000,0.0000000000,-1.0000000000,0.0000000000,-1,5.5690000000,16.0000000000,11.2490000000,0.0000000000
15,175,0.0000000100,3,40,20,100,16.7819926235,50,33.2180073765,12.5000000000,8.3045018441,37.5000000000,24.9135055323,11.2490000000,0.0000000000,-1.0000000000,0.0000000000,-1,4.4220000000,16.0000000000,11.2490000000,0.0000000000
18,175,0.0000000100,3,40,20,100,16.7819926235,50,33.2180073765,12.5000000000,8.3045018441,37.5000000000,24.9135055323,11.2490000000,0.0000000000,-1.0000000000,0.0000000000,-1,3.6690000000,16.0000000000,11.2490000000,0.0000000000
21,175,0.0000000100,3,40,20,100,16.7819926235,50,33.2180073765,12.5000000000,8.3045018441,37.5000000000,24.9135055323,11.2490000000,0.0000000000,-1.0000000000,0.0000000000,-1,3.1290000000,16.0000000000,11.2490000000,0.0000000000
24,175,0.0000000100,3,40,20,100,16.7819926235,50,33.2180073765,12.5000000000,8.3045018441,37.5000000000,24.9135055323,11.2490000000,0.0000000000,-1.0000000000,0.0000000000,-1,2.7330000000,16.0000000000,11.2490000000,0.0000000000
18,25,0.0000000100,3,40,20,100,16.7819926235,50,33.2180073765,12.5000000000,8.3045018441,37.5000000000,24.9135055323,11.2490000000,0.0000000000,-1.0000000000,0.0000000000,-1,0.5230000000,16.0000000000,11.2490000000,0.0000000000
18,75,0.0000000100,3,40,20,100,16.7819926235,50,33.2180073765,12.5000000000,8.3045018441,37.5000000000,24.9135055323,11.2490000000,0.0000000000,-1.0000000000,0.0000000000,-1,1.5750000000,16.0000000000,11.2490000000,0.0000000000
18,125,0.0000000100,3,40,20,100,16.7819926235,50,33.2180073765,12.5000000000,8.3045018441,37.5000000000,24.9135055323,11.2490000000,0.0000000000,-1.0000000000,0.0000000000,-1,2.6200000000,16.0000000000,11.2490000000,0.0000000000
18,275,0.0000000100,3,40,20,100,16.7819926235,50,33.2180073765,12.5000000000,8.3045018441,37.5000000000,24.9135055323,11.2490000000,0.0000000000,-1.0000000000,0.0000000000,-1,5.7590000000,16.0000000000,11.2490000000,0.0000000000
18,325,0.0000000100,3,40,20,100,16.7819926235,50,33.2180073765,12.5000000000,8.3045018441,37.5000000000,24.9135055323,11.2490000000,0.0000000000,-1.0000000000,0.0000000000,-1,6.8060000000,16.0000000000,11.2490000000,0.0000000000
12,175,0.0000000100,3,40,20,100,16.7819926235,50,33.2180073765,12.5000000000,8.3045018441,37.5000000000,24.9135055323,11.2490000000,0.0000000000,30.0000000000,315.9000000000,100,5.5510000000,16.0000000000,11.2490000000,0.0000000000
15,175,0.0000000100,3,40,20,100,16.7819926235,50,33.2180073765,12.5000000000,8.3045018441,37.5000000000,24.9135055323,11.2490000000,0.0000000000,30.0000000000,315.9000000000,100,4.4130000000,16.0000000000,11.2490000000,0.0000000000
18,175,0.0000000100,3,40,20,100,16.7819926235,50,33.2180073765,12.5000000000,8.3045018441,37.5000000000,24.9135055323,11.2490000000,0.0000000000,30.0000000000,315.9000000000,100,3.6620000000,16.0000000000,11.2490000000,0.0000000000
21,175,0.0000000100,3,40,20,100,16.7819926235,50,33.2180073765,12.5000000000,8.3045018441,37.5000000000,24.9135055323,11.1890000000,0.0000000000,30.0000000000,315.9000000000,100,3.1280000000,16.0000000000,11.1890000000,0.0000000000
24,175,0.0000000100,3,40,20,100,16.7819926235,50,33.2180073765,12.5000000000,8.3045018441,37.5000000000,24.9135055323,11.1890000000,0.0000000000,30.0000000000,315.9000000000,100,2.7260000000,16.0000000000,11.1890000000,0.0000000000
18,25,0.0000000100,3,40,20,100,16.7819926235,50,33.2180073765,12.5000000000,8.3045018441,37.5000000000,24.9135055323,11.1890000000,0.0000000000,30.0000000000,315.9000000000,100,0.5260000000,16.0000000000,11.1890000000,0.0000000000
18,75,0.0000000100,3,40,20,100,16.7819926235,50,33.2180073765,12.5000000000,8.3045018441,37.5000000000,24.9135055323,11.1890000000,0.0000000000,30.0000000000,315.9000000000,100,1.5710000000,16.0000000000,11.1890000000,0.0000000000
18,125,0.0000000100,3,40,20,100,16.7819926235,50,33.2180073765,12.5000000000,8.3045018441,37.5000000000,24.9135055323,11.1890000000,0.0000000000,30.0000000000,315.9000000000,100,2.6140000000,16.0000000000,11.1890000000,0.0000000000
18,175,0.0000000100,3,40,20,100,16.7819926235,50,33.2180073765,12.5000000000,8.3045018441,37.5000000000,24.9135055323,11.1890000000,0.0000000000,30.0000000000,315.9000000000,100,3.6620000000,16.0000000000,11.1890000000,0.0000000000
18,225,0.0000000100,3,40,20,100,16.7819926235,50,33.2180073765,12.5000000000,8.3045018441,37.5000000000,24.9135055323,11.1890000000,0.0000000000,30.0000000000,315.9000000000,100,4.7060000000,16.0000000000,11.1890000000,0.0000000000
18,275,0.0000000100,3,40,20,100,16.7819926235,50,33.2180073765,12.5000000000,8.3045018441,37.5000000000,24.9135055323,11.1890000000,0.0000000000,30.0000000000,315.9000000000,100,5.7480000000,16.0000000000,11.1890000000,0.0000000000
12,175,0.0000000100,3,40,20,100,16.7819926235,50,33.2180073765,12.5000000000,8.3045018441,37.5000000000,24.9135055323,11.1890000000,0.0000000000,200.0000000000,480.5000000000,100,5.5510000000,16.0000000000,11.1890000000,0.0000000000
18,175,0.0000000100,3,40,20,100,16.7819926235,50,33.2180073765,12.5000000000,8.3045018441,37.5000000000,24.9135055323,11.1890000000,0.0000000000,200.0000000000,480.5000000000,100,3.6620000000,16.0000000000,11.1890000000,0.0000000000
21,175,0.0000000100,3,40,20,100,16.7819926235,50,33.2180073765,12.5000000000,8.3045018441,37.5000000000,24.9135055323,11.1890000000,0.0000000000,200.0000000000,480.5000000000,100,3.1280000000,16.0000000000,11.1890000000,0.0000000000
24,175,0.0000000100,3,40,20,100,16.7819926235,50,33.2180073765,12.5000000000,8.3045018441,37.5000000000,24.9135055323,11.1890000000,0.0000000000,200.0000000000,480.5000000000,100,2.7260000000,16.0000000000,11.1890000000,0.0000000000
18,25,0.0000000100,3,40,20,100,16.7819926235,50,33.2180073765,12.5000000000,8.3045018441,37.5000000000,24.9135055323,11.1890000000,0.0000000000,200.0000000000,480.5000000000,100,0.5260000000,16.0000000000,11.1890000000,0.0000000000
18,75,0.0000000100,3,40,20,100,16.7819926235,50,33.2180073765,12.5000000000,8.3045018441,37.5000000000,24.9135055323,11.1890000000,0.0000000000,200.0000000000,480.5000000000,100,1.5710000000,16.0000000000,11.1890000000,0.0000000000
18,125,0.0000000100,3,40,20,100,16.7819926235,50,33.2180073765,12.5000000000,8.3045018441,37.5000000000,24.9135055323,11.1890000000,0.0000000000,200.0000000000,480.5000000000,100,2.6140000000,16.0000000000,11.1890000000,0.0000000000
18,225,0.0000000100,3,40,20,100,16.7819926235,50,33.2180073765,12.5000000000,8.3045018441,37.5000000000,24.9135055323,11.1890000000,0.0000000000,200.0000000000,480.5000000000,100,4.7060000000,16.0000000000,11.1890000000,0.0000000000
18,275,0.0000000100,3,40,20,100,16.7819926235,50,33.2180073765,12.5000000000,8.3045018441,37.5000000000,24.9135055323,11.1890000000,0.0000000000,200.0000000000,480.5000000000,100,5.7480000000,16.0000000000,11.1890000000,0.0000000000
12,175,0.0000000100,3,40,20,100,16.7819926235,50,33.2180073765,12.5000000000,8.3045018441,37.5000000000,24.9135055323,11.1890000000,0.0000000000,500.0000000000,586.0000000000,100,5.5510000000,16.0000000000,11.1890000000,0.0000000000
18,175,0.0000000100,3,40,20,100,16.7819926235,50,33.2180073765,12.5000000000,8.3045018441,37.5000000000,24.9135055323,11.1890000000,0.0000000000,500.0000000000,586.0000000000,100,3.6620000000,16.0000000000,11.1890000000,0.0000000000
21,175,0.0000000100,3,40,20,100,16.7819926235,50,33.2180073765,12.5000000000,8.3045018441,37.5000000000,24.9135055323,11.1890000000,0.0000000000,500.0000000000,586.0000000000,100,3.1280000000,16.0000000000,11.1890000000,0.0000000000
24,175,0.0000000100,3,40,20,100,16.7819926235,50,33.2180073765,12.5000000000,8.3045018441,37.5000000000,24.9135055323,11.1890000000,0.0000000000,500.0000000000,586.0000000000,100,2.7260000000,16.0000000000,11.1890000000,0.0000000000
18,25,0.0000000100,3,40,20,100,16.7819926235,50,33.2180073765,12.5000000000,8.3045018441,37.5000000000,24.9135055323,11.1890000000,0.0000000000,500.0000000000,586.0000000000,100,0.5260000000,16.0000000000,11.1890000000,0.0000000000
18,75,0.0000000100,3,40,20,100,16.7819926235,50,33.2180073765,12.5000000000,8.3045018441,37.5000000000,24.9135055323,11.1890000000,0.0000000000,500.0000000000,586.0000000000,100,1.5710000000,16.0000000000,11.1890000000,0.0000000000
18,125,0.0000000100,3,40,20,100,16.7819926235,50,33.2180073765,12.5000000000,8.3045018441,37.5000000000,24.9135055323,11.1890000000,0.0000000000,500.0000000000,586.0000000000,100,2.6140000000,16.0000000000,11.1890000000,0.0000000000
18,225,0.0000000100,3,40,20,100,16.7819926235,50,33.2180073765,12.5000000000,8.3045018441,37.5000000000,24.9135055323,11.1890000000,0.0000000000,500.0000000000,586.0000000000,100,4.7060000000,16.0000000000,11.1890000000,0.0000000000
18,275,0.0000000100,3,40,20,100,16.7819926235,50,33.2180073765,12.5000000000,8.3045018441,37.5000000000,24.9135055323,11.1890000000,0.0000000000,500.0000000000,586.0000000000,100,5.7480000000,16.0000000000,11.1890000000,0.0000000000
12,175,0.0000000100,3,40,20,100,16.7819926235,50,33.2180073765,16.7819926235,0.0000000000,33.2180073765,33.2180073765,0.0000000000,0.0000000000,-1.0000000000,0.0000000000,-1,5.4520000000,13.0000000000,0.0000000000,0.0000000000
15,175,0.0000000100,3,40,20,100,16.7819926235,50,33.2180073765,16.7819926235,0.0000000000,33.2180073765,33.2180073765,0.0000000000,0.0000000000,-1.0000000000,0.0000000000,-1,4.3620000000,13.0000000000,0.0000000000,0.0000000000
18,175,0.0000000100,3,40,20,100,16.7819926235,50,33.2180073765,16.7819926235,0.0000000000,33.2180073765,33.2180073765,0.0000000000,0.0000000000,-1.0000000000,0.0000000000,-1,3.6370000000,13.0000000000,0.0000000000,0.0000000000
21,175,0.0000000100,3,40,20,100,16.7819926235,50,33.2180073765,16.7819926235,0.0000000000,33.2180073765,33.2180073765,0.0000000000,0.0000000000,-1.0000000000,0.0000000000,-1,3.1150000000,13.0000000000,0.0000000000,0.0000000000
24,175,0.0000000100,3,40,20,100,16.7819926235,50,33.2180073765,16.7819926235,0.0000000000,33.2180073765,33.2180073765,0.0000000000,0.0000000000,-1.0000000000,0.0000000000,-1,2.7260000000,13.0000000000,0.0000000000,0.0000000000
18,25,0.0000000100,3,40,20,100,16.7819926235,50,33.2180073765,16.7819926235,0.0000000000,33.2180073765,33.2180073765,0.0000000000,0.0000000000,-1.0000000000,0.0000000000,-1,0.5200000000,13.0000000000,0.0000000000,0.0000000000
18,125,0.0000000100,3,40,20,100,16.7819926235,50,33.2180073765,16.7819926235,0.0000000000,33.2180073765,33.2180073765,0.0000000000,0.0000000000,-1.0000000000,0.0000000000,-1,2.5960000000,13.0000000000,0.0000000000,0.0000000000
18,225,0.0000000100,3,40,20,100,16.7819926235,50,33.2180073765,16.7819926235,0.0000000000,33.2180073765,33.2180073765,0.0000000000,0.0000000000,-1.0000000000,0.0000000000,-1,4.6730000000,13.0000000000,0.0000000000,0.0000000000
18,325,0.0000000100,3,40,20,100,16.7819926235,50,33.2180073765,16.7819926235,0.0000000000,33.2180073765,33.2180073765,0.0000000000,0.0000000000,-1.0000000000,0.0000000000,-1,6.7510000000,13.0000000000,0.0000000000,0.0000000000
12,175,0.0000000100,3,40,20,100,16.7819926235,50,33.2180073765,16.7819926235,0.0000000000,33.2180073765,33.2180073765,0.0000000000,0.0000000000,30.0000000000,315.9000000000,100,5.4520000000,13.0000000000,0.0000000000,0.0000000000
15,175,0.0000000100,3,40,20,100,16.7819926235,50,33.2180073765,16.7819926235,0.0000000000,33.2180073765,33.2180073765,0.0000000000,0.0000000000,30.0000000000,315.9000000000,100,4.3620000000,13.0000000000,0.0000000000,0.0000000000
18,175,0.0000000100,3,40,20,100,16.7819926235,50,33.2180073765,16.7819926235,0.0000000000,33.2180073765,33.2180073765,0.0000000000,0.0000000000,30.0000000000,315.9000000000,100,3.6370000000,13.0000000000,0.0000000000,0.0000000000
21,175,0.0000000100,3,40,20,100,16.7819926235,50,33.2180073765,16.7819926235,0.0000000000,33.2180073765,33.2180073765,0.0000000000,0.0000000000,30.0000000000,315.9000000000,100,3.1150000000,13.0000000000,0.0000000000,0.0000000000
24,175,0.0000000100,3,40,20,100,16.7819926235,50,33.2180073765,16.7819926235,0.0000000000,33.2180073765,33.2180073765,0.0000000000,0.0000000000,30.0000000000,315.9000000000,100,2.7260000000,13.0000000000,0.0000000000,0.0000000000
18,25,0.0000000100,3,40,20,100,16.7819926235,50,33.2180073765,16.7819926235,0.0000000000,33.2180073765,33.2180073765,0.0000000000,0.0000000000,30.0000000000,315.9000000000,100,0.5200000000,13.0000000000,0.0000000000,0.0000000000
18,125,0.0000000100,3,40,20,100,16.7819926235,50,33.2180073765,16.7819926235,0.0000000000,33.2180073765,33.2180073765,0.0000000000,0.0000000000,30.0000000000,315.9000000000,100,2.5960000000,13.0000000000,0.0000000000,0.0000000000
18,225,0.0000000100,3,40,20,100,16.7819926235,50,33.2180073765,16.7819926235,0.0000000000,33.2180073765,33.2180073765,0.0000000000,0.0000000000,30.0000000000,315.9000000000,100,4.6730000000,13.0000000000,0.0000000000,0.0000000000
18,325,0.0000000100,3,40,20,100,16.7819926235,50,33.2180073765,16.7819926235,0.0000000000,33.2180073765,33.2180073765,0.0000000000,0.0000000000,30.0000000000,315.9000000000,100,6.7510000000,13.0000000000,0.0000000000,0.0000000000
12,175,0.0000000100,3,40,20,100,16.7819926235,50,33.2180073765,16.7819926235,0.0000000000,33.2180073765,33.2180073765,0.0000000000,0.0000000000,200.0000000000,480.5000000000,100,5.4520000000,13.0000000000,0.0000000000,0.0000000000
15,175,0.0000000100,3,40,20,100,16.7819926235,50,33.2180073765,16.7819926235,0.0000000000,33.2180073765,33.2180073765,0.0000000000,0.0000000000,200.0000000000,480.5000000000,100,4.3620000000,13.0000000000,0.0000000000,0.0000000000
18,175,0.0000000100,3,40,20,100,16.7819926235,50,33.2180073765,16.7819926235,0.0000000000,33.2180073765,33.2180073765,0.0000000000,0.0000000000,200.0000000000,480.5000000000,100,3.6370000000,13.0000000000,0.0000000000,0.0000000000
21,175,0.0000000100,3,40,20,100,16.7819926235,50,33.2180073765,16.7819926235,0.0000000000,33.2180073765,33.2180073765,0.0000000000,0.0000000000,200.0000000000,480.5000000000,100,3.1150000000,13.0000000000,0.0000000000,0.0000000000
24,175,0.0000000100,3,40,20,100,16.7819926235,50,33.2180073765,16.7819926235,0.0000000000,33.2180073765,33.2180073765,0.0000000000,0.0000000000,200.0000000000,480.5000000000,100,2.7260000000,13.0000000000,0.0000000000,0.0000000000
18,25,0.0000000100,3,40,20,100,16.7819926235,50,33.2180073765,16.7819926235,0.0000000000,33.2180073765,33.2180073765,0.0000000000,0.0000000000,200.0000000000,480.5000000000,100,0.5200000000,13.0000000000,0.0000000000,0.0000000000
18,125,0.0000000100,3,40,20,100,16.7819926235,50,33.2180073765,16.7819926235,0.0000000000,33.2180073765,33.2180073765,0.0000000000,0.0000000000,200.0000000000,480.5000000000,100,2.5960000000,13.0000000000,0.0000000000,0.0000000000
18,225,0.0000000100,3,40,20,100,16.7819926235,50,33.2180073765,16.7819926235,0.0000000000,33.2180073765,33.2180073765,0.0000000000,0.0000000000,200.0000000000,480.5000000000,100,4.6730000000,13.0000000000,0.0000000000,0.0000000000
18,325,0.0000000100,3,40,20,100,16.7819926235,50,33.2180073765,16.7819926235,0.0000000000,33.2180073765,33.2180073765,0.0000000000,0.0000000000,200.0000000000,480.5000000000,100,6.7510000000,13.0000000000,0.0000000000,0.0000000000
12,175,0.0000000100,3,40,20,100,16.7819926235,50,33.2180073765,16.7819926235,0.0000000000,33.2180073765,33.2180073765,0.0000000000,0.0000000000,500.0000000000,586.0000000000,100,5.4520000000,13.0000000000,0.0000000000,0.0000000000
15,175,0.0000000100,3,40,20,100,16.7819926235,50,33.2180073765,16.7819926235,0.0000000000,33.2180073765,33.2180073765,0.0000000000,0.0000000000,500.0000000000,586.0000000000,100,4.3620000000,13.0000000000,0.0000000000,0.0000000000
18,175,0.0000000100,3,40,20,100,16.7819926235,50,33.2180073765,16.7819926235,0.0000000000,33.2180073765,33.2180073765,0.0000000000,0.0000000000,500.0000000000,586.0000000000,100,3.6370000000,13.0000000000,0.0000000000,0.0000000000
21,175,0.0000000100,3,40,20,100,16.7819926235,50,33.2180073765,16.7819926235,0.0000000000,33.2180073765,33.2180073765,0.0000000000,0.0000000000,500.0000000000,586.0000000000,100,3.1150000000,13.0000000000,0.0000000000,0.0000000000
24,175,0.0000000100,3,40,20,100,16.7819926235,50,33.2180073765,16.7819926235,0.0000000000,33.2180073765,33.2180073765,0.0000000000,0.0000000000,500.0000000000,586.0000000000,100,2.7260000000,13.0000000000,0.0000000000,0.0000000000
18,25,0.0000000100,3,40,20,100,16.7819926235,50,33.2180073765,16.7819926235,0.0000000000,33.2180073765,33.2180073765,0.0000000000,0.0000000000,500.0000000000,586.0000000000,100,0.5200000000,13.0000000000,0.0000000000,0.0000000000
18,125,0.0000000100,3,40,20,100,16.7819926235,50,33.2180073765,16.7819926235,0.0000000000,33.2180073765,33.2180073765,0.0000000000,0.0000000000,500.0000000000,586.0000000000,100,2.5960000000,13.0000000000,0.0000000000,0.0000000000
18,225,0.0000000100,3,40,20,100,16.7819926235,50,33.2180073765,16.7819926235,0.0000000000,33.2180073765,33.2180073765,0.0000000000,0.0000000000,500.0000000000,586.0000000000,100,4.6730000000,13.0000000000,0.0000000000,0.0000000000
18,325,0.0000000100,3,40,20,100,16.7819926235,50,33.2180073765,16.7819926235,0.0000000000,33.2180073765,33.2180073765,0.0000000000,0.0000000000,500.0000000000,586.0000000000,100,6.7510000000,13.0000000000,0.0000000000,0.0000000000
12,175,0.0000000100,3,40,20,100,16.7819926235,50,33.2180073765,16.7819926235,0.0000000000,33.2180073765,33.2180073765,16.7819926235,0.0000000000,-1.0000000000,0.0000000000,-1,5.9180000000,13.0000000000,16.7819926235,0.0000000000
15,175,0.0000000100,3,40,20,100,16.7819926235,50,33.2180073765,16.7819926235,0.0000000000,33.2180073765,33.2180073765,16.7819926235,0.0000000000,-1.0000000000,0.0000000000,-1,4.6550000000,13.0000000000,16.7819926235,0.0000000000
18,175,0.0000000100,3,40,20,100,16.7819926235,50,33.2180073765,16.7819926235,0.0000000000,33.2180073765,33.2180073765,16.7819926235,0.0000000000,-1.0000000000,0.0000000000,-1,3.8360000000,13.0000000000,16.7819926235,0.0000000000
21,175,0.0000000100,3,40,20,100,16.7819926235,50,33.2180073765,16.7819926235,0.0000000000,33.2180073765,33.2180073765,16.7819926235,0.0000000000,-1.0000000000,0.0000000000,-1,3.2620000000,13.0000000000,16.7819926235,0.0000000000
24,175,0.0000000100,3,40,20,100,16.7819926235,50,33.2180073765,16.7819926235,0.0000000000,33.2180073765,33.2180073765,16.7819926235,0.0000000000,-1.0000000000,0.0000000000,-1,2.8350000000,13.0000000000,16.7819926235,0.0000000000
18,25,0.0000000100,3,40,20,100,16.7819926235,50,33.2180073765,16.7819926235,0.0000000000,33.2180073765,33.2180073765,16.7819926235,0.0000000000,-1.0000000000,0.0000000000,-1,0.5490000000,13.0000000000,16.7819926235,0.0000000000
18,125,0.0000000100,3,40,20,100,16.7819926235,50,33.2180073765,16.7819926235,0.0000000000,33.2180073765,33.2180073765,16.7819926235,0.0000000000,-1.0000000000,0.0000000000,-1,2.7380000000,13.0000000000,16.7819926235,0.0000000000
18,225,0.0000000100,3,40,20,100,16.7819926235,50,33.2180073765,16.7819926235,0.0000000000,33.2180073765,33.2180073765,16.7819926235,0.0000000000,-1.0000000000,0.0000000000,-1,4.9320000000,13.0000000000,16.7819926235,0.0000000000
18,275,0.0000000100,3,40,20,100,16.7819926235,50,33.2180073765,16.7819926235,0.0000000000,33.2180073765,33.2180073765,16.7819926235,0.0000000000,-1.0000000000,0.0000000000,-1,6.0280000000,13.0000000000,16.7819926235,0.0000000000
18,325,0.0000000100,3,40,20,100,16.7819926235,50,33.2180073765,16.7819926235,0.0000000000,33.2180073765,33.2180073765,16.7819926235,0.0000000000,-1.0000000000,0.0000000000,-1,7.1240000000,13.0000000000,16.7819926235,0.0000000000
12,175,0.0000000100,3,40,20,100,16.7819926235,50,33.2180073765,16.7819926235,0.0000000000,33.2180073765,33.2180073765,16.7819926235,0.0000000000,30.0000000000,315.9000000000,100,5.8840000000,13.0000000000,16.7819926235,0.0000000000
15,175,0.0000000100,3,40,20,100,16.7819926235,50,33.2180073765,16.7819926235,0.0000000000,33.2180073765,33.2180073765,16.7819926235,0.0000000000,30.0000000000,315.9000000000,100,4.6340000000,13.0000000000,16.7819926235,0.0000000000
18,175,0.0000000100,3,40,20,100,16.7819926235,50,33.2180073765,16.7819926235,0.0000000000,33.2180073765,33.2180073765,16.7819926235,0.0000000000,30.0000000000,315.9000000000,100,3.8220000000,13.0000000000,16.7819926235,0.0000000000
21,175,0.0000000100,3,40,20,100,16.7819926235,50,33.2180073765,16.7819926235,0.0000000000,33.2180073765,33.2180073765,16.7819926235,0.0000000000,30.0000000000,315.9000000000,100,3.2510000000,13.0000000000,16.7819926235,0.0000000000
24,175,0.0000000100,3,40,20,100,16.7819926235,50,33.2180073765,16.7819926235,0.0000000000,33.2180073765,33.2180073765,16.7819926235,0.0000000000,30.0000000000,315.9000000000,100,2.8270000000,13.0000000000,16.7819926235,0.0000000000
18,25,0.0000000100,3,40,20,100,16.7819926235,50,33.2180073765,16.7819926235,0.0000000000,33.2180073765,33.2180073765,16.7819926235,0.0000000000,30.0000000000,315.9000000000,100,0.5460000000,13.0000000000,16.7819926235,0.0000000000
18,125,0.0000000100,3,40,20,100,16.7819926235,50,33.2180073765,16.7819926235,0.0000000000,33.2180073765,33.2180073765,16.7819926235,0.0000000000,30.0000000000,315.9000000000,100,2.7270000000,13.0000000000,16.7819926235,0.0000000000
18,225,0.0000000100,3,40,20,100,16.7819926235,50,33.2180073765,16.7819926235,0.0000000000,33.2180073765,33.2180073765,16.7819926235,0.0000000000,30.0000000000,315.9000000000,100,4.9140000000,13.0000000000,16.7819926235,0.0000000000
18,275,0.0000000100,3,40,20,100,16.7819926235,50,33.2180073765,16.7819926235,0.0000000000,33.2180073765,33.2180073765,16.7819926235,0.0000000000,30.0000000000,315.9000000000,100,6.0060000000,13.0000000000,16.7819926235,0.0000000000
18,325,0.0000000100,3,40,20,100,16.7819926235,50,33.2180073765,16.7819926235,0.0000000000,33.2180073765,33.2180073765,16.7819926235,0.0000000000,30.0000000000,315.9000000000,100,7.0980000000,13.0000000000,16.7819926235,0.0000000000
12,175,0.0000000100,3,40,20,100,16.7819926235,50,33.2180073765,16.7819926235,0.0000000000,33.2180073765,33.2180073765,16.7819926235,0.0000000000,200.0000000000,480.5000000000,100,5.8840000000,13.0000000000,16.7819926235,0.0000000000
15,175,0.0000000100,3,40,20,100,16.7819926235,50,33.2180073765,16.7819926235,0.0000000000,33.2180073765,33.2180073765,16.7819926235,0.0000000000,200.0000000000,480.5000000000,100,4.6340000000,13.0000000000,16.7819926235,0.0000000000
18,175,0.0000000100,3,40,20,100,16.7819926235,50,33.2180073765,16.7819926235,0.0000000000,33.2180073765,33.2180073765,16.7819926235,0.0000000000,200.0000000000,480.5000000000,100,3.8220000000,13.0000000000,16.7819926235,0.0000000000
21,175,0.0000000100,3,40,20,100,16.7819926235,50,33.2180073765,16.7819926235,0.0000000000,33.2180073765,33.2180073765,16.7819926235,0.0000000000,200.0000000000,480.5000000000,100,3.2510000000,13.0000000000,16.7819926235,0.0000000000
24,175,0.0000000100,3,40,20,100,16.7819926235,50,33.2180073765,16.7819926235,0.0000000000,33.2180073765,33.2180073765,16.7819926235,0.0000000000,200.0000000000,480.5000000000,100,2.8270000000,13.0000000000,16.7819926235,0.0000000000
18,25,0.0000000100,3,40,20,100,16.7819926235,50,33.2180073765,16.7819926235,0.0000000000,33.2180073765,33.2180073765,16.7819926235,0.0000000000,200.0000000000,480.5000000000,100,0.5460000000,13.0000000000,16.7819926235,0.0000000000
18,125,0.0000000100,3,40,20,100,16.7819926235,50,33.2180073765,16.7819926235,0.0000000000,33.2180073765,33.2180073765,16.7819926235,0.0000000000,200.0000000000,480.5000000000,100,2.7270000000,13.0000000000,16.7819926235,0.0000000000
18,225,0.0000000100,3,40,20,100,16.7819926235,50,33.2180073765,16.7819926235,0.0000000000,33.2180073765,33.2180073765,16.7819926235,0.0000000000,200.0000000000,480.5000000000,100,4.9140000000,13.0000000000,16.7819926235,0.0000000000
18,275,0.0000000100,3,40,20,100,16.7819926235,50,33.2180073765,16.7819926235,0.0000000000,33.2180073765,33.2180073765,16.7819926235,0.0000000000,200.0000000000,480.5000000000,100,6.0060000000,13.0000000000,16.7819926235,0.0000000000
18,325,0.0000000100,3,40,20,100,16.7819926235,50,33.2180073765,16.7819926235,0.0000000000,33.2180073765,33.2180073765,16.7819926235,0.0000000000,200.0000000000,480.5000000000,100,7.0980000000,13.0000000000,16.7819926235,0.0000000000
12,175,0.0000000100,3,40,20,100,16.7819926235,50,33.2180073765,16.7819926235,0.0000000000,33.2180073765,33.2180073765,16.7819926235,0.0000000000,500.0000000000,586.0000000000,100,5.8840000000,13.0000000000,16.7819926235,0.0000000000
15,175,0.0000000100,3,40,20,100,16.7819926235,50,33.2180073765,16.7819926235,0.0000000000,33.2180073765,33.2180073765,16.7819926235,0.0000000000,500.0000000000,586.0000000000,100,4.6340000000,13.0000000000,16.7819926235,0.0000000000
18,175,0.0000000100,3,40,20,100,16.7819926235,50,33.2180073765,16.7819926235,0.0000000000,33.2180073765,33.2180073765,16.7819926235,0.0000000000,500.0000000000,586.0000000000,100,3.8220000000,13.0000000000,16.7819926235,0.0000000000
21,175,0.0000000100,3,40,20,100,16.7819926235,50,33.2180073765,16.7819926235,0.0000000000,33.2180073765,33.2180073765,16.7819926235,0.0000000000,500.0000000000,586.0000000000,100,3.2510000000,13.0000000000,16.7819926235,0.0000000000
24,175,0.0000000100,3,40,20,100,16.7819926235,50,33.2180073765,16.7819926235,0.0000000000,33.2180073765,33.2180073765,16.7819926235,0.0000000000,500.0000000000,586.0000000000,100,2.8270000000,13.0000000000,16.7819926235,0.0000000000
18,25,0.0000000100,3,40,20,100,16.7819926235,50,33.2180073765,16.7819926235,0.0000000000,33.2180073765,33.2180073765,16.7819926235,0.0000000000,500.0000000000,586.0000000000,100,0.5460000000,13.0000000000,16.7819926235,0.0000000000
18,125,0.0000000100,3,40,20,100,16.7819926235,50,33.2180073765,16.7819926235,0.0000000000,33.2180073765,33.2180073765,16.7819926235,0.0000000000,500.0000000000,586.0000000000,100,2.7270000000,13.0000000000,16.7819926235,0.0000000000
18,225,0.0000000100,3,40,20,100,16.7819926235,50,33.2180073765,16.7819926235,0.0000000000,33.2180073765,33.2180073765,16.7819926235,0.0000000000,500.0000000000,586.0000000000,100,4.9140000000,13.0000000000,16.7819926235,0.0000000000
18,275,0.0000000100,3,40,20,100,16.7819926235,50,33.2180073765,16.7819926235,0.0000000000,33.2180073765,33.2180073765,16.7819926235,0.0000000000,500.0000000000,586.0000000000,100,6.0060000000,13.0000000000,16.7819926235,0.0000000000
18,325,0.0000000100,3,40,20,100,16.7819926235,50,33.2180073765,16.7819926235,0.0000000000,33.2180073765,33.2180073765,16.7819926235,0.0000000000,500.0000000000,586.0000000000,100,7.0980000000,13.0000000000,16.7819926235,0.0000000000
15,175,0.0000000100,3,40,20,100,16.7819926235,50,33.2180073765,16.7819926235,0.0000000000,33.2180073765,33.2180073765,11.2490000000,0.0000000000,-1.0000000000,0.0000000000,-1,4.5550000000,13.0000000000,11.2490000000,0.0000000000
18,175,0.0000000100,3,40,20,100,16.7819926235,50,33.2180073765,16.7819926235,0.0000000000,33.2180073765,33.2180073765,11.2490000000,0.0000000000,-1.0000000000,0.0000000000,-1,3.7680000000,13.0000000000,11.2490000000,0.0000000000
21,175,0.0000000100,3,40,20,100,16.7819926235,50,33.2180073765,16.7819926235,0.0000000000,33.2180073765,33.2180073765,11.2490000000,0.0000000000,-1.0000000000,0.0000000000,-1,3.2130000000,13.0000000000,11.2490000000,0.0000000000
24,175,0.0000000100,3,40,20,100,16.7819926235,50,33.2180073765,16.7819926235,0.0000000000,33.2180073765,33.2180073765,11.2490000000,0.0000000000,-1.0000000000,0.0000000000,-1,2.7980000000,13.0000000000,11.2490000000,0.0000000000
18,125,0.0000000100,3,40,20,100,16.7819926235,50,33.2180073765,16.7819926235,0.0000000000,33.2180073765,33.2180073765,11.2490000000,0.0000000000,-1.0000000000,0.0000000000,-1,2.6900000000,13.0000000000,11.2490000000,0.0000000000
18,225,0.0000000100,3,40,20,100,16.7819926235,50,33.2180073765,16.7819926235,0.0000000000,33.2180073765,33.2180073765,11.2490000000,0.0000000000,-1.0000000000,0.0000000000,-1,4.8450000000,13.0000000000,11.2490000000,0.0000000000
18,325,0.0000000100,3,40,20,100,16.7819926235,50,33.2180073765,16.7819926235,0.0000000000,33.2180073765,33.2180073765,11.2490000000,0.0000000000,-1.0000000000,0.0000000000,-1,6.9980000000,13.0000000000,11.2490000000,0.0000000000
15,175,0.0000000100,3,40,20,100,16.7819926235,50,33.2180073765,16.7819926235,0.0000000000,33.2180073765,33.2180073765,11.2490000000,0.0000000000,30.0000000000,315.9000000000,100,4.5350000000,13.0000000000,11.2490000000,0.0000000000
18,175,0.0000000100,3,40,20,100,16.7819926235,50,33.2180073765,16.7819926235,0.0000000000,33.2180073765,33.2180073765,11.2490000000,0.0000000000,30.0000000000,315.9000000000,100,3.7540000000,13.0000000000,11.2490000000,0.0000000000
21,175,0.0000000100,3,40,20,100,16.7819926235,50,33.2180073765,16.7819926235,0.0000000000,33.2180073765,33.2180073765,11.1890000000,0.0000000000,30.0000000000,315.9000000000,100,3.2030000000,13.0000000000,11.1890000000,0.0000000000
18,25,0.0000000100,3,40,20,100,16.7819926235,50,33.2180073765,16.7819926235,0.0000000000,33.2180073765,33.2180073765,11.1890000000,0.0000000000,30.0000000000,315.9000000000,100,0.5380000000,13.0000000000,11.1890000000,0.0000000000
18,125,0.0000000100,3,40,20,100,16.7819926235,50,33.2180073765,16.7819926235,0.0000000000,33.2180073765,33.2180073765,11.1890000000,0.0000000000,30.0000000000,315.9000000000,100,2.6800000000,13.0000000000,11.1890000000,0.0000000000
18,175,0.0000000100,3,40,20,100,16.7819926235,50,33.2180073765,16.7819926235,0.0000000000,33.2180073765,33.2180073765,11.1890000000,0.0000000000,30.0000000000,315.9000000000,100,3.7540000000,13.0000000000,11.1890000000,0.0000000000
18,275,0.0000000100,3,40,20,100,16.7819926235,50,33.2180073765,16.7819926235,0.0000000000,33.2180073765,33.2180073765,11.1890000000,0.0000000000,30.0000000000,315.9000000000,100,5.9000000000,13.0000000000,11.1890000000,0.0000000000
18,325,0.0000000100,3,40,20,100,16.7819926235,50,33.2180073765,16.7819926235,0.0000000000,33.2180073765,33.2180073765,11.1890000000,0.0000000000,30.0000000000,315.9000000000,100,6.9730000000,13.0000000000,11.1890000000,0.0000000000
12,175,0.0000000100,3,40,20,100,16.7819926235,50,33.2180073765,16.7819926235,0.0000000000,33.2180073765,33.2180073765,11.1890000000,0.0000000000,200.0000000000,480.5000000000,100,5.7260000000,13.0000000000,11.1890000000,0.0000000000
15,175,0.0000000100,3,40,20,100,16.7819926235,50,33.2180073765,16.7819926235,0.0000000000,33.2180073765,33.2180073765,11.1890000000,0.0000000000,200.0000000000,480.5000000000,100,4.5350000000,13.0000000000,11.1890000000,0.0000000000
18,175,0.0000000100,3,40,20,100,16.7819926235,50,33.2180073765,16.7819926235,0.0000000000,33.2180073765,33.2180073765,11.1890000000,0.0000000000,200.0000000000,480.5000000000,100,3.7540000000,13.0000000000,11.1890000000,0.0000000000
21,175,0.0000000100,3,40,20,100,16.7819926235,50,33.2180073765,16.7819926235,0.0000000000,33.2180073765,33.2180073765,11.1890000000,0.0000000000,200.0000000000,480.5000000000,100,3.2030000000,13.0000000000,11.1890000000,0.0000000000
18,25,0.0000000100,3,40,20,100,16.7819926235,50,33.2180073765,16.7819926235,0.0000000000,33.2180073765,33.2180073765,11.1890000000,0.0000000000,200.0000000000,480.5000000000,100,0.5380000000,13.0000000000,11.1890000000,0.0000000000
18,125,0.0000000100,3,40,20,100,16.7819926235,50,33.2180073765,16.7819926235,0.0000000000,33.2180073765,33.2180073765,11.1890000000,0.0000000000,200.0000000000,480.5000000000,100,2.6800000000,13.0000000000,11.1890000000,0.0000000000
18,275,0.0000000100,3,40,20,100,16.7819926235,50,33.2180073765,16.7819926235,0.0000000000,33.2180073765,33.2180073765,11.1890000000,0.0000000000,200.0000000000,480.5000000000,100,5.9000000000,13.0000000000,11.1890000000,0.0000000000
18,325,0.0000000100,3,40,20,100,16.7819926235,50,33.2180073765,16.7819926235,0.0000000000,33.2180073765,33.2180073765,11.1890000000,0.0000000000,200.0000000000,480.5000000000,100,6.9730000000,13.0000000000,11.1890000000,0.0000000000
12,175,0.0000000100,3,40,20,100,16.7819926235,50,33.2180073765,16.7819926235,0.0000000000,33.2180073765,33.2180073765,11.1890000000,0.0000000000,500.0000000000,586.0000000000,100,5.7260000000,13.0000000000,11.1890000000,0.0000000000
15,175,0.0000000100,3,40,20,100,16.7819926235,50,33.2180073765,16.7819926235,0.0000000000,33.2180073765,33.2180073765,11.1890000000,0.0000000000,500.0000000000,586.0000000000,100,4.5350000000,13.0000000000,11.1890000000,0.0000000000
18,175,0.0000000100,3,40,20,100,16.7819926235,50,33.2180073765,16.7819926235,0.0000000000,33.2180073765,33.2180073765,11.1890000000,0.0000000000,500.0000000000,586.0000000000,100,3.7540000000,13.0000000000,11.1890000000,0.0000000000
21,175,0.0000000100,3,40,20,100,16.7819926235,50,33.2180073765,16.7819926235,0.0000000000,33.2180073765,33.2180073765,11.1890000000,0.0000000000,500.0000000000,586.0000000000,100,3.2030000000,13.0000000000,11.1890000000,0.0000000000
18,25,0.0000000100,3,40,20,100,16.7819926235,50,33.2180073765,16.7819926235,0.0000000000,33.2180073765,33.2180073765,11.1890000000,0.0000000000,500.0000000000,586.0000000000,100,0.5380000000,13.0000000000,11.1890000000,0.0000000000
18,125,0.0000000100,3,40,20,100,16.7819926235,50,33.2180073765,16.7819926235,0.0000000000,33.2180073765,33.2180073765,11.1890000000,0.0000000000,500.0000000000,586.0000000000,100,2.6800000000,13.0000000000,11.1890000000,0.0000000000
18,275,0.0000000100,3,40,20,100,16.7819926235,50,33.2180073765,16.7819926235,0.0000000000,33.2180073765,33.2180073765,11.1890000000,0.0000000000,500.0000000000,586.0000000000,100,5.9000000000,13.0000000000,11.1890000000,0.0000000000
18,325,0.0000000100,3,40,20,100,16.7819926235,50,33.2180073765,16.7819926235,0.0000000000,33.2180073765,33.2180073765,11.1890000000,0.0000000000,500.0000000000,586.0000000000,100,6.9730000000,13.0000000000,11.1890000000,0.0000000000
12,175,0.0000000100,3,40,40,200,33.5639852471,100,66.4360147529,90.0000000000,56.4360147529,10.0000000000,10.0000000000,0.0000000000,0.0000000000,-1.0000000000,0.0000000000,-1,2.5790000000,42.0000000000,0.0000000000,0.0000000000
15,175,0.0000000100,3,40,40,200,33.5639852471,100,66.4360147529,90.0000000000,56.4360147529,10.0000000000,10.0000000000,0.0000000000,0.0000000000,-1.0000000000,0.0000000000,-1,2.0610000000,42.0000000000,0.0000000000,0.0000000000
18,175,0.0000000100,3,40,40,200,33.5639852471,100,66.4360147529,90.0000000000,56.4360147529,10.0000000000,10.0000000000,0.0000000000,0.0000000000,-1.0000000000,0.0000000000,-1,1.7170000000,42.0000000000,0.0000000000,0.0000000000
21,175,0.0000000100,3,40,40,200,33.5639852471,100,66.4360147529,90.0000000000,56.4360147529,10.0000000000,10.0000000000,0.0000000000,0.0000000000,-1.0000000000,0.0000000000,-1,1.4720000000,41.0000000000,0.0000000000,0.0000000000
24,175,0.0000000100,3,40,40,200,33.5639852471,100,66.4360147529,90.0000000000,56.4360147529,10.0000000000,10.0000000000,0.0000000000,0.0000000000,-1.0000000000,0.0000000000,-1,1.2880000000,41.0000000000,0.0000000000,0.0000000000
18,25,0.0000000100,3,40,40,200,33.5639852471,100,66.4360147529,90.0000000000,56.4360147529,10.0000000000,10.0000000000,0.0000000000,0.0000000000,-1.0000000000,0.0000000000,-1,0.2450000000,42.0000000000,0.0000000000,0.0000000000
18,75,0.0000000100,3,40,40,200,33.5639852471,100,66.4360147529,90.0000000000,56.4360147529,10.0000000000,10.0000000000,0.0000000000,0.0000000000,-1.0000000000,0.0000000000,-1,0.7360000000,42.0000000000,0.0000000000,0.0000000000
18,125,0.0000000100,3,40,40,200,33.5639852471,100,66.4360147529,90.0000000000,56.4360147529,10.0000000000,10.0000000000,0.0000000000,0.0000000000,-1.0000000000,0.0000000000,-1,1.2270000000,42.0000000000,0.0000000000,0.0000000000
18,225,0.0000000100,3,40,40,200,33.5639852471,100,66.4360147529,90.0000000000,56.4360147529,10.0000000000,10.0000000000,0.0000000000,0.0000000000,-1.0000000000,0.0000000000,-1,2.2080000000,42.0000000000,0.0000000000,0.0000000000
18,275,0.0000000100,3,40,40,200,33.5639852471,100,66.4360147529,90.0000000000,56.4360147529,10.0000000000,10.0000000000,0.0000000000,0.0000000000,-1.0000000000,0.0000000000,-1,2.6990000000,42.0000000000,0.0000000000,0.0000000000
12,175,0.0000000100,3,40,40,200,33.5639852471,100,66.4360147529,90.0000000000,56.4360147529,10.0000000000,10.0000000000,0.0000000000,0.0000000000,30.0000000000,315.9000000000,100,2.5790000000,42.0000000000,0.0000000000,0.0000000000
15,175,0.0000000100,3,40,40,200,33.5639852471,100,66.4360147529,90.0000000000,56.4360147529,10.0000000000,10.0000000000,0.0000000000,0.0000000000,30.0000000000,315.9000000000,100,2.0610000000,42.0000000000,0.0000000000,0.0000000000
18,175,0.0000000100,3,40,40,200,33.5639852471,100,66.4360147529,90.0000000000,56.4360147529,10.0000000000,10.0000000000,0.0000000000,0.0000000000,30.0000000000,315.9000000000,100,1.7170000000,42.0000000000,0.0000000000,0.0000000000
21,175,0.0000000100,3,40,40,200,33.5639852471,100,66.4360147529,90.0000000000,56.4360147529,10.0000000000,10.0000000000,0.0000000000,0.0000000000,30.0000000000,315.9000000000,100,1.4720000000,41.0000000000,0.0000000000,0.0000000000
24,175,0.0000000100,3,40,40,200,33.5639852471,100,66.4360147529,90.0000000000,56.4360147529,10.0000000000,10.0000000000,0.0000000000,0.0000000000,30.0000000000,315.9000000000,100,1.2880000000,41.0000000000,0.0000000000,0.0000000000
18,25,0.0000000100,3,40,40,200,33.5639852471,100,66.4360147529,90.0000000000,56.4360147529,10.0000000000,10.0000000000,0.0000000000,0.0000000000,30.0000000000,315.9000000000,100,0.2450000000,42.0000000000,0.0000000000,0.0000000000
18,75,0.0000000100,3,40,40,200,33.5639852471,100,66.4360147529,90.0000000000,56.4360147529,10.0000000000,10.0000000000,0.0000000000,0.0000000000,30.0000000000,315.9000000000,100,0.7360000000,42.0000000000,0.0000000000,0.0000000000
18,125,0.0000000100,3,40,40,200,33.5639852471,100,66.4360147529,90.0000000000,56.4360147529,10.0000000000,10.0000000000,0.0000000000,0.0000000000,30.0000000000,315.9000000000,100,1.2270000000,42.0000000000,0.0000000000,0.0000000000
18,225,0.0000000100,3,40,40,200,33.5639852471,100,66.4360147529,90.0000000000,56.4360147529,10.0000000000,10.0000000000,0.0000000000,0.0000000000,30.0000000000,315.9000000000,100,2.2080000000,42.0000000000,0.0000000000,0.0000000000
18,275,0.0000000100,3,40,40,200,33.5639852471,100,66.4360147529,90.0000000000,56.4360147529,10.0000000000,10.0000000000,0.0000000000,0.0000000000,30.0000000000,315.9000000000,100,2.6990000000,42.0000000000,0.0000000000,0.0000000000
12,175,0.0000000100,3,40,40,200,33.5639852471,100,66.4360147529,90.0000000000,56.4360147529,10.0000000000,10.0000000000,0.0000000000,0.0000000000,200.0000000000,480.5000000000,100,2.5790000000,42.0000000000,0.0000000000,0.0000000000
15,175,0.0000000100,3,40,40,200,33.5639852471,100,66.4360147529,90.0000000000,56.4360147529,10.0000000000,10.0000000000,0.0000000000,0.0000000000,200.0000000000,480.5000000000,100,2.0610000000,42.0000000000,0.0000000000,0.0000000000
18,175,0.0000000100,3,40,40,200,33.5639852471,100,66.4360147529,90.0000000000,56.4360147529,10.0000000000,10.0000000000,0.0000000000,0.0000000000,200.0000000000,480.5000000000,100,1.7170000000,42.0000000000,0.0000000000,0.0000000000
21,175,0.0000000100,3,40,40,200,33.5639852471,100,66.4360147529,90.0000000000,56.4360147529,10.0000000000,10.0000000000,0.0000000000,0.0000000000,200.0000000000,480.5000000000,100,1.4720000000,41.0000000000,0.0000000000,0.0000000000
24,175,0.0000000100,3,40,40,200,33.5639852471,100,66.4360147529,90.0000000000,56.4360147529,10.0000000000,10.0000000000,0.0000000000,0.0000000000,200.0000000000,480.5000000000,100,1.2880000000,41.0000000000,0.0000000000,0.0000000000
18,25,0.0000000100,3,40,40,200,33.5639852471,100,66.4360147529,90.0000000000,56.4360147529,10.0000000000,10.0000000000,0.0000000000,0.0000000000,200.0000000000,480.5000000000,100,0.2450000000,42.0000000000,0.0000000000,0.0000000000
18,75,0.0000000100,3,40,40,200,33.5639852471,100,66.4360147529,90.0000000000,56.4360147529,10.0000000000,10.0000000000,0.0000000000,0.0000000000,200.0000000000,480.5000000000,100,0.7360000000,42.0000000000,0.0000000000,0.0000000000
18,125,0.0000000100,3,40,40,200,33.5639852471,100,66.4360147529,90.0000000000,56.4360147529,10.0000000000,10.0000000000,0.0000000000,0.0000000000,200.0000000000,480.5000000000,100,1.2270000000,42.0000000000,0.0000000000,0.0000000000
18,225,0.0000000100,3,40,40,200,33.5639852471,100,66.4360147529,90.0000000000,56.4360147529,10.0000000000,10.0000000000,0.0000000000,0.0000000000,200.0000000000,480.5000000000,100,2.2080000000,42.0000000000,0.0000000000,0.0000000000
18,275,0.0000000100,3,40,40,200,33.5639852471,100,66.4360147529,90.0000000000,56.4360147529,10.0000000000,10.0000000000,0.0000000000,0.0000000000,200.0000000000,480.5000000000,100,2.6990000000,42.0000000000,0.0000000000,0.0000000000
12,175,0.0000000100,3,40,40,200,33.5639852471,100,66.4360147529,90.0000000000,56.4360147529,10.0000000000,10.0000000000,0.0000000000,0.0000000000,500.0000000000,586.0000000000,100,2.5790000000,42.0000000000,0.0000000000,0.0000000000
15,175,0.0000000100,3,40,40,200,33.5639852471,100,66.4360147529,90.0000000000,56.4360147529,10.0000000000,10.0000000000,0.0000000000,0.0000000000,500.0000000000,586.0000000000,100,2.0610000000,42.0000000000,0.0000000000,0.0000000000
18,175,0.0000000100,3,40,40,200,33.5639852471,100,66.4360147529,90.0000000000,56.4360147529,10.0000000000,10.0000000000,0.0000000000,0.0000000000,500.0000000000,586.0000000000,100,1.7170000000,42.0000000000,0.0000000000,0.0000000000
21,175,0.0000000100,3,40,40,200,33.5639852471,100,66.4360147529,90.0000000000,56.4360147529,10.0000000000,10.0000000000,0.0000000000,0.0000000000,500.0000000000,586.0000000000,100,1.4720000000,41.0000000000,0.0000000000,0.0000000000
24,175,0.0000000100,3,40,40,200,33.5639852471,100,66.4360147529,90.0000000000,56.4360147529,10.0000000000,10.0000000000,0.0000000000,0.0000000000,500.0000000000,586.0000000000,100,1.2880000000,41.0000000000,0.0000000000,0.0000000000
18,25,0.0000000100,3,40,40,200,33.5639852471,100,66.4360147529,90.0000000000,56.4360147529,10.0000000000,10.0000000000,0.0000000000,0.0000000000,500.0000000000,586.0000000000,100,0.2450000000,42.0000000000,0.0000000000,0.0000000000
18,75,0.0000000100,3,40,40,200,33.5639852471,100,66.4360147529,90.0000000000,56.4360147529,10.0000000000,10.0000000000,0.0000000000,0.0000000000,500.0000000000,586.0000000000,100,0.7360000000,42.0000000000,0.0000000000,0.0000000000
18,125,0.0000000100,3,40,40,200,33.5639852471,100,66.4360147529,90.0000000000,56.4360147529,10.0000000000,10.0000000000,0.0000000000,0.0000000000,500.0000000000,586.0000000000,100,1.2270000000,42.0000000000,0.0000000000,0.0000000000
18,225,0.0000000100,3,40,40,200,33.5639852471,100,66.4360147529,90.0000000000,56.4360147529,10.0000000000,10.0000000000,0.0000000000,0.0000000000,500.0000000000,586.0000000000,100,2.2080000000,42.0000000000,0.0000000000,0.0000000000
18,275,0.0000000100,3,40,40,200,33.5639852471,100,66.4360147529,90.0000000000,56.4360147529,10.0000000000,10.0000000000,0.0000000000,0.0000000000,500.0000000000,586.0000000000,100,2.6990000000,42.0000000000,0.0000000000,0.0000000000
12,175,0.0000000100,3,40,40,200,33.5639852471,100,66.4360147529,90.0000000000,56.4360147529,10.0000000000,10.0000000000,90.0000000000,56.4360147529,-1.0000000000,0.0000000000,-1,2.8090000000,42.0000000000,90.0000000000,56.4360147529
15,175,0.0000000100,3,40,40,200,33.5639852471,100,66.4360147529,90.0000000000,56.4360147529,10.0000000000,10.0000000000,90.0000000000,56.4360147529,-1.0000000000,0.0000000000,-1,2.2070000000,42.0000000000,90.0000000000,56.4360147529
18,175,0.0000000100,3,40,40,200,33.5639852471,100,66.4360147529,90.0000000000,56.4360147529,10.0000000000,10.0000000000,90.0000000000,56.4360147529,-1.0000000000,0.0000000000,-1,1.8180000000,42.0000000000,90.0000000000,56.4360147529
21,175,0.0000000100,3,40,40,200,33.5639852471,100,66.4360147529,90.0000000000,56.4360147529,10.0000000000,10.0000000000,90.0000000000,56.4360147529,-1.0000000000,0.0000000000,-1,1.5450000000,42.0000000000,90.0000000000,56.4360147529
18,25,0.0000000100,3,40,40,200,33.5639852471,100,66.4360147529,90.0000000000,56.4360147529,10.0000000000,10.0000000000,90.0000000000,56.4360147529,-1.0000000000,0.0000000000,-1,0.2590000000,41.0000000000,90.0000000000,56.4360147529
18,75,0.0000000100,3,40,40,200,33.5639852471,100,66.4360147529,90.0000000000,56.4360147529,10.0000000000,10.0000000000,90.0000000000,56.4360147529,-1.0000000000,0.0000000000,-1,0.7790000000,41.0000000000,90.0000000000,56.4360147529
18,125,0.0000000100,3,40,40,200,33.5639852471,100,66.4360147529,90.0000000000,56.4360147529,10.0000000000,10.0000000000,90.0000000000,56.4360147529,-1.0000000000,0.0000000000,-1,1.2980000000,41.0000000000,90.0000000000,56.4360147529
18,225,0.0000000100,3,40,40,200,33.5639852471,100,66.4360147529,90.0000000000,56.4360147529,10.0000000000,10.0000000000,90.0000000000,56.4360147529,-1.0000000000,0.0000000000,-1,2.3370000000,41.0000000000,90.0000000000,56.4360147529
18,275,0.0000000100,3,40,40,200,33.5639852471,100,66.4360147529,90.0000000000,56.4360147529,10.0000000000,10.0000000000,90.0000000000,56.4360147529,-1.0000000000,0.0000000000,-1,2.8570000000,41.0000000000,90.0000000000,56.4360147529
18,325,0.0000000100,3,40,40,200,33.5639852471,100,66.4360147529,90.0000000000,56.4360147529,10.0000000000,10.0000000000,90.0000000000,56.4360147529,-1.0000000000,0.0000000000,-1,3.3760000000,41.0000000000,90.0000000000,56.4360147529
12,175,0.0000000100,3,40,40,200,33.5639852471,100,66.4360147529,90.0000000000,56.4360147529,10.0000000000,10.0000000000,90.0000000000,56.4360147529,30.0000000000,315.9000000000,100,2.8010000000,42.0000000000,90.0000000000,56.4360147529
15,175,0.0000000100,3,40,40,200,33.5639852471,100,66.4360147529,90.0000000000,56.4360147529,10.0000000000,10.0000000000,90.0000000000,56.4360147529,30.0000000000,315.9000000000,100,2.2020000000,42.0000000000,90.0000000000,56.4360147529
18,175,0.0000000100,3,40,40,200,33.5639852471,100,66.4360147529,90.0000000000,56.4360147529,10.0000000000,10.0000000000,90.0000000000,56.4360147529,30.0000000000,315.9000000000,100,1.8150000000,42.0000000000,90.0000000000,56.4360147529
21,175,0.0000000100,3,40,40,200,33.5639852471,100,66.4360147529,90.0000000000,56.4360147529,10.0000000000,10.0000000000,90.0000000000,56.4360147529,30.0000000000,315.9000000000,100,1.5430000000,42.0000000000,90.0000000000,56.4360147529
18,25,0.0000000100,3,40,40,200,33.5639852471,100,66.4360147529,90.0000000000,56.4360147529,10.0000000000,10.0000000000,90.0000000000,56.4360147529,30.0000000000,315.9000000000,100,0.2600000000,42.0000000000,90.0000000000,56.4360147529
18,75,0.0000000100,3,40,40,200,33.5639852471,100,66.4360147529,90.0000000000,56.4360147529,10.0000000000,10.0000000000,90.0000000000,56.4360147529,30.0000000000,315.9000000000,100,0.7780000000,42.0000000000,90.0000000000,56.4360147529
18,125,0.0000000100,3,40,40,200,33.5639852471,100,66.4360147529,90.0000000000,56.4360147529,10.0000000000,10.0000000000,90.0000000000,56.4360147529,30.0000000000,315.9000000000,100,1.2960000000,42.0000000000,90.0000000000,56.4360147529
18,225,0.0000000100,3,40,40,200,33.5639852471,100,66.4360147529,90.0000000000,56.4360147529,10.0000000000,10.0000000000,90.0000000000,56.4360147529,30.0000000000,315.9000000000,100,2.3330000000,42.0000000000,90.0000000000,56.4360147529
18,275,0.0000000100,3,40,40,200,33.5639852471,100,66.4360147529,90.0000000000,56.4360147529,10.0000000000,10.0000000000,90.0000000000,56.4360147529,30.0000000000,315.9000000000,100,2.8510000000,42.0000000000,90.0000000000,56.4360147529
18,325,0.0000000100,3,40,40,200,33.5639852471,100,66.4360147529,90.0000000000,56.4360147529,10.0000000000,10.0000000000,90.0000000000,56.4360147529,30.0000000000,315.9000000000,100,3.3700000000,42.0000000000,90.0000000000,56.4360147529
12,175,0.0000000100,3,40,40,200,33.5639852471,100,66.4360147529,90.0000000000,56.4360147529,10.0000000000,10.0000000000,90.0000000000,56.4360147529,200.0000000000,480.5000000000,100,2.8010000000,42.0000000000,90.0000000000,56.4360147529
15,175,0.0000000100,3,40,40,200,33.5639852471,100,66.4360147529,90.0000000000,56.4360147529,10.0000000000,10.0000000000,90.0000000000,56.4360147529,200.0000000000,480.5000000000,100,2.2020000000,42.0000000000,90.0000000000,56.4360147529
18,175,0.0000000100,3,40,40,200,33.5639852471,100,66.4360147529,90.0000000000,56.4360147529,10.0000000000,10.0000000000,90.0000000000,56.4360147529,200.0000000000,480.5000000000,100,1.8150000000,42.0000000000,90.0000000000,56.4360147529
21,175,0.0000000100,3,40,40,200,33.5639852471,100,66.4360147529,90.0000000000,56.4360147529,10.0000000000,10.0000000000,90.0000000000,56.4360147529,200.0000000000,480.5000000000,100,1.5430000000,42.0000000000,90.0000000000,56.4360147529
18,25,0.0000000100,3,40,40,200,33.5639852471,100,66.4360147529,90.0000000000,56.4360147529,10.0000000000,10.0000000000,90.0000000000,56.4360147529,200.0000000000,480.5000000000,100,0.2600000000,42.0000000000,90.0000000000,56.4360147529
18,75,0.0000000100,3,40,40,200,33.5639852471,100,66.4360147529,90.0000000000,56.4360147529,10.0000000000,10.0000000000,90.0000000000,56.4360147529,200.0000000000,480.5000000000,100,0.7780000000,42.0000000000,90.0000000000,56.4360147529
18,125,0.0000000100,3,40,40,200,33.5639852471,100,66.4360147529,90.0000000000,56.4360147529,10.0000000000,10.0000000000,90.0000000000,56.4360147529,200.0000000000,480.5000000000,100,1.2960000000,42.0000000000,90.0000000000,56.4360147529
18,225,0.0000000100,3,40,40,200,33.5639852471,100,66.4360147529,90.0000000000,56.4360147529,10.0000000000,10.0000000000,90.0000000000,56.4360147529,200.0000000000,480.5000000000,100,2.3330000000,42.0000000000,90.0000000000,56.4360147529
18,275,0.0000000100,3,40,40,200,33.5639852471,100,66.4360147529,90.0000000000,56.4360147529,10.0000000000,10.0000000000,90.0000000000,56.4360147529,200.0000000000,480.5000000000,100,2.8510000000,42.0000000000,90.0000000000,56.4360147529
18,325,0.0000000100,3,40,40,200,33.5639852471,100,66.4360147529,90.0000000000,56.4360147529,10.0000000000,10.0000000000,90.0000000000,56.4360147529,200.0000000000,480.5000000000,100,3.3700000000,42.0000000000,90.0000000000,56.4360147529
12,175,0.0000000100,3,40,40,200,33.5639852471,100,66.4360147529,90.0000000000,56.4360147529,10.0000000000,10.0000000000,90.0000000000,56.4360147529,500.0000000000,586.0000000000,100,2.8010000000,42.0000000000,90.0000000000,56.4360147529
15,175,0.0000000100,3,40,40,200,33.5639852471,100,66.4360147529,90.0000000000,56.4360147529,10.0000000000,10.0000000000,90.0000000000,56.4360147529,500.0000000000,586.0000000000,100,2.2020000000,42.0000000000,90.0000000000,56.4360147529
18,175,0.0000000100,3,40,40,200,33.5639852471,100,66.4360147529,90.0000000000,56.4360147529,10.0000000000,10.0000000000,90.0000000000,56.4360147529,500.0000000000,586.0000000000,100,1.8150000000,42.0000000000,90.0000000000,56.4360147529
21,175,0.0000000100,3,40,40,200,33.5639852471,100,66.4360147529,90.0000000000,56.4360147529,10.0000000000,10.0000000000,90.0000000000,56.4360147529,500.0000000000,586.0000000000,100,1.5430000000,42.0000000000,90.0000000000,56.4360147529
18,25,0.0000000100,3,40,40,200,33.5639852471,100,66.4360147529,90.0000000000,56.4360147529,10.0000000000,10.0000000000,90.0000000000,56.4360147529,500.0000000000,586.0000000000,100,0.2600000000,42.0000000000,90.0000000000,56.4360147529
18,75,0.0000000100,3,40,40,200,33.5639852471,100,66.4360147529,90.0000000000,56.4360147529,10.0000000000,10.0000000000,90.0000000000,56.4360147529,500.0000000000,586.0000000000,100,0.7780000000,42.0000000000,90.0000000000,56.4360147529
18,125,0.0000000100,3,40,40,200,33.5639852471,100,66.4360147529,90.0000000000,56.4360147529,10.0000000000,10.0000000000,90.0000000000,56.4360147529,500.0000000000,586.0000000000,100,1.2960000000,42.0000000000,90.0000000000,56.4360147529
18,225,0.0000000100,3,40,40,200,33.5639852471,100,66.4360147529,90.0000000000,56.4360147529,10.0000000000,10.0000000000,90.0000000000,56.4360147529,500.0000000000,586.0000000000,100,2.3330000000,42.0000000000,90.0000000000,56.4360147529
18,275,0.0000000100,3,40,40,200,33.5639852471,100,66.4360147529,90.0000000000,56.4360147529,10.0000000000,10.0000000000,90.0000000000,56.4360147529,500.0000000000,586.0000000000,100,2.8510000000,42.0000000000,90.0000000000,56.4360147529
18,325,0.0000000100,3,40,40,200,33.5639852471,100,66.4360147529,90.0000000000,56.4360147529,10.0000000000,10.0000000000,90.0000000000,56.4360147529,500.0000000000,586.0000000000,100,3.3700000000,42.0000000000,90.0000000000,56.4360147529
12,175,0.0000000100,3,40,40,200,33.5639852471,100,66.4360147529,90.0000000000,56.4360147529,10.0000000000,10.0000000000,22.4020000000,0.0000000000,-1.0000000000,0.0000000000,-1,2.6960000000,43.0000000000,22.4020000000,0.0000000000
15,175,0.0000000100,3,40,40,200,33.5639852471,100,66.4360147529,90.0000000000,56.4360147529,10.0000000000,10.0000000000,22.4020000000,0.0000000000,-1.0000000000,0.0000000000,-1,2.1370000000,42.0000000000,22.4020000000,0.0000000000
21,175,0.0000000100,3,40,40,200,33.5639852471,100,66.4360147529,90.0000000000,56.4360147529,10.0000000000,10.0000000000,22.4020000000,0.0000000000,-1.0000000000,0.0000000000,-1,1.5100000000,43.0000000000,22.4020000000,0.0000000000
24,175,0.0000000100,3,40,40,200,33.5639852471,100,66.4360147529,90.0000000000,56.4360147529,10.0000000000,10.0000000000,22.4020000000,0.0000000000,-1.0000000000,0.0000000000,-1,1.3170000000,43.0000000000,22.4020000000,0.0000000000
18,25,0.0000000100,3,40,40,200,33.5639852471,100,66.4360147529,90.0000000000,56.4360147529,10.0000000000,10.0000000000,22.4020000000,0.0000000000,-1.0000000000,0.0000000000,-1,0.2520000000,55.0000000000,22.4020000000,0.0000000000
18,75,0.0000000100,3,40,40,200,33.5639852471,100,66.4360147529,90.0000000000,56.4360147529,10.0000000000,10.0000000000,22.4020000000,0.0000000000,-1.0000000000,0.0000000000,-1,0.7580000000,42.0000000000,22.4020000000,0.0000000000
18,125,0.0000000100,3,40,40,200,33.5639852471,100,66.4360147529,90.0000000000,56.4360147529,10.0000000000,10.0000000000,22.4020000000,0.0000000000,-1.0000000000,0.0000000000,-1,1.2640000000,43.0000000000,22.4020000000,0.0000000000
18,325,0.0000000100,3,40,40,200,33.5639852471,100,66.4360147529,90.0000000000,56.4360147529,10.0000000000,10.0000000000,22.4020000000,0.0000000000,-1.0000000000,0.0000000000,-1,3.2860000000,43.0000000000,22.4020000000,0.0000000000
12,175,0.0000000100,3,40,40,200,33.5639852471,100,66.4360147529,90.0000000000,56.4360147529,10.0000000000,10.0000000000,22.4020000000,0.0000000000,30.0000000000,315.9000000000,100,2.6850000000,42.0000000000,22.4020000000,0.0000000000
15,175,0.0000000100,3,40,40,200,33.5639852471,100,66.4360147529,90.0000000000,56.4360147529,10.0000000000,10.0000000000,22.4020000000,0.0000000000,30.0000000000,315.9000000000,100,2.1300000000,42.0000000000,22.4020000000,0.0000000000
21,175,0.0000000100,3,40,40,200,33.5639852471,100,66.4360147529,90.0000000000,56.4360147529,10.0000000000,10.0000000000,22.4020000000,0.0000000000,30.0000000000,315.9000000000,100,1.5070000000,42.0000000000,22.4020000000,0.0000000000
24,175,0.0000000100,3,40,40,200,33.5639852471,100,66.4360147529,90.0000000000,56.4360147529,10.0000000000,10.0000000000,22.4020000000,0.0000000000,30.0000000000,315.9000000000,100,1.3150000000,42.0000000000,22.4020000000,0.0000000000
18,25,0.0000000100,3,40,40,200,33.5639852471,100,66.4360147529,90.0000000000,56.4360147529,10.0000000000,10.0000000000,22.4020000000,0.0000000000,30.0000000000,315.9000000000,100,0.2510000000,55.0000000000,22.4020000000,0.0000000000
18,75,0.0000000100,3,40,40,200,33.5639852471,100,66.4360147529,90.0000000000,56.4360147529,10.0000000000,10.0000000000,22.4020000000,0.0000000000,30.0000000000,315.9000000000,100,0.7560000000,43.0000000000,22.4020000000,0.0000000000
18,125,0.0000000100,3,40,40,200,33.5639852471,100,66.4360147529,90.0000000000,56.4360147529,10.0000000000,10.0000000000,22.4020000000,0.0000000000,30.0000000000,315.9000000000,100,1.2610000000,43.0000000000,22.4020000000,0.0000000000
18,325,0.0000000100,3,40,40,200,33.5639852471,100,66.4360147529,90.0000000000,56.4360147529,10.0000000000,10.0000000000,22.4020000000,0.0000000000,30.0000000000,315.9000000000,100,3.2780000000,43.0000000000,22.4020000000,0.0000000000
12,175,0.0000000100,3,40,40,200,33.5639852471,100,66.4360147529,90.0000000000,56.4360147529,10.0000000000,10.0000000000,22.4020000000,0.0000000000,200.0000000000,480.5000000000,100,2.6850000000,42.0000000000,22.4020000000,0.0000000000
15,175,0.0000000100,3,40,40,200,33.5639852471,100,66.4360147529,90.0000000000,56.4360147529,10.0000000000,10.0000000000,22.4020000000,0.0000000000,200.0000000000,480.5000000000,100,2.1300000000,42.0000000000,22.4020000000,0.0000000000
21,175,0.0000000100,3,40,40,200,33.5639852471,100,66.4360147529,90.0000000000,56.4360147529,10.0000000000,10.0000000000,22.4020000000,0.0000000000,200.0000000000,480.5000000000,100,1.5070000000,42.0000000000,22.4020000000,0.0000000000
24,175,0.0000000100,3,40,40,200,33.5639852471,100,66.4360147529,90.0000000000,56.4360147529,10.0000000000,10.0000000000,22.4020000000,0.0000000000,200.0000000000,480.5000000000,100,1.3150000000,42.0000000000,22.4020000000,0.0000000000
18,25,0.0000000100,3,40,40,200,33.5639852471,100,66.4360147529,90.0000000000,56.4360147529,10.0000000000,10.0000000000,22.4020000000,0.0000000000,200.0000000000,480.5000000000,100,0.2510000000,55.0000000000,22.4020000000,0.0000000000
18,75,0.0000000100,3,40,40,200,33.5639852471,100,66.4360147529,90.0000000000,56.4360147529,10.0000000000,10.0000000000,22.4020000000,0.0000000000,200.0000000000,480.5000000000,100,0.7560000000,43.0000000000,22.4020000000,0.0000000000
18,125,0.0000000100,3,40,40,200,33.5639852471,100,66.4360147529,90.0000000000,56.4360147529,10.0000000000,10.0000000000,22.4020000000,0.0000000000,200.0000000000,480.5000000000,100,1.2610000000,43.0000000000,22.4020000000,0.0000000000
18,325,0.0000000100,3,40,40,200,33.5639852471,100,66.4360147529,90.0000000000,56.4360147529,10.0000000000,10.0000000000,22.4020000000,0.0000000000,200.0000000000,480.5000000000,100,3.2780000000,43.0000000000,22.4020000000,0.0000000000
12,175,0.0000000100,3,40,40,200,33.5639852471,100,66.4360147529,90.0000000000,56.4360147529,10.0000000000,10.0000000000,22.4020000000,0.0000000000,500.0000000000,586.0000000000,100,2.6850000000,42.0000000000,22.4020000000,0.0000000000
15,175,0.0000000100,3,40,40,200,33.5639852471,100,66.4360147529,90.0000000000,56.4360147529,10.0000000000,10.0000000000,22.4020000000,0.0000000000,500.0000000000,586.0000000000,100,2.1300000000,42.0000000000,22.4020000000,0.0000000000
21,175,0.0000000100,3,40,40,200,33.5639852471,100,66.4360147529,90.0000000000,56.4360147529,10.0000000000,10.0000000000,22.4020000000,0.0000000000,500.0000000000,586.0000000000,100,1.5070000000,42.0000000000,22.4020000000,0.0000000000
24,175,0.0000000100,3,40,40,200,33.5639852471,100,66.4360147529,90.0000000000,56.4360147529,10.0000000000,10.0000000000,22.4020000000,0.0000000000,500.0000000000,586.0000000000,100,1.3150000000,42.0000000000,22.4020000000,0.0000000000
18,25,0.0000000100,3,40,40,200,33.5639852471,100,66.4360147529,90.0000000000,56.4360147529,10.0000000000,10.0000000000,22.4020000000,0.0000000000,500.0000000000,586.0000000000,100,0.2510000000,55.0000000000,22.4020000000,0.0000000000
18,75,0.0000000100,3,40,40,200,33.5639852471,100,66.4360147529,90.0000000000,56.4360147529,10.0000000000,10.0000000000,22.4020000000,0.0000000000,500.0000000000,586.0000000000,100,0.7560000000,43.0000000000,22.4020000000,0.0000000000
18,125,0.0000000100,3,40,40,200,33.5639852471,100,66.4360147529,90.0000000000,56.4360147529,10.0000000000,10.0000000000,22.4020000000,0.0000000000,500.0000000000,586.0000000000,100,1.2610000000,43.0000000000,22.4020000000,0.0000000000
18,325,0.0000000100,3,40,40,200,33.5639852471,100,66.4360147529,90.0000000000,56.4360147529,10.0000000000,10.0000000000,22.4020000000,0.0000000000,500.0000000000,586.0000000000,100,3.2780000000,43.0000000000,22.4020000000,0.0000000000
12,175,0.0000000100,3,40,40,200,33.5639852471,100,66.4360147529,25.0000000000,16.6090036882,75.0000000000,49.8270110647,0.0000000000,0.0000000000,-1.0000000000,0.0000000000,-1,2.6800000000,33.0000000000,0.0000000000,0.0000000000
18,175,0.0000000100,3,40,40,200,33.5639852471,100,66.4360147529,25.0000000000,16.6090036882,75.0000000000,49.8270110647,0.0000000000,0.0000000000,-1.0000000000,0.0000000000,-1,1.7870000000,33.0000000000,0.0000000000,0.0000000000
24,175,0.0000000100,3,40,40,200,33.5639852471,100,66.4360147529,25.0000000000,16.6090036882,75.0000000000,49.8270110647,0.0000000000,0.0000000000,-1.0000000000,0.0000000000,-1,1.3400000000,33.0000000000,0.0000000000,0.0000000000
18,25,0.0000000100,3,40,40,200,33.5639852471,100,66.4360147529,25.0000000000,16.6090036882,75.0000000000,49.8270110647,0.0000000000,0.0000000000,-1.0000000000,0.0000000000,-1,0.2560000000,33.0000000000,0.0000000000,0.0000000000
18,75,0.0000000100,3,40,40,200,33.5639852471,100,66.4360147529,25.0000000000,16.6090036882,75.0000000000,49.8270110647,0.0000000000,0.0000000000,-1.0000000000,0.0000000000,-1,0.7660000000,33.0000000000,0.0000000000,0.0000000000
18,125,0.0000000100,3,40,40,200,33.5639852471,100,66.4360147529,25.0000000000,16.6090036882,75.0000000000,49.8270110647,0.0000000000,0.0000000000,-1.0000000000,0.0000000000,-1,1.2760000000,33.0000000000,0.0000000000,0.0000000000
18,225,0.0000000100,3,40,40,200,33.5639852471,100,66.4360147529,25.0000000000,16.6090036882,75.0000000000,49.8270110647,0.0000000000,0.0000000000,-1.0000000000,0.0000000000,-1,2.2980000000,33.0000000000,0.0000000000,0.0000000000
12,175,0.0000000100,3,40,40,200,33.5639852471,100,66.4360147529,25.0000000000,16.6090036882,75.0000000000,49.8270110647,0.0000000000,0.0000000000,30.0000000000,315.9000000000,100,2.6800000000,33.0000000000,0.0000000000,0.0000000000
18,175,0.0000000100,3,40,40,200,33.5639852471,100,66.4360147529,25.0000000000,16.6090036882,75.0000000000,49.8270110647,0.0000000000,0.0000000000,30.0000000000,315.9000000000,100,1.7870000000,33.0000000000,0.0000000000,0.0000000000
24,175,0.0000000100,3,40,40,200,33.5639852471,100,66.4360147529,25.0000000000,16.6090036882,75.0000000000,49.8270110647,0.0000000000,0.0000000000,30.0000000000,315.9000000000,100,1.3400000000,33.0000000000,0.0000000000,0.0000000000
18,25,0.0000000100,3,40,40,200,33.5639852471,100,66.4360147529,25.0000000000,16.6090036882,75.0000000000,49.8270110647,0.0000000000,0.0000000000,30.0000000000,315.9000000000,100,0.2560000000,33.0000000000,0.0000000000,0.0000000000
18,75,0.0000000100,3,40,40,200,33.5639852471,100,66.4360147529,25.0000000000,16.6090036882,75.0000000000,49.8270110647,0.0000000000,0.0000000000,30.0000000000,315.9000000000,100,0.7660000000,33.0000000000,0.0000000000,0.0000000000
18,125,0.0000000100,3,40,40,200,33.5639852471,100,66.4360147529,25.0000000000,16.6090036882,75.0000000000,49.8270110647,0.0000000000,0.0000000000,30.0000000000,315.9000000000,100,1.2760000000,33.0000000000,0.0000000000,0.0000000000
18,225,0.0000000100,3,40,40,200,33.5639852471,100,66.4360147529,25.0000000000,16.6090036882,75.0000000000,49.8270110647,0.0000000000,0.0000000000,30.0000000000,315.9000000000,100,2.2980000000,33.0000000000,0.0000000000,0.0000000000
12,175,0.0000000100,3,40,40,200,33.5639852471,100,66.4360147529,25.0000000000,16.6090036882,75.0000000000,49.8270110647,0.0000000000,0.0000000000,200.0000000000,480.5000000000,100,2.6800000000,33.0000000000,0.0000000000,0.0000000000
18,175,0.0000000100,3,40,40,200,33.5639852471,100,66.4360147529,25.0000000000,16.6090036882,75.0000000000,49.8270110647,0.0000000000,0.0000000000,200.0000000000,480.5000000000,100,1.7870000000,33.0000000000,0.0000000000,0.0000000000
24,175,0.0000000100,3,40,40,200,33.5639852471,100,66.4360147529,25.0000000000,16.6090036882,75.0000000000,49.8270110647,0.0000000000,0.0000000000,200.0000000000,480.5000000000,100,1.3400000000,33.0000000000,0.0000000000,0.0000000000
18,25,0.0000000100,3,40,40,200,33.5639852471,100,66.4360147529,25.0000000000,16.6090036882,75.0000000000,49.8270110647,0.0000000000,0.0000000000,200.0000000000,480.5000000000,100,0.2560000000,33.0000000000,0.0000000000,0.0000000000
18,75,0.0000000100,3,40,40,200,33.5639852471,100,66.4360147529,25.0000000000,16.6090036882,75.0000000000,49.8270110647,0.0000000000,0.0000000000,200.0000000000,480.5000000000,100,0.7660000000,33.0000000000,0.0000000000,0.0000000000
18,125,0.0000000100,3,40,40,200,33.5639852471,100,66.4360147529,25.0000000000,16.6090036882,75.0000000000,49.8270110647,0.0000000000,0.0000000000,200.0000000000,480.5000000000,100,1.2760000000,33.0000000000,0.0000000000,0.0000000000
18,225,0.0000000100,3,40,40,200,33.5639852471,100,66.4360147529,25.0000000000,16.6090036882,75.0000000000,49.8270110647,0.0000000000,0.0000000000,200.0000000000,480.5000000000,100,2.2980000000,33.0000000000,0.0000000000,0.0000000000
12,175,0.0000000100,3,40,40,200,33.5639852471,100,66.4360147529,25.0000000000,16.6090036882,75.0000000000,49.8270110647,0.0000000000,0.0000000000,500.0000000000,586.0000000000,100,2.6800000000,33.0000000000,0.0000000000,0.0000000000
18,175,0.0000000100,3,40,40,200,33.5639852471,100,66.4360147529,25.0000000000,16.6090036882,75.0000000000,49.8270110647,0.0000000000,0.0000000000,500.0000000000,586.0000000000,100,1.7870000000,33.0000000000,0.0000000000,0.0000000000
24,175,0.0000000100,3,40,40,200,33.5639852471,100,66.4360147529,25.0000000000,16.6090036882,75.0000000000,49.8270110647,0.0000000000,0.0000000000,500.0000000000,586.0000000000,100,1.3400000000,33.0000000000,0.0000000000,0.0000000000
18,25,0.0000000100,3,40,40,200,33.5639852471,100,66.4360147529,25.0000000000,16.6090036882,75.0000000000,49.8270110647,0.0000000000,0.0000000000,500.0000000000,586.0000000000,100,0.2560000000,33.0000000000,0.0000000000,0.0000000000
18,75,0.0000000100,3,40,40,200,33.5639852471,100,66.4360147529,25.0000000000,16.6090036882,75.0000000000,49.8270110647,0.0000000000,0.0000000000,500.0000000000,586.0000000000,100,0.7660000000,33.0000000000,0.0000000000,0.0000000000
18,125,0.0000000100,3,40,40,200,33.5639852471,100,66.4360147529,25.0000000000,16.6090036882,75.0000000000,49.8270110647,0.0000000000,0.0000000000,500.0000000000,586.0000000000,100,1.2760000000,33.0000000000,0.0000000000,0.0000000000
18,225,0.0000000100,3,40,40,200,33.5639852471,100,66.4360147529,25.0000000000,16.6090036882,75.0000000000,49.8270110647,0.0000000000,0.0000000000,500.0000000000,586.0000000000,100,2.2980000000,33.0000000000,0.0000000000,0.0000000000
12,175,0.0000000100,3,40,40,200,33.5639852471,100,66.4360147529,25.0000000000,16.6090036882,75.0000000000,49.8270110647,25.0000000000,16.6090036882,-1.0000000000,0.0000000000,-1,2.8940000000,33.0000000000,25.0000000000,16.6090036882
18,175,0.0000000100,3,40,40,200,33.5639852471,100,66.4360147529,25.0000000000,16.6090036882,75.0000000000,49.8270110647,25.0000000000,16.6090036882,-1.0000000000,0.0000000000,-1,1.8810000000,33.0000000000,25.0000000000,16.6090036882
21,175,0.0000000100,3,40,40,200,33.5639852471,100,66.4360147529,25.0000000000,16.6090036882,75.0000000000,49.8270110647,25.0000000000,16.6090036882,-1.0000000000,0.0000000000,-1,1.6020000000,33.0000000000,25.0000000000,16.6090036882
24,175,0.0000000100,3,40,40,200,33.5639852471,100,66.4360147529,25.0000000000,16.6090036882,75.0000000000,49.8270110647,25.0000000000,16.6090036882,-1.0000000000,0.0000000000,-1,1.3960000000,33.0000000000,25.0000000000,16.6090036882
18,25,0.0000000100,3,40,40,200,33.5639852471,100,66.4360147529,25.0000000000,16.6090036882,75.0000000000,49.8270110647,25.0000000000,16.6090036882,-1.0000000000,0.0000000000,-1,0.2700000000,33.0000000000,25.0000000000,16.6090036882
18,75,0.0000000100,3,40,40,200,33.5639852471,100,66.4360147529,25.0000000000,16.6090036882,75.0000000000,49.8270110647,25.0000000000,16.6090036882,-1.0000000000,0.0000000000,-1,0.8070000000,33.0000000000,25.0000000000,16.6090036882
18,125,0.0000000100,3,40,40,200,33.5639852471,100,66.4360147529,25.0000000000,16.6090036882,75.0000000000,49.8270110647,25.0000000000,16.6090036882,-1.0000000000,0.0000000000,-1,1.3470000000,33.0000000000,25.0000000000,16.6090036882
18,225,0.0000000100,3,40,40,200,33.5639852471,100,66.4360147529,25.0000000000,16.6090036882,75.0000000000,49.8270110647,25.0000000000,16.6090036882,-1.0000000000,0.0000000000,-1,2.4180000000,33.0000000000,25.0000000000,16.6090036882
18,275,0.0000000100,3,40,40,200,33.5639852471,100,66.4360147529,25.0000000000,16.6090036882,75.0000000000,49.8270110647,25.0000000000,16.6090036882,-1.0000000000,0.0000000000,-1,2.9580000000,33.0000000000,25.0000000000,16.6090036882
18,325,0.0000000100,3,40,40,200,33.5639852471,100,66.4360147529,25.0000000000,16.6090036882,75.0000000000,49.8270110647,25.0000000000,16.6090036882,-1.0000000000,0.0000000000,-1,3.4950000000,33.0000000000,25.0000000000,16.6090036882
12,175,0.0000000100,3,40,40,200,33.5639852471,100,66.4360147529,25.0000000000,16.6090036882,75.0000000000,49.8270110647,25.0000000000,16.6090036882,30.0000000000,315.9000000000,100,2.8970000000,33.0000000000,25.0000000000,16.6090036882
18,175,0.0000000100,3,40,40,200,33.5639852471,100,66.4360147529,25.0000000000,16.6090036882,75.0000000000,49.8270110647,25.0000000000,16.6090036882,30.0000000000,315.9000000000,100,1.8800000000,33.0000000000,25.0000000000,16.6090036882
21,175,0.0000000100,3,40,40,200,33.5639852471,100,66.4360147529,25.0000000000,16.6090036882,75.0000000000,49.8270110647,25.0000000000,16.6090036882,30.0000000000,315.9000000000,100,1.6000000000,33.0000000000,25.0000000000,16.6090036882
24,175,0.0000000100,3,40,40,200,33.5639852471,100,66.4360147529,25.0000000000,16.6090036882,75.0000000000,49.8270110647,25.0000000000,16.6090036882,30.0000000000,315.9000000000,100,1.3920000000,33.0000000000,25.0000000000,16.6090036882
18,25,0.0000000100,3,40,40,200,33.5639852471,100,66.4360147529,25.0000000000,16.6090036882,75.0000000000,49.8270110647,25.0000000000,16.6090036882,30.0000000000,315.9000000000,100,0.2680000000,33.0000000000,25.0000000000,16.6090036882
18,75,0.0000000100,3,40,40,200,33.5639852471,100,66.4360147529,25.0000000000,16.6090036882,75.0000000000,49.8270110647,25.0000000000,16.6090036882,30.0000000000,315.9000000000,100,0.8070000000,33.0000000000,25.0000000000,16.6090036882
18,125,0.0000000100,3,40,40,200,33.5639852471,100,66.4360147529,25.0000000000,16.6090036882,75.0000000000,49.8270110647,25.0000000000,16.6090036882,30.0000000000,315.9000000000,100,1.3440000000,33.0000000000,25.0000000000,16.6090036882
18,225,0.0000000100,3,40,40,200,33.5639852471,100,66.4360147529,25.0000000000,16.6090036882,75.0000000000,49.8270110647,25.0000000000,16.6090036882,30.0000000000,315.9000000000,100,2.4170000000,33.0000000000,25.0000000000,16.6090036882
18,275,0.0000000100,3,40,40,200,33.5639852471,100,66.4360147529,25.0000000000,16.6090036882,75.0000000000,49.8270110647,25.0000000000,16.6090036882,30.0000000000,315.9000000000,100,2.9560000000,33.0000000000,25.0000000000,16.6090036882
18,325,0.0000000100,3,40,40,200,33.5639852471,100,66.4360147529,25.0000000000,16.6090036882,75.0000000000,49.8270110647,25.0000000000,16.6090036882,30.0000000000,315.9000000000,100,3.4920000000,33.0000000000,25.0000000000,16.6090036882
12,175,0.0000000100,3,40,40,200,33.5639852471,100,66.4360147529,25.0000000000,16.6090036882,75.0000000000,49.8270110647,25.0000000000,16.6090036882,200.0000000000,480.5000000000,100,2.8970000000,33.0000000000,25.0000000000,16.6090036882
18,175,0.0000000100,3,40,40,200,33.5639852471,100,66.4360147529,25.0000000000,16.6090036882,75.0000000000,49.8270110647,25.0000000000,16.6090036882,200.0000000000,480.5000000000,100,1.8800000000,33.0000000000,25.0000000000,16.6090036882
21,175,0.0000000100,3,40,40,200,33.5639852471,100,66.4360147529,25.0000000000,16.6090036882,75.0000000000,49.8270110647,25.0000000000,16.6090036882,200.0000000000,480.5000000000,100,1.6000000000,33.0000000000,25.0000000000,16.6090036882
24,175,0.0000000100,3,40,40,200,33.5639852471,100,66.4360147529,25.0000000000,16.6090036882,75.0000000000,49.8270110647,25.0000000000,16.6090036882,200.0000000000,480.5000000000,100,1.3920000000,33.0000000000,25.0000000000,16.6090036882
18,25,0.0000000100,3,40,40,200,33.5639852471,100,66.4360147529,25.0000000000,16.6090036882,75.0000000000,49.8270110647,25.0000000000,16.6090036882,200.0000000000,480.5000000000,100,0.2680000000,33.0000000000,25.0000000000,16.6090036882
18,75,0.0000000100,3,40,40,200,33.5639852471,100,66.4360147529,25.0000000000,16.6090036882,75.0000000000,49.8270110647,25.0000000000,16.6090036882,200.0000000000,480.5000000000,100,0.8070000000,33.0000000000,25.0000000000,16.6090036882
18,125,0.0000000100,3,40,40,200,33.5639852471,100,66.4360147529,25.0000000000,16.6090036882,75.0000000000,49.8270110647,25.0000000000,16.6090036882,200.0000000000,480.5000000000,100,1.3440000000,33.0000000000,25.0000000000,16.6090036882
18,225,0.0000000100,3,40,40,200,33.5639852471,100,66.4360147529,25.0000000000,16.6090036882,75.0000000000,49.8270110647,25.0000000000,16.6090036882,200.0000000000,480.5000000000,100,2.4170000000,33.0000000000,25.0000000000,16.6090036882
18,275,0.0000000100,3,40,40,200,33.5639852471,100,66.4360147529,25.0000000000,16.6090036882,75.0000000000,49.8270110647,25.0000000000,16.6090036882,200.0000000000,480.5000000000,100,2.9560000000,33.0000000000,25.0000000000,16.6090036882
18,325,0.0000000100,3,40,40,200,33.5639852471,100,66.4360147529,25.0000000000,16.6090036882,75.0000000000,49.8270110647,25.0000000000,16.6090036882,200.0000000000,480.5000000000,100,3.4920000000,33.0000000000,25.0000000000,16.6090036882
12,175,0.0000000100,3,40,40,200,33.5639852471,100,66.4360147529,25.0000000000,16.6090036882,75.0000000000,49.8270110647,25.0000000000,16.6090036882,500.0000000000,586.0000000000,100,2.8970000000,33.0000000000,25.0000000000,16.6090036882
18,175,0.0000000100,3,40,40,200,33.5639852471,100,66.4360147529,25.0000000000,16.6090036882,75.0000000000,49.8270110647,25.0000000000,16.6090036882,500.0000000000,586.0000000000,100,1.8800000000,33.0000000000,25.0000000000,16.6090036882
21,175,0.0000000100,3,40,40,200,33.5639852471,100,66.4360147529,25.0000000000,16.6090036882,75.0000000000,49.8270110647,25.0000000000,16.6090036882,500.0000000000,586.0000000000,100,1.6000000000,33.0000000000,25.0000000000,16.6090036882
24,175,0.0000000100,3,40,40,200,33.5639852471,100,66.4360147529,25.0000000000,16.6090036882,75.0000000000,49.8270110647,25.0000000000,16.6090036882,500.0000000000,586.0000000000,100,1.3920000000,33.0000000000,25.0000000000,16.6090036882
18,25,0.0000000100,3,40,40,200,33.5639852471,100,66.4360147529,25.0000000000,16.6090036882,75.0000000000,49.8270110647,25.0000000000,16.6090036882,500.0000000000,586.0000000000,100,0.2680000000,33.0000000000,25.0000000000,16.6090036882
18,75,0.0000000100,3,40,40,200,33.5639852471,100,66.4360147529,25.0000000000,16.6090036882,75.0000000000,49.8270110647,25.0000000000,16.6090036882,500.0000000000,586.0000000000,100,0.8070000000,33.0000000000,25.0000000000,16.6090036882
18,125,0.0000000100,3,40,40,200,33.5639852471,100,66.4360147529,25.0000000000,16.6090036882,75.0000000000,49.8270110647,25.0000000000,16.6090036882,500.0000000000,586.0000000000,100,1.3440000000,33.0000000000,25.0000000000,16.6090036882
18,225,0.0000000100,3,40,40,200,33.5639852471,100,66.4360147529,25.0000000000,16.6090036882,75.0000000000,49.8270110647,25.0000000000,16.6090036882,500.0000000000,586.0000000000,100,2.4170000000,33.0000000000,25.0000000000,16.6090036882
18,275,0.0000000100,3,40,40,200,33.5639852471,100,66.4360147529,25.0000000000,16.6090036882,75.0000000000,49.8270110647,25.0000000000,16.6090036882,500.0000000000,586.0000000000,100,2.9560000000,33.0000000000,25.0000000000,16.6090036882
18,325,0.0000000100,3,40,40,200,33.5639852471,100,66.4360147529,25.0000000000,16.6090036882,75.0000000000,49.8270110647,25.0000000000,16.6090036882,500.0000000000,586.0000000000,100,3.4920000000,33.0000000000,25.0000000000,16.6090036882
12,175,0.0000000100,3,40,40,200,33.5639852471,100,66.4360147529,25.0000000000,16.6090036882,75.0000000000,49.8270110647,22.4020000000,0.0000000000,-1.0000000000,0.0000000000,-1,2.8060000000,33.0000000000,22.4020000000,0.0000000000
18,175,0.0000000100,3,40,40,200,33.5639852471,100,66.4360147529,25.0000000000,16.6090036882,75.0000000000,49.8270110647,22.4020000000,0.0000000000,-1.0000000000,0.0000000000,-1,1.8450000000,33.0000000000,22.4020000000,0.0000000000
18,25,0.0000000100,3,40,40,200,33.5639852471,100,66.4360147529,25.0000000000,16.6090036882,75.0000000000,49.8270110647,22.4020000000,0.0000000000,-1.0000000000,0.0000000000,-1,0.2660000000,33.0000000000,22.4020000000,0.0000000000
18,75,0.0000000100,3,40,40,200,33.5639852471,100,66.4360147529,25.0000000000,16.6090036882,75.0000000000,49.8270110647,22.4020000000,0.0000000000,-1.0000000000,0.0000000000,-1,0.7910000000,33.0000000000,22.4020000000,0.0000000000
18,125,0.0000000100,3,40,40,200,33.5639852471,100,66.4360147529,25.0000000000,16.6090036882,75.0000000000,49.8270110647,22.4020000000,0.0000000000,-1.0000000000,0.0000000000,-1,1.3190000000,33.0000000000,22.4020000000,0.0000000000
18,225,0.0000000100,3,40,40,200,33.5639852471,100,66.4360147529,25.0000000000,16.6090036882,75.0000000000,49.8270110647,22.4020000000,0.0000000000,-1.0000000000,0.0000000000,-1,2.3710000000,33.0000000000,22.4020000000,0.0000000000
18,275,0.0000000100,3,40,40,200,33.5639852471,100,66.4360147529,25.0000000000,16.6090036882,75.0000000000,49.8270110647,22.4020000000,0.0000000000,-1.0000000000,0.0000000000,-1,2.8980000000,33.0000000000,22.4020000000,0.0000000000
18,325,0.0000000100,3,40,40,200,33.5639852471,100,66.4360147529,25.0000000000,16.6090036882,75.0000000000,49.8270110647,22.4020000000,0.0000000000,-1.0000000000,0.0000000000,-1,3.4270000000,33.0000000000,22.4020000000,0.0000000000
12,175,0.0000000100,3,40,40,200,33.5639852471,100,66.4360147529,25.0000000000,16.6090036882,75.0000000000,49.8270110647,22.4020000000,0.0000000000,30.0000000000,315.9000000000,100,2.8020000000,33.0000000000,22.4020000000,0.0000000000
18,175,0.0000000100,3,40,40,200,33.5639852471,100,66.4360147529,25.0000000000,16.6090036882,75.0000000000,49.8270110647,22.4020000000,0.0000000000,30.0000000000,315.9000000000,100,1.8440000000,33.0000000000,22.4020000000,0.0000000000
18,25,0.0000000100,3,40,40,200,33.5639852471,100,66.4360147529,25.0000000000,16.6090036882,75.0000000000,49.8270110647,22.4020000000,0.0000000000,30.0000000000,315.9000000000,100,0.2650000000,33.0000000000,22.4020000000,0.0000000000
18,75,0.0000000100,3,40,40,200,33.5639852471,100,66.4360147529,25.0000000000,16.6090036882,75.0000000000,49.8270110647,22.4020000000,0.0000000000,30.0000000000,315.9000000000,100,0.7900000000,33.0000000000,22.4020000000,0.0000000000
18,125,0.0000000100,3,40,40,200,33.5639852471,100,66.4360147529,25.0000000000,16.6090036882,75.0000000000,49.8270110647,22.4020000000,0.0000000000,30.0000000000,315.9000000000,100,1.3160000000,33.0000000000,22.4020000000,0.0000000000
18,225,0.0000000100,3,40,40,200,33.5639852471,100,66.4360147529,25.0000000000,16.6090036882,75.0000000000,49.8270110647,22.4020000000,0.0000000000,30.0000000000,315.9000000000,100,2.3660000000,33.0000000000,22.4020000000,0.0000000000
18,275,0.0000000100,3,40,40,200,33.5639852471,100,66.4360147529,25.0000000000,16.6090036882,75.0000000000,49.8270110647,22.4020000000,0.0000000000,30.0000000000,315.9000000000,100,2.8890000000,33.0000000000,22.4020000000,0.0000000000
18,325,0.0000000100,3,40,40,200,33.5639852471,100,66.4360147529,25.0000000000,16.6090036882,75.0000000000,49.8270110647,22.4020000000,0.0000000000,30.0000000000,315.9000000000,100,3.4200000000,33.0000000000,22.4020000000,0.0000000000
12,175,0.0000000100,3,40,40,200,33.5639852471,100,66.4360147529,25.0000000000,16.6090036882,75.0000000000,49.8270110647,22.4020000000,0.0000000000,200.0000000000,480.5000000000,100,2.8020000000,33.0000000000,22.4020000000,0.0000000000
18,175,0.0000000100,3,40,40,200,33.5639852471,100,66.4360147529,25.0000000000,16.6090036882,75.0000000000,49.8270110647,22.4020000000,0.0000000000,200.0000000000,480.5000000000,100,1.8440000000,33.0000000000,22.4020000000,0.0000000000
18,25,0.0000000100,3,40,40,200,33.5639852471,100,66.4360147529,25.0000000000,16.6090036882,75.0000000000,49.8270110647,22.4020000000,0.0000000000,200.0000000000,480.5000000000,100,0.2650000000,33.0000000000,22.4020000000,0.0000000000
18,75,0.0000000100,3,40,40,200,33.5639852471,100,66.4360147529,25.0000000000,16.6090036882,75.0000000000,49.8270110647,22.4020000000,0.0000000000,200.0000000000,480.5000000000,100,0.7900000000,33.0000000000,22.4020000000,0.0000000000
18,125,0.0000000100,3,40,40,200,33.5639852471,100,66.4360147529,25.0000000000,16.6090036882,75.0000000000,49.8270110647,22.4020000000,0.0000000000,200.0000000000,480.5000000000,100,1.3160000000,33.0000000000,22.4020000000,0.0000000000
18,225,0.0000000100,3,40,40,200,33.5639852471,100,66.4360147529,25.0000000000,16.6090036882,75.0000000000,49.8270110647,22.4020000000,0.0000000000,200.0000000000,480.5000000000,100,2.3660000000,33.0000000000,22.4020000000,0.0000000000
18,275,0.0000000100,3,40,40,200,33.5639852471,100,66.4360147529,25.0000000000,16.6090036882,75.0000000000,49.8270110647,22.4020000000,0.0000000000,200.0000000000,480.5000000000,100,2.8890000000,33.0000000000,22.4020000000,0.0000000000
18,325,0.0000000100,3,40,40,200,33.5639852471,100,66.4360147529,25.0000000000,16.6090036882,75.0000000000,49.8270110647,22.4020000000,0.0000000000,200.0000000000,480.5000000000,100,3.4200000000,33.0000000000,22.4020000000,0.0000000000
12,175,0.0000000100,3,40,40,200,33.5639852471,100,66.4360147529,25.0000000000,16.6090036882,75.0000000000,49.8270110647,22.4020000000,0.0000000000,500.0000000000,586.0000000000,100,2.8020000000,33.0000000000,22.4020000000,0.0000000000
18,175,0.0000000100,3,40,40,200,33.5639852471,100,66.4360147529,25.0000000000,16.6090036882,75.0000000000,49.8270110647,22.4020000000,0.0000000000,500.0000000000,586.0000000000,100,1.8440000000,33.0000000000,22.4020000000,0.0000000000
18,25,0.0000000100,3,40,40,200,33.5639852471,100,66.4360147529,25.0000000000,16.6090036882,75.0000000000,49.8270110647,22.4020000000,0.0000000000,500.0000000000,586.0000000000,100,0.2650000000,33.0000000000,22.4020000000,0.0000000000
18,75,0.0000000100,3,40,40,200,33.5639852471,100,66.4360147529,25.0000000000,16.6090036882,75.0000000000,49.8270110647,22.4020000000,0.0000000000,500.0000000000,586.0000000000,100,0.7900000000,33.0000000000,22.4020000000,0.0000000000
18,125,0.0000000100,3,40,40,200,33.5639852471,100,66.4360147529,25.0000000000,16.6090036882,75.0000000000,49.8270110647,22.4020000000,0.0000000000,500.0000000000,586.0000000000,100,1.3160000000,33.0000000000,22.4020000000,0.0000000000
18,225,0.0000000100,3,40,40,200,33.5639852471,100,66.4360147529,25.0000000000,16.6090036882,75.0000000000,49.8270110647,22.4020000000,0.0000000000,500.0000000000,586.0000000000,100,2.3660000000,33.0000000000,22.4020000000,0.0000000000
18,275,0.0000000100,3,40,40,200,33.5639852471,100,66.4360147529,25.0000000000,16.6090036882,75.0000000000,49.8270110647,22.4020000000,0.0000000000,500.0000000000,586.0000000000,100,2.8890000000,33.0000000000,22.4020000000,0.0000000000
18,325,0.0000000100,3,40,40,200,33.5639852471,100,66.4360147529,25.0000000000,16.6090036882,75.0000000000,49.8270110647,22.4020000000,0.0000000000,500.0000000000,586.0000000000,100,3.4200000000,33.0000000000,22.4020000000,0.0000000000
15,175,0.0000000100,3,40,40,200,33.5639852471,100,66.4360147529,33.5639852471,0.0000000000,66.4360147529,66.4360147529,0.0000000000,0.0000000000,-1.0000000000,0.0000000000,-1,2.1830000000,26.0000000000,0.0000000000,0.0000000000
18,175,0.0000000100,3,40,40,200,33.5639852471,100,66.4360147529,33.5639852471,0.0000000000,66.4360147529,66.4360147529,0.0000000000,0.0000000000,-1.0000000000,0.0000000000,-1,1.8190000000,26.0000000000,0.0000000000,0.0000000000
21,175,0.0000000100,3,40,40,200,33.5639852471,100,66.4360147529,33.5639852471,0.0000000000,66.4360147529,66.4360147529,0.0000000000,0.0000000000,-1.0000000000,0.0000000000,-1,1.5590000000,26.0000000000,0.0000000000,0.0000000000
24,175,0.0000000100,3,40,40,200,33.5639852471,100,66.4360147529,33.5639852471,0.0000000000,66.4360147529,66.4360147529,0.0000000000,0.0000000000,-1.0000000000,0.0000000000,-1,1.3640000000,26.0000000000,0.0000000000,0.0000000000
18,25,0.0000000100,3,40,40,200,33.5639852471,100,66.4360147529,33.5639852471,0.0000000000,66.4360147529,66.4360147529,0.0000000000,0.0000000000,-1.0000000000,0.0000000000,-1,0.2600000000,26.0000000000,0.0000000000,0.0000000000
18,75,0.0000000100,3,40,40,200,33.5639852471,100,66.4360147529,33.5639852471,0.0000000000,66.4360147529,66.4360147529,0.0000000000,0.0000000000,-1.0000000000,0.0000000000,-1,0.7800000000,26.0000000000,0.0000000000,0.0000000000
18,125,0.0000000100,3,40,40,200,33.5639852471,100,66.4360147529,33.5639852471,0.0000000000,66.4360147529,66.4360147529,0.0000000000,0.0000000000,-1.0000000000,0.0000000000,-1,1.2990000000,26.0000000000,0.0000000000,0.0000000000
18,225,0.0000000100,3,40,40,200,33.5639852471,100,66.4360147529,33.5639852471,0.0000000000,66.4360147529,66.4360147529,0.0000000000,0.0000000000,-1.0000000000,0.0000000000,-1,2.3380000000,26.0000000000,0.0000000000,0.0000000000
18,275,0.0000000100,3,40,40,200,33.5639852471,100,66.4360147529,33.5639852471,0.0000000000,66.4360147529,66.4360147529,0.0000000000,0.0000000000,-1.0000000000,0.0000000000,-1,2.8550000000,26.0000000000,0.0000000000,0.0000000000
18,325,0.0000000100,3,40,40,200,33.5639852471,100,66.4360147529,33.5639852471,0.0000000000,66.4360147529,66.4360147529,0.0000000000,0.0000000000,-1.0000000000,0.0000000000,-1,3.3740000000,26.0000000000,0.0000000000,0.0000000000
15,175,0.0000000100,3,40,40,200,33.5639852471,100,66.4360147529,33.5639852471,0.0000000000,66.4360147529,66.4360147529,0.0000000000,0.0000000000,30.0000000000,315.9000000000,100,2.1830000000,26.0000000000,0.0000000000,0.0000000000
18,175,0.0000000100,3,40,40,200,33.5639852471,100,66.4360147529,33.5639852471,0.0000000000,66.4360147529,66.4360147529,0.0000000000,0.0000000000,30.0000000000,315.9000000000,100,1.8190000000,26.0000000000,0.0000000000,0.0000000000
21,175,0.0000000100,3,40,40,200,33.5639852471,100,66.4360147529,33.5639852471,0.0000000000,66.4360147529,66.4360147529,0.0000000000,0.0000000000,30.0000000000,315.9000000000,100,1.5590000000,26.0000000000,0.0000000000,0.0000000000
24,175,0.0000000100,3,40,40,200,33.5639852471,100,66.4360147529,33.5639852471,0.0000000000,66.4360147529,66.4360147529,0.0000000000,0.0000000000,30.0000000000,315.9000000000,100,1.3640000000,26.0000000000,0.0000000000,0.0000000000
18,25,0.0000000100,3,40,40,200,33.5639852471,100,66.4360147529,33.5639852471,0.0000000000,66.4360147529,66.4360147529,0.0000000000,0.0000000000,30.0000000000,315.9000000000,100,0.2600000000,26.0000000000,0.0000000000,0.0000000000
18,75,0.0000000100,3,40,40,200,33.5639852471,100,66.4360147529,33.5639852471,0.0000000000,66.4360147529,66.4360147529,0.0000000000,0.0000000000,30.0000000000,315.9000000000,100,0.7800000000,26.0000000000,0.0000000000,0.0000000000
18,125,0.0000000100,3,40,40,200,33.5639852471,100,66.4360147529,33.5639852471,0.0000000000,66.4360147529,66.4360147529,0.0000000000,0.0000000000,30.0000000000,315.9000000000,100,1.2990000000,26.0000000000,0.0000000000,0.0000000000
18,225,0.0000000100,3,40,40,200,33.5639852471,100,66.4360147529,33.5639852471,0.0000000000,66.4360147529,66.4360147529,0.0000000000,0.0000000000,30.0000000000,315.9000000000,100,2.3380000000,26.0000000000,0.0000000000,0.0000000000
18,275,0.0000000100,3,40,40,200,33.5639852471,100,66.4360147529,33.5639852471,0.0000000000,66.4360147529,66.4360147529,0.0000000000,0.0000000000,30.0000000000,315.9000000000,100,2.8550000000,26.0000000000,0.0000000000,0.0000000000
18,325,0.0000000100,3,40,40,200,33.5639852471,100,66.4360147529,33.5639852471,0.0000000000,66.4360147529,66.4360147529,0.0000000000,0.0000000000,30.0000000000,315.9000000000,100,3.3740000000,26.0000000000,0.0000000000,0.0000000000
15,175,0.0000000100,3,40,40,200,33.5639852471,100,66.4360147529,33.5639852471,0.0000000000,66.4360147529,66.4360147529,0.0000000000,0.0000000000,200.0000000000,480.5000000000,100,2.1830000000,26.0000000000,0.0000000000,0.0000000000
18,175,0.0000000100,3,40,40,200,33.5639852471,100,66.4360147529,33.5639852471,0.0000000000,66.4360147529,66.4360147529,0.0000000000,0.0000000000,200.0000000000,480.5000000000,100,1.8190000000,26.0000000000,0.0000000000,0.0000000000
21,175,0.0000000100,3,40,40,200,33.5639852471,100,66.4360147529,33.5639852471,0.0000000000,66.4360147529,66.4360147529,0.0000000000,0.0000000000,200.0000000000,480.5000000000,100,1.5590000000,26.0000000000,0.0000000000,0.0000000000
24,175,0.0000000100,3,40,40,200,33.5639852471,100,66.4360147529,33.5639852471,0.0000000000,66.4360147529,66.4360147529,0.0000000000,0.0000000000,200.0000000000,480.5000000000,100,1.3640000000,26.0000000000,0.0000000000,0.0000000000
18,25,0.0000000100,3,40,40,200,33.5639852471,100,66.4360147529,33.5639852471,0.0000000000,66.4360147529,66.4360147529,0.0000000000,0.0000000000,200.0000000000,480.5000000000,100,0.2600000000,26.0000000000,0.0000000000,0.0000000000
18,75,0.0000000100,3,40,40,200,33.5639852471,100,66.4360147529,33.5639852471,0.0000000000,66.4360147529,66.4360147529,0.0000000000,0.0000000000,200.0000000000,480.5000000000,100,0.7800000000,26.0000000000,0.0000000000,0.0000000000
18,125,0.0000000100,3,40,40,200,33.5639852471,100,66.4360147529,33.5639852471,0.0000000000,66.4360147529,66.4360147529,0.0000000000,0.0000000000,200.0000000000,480.5000000000,100,1.2990000000,26.0000000000,0.0000000000,0.0000000000
18,225,0.0000000100,3,40,40,200,33.5639852471,100,66.4360147529,33.5639852471,0.0000000000,66.4360147529,66.4360147529,0.0000000000,0.0000000000,200.0000000000,480.5000000000,100,2.3380000000,26.0000000000,0.0000000000,0.0000000000
18,275,0.0000000100,3,40,40,200,33.5639852471,100,66.4360147529,33.5639852471,0.0000000000,66.4360147529,66.4360147529,0.0000000000,0.0000000000,200.0000000000,480.5000000000,100,2.8550000000,26.0000000000,0.0000000000,0.0000000000
18,325,0.0000000100,3,40,40,200,33.5639852471,100,66.4360147529,33.5639852471,0.0000000000,66.4360147529,66.4360147529,0.0000000000,0.0000000000,200.0000000000,480.5000000000,100,3.3740000000,26.0000000000,0.0000000000,0.0000000000
15,175,0.0000000100,3,40,40,200,33.5639852471,100,66.4360147529,33.5639852471,0.0000000000,66.4360147529,66.4360147529,0.0000000000,0.0000000000,500.0000000000,586.0000000000,100,2.1830000000,26.0000000000,0.0000000000,0.0000000000
18,175,0.0000000100,3,40,40,200,33.5639852471,100,66.4360147529,33.5639852471,0.0000000000,66.4360147529,66.4360147529,0.0000000000,0.0000000000,500.0000000000,586.0000000000,100,1.8190000000,26.0000000000,0.0000000000,0.0000000000
21,175,0.0000000100,3,40,40,200,33.5639852471,100,66.4360147529,33.5639852471,0.0000000000,66.4360147529,66.4360147529,0.0000000000,0.0000000000,500.0000000000,586.0000000000,100,1.5590000000,26.0000000000,0.0000000000,0.0000000000
24,175,0.0000000100,3,40,40,200,33.5639852471,100,66.4360147529,33.5639852471,0.0000000000,66.4360147529,66.4360147529,0.0000000000,0.0000000000,500.0000000000,586.0000000000,100,1.3640000000,26.0000000000,0.0000000000,0.0000000000
18,25,0.0000000100,3,40,40,200,33.5639852471,100,66.4360147529,33.5639852471,0.0000000000,66.4360147529,66.4360147529,0.0000000000,0.0000000000,500.0000000000,586.0000000000,100,0.2600000000,26.0000000000,0.0000000000,0.0000000000
18,75,0.0000000100,3,40,40,200,33.5639852471,100,66.4360147529,33.5639852471,0.0000000000,66.4360147529,66.4360147529,0.0000000000,0.0000000000,500.0000000000,586.0000000000,100,0.7800000000,26.0000000000,0.0000000000,0.0000000000
18,125,0.0000000100,3,40,40,200,33.5639852471,100,66.4360147529,33.5639852471,0.0000000000,66.4360147529,66.4360147529,0.0000000000,0.0000000000,500.0000000000,586.0000000000,100,1.2990000000,26.0000000000,0.0000000000,0.0000000000
18,225,0.0000000100,3,40,40,200,33.5639852471,100,66.4360147529,33.5639852471,0.0000000000,66.4360147529,66.4360147529,0.0000000000,0.0000000000,500.0000000000,586.0000000000,100,2.3380000000,26.0000000000,0.0000000000,0.0000000000
18,275,0.0000000100,3,40,40,200,33.5639852471,100,66.4360147529,33.5639852471,0.0000000000,66.4360147529,66.4360147529,0.0000000000,0.0000000000,500.0000000000,586.0000000000,100,2.8550000000,26.0000000000,0.0000000000,0.0000000000
18,325,0.0000000100,3,40,40,200,33.5639852471,100,66.4360147529,33.5639852471,0.0000000000,66.4360147529,66.4360147529,0.0000000000,0.0000000000,500.0000000000,586.0000000000,100,3.3740000000,26.0000000000,0.0000000000,0.0000000000
15,175,0.0000000100,3,40,40,200,33.5639852471,100,66.4360147529,33.5639852471,0.0000000000,66.4360147529,66.4360147529,33.5639852471,0.0000000000,-1.0000000000,0.0000000000,-1,2.3310000000,26.0000000000,33.5639852471,0.0000000000
18,175,0.0000000100,3,40,40,200,33.5639852471,100,66.4360147529,33.5639852471,0.0000000000,66.4360147529,66.4360147529,33.5639852471,0.0000000000,-1.0000000000,0.0000000000,-1,1.9240000000,26.0000000000,33.5639852471,0.0000000000
21,175,0.0000000100,3,40,40,200,33.5639852471,100,66.4360147529,33.5639852471,0.0000000000,66.4360147529,66.4360147529,33.5639852471,0.0000000000,-1.0000000000,0.0000000000,-1,1.6350000000,26.0000000000,33.5639852471,0.0000000000
24,175,0.0000000100,3,40,40,200,33.5639852471,100,66.4360147529,33.5639852471,0.0000000000,66.4360147529,66.4360147529,33.5639852471,0.0000000000,-1.0000000000,0.0000000000,-1,1.4220000000,26.0000000000,33.5639852471,0.0000000000
18,25,0.0000000100,3,40,40,200,33.5639852471,100,66.4360147529,33.5639852471,0.0000000000,66.4360147529,66.4360147529,33.5639852471,0.0000000000,-1.0000000000,0.0000000000,-1,0.2750000000,26.0000000000,33.5639852471,0.0000000000
18,75,0.0000000100,3,40,40,200,33.5639852471,100,66.4360147529,33.5639852471,0.0000000000,66.4360147529,66.4360147529,33.5639852471,0.0000000000,-1.0000000000,0.0000000000,-1,0.8250000000,26.0000000000,33.5639852471,0.0000000000
18,125,0.0000000100,3,40,40,200,33.5639852471,100,66.4360147529,33.5639852471,0.0000000000,66.4360147529,66.4360147529,33.5639852471,0.0000000000,-1.0000000000,0.0000000000,-1,1.3740000000,26.0000000000,33.5639852471,0.0000000000
18,225,0.0000000100,3,40,40,200,33.5639852471,100,66.4360147529,33.5639852471,0.0000000000,66.4360147529,66.4360147529,33.5639852471,0.0000000000,-1.0000000000,0.0000000000,-1,2.4690000000,26.0000000000,33.5639852471,0.0000000000
18,325,0.0000000100,3,40,40,200,33.5639852471,100,66.4360147529,33.5639852471,0.0000000000,66.4360147529,66.4360147529,33.5639852471,0.0000000000,-1.0000000000,0.0000000000,-1,3.5700000000,26.0000000000,33.5639852471,0.0000000000
15,175,0.0000000100,3,40,40,200,33.5639852471,100,66.4360147529,33.5639852471,0.0000000000,66.4360147529,66.4360147529,33.5639852471,0.0000000000,30.0000000000,315.9000000000,100,2.3300000000,26.0000000000,33.5639852471,0.0000000000
18,175,0.0000000100,3,40,40,200,33.5639852471,100,66.4360147529,33.5639852471,0.0000000000,66.4360147529,66.4360147529,33.5639852471,0.0000000000,30.0000000000,315.9000000000,100,1.9200000000,26.0000000000,33.5639852471,0.0000000000
21,175,0.0000000100,3,40,40,200,33.5639852471,100,66.4360147529,33.5639852471,0.0000000000,66.4360147529,66.4360147529,33.5639852471,0.0000000000,30.0000000000,315.9000000000,100,1.6320000000,26.0000000000,33.5639852471,0.0000000000
24,175,0.0000000100,3,40,40,200,33.5639852471,100,66.4360147529,33.5639852471,0.0000000000,66.4360147529,66.4360147529,33.5639852471,0.0000000000,30.0000000000,315.9000000000,100,1.4200000000,26.0000000000,33.5639852471,0.0000000000
18,25,0.0000000100,3,40,40,200,33.5639852471,100,66.4360147529,33.5639852471,0.0000000000,66.4360147529,66.4360147529,33.5639852471,0.0000000000,30.0000000000,315.9000000000,100,0.2740000000,26.0000000000,33.5639852471,0.0000000000
18,75,0.0000000100,3,40,40,200,33.5639852471,100,66.4360147529,33.5639852471,0.0000000000,66.4360147529,66.4360147529,33.5639852471,0.0000000000,30.0000000000,315.9000000000,100,0.8230000000,26.0000000000,33.5639852471,0.0000000000
18,125,0.0000000100,3,40,40,200,33.5639852471,100,66.4360147529,33.5639852471,0.0000000000,66.4360147529,66.4360147529,33.5639852471,0.0000000000,30.0000000000,315.9000000000,100,1.3710000000,26.0000000000,33.5639852471,0.0000000000
18,225,0.0000000100,3,40,40,200,33.5639852471,100,66.4360147529,33.5639852471,0.0000000000,66.4360147529,66.4360147529,33.5639852471,0.0000000000,30.0000000000,315.9000000000,100,2.4680000000,26.0000000000,33.5639852471,0.0000000000
18,325,0.0000000100,3,40,40,200,33.5639852471,100,66.4360147529,33.5639852471,0.0000000000,66.4360147529,66.4360147529,33.5639852471,0.0000000000,30.0000000000,315.9000000000,100,3.5650000000,26.0000000000,33.5639852471,0.0000000000
15,175,0.0000000100,3,40,40,200,33.5639852471,100,66.4360147529,33.5639852471,0.0000000000,66.4360147529,66.4360147529,33.5639852471,0.0000000000,200.0000000000,480.5000000000,100,2.3300000000,26.0000000000,33.5639852471,0.0000000000
18,175,0.0000000100,3,40,40,200,33.5639852471,100,66.4360147529,33.5639852471,0.0000000000,66.4360147529,66.4360147529,33.5639852471,0.0000000000,200.0000000000,480.5000000000,100,1.9200000000,26.0000000000,33.5639852471,0.0000000000
21,175,0.0000000100,3,40,40,200,33.5639852471,100,66.4360147529,33.5639852471,0.0000000000,66.4360147529,66.4360147529,33.5639852471,0.0000000000,200.0000000000,480.5000000000,100,1.6320000000,26.0000000000,33.5639852471,0.0000000000
24,175,0.0000000100,3,40,40,200,33.5639852471,100,66.4360147529,33.5639852471,0.0000000000,66.4360147529,66.4360147529,33.5639852471,0.0000000000,200.0000000000,480.5000000000,100,1.4200000000,26.0000000000,33.5639852471,0.0000000000
18,25,0.0000000100,3,40,40,200,33.5639852471,100,66.4360147529,33.5639852471,0.0000000000,66.4360147529,66.4360147529,33.5639852471,0.0000000000,200.0000000000,480.5000000000,100,0.2740000000,26.0000000000,33.5639852471,0.0000000000
18,75,0.0000000100,3,40,40,200,33.5639852471,100,66.4360147529,33.5639852471,0.0000000000,66.4360147529,66.4360147529,33.5639852471,0.0000000000,200.0000000000,480.5000000000,100,0.8230000000,26.0000000000,33.5639852471,0.0000000000
18,125,0.0000000100,3,40,40,200,33.5639852471,100,66.4360147529,33.5639852471,0.0000000000,66.4360147529,66.4360147529,33.5639852471,0.0000000000,200.0000000000,480.5000000000,100,1.3710000000,26.0000000000,33.5639852471,0.0000000000
18,225,0.0000000100,3,40,40,200,33.5639852471,100,66.4360147529,33.5639852471,0.0000000000,66.4360147529,66.4360147529,33.5639852471,0.0000000000,200.0000000000,480.5000000000,100,2.4680000000,26.0000000000,33.5639852471,0.0000000000
18,325,0.0000000100,3,40,40,200,33.5639852471,100,66.4360147529,33.5639852471,0.0000000000,66.4360147529,66.4360147529,33.5639852471,0.0000000000,200.0000000000,480.5000000000,100,3.5650000000,26.0000000000,33.5639852471,0.0000000000
15,175,0.0000000100,3,40,40,200,33.5639852471,100,66.4360147529,33.5639852471,0.0000000000,66.4360147529,66.4360147529,33.5639852471,0.0000000000,500.0000000000,586.0000000000,100,2.3300000000,26.0000000000,33.5639852471,0.0000000000
18,175,0.0000000100,3,40,40,200,33.5639852471,100,66.4360147529,33.5639852471,0.0000000000,66.4360147529,66.4360147529,33.5639852471,0.0000000000,500.0000000000,586.0000000000,100,1.9200000000,26.0000000000,33.5639852471,0.0000000000
21,175,0.0000000100,3,40,40,200,33.5639852471,100,66.4360147529,33.5639852471,0.0000000000,66.4360147529,66.4360147529,33.5639852471,0.0000000000,500.0000000000,586.0000000000,100,1.6320000000,26.0000000000,33.5639852471,0.0000000000
24,175,0.0000000100,3,40,40,200,33.5639852471,100,66.4360147529,33.5639852471,0.0000000000,66.4360147529,66.4360147529,33.5639852471,0.0000000000,500.0000000000,586.0000000000,100,1.4200000000,26.0000000000,33.5639852471,0.0000000000
18,25,0.0000000100,3,40,40,200,33.5639852471,100,66.4360147529,33.5639852471,0.0000000000,66.4360147529,66.4360147529,33.5639852471,0.0000000000,500.0000000000,586.0000000000,100,0.2740000000,26.0000000000,33.5639852471,0.0000000000
18,75,0.0000000100,3,40,40,200,33.5639852471,100,66.4360147529,33.5639852471,0.0000000000,66.4360147529,66.4360147529,33.5639852471,0.0000000000,500.0000000000,586.0000000000,100,0.8230000000,26.0000000000,33.5639852471,0.0000000000
18,125,0.0000000100,3,40,40,200,33.5639852471,100,66.4360147529,33.5639852471,0.0000000000,66.4360147529,66.4360147529,33.5639852471,0.0000000000,500.0000000000,586.0000000000,100,1.3710000000,26.0000000000,33.5639852471,0.0000000000
18,225,0.0000000100,3,40,40,200,33.5639852471,100,66.4360147529,33.5639852471,0.0000000000,66.4360147529,66.4360147529,33.5639852471,0.0000000000,500.0000000000,586.0000000000,100,2.4680000000,26.0000000000,33.5639852471,0.0000000000
18,325,0.0000000100,3,40,40,200,33.5639852471,100,66.4360147529,33.5639852471,0.0000000000,66.4360147529,66.4360147529,33.5639852471,0.0000000000,500.0000000000,586.0000000000,100,3.5650000000,26.0000000000,33.5639852471,0.0000000000
12,175,0.0000000100,3,40,40,200,33.5639852471,100,66.4360147529,33.5639852471,0.0000000000,66.4360147529,66.4360147529,22.4020000000,0.0000000000,-1.0000000000,0.0000000000,-1,2.9050000000,26.0000000000,22.4020000000,0.0000000000
15,175,0.0000000100,3,40,40,200,33.5639852471,100,66.4360147529,33.5639852471,0.0000000000,66.4360147529,66.4360147529,22.4020000000,0.0000000000,-1.0000000000,0.0000000000,-1,2.2940000000,26.0000000000,22.4020000000,0.0000000000
18,175,0.0000000100,3,40,40,200,33.5639852471,100,66.4360147529,33.5639852471,0.0000000000,66.4360147529,66.4360147529,22.4020000000,0.0000000000,-1.0000000000,0.0000000000,-1,1.8970000000,26.0000000000,22.4020000000,0.0000000000
21,175,0.0000000100,3,40,40,200,33.5639852471,100,66.4360147529,33.5639852471,0.0000000000,66.4360147529,66.4360147529,22.4020000000,0.0000000000,-1.0000000000,0.0000000000,-1,1.6160000000,26.0000000000,22.4020000000,0.0000000000
24,175,0.0000000100,3,40,40,200,33.5639852471,100,66.4360147529,33.5639852471,0.0000000000,66.4360147529,66.4360147529,22.4020000000,0.0000000000,-1.0000000000,0.0000000000,-1,1.4080000000,26.0000000000,22.4020000000,0.0000000000
18,25,0.0000000100,3,40,40,200,33.5639852471,100,66.4360147529,33.5639852471,0.0000000000,66.4360147529,66.4360147529,22.4020000000,0.0000000000,-1.0000000000,0.0000000000,-1,0.2720000000,26.0000000000,22.4020000000,0.0000000000
18,75,0.0000000100,3,40,40,200,33.5639852471,100,66.4360147529,33.5639852471,0.0000000000,66.4360147529,66.4360147529,22.4020000000,0.0000000000,-1.0000000000,0.0000000000,-1,0.8120000000,26.0000000000,22.4020000000,0.0000000000
18,125,0.0000000100,3,40,40,200,33.5639852471,100,66.4360147529,33.5639852471,0.0000000000,66.4360147529,66.4360147529,22.4020000000,0.0000000000,-1.0000000000,0.0000000000,-1,1.3530000000,26.0000000000,22.4020000000,0.0000000000
18,225,0.0000000100,3,40,40,200,33.5639852471,100,66.4360147529,33.5639852471,0.0000000000,66.4360147529,66.4360147529,22.4020000000,0.0000000000,-1.0000000000,0.0000000000,-1,2.4370000000,26.0000000000,22.4020000000,0.0000000000
18,275,0.0000000100,3,40,40,200,33.5639852471,100,66.4360147529,33.5639852471,0.0000000000,66.4360147529,66.4360147529,22.4020000000,0.0000000000,-1.0000000000,0.0000000000,-1,2.9800000000,26.0000000000,22.4020000000,0.0000000000
18,325,0.0000000100,3,40,40,200,33.5639852471,100,66.4360147529,33.5639852471,0.0000000000,66.4360147529,66.4360147529,22.4020000000,0.0000000000,-1.0000000000,0.0000000000,-1,3.5220000000,26.0000000000,22.4020000000,0.0000000000
12,175,0.0000000100,3,40,40,200,33.5639852471,100,66.4360147529,33.5639852471,0.0000000000,66.4360147529,66.4360147529,22.4020000000,0.0000000000,30.0000000000,315.9000000000,100,2.8910000000,26.0000000000,22.4020000000,0.0000000000
15,175,0.0000000100,3,40,40,200,33.5639852471,100,66.4360147529,33.5639852471,0.0000000000,66.4360147529,66.4360147529,22.4020000000,0.0000000000,30.0000000000,315.9000000000,100,2.2840000000,26.0000000000,22.4020000000,0.0000000000
18,175,0.0000000100,3,40,40,200,33.5639852471,100,66.4360147529,33.5639852471,0.0000000000,66.4360147529,66.4360147529,22.4020000000,0.0000000000,30.0000000000,315.9000000000,100,1.8900000000,26.0000000000,22.4020000000,0.0000000000
21,175,0.0000000100,3,40,40,200,33.5639852471,100,66.4360147529,33.5639852471,0.0000000000,66.4360147529,66.4360147529,22.4020000000,0.0000000000,30.0000000000,315.9000000000,100,1.6110000000,26.0000000000,22.4020000000,0.0000000000
24,175,0.0000000100,3,40,40,200,33.5639852471,100,66.4360147529,33.5639852471,0.0000000000,66.4360147529,66.4360147529,22.4020000000,0.0000000000,30.0000000000,315.9000000000,100,1.4060000000,26.0000000000,22.4020000000,0.0000000000
18,25,0.0000000100,3,40,40,200,33.5639852471,100,66.4360147529,33.5639852471,0.0000000000,66.4360147529,66.4360147529,22.4020000000,0.0000000000,30.0000000000,315.9000000000,100,0.2710000000,26.0000000000,22.4020000000,0.0000000000
18,75,0.0000000100,3,40,40,200,33.5639852471,100,66.4360147529,33.5639852471,0.0000000000,66.4360147529,66.4360147529,22.4020000000,0.0000000000,30.0000000000,315.9000000000,100,0.8090000000,26.0000000000,22.4020000000,0.0000000000
18,125,0.0000000100,3,40,40,200,33.5639852471,100,66.4360147529,33.5639852471,0.0000000000,66.4360147529,66.4360147529,22.4020000000,0.0000000000,30.0000000000,315.9000000000,100,1.3500000000,26.0000000000,22.4020000000,0.0000000000
18,225,0.0000000100,3,40,40,200,33.5639852471,100,66.4360147529,33.5639852471,0.0000000000,66.4360147529,66.4360147529,22.4020000000,0.0000000000,30.0000000000,315.9000000000,100,2.4280000000,26.0000000000,22.4020000000,0.0000000000
18,275,0.0000000100,3,40,40,200,33.5639852471,100,66.4360147529,33.5639852471,0.0000000000,66.4360147529,66.4360147529,22.4020000000,0.0000000000,30.0000000000,315.9000000000,100,2.9700000000,26.0000000000,22.4020000000,0.0000000000
18,325,0.0000000100,3,40,40,200,33.5639852471,100,66.4360147529,33.5639852471,0.0000000000,66.4360147529,66.4360147529,22.4020000000,0.0000000000,30.0000000000,315.9000000000,100,3.5090000000,26.0000000000,22.4020000000,0.0000000000
12,175,0.0000000100,3,40,40,200,33.5639852471,100,66.4360147529,33.5639852471,0.0000000000,66.4360147529,66.4360147529,22.4020000000,0.0000000000,200.0000000000,480.5000000000,100,2.8910000000,26.0000000000,22.4020000000,0.0000000000
15,175,0.0000000100,3,40,40,200,33.5639852471,100,66.4360147529,33.5639852471,0.0000000000,66.4360147529,66.4360147529,22.4020000000,0.0000000000,200.0000000000,480.5000000000,100,2.2840000000,26.0000000000,22.4020000000,0.0000000000
18,175,0.0000000100,3,40,40,200,33.5639852471,100,66.4360147529,33.5639852471,0.0000000000,66.4360147529,66.4360147529,22.4020000000,0.0000000000,200.0000000000,480.5000000000,100,1.8900000000,26.0000000000,22.4020000000,0.0000000000
21,175,0.0000000100,3,40,40,200,33.5639852471,100,66.4360147529,33.5639852471,0.0000000000,66.4360147529,66.4360147529,22.4020000000,0.0000000000,200.0000000000,480.5000000000,100,1.6110000000,26.0000000000,22.4020000000,0.0000000000
24,175,0.0000000100,3,40,40,200,33.5639852471,100,66.4360147529,33.5639852471,0.0000000000,66.4360147529,66.4360147529,22.4020000000,0.0000000000,200.0000000000,480.5000000000,100,1.4060000000,26.0000000000,22.4020000000,0.0000000000
18,25,0.0000000100,3,40,40,200,33.5639852471,100,66.4360147529,33.5639852471,0.0000000000,66.4360147529,66.4360147529,22.4020000000,0.0000000000,200.0000000000,480.5000000000,100,0.2710000000,26.0000000000,22.4020000000,0.0000000000
18,75,0.0000000100,3,40,40,200,33.5639852471,100,66.4360147529,33.5639852471,0.0000000000,66.4360147529,66.4360147529,22.4020000000,0.0000000000,200.0000000000,480.5000000000,100,0.8090000000,26.0000000000,22.4020000000,0.0000000000
18,125,0.0000000100,3,40,40,200,33.5639852471,100,66.4360147529,33.5639852471,0.0000000000,66.4360147529,66.4360147529,22.4020000000,0.0000000000,200.0000000000,480.5000000000,100,1.3500000000,26.0000000000,22.4020000000,0.0000000000
18,225,0.0000000100,3,40,40,200,33.5639852471,100,66.4360147529,33.5639852471,0.0000000000,66.4360147529,66.4360147529,22.4020000000,0.0000000000,200.0000000000,480.5000000000,100,2.4280000000,26.0000000000,22.4020000000,0.0000000000
18,275,0.0000000100,3,40,40,200,33.5639852471,100,66.4360147529,33.5639852471,0.0000000000,66.4360147529,66.4360147529,22.4020000000,0.0000000000,200.0000000000,480.5000000000,100,2.9700000000,26.0000000000,22.4020000000,0.0000000000
18,325,0.0000000100,3,40,40,200,33.5639852471,100,66.4360147529,33.5639852471,0.0000000000,66.4360147529,66.4360147529,22.4020000000,0.0000000000,200.0000000000,480.5000000000,100,3.5090000000,26.0000000000,22.4020000000,0.0000000000
12,175,0.0000000100,3,40,40,200,33.5639852471,100,66.4360147529,33.5639852471,0.0000000000,66.4360147529,66.4360147529,22.4020000000,0.0000000000,500.0000000000,586.0000000000,100,2.8910000000,26.0000000000,22.4020000000,0.0000000000
15,175,0.0000000100,3,40,40,200,33.5639852471,100,66.4360147529,33.5639852471,0.0000000000,66.4360147529,66.4360147529,22.4020000000,0.0000000000,500.0000000000,586.0000000000,100,2.2840000000,26.0000000000,22.4020000000,0.0000000000
18,175,0.0000000100,3,40,40,200,33.5639852471,100,66.4360147529,33.5639852471,0.0000000000,66.4360147529,66.4360147529,22.4020000000,0.0000000000,500.0000000000,586.0000000000,100,1.8900000000,26.0000000000,22.4020000000,0.0000000000
21,175,0.0000000100,3,40,40,200,33.5639852471,100,66.4360147529,33.5639852471,0.0000000000,66.4360147529,66.4360147529,22.4020000000,0.0000000000,500.0000000000,586.0000000000,100,1.6110000000,26.0000000000,22.4020000000,0.0000000000
24,175,0.0000000100,3,40,40,200,33.5639852471,100,66.4360147529,33.5639852471,0.0000000000,66.4360147529,66.4360147529,22.4020000000,0.0000000000,500.0000000000,586.0000000000,100,1.4060000000,26.0000000000,22.4020000000,0.0000000000
18,25,0.0000000100,3,40,40,200,33.5639852471,100,66.4360147529,33.5639852471,0.0000000000,66.4360147529,66.4360147529,22.4020000000,0.0000000000,500.0000000000,586.0000000000,100,0.2710000000,26.0000000000,22.4020000000,0.0000000000
18,75,0.0000000100,3,40,40,200,33.5639852471,100,66.4360147529,33.5639852471,0.0000000000,66.4360147529,66.4360147529,22.4020000000,0.0000000000,500.0000000000,586.0000000000,100,0.8090000000,26.0000000000,22.4020000000,0.0000000000
18,125,0.0000000100,3,40,40,200,33.5639852471,100,66.4360147529,33.5639852471,0.0000000000,66.4360147529,66.4360147529,22.4020000000,0.0000000000,500.0000000000,586.0000000000,100,1.3500000000,26.0000000000,22.4020000000,0.0000000000
18,225,0.0000000100,3,40,40,200,33.5639852471,100,66.4360147529,33.5639852471,0.0000000000,66.4360147529,66.4360147529,22.4020000000,0.0000000000,500.0000000000,586.0000000000,100,2.4280000000,26.0000000000,22.4020000000,0.0000000000
18,275,0.0000000100,3,40,40,200,33.5639852471,100,66.4360147529,33.5639852471,0.0000000000,66.4360147529,66.4360147529,22.4020000000,0.0000000000,500.0000000000,586.0000000000,100,2.9700000000,26.0000000000,22.4020000000,0.0000000000
18,325,0.0000000100,3,40,40,200,33.5639852471,100,66.4360147529,33.5639852471,0.0000000000,66.4360147529,66.4360147529,22.4020000000,0.0000000000,500.0000000000,586.0000000000,100,3.5090000000,26.0000000000,22.4020000000,0.0000000000
12,175,0.0000000100,3,40,80,400,67.1279704942,200,132.8720295058,180.0000000000,112.8720295058,20.0000000000,20.0000000000,0.0000000000,0.0000000000,-1.0000000000,0.0000000000,-1,1.2880000000,85.0000000000,0.0000000000,0.0000000000
15,175,0.0000000100,3,40,80,400,67.1279704942,200,132.8720295058,180.0000000000,112.8720295058,20.0000000000,20.0000000000,0.0000000000,0.0000000000,-1.0000000000,0.0000000000,-1,1.0310000000,85.0000000000,0.0000000000,0.0000000000
18,175,0.0000000100,3,40,80,400,67.1279704942,200,132.8720295058,180.0000000000,112.8720295058,20.0000000000,20.0000000000,0.0000000000,0.0000000000,-1.0000000000,0.0000000000,-1,0.8590000000,85.0000000000,0.0000000000,0.0000000000
21,175,0.0000000100,3,40,80,400,67.1279704942,200,132.8720295058,180.0000000000,112.8720295058,20.0000000000,20.0000000000,0.0000000000,0.0000000000,-1.0000000000,0.0000000000,-1,0.7360000000,85.0000000000,0.0000000000,0.0000000000
24,175,0.0000000100,3,40,80,400,67.1279704942,200,132.8720295058,180.0000000000,112.8720295058,20.0000000000,20.0000000000,0.0000000000,0.0000000000,-1.0000000000,0.0000000000,-1,0.6440000000,85.0000000000,0.0000000000,0.0000000000
18,25,0.0000000100,3,40,80,400,67.1279704942,200,132.8720295058,180.0000000000,112.8720295058,20.0000000000,20.0000000000,0.0000000000,0.0000000000,-1.0000000000,0.0000000000,-1,0.1230000000,85.0000000000,0.0000000000,0.0000000000
18,75,0.0000000100,3,40,80,400,67.1279704942,200,132.8720295058,180.0000000000,112.8720295058,20.0000000000,20.0000000000,0.0000000000,0.0000000000,-1.0000000000,0.0000000000,-1,0.3680000000,85.0000000000,0.0000000000,0.0000000000
18,125,0.0000000100,3,40,80,400,67.1279704942,200,132.8720295058,180.0000000000,112.8720295058,20.0000000000,20.0000000000,0.0000000000,0.0000000000,-1.0000000000,0.0000000000,-1,0.6130000000,85.0000000000,0.0000000000,0.0000000000
18,225,0.0000000100,3,40,80,400,67.1279704942,200,132.8720295058,180.0000000000,112.8720295058,20.0000000000,20.0000000000,0.0000000000,0.0000000000,-1.0000000000,0.0000000000,-1,1.1040000000,85.0000000000,0.0000000000,0.0000000000
18,275,0.0000000100,3,40,80,400,67.1279704942,200,132.8720295058,180.0000000000,112.8720295058,20.0000000000,20.0000000000,0.0000000000,0.0000000000,-1.0000000000,0.0000000000,-1,1.3500000000,85.0000000000,0.0000000000,0.0000000000
18,325,0.0000000100,3,40,80,400,67.1279704942,200,132.8720295058,180.0000000000,112.8720295058,20.0000000000,20.0000000000,0.0000000000,0.0000000000,-1.0000000000,0.0000000000,-1,1.5950000000,85.0000000000,0.0000000000,0.0000000000
12,175,0.0000000100,3,40,80,400,67.1279704942,200,132.8720295058,180.0000000000,112.8720295058,20.0000000000,20.0000000000,0.0000000000,0.0000000000,30.0000000000,315.9000000000,100,1.2880000000,85.0000000000,0.0000000000,0.0000000000
15,175,0.0000000100,3,40,80,400,67.1279704942,200,132.8720295058,180.0000000000,112.8720295058,20.0000000000,20.0000000000,0.0000000000,0.0000000000,30.0000000000,315.9000000000,100,1.0310000000,85.0000000000,0.0000000000,0.0000000000
18,175,0.0000000100,3,40,80,400,67.1279704942,200,132.8720295058,180.0000000000,112.8720295058,20.0000000000,20.0000000000,0.0000000000,0.0000000000,30.0000000000,315.9000000000,100,0.8590000000,85.0000000000,0.0000000000,0.0000000000
21,175,0.0000000100,3,40,80,400,67.1279704942,200,132.8720295058,180.0000000000,112.8720295058,20.0000000000,20.0000000000,0.0000000000,0.0000000000,30.0000000000,315.9000000000,100,0.7360000000,85.0000000000,0.0000000000,0.0000000000
24,175,0.0000000100,3,40,80,400,67.1279704942,200,132.8720295058,180.0000000000,112.8720295058,20.0000000000,20.0000000000,0.0000000000,0.0000000000,30.0000000000,315.9000000000,100,0.6440000000,85.0000000000,0.0000000000,0.0000000000
18,25,0.0000000100,3,40,80,400,67.1279704942,200,132.8720295058,180.0000000000,112.8720295058,20.0000000000,20.0000000000,0.0000000000,0.0000000000,30.0000000000,315.9000000000,100,0.1230000000,85.0000000000,0.0000000000,0.0000000000
18,75,0.0000000100,3,40,80,400,67.1279704942,200,132.8720295058,180.0000000000,112.8720295058,20.0000000000,20.0000000000,0.0000000000,0.0000000000,30.0000000000,315.9000000000,100,0.3680000000,85.0000000000,0.0000000000,0.0000000000
18,125,0.0000000100,3,40,80,400,67.1279704942,200,132.8720295058,180.0000000000,112.8720295058,20.0000000000,20.0000000000,0.0000000000,0.0000000000,30.0000000000,315.9000000000,100,0.6130000000,85.0000000000,0.0000000000,0.0000000000
18,225,0.0000000100,3,40,80,400,67.1279704942,200,132.8720295058,180.0000000000,112.8720295058,20.0000000000,20.0000000000,0.0000000000,0.0000000000,30.0000000000,315.9000000000,100,1.1040000000,85.0000000000,0.0000000000,0.0000000000
18,275,0.0000000100,3,40,80,400,67.1279704942,200,132.8720295058,180.0000000000,112.8720295058,20.0000000000,20.0000000000,0.0000000000,0.0000000000,30.0000000000,315.9000000000,100,1.3500000000,85.0000000000,0.0000000000,0.0000000000
18,325,0.0000000100,3,40,80,400,67.1279704942,200,132.8720295058,180.0000000000,112.8720295058,20.0000000000,20.0000000000,0.0000000000,0.0000000000,30.0000000000,315.9000000000,100,1.5950000000,85.0000000000,0.0000000000,0.0000000000
12,175,0.0000000100,3,40,80,400,67.1279704942,200,132.8720295058,180.0000000000,112.8720295058,20.0000000000,20.0000000000,0.0000000000,0.0000000000,200.0000000000,480.5000000000,100,1.2880000000,85.0000000000,0.0000000000,0.0000000000
15,175,0.0000000100,3,40,80,400,67.1279704942,200,132.8720295058,180.0000000000,112.8720295058,20.0000000000,20.0000000000,0.0000000000,0.0000000000,200.0000000000,480.5000000000,100,1.0310000000,85.0000000000,0.0000000000,0.0000000000
18,175,0.0000000100,3,40,80,400,67.1279704942,200,132.8720295058,180.0000000000,112.8720295058,20.0000000000,20.0000000000,0.0000000000,0.0000000000,200.0000000000,480.5000000000,100,0.8590000000,85.0000000000,0.0000000000,0.0000000000
21,175,0.0000000100,3,40,80,400,67.1279704942,200,132.8720295058,180.0000000000,112.8720295058,20.0000000000,20.0000000000,0.0000000000,0.0000000000,200.0000000000,480.5000000000,100,0.7360000000,85.0000000000,0.0000000000,0.0000000000
24,175,0.0000000100,3,40,80,400,67.1279704942,200,132.8720295058,180.0000000000,112.8720295058,20.0000000000,20.0000000000,0.0000000000,0.0000000000,200.0000000000,480.5000000000,100,0.6440000000,85.0000000000,0.0000000000,0.0000000000
18,25,0.0000000100,3,40,80,400,67.1279704942,200,132.8720295058,180.0000000000,112.8720295058,20.0000000000,20.0000000000,0.0000000000,0.0000000000,200.0000000000,480.5000000000,100,0.1230000000,85.0000000000,0.0000000000,0.0000000000
18,75,0.0000000100,3,40,80,400,67.1279704942,200,132.8720295058,180.0000000000,112.8720295058,20.0000000000,20.0000000000,0.0000000000,0.0000000000,200.0000000000,480.5000000000,100,0.3680000000,85.0000000000,0.0000000000,0.0000000000
18,125,0.0000000100,3,40,80,400,67.1279704942,200,132.8720295058,180.0000000000,112.8720295058,20.0000000000,20.0000000000,0.0000000000,0.0000000000,200.0000000000,480.5000000000,100,0.6130000000,85.0000000000,0.0000000000,0.0000000000
18,225,0.0000000100,3,40,80,400,67.1279704942,200,132.8720295058,180.0000000000,112.8720295058,20.0000000000,20.0000000000,0.0000000000,0.0000000000,200.0000000000,480.5000000000,100,1.1040000000,85.0000000000,0.0000000000,0.0000000000
18,275,0.0000000100,3,40,80,400,67.1279704942,200,132.8720295058,180.0000000000,112.8720295058,20.0000000000,20.0000000000,0.0000000000,0.0000000000,200.0000000000,480.5000000000,100,1.3500000000,85.0000000000,0.0000000000,0.0000000000
18,325,0.0000000100,3,40,80,400,67.1279704942,200,132.8720295058,180.0000000000,112.8720295058,20.0000000000,20.0000000000,0.0000000000,0.0000000000,200.0000000000,480.5000000000,100,1.5950000000,85.0000000000,0.0000000000,0.0000000000
12,175,0.0000000100,3,40,80,400,67.1279704942,200,132.8720295058,180.0000000000,112.8720295058,20.0000000000,20.0000000000,0.0000000000,0.0000000000,500.0000000000,586.0000000000,100,1.2880000000,85.0000000000,0.0000000000,0.0000000000
15,175,0.0000000100,3,40,80,400,67.1279704942,200,132.8720295058,180.0000000000,112.8720295058,20.0000000000,20.0000000000,0.0000000000,0.0000000000,500.0000000000,586.0000000000,100,1.0310000000,85.0000000000,0.0000000000,0.0000000000
18,175,0.0000000100,3,40,80,400,67.1279704942,200,132.8720295058,180.0000000000,112.8720295058,20.0000000000,20.0000000000,0.0000000000,0.0000000000,500.0000000000,586.0000000000,100,0.8590000000,85.0000000000,0.0000000000,0.0000000000
21,175,0.0000000100,3,40,80,400,67.1279704942,200,132.8720295058,180.0000000000,112.8720295058,20.0000000000,20.0000000000,0.0000000000,0.0000000000,500.0000000000,586.0000000000,100,0.7360000000,85.0000000000,0.0000000000,0.0000000000
24,175,0.0000000100,3,40,80,400,67.1279704942,200,132.8720295058,180.0000000000,112.8720295058,20.0000000000,20.0000000000,0.0000000000,0.0000000000,500.0000000000,586.0000000000,100,0.6440000000,85.0000000000,0.0000000000,0.0000000000
18,25,0.0000000100,3,40,80,400,67.1279704942,200,132.8720295058,180.0000000000,112.8720295058,20.0000000000,20.0000000000,0.0000000000,0.0000000000,500.0000000000,586.0000000000,100,0.1230000000,85.0000000000,0.0000000000,0.0000000000
18,75,0.0000000100,3,40,80,400,67.1279704942,200,132.8720295058,180.0000000000,112.8720295058,20.0000000000,20.0000000000,0.0000000000,0.0000000000,500.0000000000,586.0000000000,100,0.3680000000,85.0000000000,0.0000000000,0.0000000000
18,125,0.0000000100,3,40,80,400,67.1279704942,200,132.8720295058,180.0000000000,112.8720295058,20.0000000000,20.0000000000,0.0000000000,0.0000000000,500.0000000000,586.0000000000,100,0.6130000000,85.0000000000,0.0000000000,0.0000000000
18,225,0.0000000100,3,40,80,400,67.1279704942,200,132.8720295058,180.0000000000,112.8720295058,20.0000000000,20.0000000000,0.0000000000,0.0000000000,500.0000000000,586.0000000000,100,1.1040000000,85.0000000000,0.0000000000,0.0000000000
18,275,0.0000000100,3,40,80,400,67.1279704942,200,132.8720295058,180.0000000000,112.8720295058,20.0000000000,20.0000000000,0.0000000000,0.0000000000,500.0000000000,586.0000000000,100,1.3500000000,85.0000000000,0.0000000000,0.0000000000
18,325,0.0000000100,3,40,80,400,67.1279704942,200,132.8720295058,180.0000000000,112.8720295058,20.0000000000,20.0000000000,0.0000000000,0.0000000000,500.0000000000,586.0000000000,100,1.5950000000,85.0000000000,0.0000000000,0.0000000000
12,175,0.0000000100,3,40,80,400,67.1279704942,200,132.8720295058,180.0000000000,112.8720295058,20.0000000000,20.0000000000,180.0000000000,112.8720295058,-1.0000000000,0.0000000000,-1,1.4040000000,85.0000000000,180.0000000000,112.8720295058
18,175,0.0000000100,3,40,80,400,67.1279704942,200,132.8720295058,180.0000000000,112.8720295058,20.0000000000,20.0000000000,180.0000000000,112.8720295058,-1.0000000000,0.0000000000,-1,0.9090000000,85.0000000000,180.0000000000,112.8720295058
21,175,0.0000000100,3,40,80,400,67.1279704942,200,132.8720295058,180.0000000000,112.8720295058,20.0000000000,20.0000000000,180.0000000000,112.8720295058,-1.0000000000,0.0000000000,-1,0.7720000000,85.0000000000,180.0000000000,112.8720295058
24,175,0.0000000100,3,40,80,400,67.1279704942,200,132.8720295058,180.0000000000,112.8720295058,20.0000000000,20.0000000000,180.0000000000,112.8720295058,-1.0000000000,0.0000000000,-1,0.6720000000,85.0000000000,180.0000000000,112.8720295058
18,25,0.0000000100,3,40,80,400,67.1279704942,200,132.8720295058,180.0000000000,112.8720295058,20.0000000000,20.0000000000,180.0000000000,112.8720295058,-1.0000000000,0.0000000000,-1,0.1300000000,85.0000000000,180.0000000000,112.8720295058
18,125,0.0000000100,3,40,80,400,67.1279704942,200,132.8720295058,180.0000000000,112.8720295058,20.0000000000,20.0000000000,180.0000000000,112.8720295058,-1.0000000000,0.0000000000,-1,0.6490000000,85.0000000000,180.0000000000,112.8720295058
18,225,0.0000000100,3,40,80,400,67.1279704942,200,132.8720295058,180.0000000000,112.8720295058,20.0000000000,20.0000000000,180.0000000000,112.8720295058,-1.0000000000,0.0000000000,-1,1.1690000000,85.0000000000,180.0000000000,112.8720295058
18,275,0.0000000100,3,40,80,400,67.1279704942,200,132.8720295058,180.0000000000,112.8720295058,20.0000000000,20.0000000000,180.0000000000,112.8720295058,-1.0000000000,0.0000000000,-1,1.4280000000,85.0000000000,180.0000000000,112.8720295058
12,175,0.0000000100,3,40,80,400,67.1279704942,200,132.8720295058,180.0000000000,112.8720295058,20.0000000000,20.0000000000,180.0000000000,112.8720295058,30.0000000000,315.9000000000,100,1.4010000000,85.0000000000,180.0000000000,112.8720295058
18,175,0.0000000100,3,40,80,400,67.1279704942,200,132.8720295058,180.0000000000,112.8720295058,20.0000000000,20.0000000000,180.0000000000,112.8720295058,30.0000000000,315.9000000000,100,0.9080000000,85.0000000000,180.0000000000,112.8720295058
21,175,0.0000000100,3,40,80,400,67.1279704942,200,132.8720295058,180.0000000000,112.8720295058,20.0000000000,20.0000000000,180.0000000000,112.8720295058,30.0000000000,315.9000000000,100,0.7720000000,85.0000000000,180.0000000000,112.8720295058
24,175,0.0000000100,3,40,80,400,67.1279704942,200,132.8720295058,180.0000000000,112.8720295058,20.0000000000,20.0000000000,180.0000000000,112.8720295058,30.0000000000,315.9000000000,100,0.6710000000,85.0000000000,180.0000000000,112.8720295058
18,25,0.0000000100,3,40,80,400,67.1279704942,200,132.8720295058,180.0000000000,112.8720295058,20.0000000000,20.0000000000,180.0000000000,112.8720295058,30.0000000000,315.9000000000,100,0.1300000000,85.0000000000,180.0000000000,112.8720295058
18,125,0.0000000100,3,40,80,400,67.1279704942,200,132.8720295058,180.0000000000,112.8720295058,20.0000000000,20.0000000000,180.0000000000,112.8720295058,30.0000000000,315.9000000000,100,0.6480000000,85.0000000000,180.0000000000,112.8720295058
18,225,0.0000000100,3,40,80,400,67.1279704942,200,132.8720295058,180.0000000000,112.8720295058,20.0000000000,20.0000000000,180.0000000000,112.8720295058,30.0000000000,315.9000000000,100,1.1670000000,85.0000000000,180.0000000000,112.8720295058
18,275,0.0000000100,3,40,80,400,67.1279704942,200,132.8720295058,180.0000000000,112.8720295058,20.0000000000,20.0000000000,180.0000000000,112.8720295058,30.0000000000,315.9000000000,100,1.4260000000,85.0000000000,180.0000000000,112.8720295058
12,175,0.0000000100,3,40,80,400,67.1279704942,200,132.8720295058,180.0000000000,112.8720295058,20.0000000000,20.0000000000,180.0000000000,112.8720295058,200.0000000000,480.5000000000,100,1.4010000000,85.0000000000,180.0000000000,112.8720295058
18,175,0.0000000100,3,40,80,400,67.1279704942,200,132.8720295058,180.0000000000,112.8720295058,20.0000000000,20.0000000000,180.0000000000,112.8720295058,200.0000000000,480.5000000000,100,0.9080000000,85.0000000000,180.0000000000,112.8720295058
21,175,0.0000000100,3,40,80,400,67.1279704942,200,132.8720295058,180.0000000000,112.8720295058,20.0000000000,20.0000000000,180.0000000000,112.8720295058,200.0000000000,480.5000000000,100,0.7720000000,85.0000000000,180.0000000000,112.8720295058
24,175,0.0000000100,3,40,80,400,67.1279704942,200,132.8720295058,180.0000000000,112.8720295058,20.0000000000,20.0000000000,180.0000000000,112.8720295058,200.0000000000,480.5000000000,100,0.6710000000,85.0000000000,180.0000000000,112.8720295058
18,25,0.0000000100,3,40,80,400,67.1279704942,200,132.8720295058,180.0000000000,112.8720295058,20.0000000000,20.0000000000,180.0000000000,112.8720295058,200.0000000000,480.5000000000,100,0.1300000000,85.0000000000,180.0000000000,112.8720295058
18,125,0.0000000100,3,40,80,400,67.1279704942,200,132.8720295058,180.0000000000,112.8720295058,20.0000000000,20.0000000000,180.0000000000,112.8720295058,200.0000000000,480.5000000000,100,0.6480000000,85.0000000000,180.0000000000,112.8720295058
18,225,0.0000000100,3,40,80,400,67.1279704942,200,132.8720295058,180.0000000000,112.8720295058,20.0000000000,20.0000000000,180.0000000000,112.8720295058,200.0000000000,480.5000000000,100,1.1670000000,85.0000000000,180.0000000000,112.8720295058
18,275,0.0000000100,3,40,80,400,67.1279704942,200,132.8720295058,180.0000000000,112.8720295058,20.0000000000,20.0000000000,180.0000000000,112.8720295058,200.0000000000,480.5000000000,100,1.4260000000,85.0000000000,180.0000000000,112.8720295058
12,175,0.0000000100,3,40,80,400,67.1279704942,200,132.8720295058,180.0000000000,112.8720295058,20.0000000000,20.0000000000,180.0000000000,112.8720295058,500.0000000000,586.0000000000,100,1.4010000000,85.0000000000,180.0000000000,112.8720295058
18,175,0.0000000100,3,40,80,400,67.1279704942,200,132.8720295058,180.0000000000,112.8720295058,20.0000000000,20.0000000000,180.0000000000,112.8720295058,500.0000000000,586.0000000000,100,0.9080000000,85.0000000000,180.0000000000,112.8720295058
21,175,0.0000000100,3,40,80,400,67.1279704942,200,132.8720295058,180.0000000000,112.8720295058,20.0000000000,20.0000000000,180.0000000000,112.8720295058,500.0000000000,586.0000000000,100,0.7720000000,85.0000000000,180.0000000000,112.8720295058
24,175,0.0000000100,3,40,80,400,67.1279704942,200,132.8720295058,180.0000000000,112.8720295058,20.0000000000,20.0000000000,180.0000000000,112.8720295058,500.0000000000,586.0000000000,100,0.6710000000,85.0000000000,180.0000000000,112.8720295058
18,25,0.0000000100,3,40,80,400,67.1279704942,200,132.8720295058,180.0000000000,112.8720295058,20.0000000000,20.0000000000,180.0000000000,112.8720295058,500.0000000000,586.0000000000,100,0.1300000000,85.0000000000,180.0000000000,112.8720295058
18,125,0.0000000100,3,40,80,400,67.1279704942,200,132.8720295058,180.0000000000,112.8720295058,20.0000000000,20.0000000000,180.0000000000,112.8720295058,500.0000000000,586.0000000000,100,0.6480000000,85.0000000000,180.0000000000,112.8720295058
18,225,0.0000000100,3,40,80,400,67.1279704942,200,132.8720295058,180.0000000000,112.8720295058,20.0000000000,20.0000000000,180.0000000000,112.8720295058,500.0000000000,586.0000000000,100,1.1670000000,85.0000000000,180.0000000000,112.8720295058
18,275,0.0000000100,3,40,80,400,67.1279704942,200,132.8720295058,180.0000000000,112.8720295058,20.0000000000,20.0000000000,180.0000000000,112.8720295058,500.0000000000,586.0000000000,100,1.4260000000,85.0000000000,180.0000000000,112.8720295058
12,175,0.0000000100,3,40,80,400,67.1279704942,200,132.8720295058,180.0000000000,112.8720295058,20.0000000000,20.0000000000,44.7100000000,0.0000000000,-1.0000000000,0.0000000000,-1,1.3540000000,85.0000000000,44.7100000000,0.0000000000
15,175,0.0000000100,3,40,80,400,67.1279704942,200,132.8720295058,180.0000000000,112.8720295058,20.0000000000,20.0000000000,44.7100000000,0.0000000000,-1.0000000000,0.0000000000,-1,1.0720000000,85.0000000000,44.7100000000,0.0000000000
24,175,0.0000000100,3,40,80,400,67.1279704942,200,132.8720295058,180.0000000000,112.8720295058,20.0000000000,20.0000000000,44.7100000000,0.0000000000,-1.0000000000,0.0000000000,-1,0.6600000000,85.0000000000,44.7100000000,0.0000000000
18,25,0.0000000100,3,40,80,400,67.1279704942,200,132.8720295058,180.0000000000,112.8720295058,20.0000000000,20.0000000000,44.7100000000,0.0000000000,-1.0000000000,0.0000000000,-1,0.1270000000,85.0000000000,44.7100000000,0.0000000000
18,75,0.0000000100,3,40,80,400,67.1279704942,200,132.8720295058,180.0000000000,112.8720295058,20.0000000000,20.0000000000,44.7100000000,0.0000000000,-1.0000000000,0.0000000000,-1,0.3810000000,85.0000000000,44.7100000000,0.0000000000
18,125,0.0000000100,3,40,80,400,67.1279704942,200,132.8720295058,180.0000000000,112.8720295058,20.0000000000,20.0000000000,44.7100000000,0.0000000000,-1.0000000000,0.0000000000,-1,0.6340000000,85.0000000000,44.7100000000,0.0000000000
18,225,0.0000000100,3,40,80,400,67.1279704942,200,132.8720295058,180.0000000000,112.8720295058,20.0000000000,20.0000000000,44.7100000000,0.0000000000,-1.0000000000,0.0000000000,-1,1.1410000000,85.0000000000,44.7100000000,0.0000000000
18,275,0.0000000100,3,40,80,400,67.1279704942,200,132.8720295058,180.0000000000,112.8720295058,20.0000000000,20.0000000000,44.7100000000,0.0000000000,-1.0000000000,0.0000000000,-1,1.3950000000,85.0000000000,44.7100000000,0.0000000000
18,325,0.0000000100,3,40,80,400,67.1279704942,200,132.8720295058,180.0000000000,112.8720295058,20.0000000000,20.0000000000,44.7100000000,0.0000000000,-1.0000000000,0.0000000000,-1,1.6480000000,85.0000000000,44.7100000000,0.0000000000
12,175,0.0000000100,3,40,80,400,67.1279704942,200,132.8720295058,180.0000000000,112.8720295058,20.0000000000,20.0000000000,44.7100000000,0.0000000000,30.0000000000,315.9000000000,100,1.3240000000,85.0000000000,33.3990000000,0.0000000000
15,175,0.0000000100,3,40,80,400,67.1279704942,200,132.8720295058,180.0000000000,112.8720295058,20.0000000000,20.0000000000,44.7100000000,0.0000000000,30.0000000000,315.9000000000,100,1.0540000000,85.0000000000,33.3990000000,0.0000000000
24,175,0.0000000100,3,40,80,400,67.1279704942,200,132.8720295058,180.0000000000,112.8720295058,20.0000000000,20.0000000000,44.7100000000,0.0000000000,30.0000000000,315.9000000000,100,0.6540000000,85.0000000000,33.3990000000,0.0000000000
18,25,0.0000000100,3,40,80,400,67.1279704942,200,132.8720295058,180.0000000000,112.8720295058,20.0000000000,20.0000000000,44.7100000000,0.0000000000,30.0000000000,315.9000000000,100,0.1250000000,85.0000000000,33.3990000000,0.0000000000
18,75,0.0000000100,3,40,80,400,67.1279704942,200,132.8720295058,180.0000000000,112.8720295058,20.0000000000,20.0000000000,44.7100000000,0.0000000000,30.0000000000,315.9000000000,100,0.3750000000,85.0000000000,33.3990000000,0.0000000000
18,125,0.0000000100,3,40,80,400,67.1279704942,200,132.8720295058,180.0000000000,112.8720295058,20.0000000000,20.0000000000,44.7100000000,0.0000000000,30.0000000000,315.9000000000,100,0.6250000000,85.0000000000,33.3990000000,0.0000000000
18,225,0.0000000100,3,40,80,400,67.1279704942,200,132.8720295058,180.0000000000,112.8720295058,20.0000000000,20.0000000000,44.7100000000,0.0000000000,30.0000000000,315.9000000000,100,1.1260000000,85.0000000000,33.3990000000,0.0000000000
18,275,0.0000000100,3,40,80,400,67.1279704942,200,132.8720295058,180.0000000000,112.8720295058,20.0000000000,20.0000000000,44.7100000000,0.0000000000,30.0000000000,315.9000000000,100,1.3750000000,85.0000000000,33.3990000000,0.0000000000
18,325,0.0000000100,3,40,80,400,67.1279704942,200,132.8720295058,180.0000000000,112.8720295058,20.0000000000,20.0000000000,44.7100000000,0.0000000000,30.0000000000,315.9000000000,100,1.6260000000,85.0000000000,33.3990000000,0.0000000000
12,175,0.0000000100,3,40,80,400,67.1279704942,200,132.8720295058,180.0000000000,112.8720295058,20.0000000000,20.0000000000,44.7100000000,0.0000000000,200.0000000000,480.5000000000,100,1.3220000000,85.0000000000,33.3990000000,0.0000000000
15,175,0.0000000100,3,40,80,400,67.1279704942,200,132.8720295058,180.0000000000,112.8720295058,20.0000000000,20.0000000000,44.7100000000,0.0000000000,200.0000000000,480.5000000000,100,1.0530000000,85.0000000000,33.3990000000,0.0000000000
24,175,0.0000000100,3,40,80,400,67.1279704942,200,132.8720295058,180.0000000000,112.8720295058,20.0000000000,20.0000000000,44.7100000000,0.0000000000,200.0000000000,480.5000000000,100,0.6530000000,85.0000000000,33.3990000000,0.0000000000
18,25,0.0000000100,3,40,80,400,67.1279704942,200,132.8720295058,180.0000000000,112.8720295058,20.0000000000,20.0000000000,44.7100000000,0.0000000000,200.0000000000,480.5000000000,100,0.1250000000,85.0000000000,33.3990000000,0.0000000000
18,75,0.0000000100,3,40,80,400,67.1279704942,200,132.8720295058,180.0000000000,112.8720295058,20.0000000000,20.0000000000,44.7100000000,0.0000000000,200.0000000000,480.5000000000,100,0.3750000000,85.0000000000,33.3990000000,0.0000000000
18,125,0.0000000100,3,40,80,400,67.1279704942,200,132.8720295058,180.0000000000,112.8720295058,20.0000000000,20.0000000000,44.7100000000,0.0000000000,200.0000000000,480.5000000000,100,0.6250000000,85.0000000000,33.3990000000,0.0000000000
18,225,0.0000000100,3,40,80,400,67.1279704942,200,132.8720295058,180.0000000000,112.8720295058,20.0000000000,20.0000000000,44.7100000000,0.0000000000,200.0000000000,480.5000000000,100,1.1250000000,85.0000000000,33.3990000000,0.0000000000
18,275,0.0000000100,3,40,80,400,67.1279704942,200,132.8720295058,180.0000000000,112.8720295058,20.0000000000,20.0000000000,44.7100000000,0.0000000000,200.0000000000,480.5000000000,100,1.3750000000,85.0000000000,33.3990000000,0.0000000000
18,325,0.0000000100,3,40,80,400,67.1279704942,200,132.8720295058,180.0000000000,112.8720295058,20.0000000000,20.0000000000,44.7100000000,0.0000000000,200.0000000000,480.5000000000,100,1.6240000000,85.0000000000,33.3990000000,0.0000000000
12,175,0.0000000100,3,40,80,400,67.1279704942,200,132.8720295058,180.0000000000,112.8720295058,20.0000000000,20.0000000000,44.7100000000,0.0000000000,500.0000000000,586.0000000000,100,1.3200000000,85.0000000000,33.3990000000,0.0000000000
15,175,0.0000000100,3,40,80,400,67.1279704942,200,132.8720295058,180.0000000000,112.8720295058,20.0000000000,20.0000000000,44.7100000000,0.0000000000,500.0000000000,586.0000000000,100,1.0510000000,85.0000000000,33.3990000000,0.0000000000
24,175,0.0000000100,3,40,80,400,67.1279704942,200,132.8720295058,180.0000000000,112.8720295058,20.0000000000,20.0000000000,44.7100000000,0.0000000000,500.0000000000,586.0000000000,100,0.6520000000,85.0000000000,33.3990000000,0.0000000000
18,25,0.0000000100,3,40,80,400,67.1279704942,200,132.8720295058,180.0000000000,112.8720295058,20.0000000000,20.0000000000,44.7100000000,0.0000000000,500.0000000000,586.0000000000,100,0.1250000000,85.0000000000,33.3990000000,0.0000000000
18,75,0.0000000100,3,40,80,400,67.1279704942,200,132.8720295058,180.0000000000,112.8720295058,20.0000000000,20.0000000000,44.7100000000,0.0000000000,500.0000000000,586.0000000000,100,0.3740000000,85.0000000000,33.3990000000,0.0000000000
18,125,0.0000000100,3,40,80,400,67.1279704942,200,132.8720295058,180.0000000000,112.8720295058,20.0000000000,20.0000000000,44.7100000000,0.0000000000,500.0000000000,586.0000000000,100,0.6240000000,85.0000000000,33.3990000000,0.0000000000
18,225,0.0000000100,3,40,80,400,67.1279704942,200,132.8720295058,180.0000000000,112.8720295058,20.0000000000,20.0000000000,44.7100000000,0.0000000000,500.0000000000,586.0000000000,100,1.1220000000,85.0000000000,33.3990000000,0.0000000000
18,275,0.0000000100,3,40,80,400,67.1279704942,200,132.8720295058,180.0000000000,112.8720295058,20.0000000000,20.0000000000,44.7100000000,0.0000000000,500.0000000000,586.0000000000,100,1.3720000000,85.0000000000,33.3990000000,0.0000000000
18,325,0.0000000100,3,40,80,400,67.1279704942,200,132.8720295058,180.0000000000,112.8720295058,20.0000000000,20.0000000000,44.7100000000,0.0000000000,500.0000000000,586.0000000000,100,1.6210000000,85.0000000000,33.3990000000,0.0000000000
15,175,0.0000000100,3,40,80,400,67.1279704942,200,132.8720295058,50.0000000000,33.2180073765,150.0000000000,99.6540221294,0.0000000000,0.0000000000,-1.0000000000,0.0000000000,-1,1.0720000000,65.0000000000,0.0000000000,0.0000000000
18,175,0.0000000100,3,40,80,400,67.1279704942,200,132.8720295058,50.0000000000,33.2180073765,150.0000000000,99.6540221294,0.0000000000,0.0000000000,-1.0000000000,0.0000000000,-1,0.8940000000,65.0000000000,0.0000000000,0.0000000000
21,175,0.0000000100,3,40,80,400,67.1279704942,200,132.8720295058,50.0000000000,33.2180073765,150.0000000000,99.6540221294,0.0000000000,0.0000000000,-1.0000000000,0.0000000000,-1,0.7660000000,65.0000000000,0.0000000000,0.0000000000
24,175,0.0000000100,3,40,80,400,67.1279704942,200,132.8720295058,50.0000000000,33.2180073765,150.0000000000,99.6540221294,0.0000000000,0.0000000000,-1.0000000000,0.0000000000,-1,0.6700000000,65.0000000000,0.0000000000,0.0000000000
18,25,0.0000000100,3,40,80,400,67.1279704942,200,132.8720295058,50.0000000000,33.2180073765,150.0000000000,99.6540221294,0.0000000000,0.0000000000,-1.0000000000,0.0000000000,-1,0.1270000000,65.0000000000,0.0000000000,0.0000000000
18,275,0.0000000100,3,40,80,400,67.1279704942,200,132.8720295058,50.0000000000,33.2180073765,150.0000000000,99.6540221294,0.0000000000,0.0000000000,-1.0000000000,0.0000000000,-1,1.4040000000,65.0000000000,0.0000000000,0.0000000000
18,325,0.0000000100,3,40,80,400,67.1279704942,200,132.8720295058,50.0000000000,33.2180073765,150.0000000000,99.6540221294,0.0000000000,0.0000000000,-1.0000000000,0.0000000000,-1,1.6600000000,65.0000000000,0.0000000000,0.0000000000
15,175,0.0000000100,3,40,80,400,67.1279704942,200,132.8720295058,50.0000000000,33.2180073765,150.0000000000,99.6540221294,0.0000000000,0.0000000000,30.0000000000,315.9000000000,100,1.0720000000,65.0000000000,0.0000000000,0.0000000000
18,175,0.0000000100,3,40,80,400,67.1279704942,200,132.8720295058,50.0000000000,33.2180073765,150.0000000000,99.6540221294,0.0000000000,0.0000000000,30.0000000000,315.9000000000,100,0.8940000000,65.0000000000,0.0000000000,0.0000000000
21,175,0.0000000100,3,40,80,400,67.1279704942,200,132.8720295058,50.0000000000,33.2180073765,150.0000000000,99.6540221294,0.0000000000,0.0000000000,30.0000000000,315.9000000000,100,0.7660000000,65.0000000000,0.0000000000,0.0000000000
24,175,0.0000000100,3,40,80,400,67.1279704942,200,132.8720295058,50.0000000000,33.2180073765,150.0000000000,99.6540221294,0.0000000000,0.0000000000,30.0000000000,315.9000000000,100,0.6700000000,65.0000000000,0.0000000000,0.0000000000
18,25,0.0000000100,3,40,80,400,67.1279704942,200,132.8720295058,50.0000000000,33.2180073765,150.0000000000,99.6540221294,0.0000000000,0.0000000000,30.0000000000,315.9000000000,100,0.1270000000,65.0000000000,0.0000000000,0.0000000000
18,275,0.0000000100,3,40,80,400,67.1279704942,200,132.8720295058,50.0000000000,33.2180073765,150.0000000000,99.6540221294,0.0000000000,0.0000000000,30.0000000000,315.9000000000,100,1.4040000000,65.0000000000,0.0000000000,0.0000000000
18,325,0.0000000100,3,40,80,400,67.1279704942,200,132.8720295058,50.0000000000,33.2180073765,150.0000000000,99.6540221294,0.0000000000,0.0000000000,30.0000000000,315.9000000000,100,1.6600000000,65.0000000000,0.0000000000,0.0000000000
15,175,0.0000000100,3,40,80,400,67.1279704942,200,132.8720295058,50.0000000000,33.2180073765,150.0000000000,99.6540221294,0.0000000000,0.0000000000,200.0000000000,480.5000000000,100,1.0720000000,65.0000000000,0.0000000000,0.0000000000
18,175,0.0000000100,3,40,80,400,67.1279704942,200,132.8720295058,50.0000000000,33.2180073765,150.0000000000,99.6540221294,0.0000000000,0.0000000000,200.0000000000,480.5000000000,100,0.8940000000,65.0000000000,0.0000000000,0.0000000000
21,175,0.0000000100,3,40,80,400,67.1279704942,200,132.8720295058,50.0000000000,33.2180073765,150.0000000000,99.6540221294,0.0000000000,0.0000000000,200.0000000000,480.5000000000,100,0.7660000000,65.0000000000,0.0000000000,0.0000000000
24,175,0.0000000100,3,40,80,400,67.1279704942,200,132.8720295058,50.0000000000,33.2180073765,150.0000000000,99.6540221294,0.0000000000,0.0000000000,200.0000000000,480.5000000000,100,0.6700000000,65.0000000000,0.0000000000,0.0000000000
18,25,0.0000000100,3,40,80,400,67.1279704942,200,132.8720295058,50.0000000000,33.2180073765,150.0000000000,99.6540221294,0.0000000000,0.0000000000,200.0000000000,480.5000000000,100,0.1270000000,65.0000000000,0.0000000000,0.0000000000
18,275,0.0000000100,3,40,80,400,67.1279704942,200,132.8720295058,50.0000000000,33.2180073765,150.0000000000,99.6540221294,0.0000000000,0.0000000000,200.0000000000,480.5000000000,100,1.4040000000,65.0000000000,0.0000000000,0.0000000000
18,325,0.0000000100,3,40,80,400,67.1279704942,200,132.8720295058,50.0000000000,33.2180073765,150.0000000000,99.6540221294,0.0000000000,0.0000000000,200.0000000000,480.5000000000,100,1.6600000000,65.0000000000,0.0000000000,0.0000000000
15,175,0.0000000100,3,40,80,400,67.1279704942,200,132.8720295058,50.0000000000,33.2180073765,150.0000000000,99.6540221294,0.0000000000,0.0000000000,500.0000000000,586.0000000000,100,1.0720000000,65.0000000000,0.0000000000,0.0000000000
18,175,0.0000000100,3,40,80,400,67.1279704942,200,132.8720295058,50.0000000000,33.2180073765,150.0000000000,99.6540221294,0.0000000000,0.0000000000,500.0000000000,586.0000000000,100,0.8940000000,65.0000000000,0.0000000000,0.0000000000
21,175,0.0000000100,3,40,80,400,67.1279704942,200,132.8720295058,50.0000000000,33.2180073765,150.0000000000,99.6540221294,0.0000000000,0.0000000000,500.0000000000,586.0000000000,100,0.7660000000,65.0000000000,0.0000000000,0.0000000000
24,175,0.0000000100,3,40,80,400,67.1279704942,200,132.8720295058,50.0000000000,33.2180073765,150.0000000000,99.6540221294,0.0000000000,0.0000000000,500.0000000000,586.0000000000,100,0.6700000000,65.0000000000,0.0000000000,0.0000000000
18,25,0.0000000100,3,40,80,400,67.1279704942,200,132.8720295058,50.0000000000,33.2180073765,150.0000000000,99.6540221294,0.0000000000,0.0000000000,500.0000000000,586.0000000000,100,0.1270000000,65.0000000000,0.0000000000,0.0000000000
18,275,0.0000000100,3,40,80,400,67.1279704942,200,132.8720295058,50.0000000000,33.2180073765,150.0000000000,99.6540221294,0.0000000000,0.0000000000,500.0000000000,586.0000000000,100,1.4040000000,65.0000000000,0.0000000000,0.0000000000
18,325,0.0000000100,3,40,80,400,67.1279704942,200,132.8720295058,50.0000000000,33.2180073765,150.0000000000,99.6540221294,0.0000000000,0.0000000000,500.0000000000,586.0000000000,100,1.6600000000,65.0000000000,0.0000000000,0.0000000000
12,175,0.0000000100,3,40,80,400,67.1279704942,200,132.8720295058,50.0000000000,33.2180073765,150.0000000000,99.6540221294,50.0000000000,33.2180073765,-1.0000000000,0.0000000000,-1,1.4570000000,65.0000000000,50.0000000000,33.2180073765
18,175,0.0000000100,3,40,80,400,67.1279704942,200,132.8720295058,50.0000000000,33.2180073765,150.0000000000,99.6540221294,50.0000000000,33.2180073765,-1.0000000000,0.0000000000,-1,0.9440000000,65.0000000000,50.0000000000,33.2180073765
21,175,0.0000000100,3,40,80,400,67.1279704942,200,132.8720295058,50.0000000000,33.2180073765,150.0000000000,99.6540221294,50.0000000000,33.2180073765,-1.0000000000,0.0000000000,-1,0.8040000000,65.0000000000,50.0000000000,33.2180073765
24,175,0.0000000100,3,40,80,400,67.1279704942,200,132.8720295058,50.0000000000,33.2180073765,150.0000000000,99.6540221294,50.0000000000,33.2180073765,-1.0000000000,0.0000000000,-1,0.6980000000,65.0000000000,50.0000000000,33.2180073765
18,25,0.0000000100,3,40,80,400,67.1279704942,200,132.8720295058,50.0000000000,33.2180073765,150.0000000000,99.6540221294,50.0000000000,33.2180073765,-1.0000000000,0.0000000000,-1,0.1360000000,65.0000000000,50.0000000000,33.2180073765
18,75,0.0000000100,3,40,80,400,67.1279704942,200,132.8720295058,50.0000000000,33.2180073765,150.0000000000,99.6540221294,50.0000000000,33.2180073765,-1.0000000000,0.0000000000,-1,0.4050000000,65.0000000000,50.0000000000,33.2180073765
18,125,0.0000000100,3,40,80,400,67.1279704942,200,132.8720295058,50.0000000000,33.2180073765,150.0000000000,99.6540221294,50.0000000000,33.2180073765,-1.0000000000,0.0000000000,-1,0.6740000000,65.0000000000,50.0000000000,33.2180073765
18,225,0.0000000100,3,40,80,400,67.1279704942,200,132.8720295058,50.0000000000,33.2180073765,150.0000000000,99.6540221294,50.0000000000,33.2180073765,-1.0000000000,0.0000000000,-1,1.2140000000,65.0000000000,50.0000000000,33.2180073765
18,275,0.0000000100,3,40,80,400,67.1279704942,200,132.8720295058,50.0000000000,33.2180073765,150.0000000000,99.6540221294,50.0000000000,33.2180073765,-1.0000000000,0.0000000000,-1,1.4830000000,65.0000000000,50.0000000000,33.2180073765
18,325,0.0000000100,3,40,80,400,67.1279704942,200,132.8720295058,50.0000000000,33.2180073765,150.0000000000,99.6540221294,50.0000000000,33.2180073765,-1.0000000000,0.0000000000,-1,1.7530000000,65.0000000000,50.0000000000,33.2180073765
12,175,0.0000000100,3,40,80,400,67.1279704942,200,132.8720295058,50.0000000000,33.2180073765,150.0000000000,99.6540221294,50.0000000000,33.2180073765,30.0000000000,315.9000000000,100,1.4530000000,65.0000000000,50.0000000000,33.2180073765
18,175,0.0000000100,3,40,80,400,67.1279704942,200,132.8720295058,50.0000000000,33.2180073765,150.0000000000,99.6540221294,50.0000000000,33.2180073765,30.0000000000,315.9000000000,100,0.9430000000,65.0000000000,50.0000000000,33.2180073765
21,175,0.0000000100,3,40,80,400,67.1279704942,200,132.8720295058,50.0000000000,33.2180073765,150.0000000000,99.6540221294,50.0000000000,33.2180073765,30.0000000000,315.9000000000,100,0.8020000000,65.0000000000,50.0000000000,33.2180073765
24,175,0.0000000100,3,40,80,400,67.1279704942,200,132.8720295058,50.0000000000,33.2180073765,150.0000000000,99.6540221294,50.0000000000,33.2180073765,30.0000000000,315.9000000000,100,0.6970000000,65.0000000000,50.0000000000,33.2180073765
18,25,0.0000000100,3,40,80,400,67.1279704942,200,132.8720295058,50.0000000000,33.2180073765,150.0000000000,99.6540221294,50.0000000000,33.2180073765,30.0000000000,315.9000000000,100,0.1360000000,65.0000000000,50.0000000000,33.2180073765
18,75,0.0000000100,3,40,80,400,67.1279704942,200,132.8720295058,50.0000000000,33.2180073765,150.0000000000,99.6540221294,50.0000000000,33.2180073765,30.0000000000,315.9000000000,100,0.4040000000,65.0000000000,50.0000000000,33.2180073765
18,125,0.0000000100,3,40,80,400,67.1279704942,200,132.8720295058,50.0000000000,33.2180073765,150.0000000000,99.6540221294,50.0000000000,33.2180073765,30.0000000000,315.9000000000,100,0.6730000000,65.0000000000,50.0000000000,33.2180073765
18,225,0.0000000100,3,40,80,400,67.1279704942,200,132.8720295058,50.0000000000,33.2180073765,150.0000000000,99.6540221294,50.0000000000,33.2180073765,30.0000000000,315.9000000000,100,1.2120000000,65.0000000000,50.0000000000,33.2180073765
18,275,0.0000000100,3,40,80,400,67.1279704942,200,132.8720295058,50.0000000000,33.2180073765,150.0000000000,99.6540221294,50.0000000000,33.2180073765,30.0000000000,315.9000000000,100,1.4800000000,65.0000000000,50.0000000000,33.2180073765
18,325,0.0000000100,3,40,80,400,67.1279704942,200,132.8720295058,50.0000000000,33.2180073765,150.0000000000,99.6540221294,50.0000000000,33.2180073765,30.0000000000,315.9000000000,100,1.7500000000,65.0000000000,50.0000000000,33.2180073765
12,175,0.0000000100,3,40,80,400,67.1279704942,200,132.8720295058,50.0000000000,33.2180073765,150.0000000000,99.6540221294,50.0000000000,33.2180073765,200.0000000000,480.5000000000,100,1.4530000000,65.0000000000,50.0000000000,33.2180073765
18,175,0.0000000100,3,40,80,400,67.1279704942,200,132.8720295058,50.0000000000,33.2180073765,150.0000000000,99.6540221294,50.0000000000,33.2180073765,200.0000000000,480.5000000000,100,0.9430000000,65.0000000000,50.0000000000,33.2180073765
21,175,0.0000000100,3,40,80,400,67.1279704942,200,132.8720295058,50.0000000000,33.2180073765,150.0000000000,99.6540221294,50.0000000000,33.2180073765,200.0000000000,480.5000000000,100,0.8020000000,65.0000000000,50.0000000000,33.2180073765
24,175,0.0000000100,3,40,80,400,67.1279704942,200,132.8720295058,50.0000000000,33.2180073765,150.0000000000,99.6540221294,50.0000000000,33.2180073765,200.0000000000,480.5000000000,100,0.6970000000,65.0000000000,50.0000000000,33.2180073765
18,25,0.0000000100,3,40,80,400,67.1279704942,200,132.8720295058,50.0000000000,33.2180073765,150.0000000000,99.6540221294,50.0000000000,33.2180073765,200.0000000000,480.5000000000,100,0.1360000000,65.0000000000,50.0000000000,33.2180073765
18,75,0.0000000100,3,40,80,400,67.1279704942,200,132.8720295058,50.0000000000,33.2180073765,150.0000000000,99.6540221294,50.0000000000,33.2180073765,200.0000000000,480.5000000000,100,0.4040000000,65.0000000000,50.0000000000,33.2180073765
18,125,0.0000000100,3,40,80,400,67.1279704942,200,132.8720295058,50.0000000000,33.2180073765,150.0000000000,99.6540221294,50.0000000000,33.2180073765,200.0000000000,480.5000000000,100,0.6730000000,65.0000000000,50.0000000000,33.2180073765
18,225,0.0000000100,3,40,80,400,67.1279704942,200,132.8720295058,50.0000000000,33.2180073765,150.0000000000,99.6540221294,50.0000000000,33.2180073765,200.0000000000,480.5000000000,100,1.2120000000,65.0000000000,50.0000000000,33.2180073765
18,275,0.0000000100,3,40,80,400,67.1279704942,200,132.8720295058,50.0000000000,33.2180073765,150.0000000000,99.6540221294,50.0000000000,33.2180073765,200.0000000000,480.5000000000,100,1.4800000000,65.0000000000,50.0000000000,33.2180073765
18,325,0.0000000100,3,40,80,400,67.1279704942,200,132.8720295058,50.0000000000,33.2180073765,150.0000000000,99.6540221294,50.0000000000,33.2180073765,200.0000000000,480.5000000000,100,1.7500000000,65.0000000000,50.0000000000,33.2180073765
12,175,0.0000000100,3,40,80,400,67.1279704942,200,132.8720295058,50.0000000000,33.2180073765,150.0000000000,99.6540221294,50.0000000000,33.2180073765,500.0000000000,586.0000000000,100,1.4530000000,65.0000000000,50.0000000000,33.2180073765
18,175,0.0000000100,3,40,80,400,67.1279704942,200,132.8720295058,50.0000000000,33.2180073765,150.0000000000,99.6540221294,50.0000000000,33.2180073765,500.0000000000,586.0000000000,100,0.9430000000,65.0000000000,50.0000000000,33.2180073765
21,175,0.0000000100,3,40,80,400,67.1279704942,200,132.8720295058,50.0000000000,33.2180073765,150.0000000000,99.6540221294,50.0000000000,33.2180073765,500.0000000000,586.0000000000,100,0.8020000000,65.0000000000,50.0000000000,33.2180073765
24,175,0.0000000100,3,40,80,400,67.1279704942,200,132.8720295058,50.0000000000,33.2180073765,150.0000000000,99.6540221294,50.0000000000,33.2180073765,500.0000000000,586.0000000000,100,0.6970000000,65.0000000000,50.0000000000,33.2180073765
18,25,0.0000000100,3,40,80,400,67.1279704942,200,132.8720295058,50.0000000000,33.2180073765,150.0000000000,99.6540221294,50.0000000000,33.2180073765,500.0000000000,586.0000000000,100,0.1360000000,65.0000000000,50.0000000000,33.2180073765
18,75,0.0000000100,3,40,80,400,67.1279704942,200,132.8720295058,50.0000000000,33.2180073765,150.0000000000,99.6540221294,50.0000000000,33.2180073765,500.0000000000,586.0000000000,100,0.4040000000,65.0000000000,50.0000000000,33.2180073765
18,125,0.0000000100,3,40,80,400,67.1279704942,200,132.8720295058,50.0000000000,33.2180073765,150.0000000000,99.6540221294,50.0000000000,33.2180073765,500.0000000000,586.0000000000,100,0.6730000000,65.0000000000,50.0000000000,33.2180073765
18,225,0.0000000100,3,40,80,400,67.1279704942,200,132.8720295058,50.0000000000,33.2180073765,150.0000000000,99.6540221294,50.0000000000,33.2180073765,500.0000000000,586.0000000000,100,1.2120000000,65.0000000000,50.0000000000,33.2180073765
18,275,0.0000000100,3,40,80,400,67.1279704942,200,132.8720295058,50.0000000000,33.2180073765,150.0000000000,99.6540221294,50.0000000000,33.2180073765,500.0000000000,586.0000000000,100,1.4800000000,65.0000000000,50.0000000000,33.2180073765
18,325,0.0000000100,3,40,80,400,67.1279704942,200,132.8720295058,50.0000000000,33.2180073765,150.0000000000,99.6540221294,50.0000000000,33.2180073765,500.0000000000,586.0000000000,100,1.7500000000,65.0000000000,50.0000000000,33.2180073765
12,175,0.0000000100,3,40,80,400,67.1279704942,200,132.8720295058,50.0000000000,33.2180073765,150.0000000000,99.6540221294,44.7100000000,0.0000000000,-1.0000000000,0.0000000000,-1,1.4070000000,65.0000000000,44.7100000000,0.0000000000
15,175,0.0000000100,3,40,80,400,67.1279704942,200,132.8720295058,50.0000000000,33.2180073765,150.0000000000,99.6540221294,44.7100000000,0.0000000000,-1.0000000000,0.0000000000,-1,1.1170000000,65.0000000000,44.7100000000,0.0000000000
18,175,0.0000000100,3,40,80,400,67.1279704942,200,132.8720295058,50.0000000000,33.2180073765,150.0000000000,99.6540221294,44.7100000000,0.0000000000,-1.0000000000,0.0000000000,-1,0.9270000000,65.0000000000,44.7100000000,0.0000000000
21,175,0.0000000100,3,40,80,400,67.1279704942,200,132.8720295058,50.0000000000,33.2180073765,150.0000000000,99.6540221294,44.7100000000,0.0000000000,-1.0000000000,0.0000000000,-1,0.7900000000,65.0000000000,44.7100000000,0.0000000000
24,175,0.0000000100,3,40,80,400,67.1279704942,200,132.8720295058,50.0000000000,33.2180073765,150.0000000000,99.6540221294,44.7100000000,0.0000000000,-1.0000000000,0.0000000000,-1,0.6900000000,65.0000000000,44.7100000000,0.0000000000
18,25,0.0000000100,3,40,80,400,67.1279704942,200,132.8720295058,50.0000000000,33.2180073765,150.0000000000,99.6540221294,44.7100000000,0.0000000000,-1.0000000000,0.0000000000,-1,0.1330000000,65.0000000000,44.7100000000,0.0000000000
18,75,0.0000000100,3,40,80,400,67.1279704942,200,132.8720295058,50.0000000000,33.2180073765,150.0000000000,99.6540221294,44.7100000000,0.0000000000,-1.0000000000,0.0000000000,-1,0.3960000000,65.0000000000,44.7100000000,0.0000000000
18,225,0.0000000100,3,40,80,400,67.1279704942,200,132.8720295058,50.0000000000,33.2180073765,150.0000000000,99.6540221294,44.7100000000,0.0000000000,-1.0000000000,0.0000000000,-1,1.1880000000,65.0000000000,44.7100000000,0.0000000000
12,175,0.0000000100,3,40,80,400,67.1279704942,200,132.8720295058,50.0000000000,33.2180073765,150.0000000000,99.6540221294,44.7100000000,0.0000000000,30.0000000000,315.9000000000,100,1.4020000000,65.0000000000,44.7100000000,0.0000000000
15,175,0.0000000100,3,40,80,400,67.1279704942,200,132.8720295058,50.0000000000,33.2180073765,150.0000000000,99.6540221294,44.7100000000,0.0000000000,30.0000000000,315.9000000000,100,1.1140000000,65.0000000000,44.7100000000,0.0000000000
18,175,0.0000000100,3,40,80,400,67.1279704942,200,132.8720295058,50.0000000000,33.2180073765,150.0000000000,99.6540221294,44.7100000000,0.0000000000,30.0000000000,315.9000000000,100,0.9240000000,65.0000000000,44.7100000000,0.0000000000
21,175,0.0000000100,3,40,80,400,67.1279704942,200,132.8720295058,50.0000000000,33.2180073765,150.0000000000,99.6540221294,44.7100000000,0.0000000000,30.0000000000,315.9000000000,100,0.7880000000,65.0000000000,44.7100000000,0.0000000000
24,175,0.0000000100,3,40,80,400,67.1279704942,200,132.8720295058,50.0000000000,33.2180073765,150.0000000000,99.6540221294,44.7100000000,0.0000000000,30.0000000000,315.9000000000,100,0.6890000000,65.0000000000,44.7100000000,0.0000000000
18,25,0.0000000100,3,40,80,400,67.1279704942,200,132.8720295058,50.0000000000,33.2180073765,150.0000000000,99.6540221294,44.7100000000,0.0000000000,30.0000000000,315.9000000000,100,0.1330000000,65.0000000000,44.7100000000,0.0000000000
18,75,0.0000000100,3,40,80,400,67.1279704942,200,132.8720295058,50.0000000000,33.2180073765,150.0000000000,99.6540221294,44.7100000000,0.0000000000,30.0000000000,315.9000000000,100,0.3960000000,65.0000000000,44.7100000000,0.0000000000
18,225,0.0000000100,3,40,80,400,67.1279704942,200,132.8720295058,50.0000000000,33.2180073765,150.0000000000,99.6540221294,44.7100000000,0.0000000000,30.0000000000,315.9000000000,100,1.1860000000,65.0000000000,44.7100000000,0.0000000000
12,175,0.0000000100,3,40,80,400,67.1279704942,200,132.8720295058,50.0000000000,33.2180073765,150.0000000000,99.6540221294,44.7100000000,0.0000000000,200.0000000000,480.5000000000,100,1.4020000000,65.0000000000,44.7100000000,0.0000000000
15,175,0.0000000100,3,40,80,400,67.1279704942,200,132.8720295058,50.0000000000,33.2180073765,150.0000000000,99.6540221294,44.7100000000,0.0000000000,200.0000000000,480.5000000000,100,1.1140000000,65.0000000000,44.7100000000,0.0000000000
18,175,0.0000000100,3,40,80,400,67.1279704942,200,132.8720295058,50.0000000000,33.2180073765,150.0000000000,99.6540221294,44.7100000000,0.0000000000,200.0000000000,480.5000000000,100,0.9240000000,65.0000000000,44.7100000000,0.0000000000
21,175,0.0000000100,3,40,80,400,67.1279704942,200,132.8720295058,50.0000000000,33.2180073765,150.0000000000,99.6540221294,44.7100000000,0.0000000000,200.0000000000,480.5000000000,100,0.7880000000,65.0000000000,44.7100000000,0.0000000000
24,175,0.0000000100,3,40,80,400,67.1279704942,200,132.8720295058,50.0000000000,33.2180073765,150.0000000000,99.6540221294,44.7100000000,0.0000000000,200.0000000000,480.5000000000,100,0.6890000000,65.0000000000,44.7100000000,0.0000000000
18,25,0.0000000100,3,40,80,400,67.1279704942,200,132.8720295058,50.0000000000,33.2180073765,150.0000000000,99.6540221294,44.7100000000,0.0000000000,200.0000000000,480.5000000000,100,0.1330000000,65.0000000000,44.7100000000,0.0000000000
18,75,0.0000000100,3,40,80,400,67.1279704942,200,132.8720295058,50.0000000000,33.2180073765,150.0000000000,99.6540221294,44.7100000000,0.0000000000,200.0000000000,480.5000000000,100,0.3960000000,65.0000000000,44.7100000000,0.0000000000
18,225,0.0000000100,3,40,80,400,67.1279704942,200,132.8720295058,50.0000000000,33.2180073765,150.0000000000,99.6540221294,44.7100000000,0.0000000000,200.0000000000,480.5000000000,100,1.1860000000,65.0000000000,44.7100000000,0.0000000000
12,175,0.0000000100,3,40,80,400,67.1279704942,200,132.8720295058,50.0000000000,33.2180073765,150.0000000000,99.6540221294,44.7100000000,0.0000000000,500.0000000000,586.0000000000,100,1.4020000000,65.0000000000,44.7100000000,0.0000000000
15,175,0.0000000100,3,40,80,400,67.1279704942,200,132.8720295058,50.0000000000,33.2180073765,150.0000000000,99.6540221294,44.7100000000,0.0000000000,500.0000000000,586.0000000000,100,1.1140000000,65.0000000000,44.7100000000,0.0000000000
18,175,0.0000000100,3,40,80,400,67.1279704942,200,132.8720295058,50.0000000000,33.2180073765,150.0000000000,99.6540221294,44.7100000000,0.0000000000,500.0000000000,586.0000000000,100,0.9240000000,65.0000000000,44.7100000000,0.0000000000
21,175,0.0000000100,3,40,80,400,67.1279704942,200,132.8720295058,50.0000000000,33.2180073765,150.0000000000,99.6540221294,44.7100000000,0.0000000000,500.0000000000,586.0000000000,100,0.7880000000,65.0000000000,44.7100000000,0.0000000000
24,175,0.0000000100,3,40,80,400,67.1279704942,200,132.8720295058,50.0000000000,33.2180073765,150.0000000000,99.6540221294,44.7100000000,0.0000000000,500.0000000000,586.0000000000,100,0.6890000000,65.0000000000,44.7100000000,0.0000000000
18,25,0.0000000100,3,40,80,400,67.1279704942,200,132.8720295058,50.0000000000,33.2180073765,150.0000000000,99.6540221294,44.7100000000,0.0000000000,500.0000000000,586.0000000000,100,0.1330000000,65.0000000000,44.7100000000,0.0000000000
18,75,0.0000000100,3,40,80,400,67.1279704942,200,132.8720295058,50.0000000000,33.2180073765,150.0000000000,99.6540221294,44.7100000000,0.0000000000,500.0000000000,586.0000000000,100,0.3960000000,65.0000000000,44.7100000000,0.0000000000
18,225,0.0000000100,3,40,80,400,67.1279704942,200,132.8720295058,50.0000000000,33.2180073765,150.0000000000,99.6540221294,44.7100000000,0.0000000000,500.0000000000,586.0000000000,100,1.1860000000,65.0000000000,44.7100000000,0.0000000000
12,175,0.0000000100,3,40,80,400,67.1279704942,200,132.8720295058,67.1279704942,0.0000000000,132.8720295058,132.8720295058,0.0000000000,0.0000000000,-1.0000000000,0.0000000000,-1,1.3640000000,53.0000000000,0.0000000000,0.0000000000
15,175,0.0000000100,3,40,80,400,67.1279704942,200,132.8720295058,67.1279704942,0.0000000000,132.8720295058,132.8720295058,0.0000000000,0.0000000000,-1.0000000000,0.0000000000,-1,1.0910000000,53.0000000000,0.0000000000,0.0000000000
18,175,0.0000000100,3,40,80,400,67.1279704942,200,132.8720295058,67.1279704942,0.0000000000,132.8720295058,132.8720295058,0.0000000000,0.0000000000,-1.0000000000,0.0000000000,-1,0.9090000000,53.0000000000,0.0000000000,0.0000000000
21,175,0.0000000100,3,40,80,400,67.1279704942,200,132.8720295058,67.1279704942,0.0000000000,132.8720295058,132.8720295058,0.0000000000,0.0000000000,-1.0000000000,0.0000000000,-1,0.7800000000,53.0000000000,0.0000000000,0.0000000000
24,175,0.0000000100,3,40,80,400,67.1279704942,200,132.8720295058,67.1279704942,0.0000000000,132.8720295058,132.8720295058,0.0000000000,0.0000000000,-1.0000000000,0.0000000000,-1,0.6820000000,53.0000000000,0.0000000000,0.0000000000
18,25,0.0000000100,3,40,80,400,67.1279704942,200,132.8720295058,67.1279704942,0.0000000000,132.8720295058,132.8720295058,0.0000000000,0.0000000000,-1.0000000000,0.0000000000,-1,0.1300000000,53.0000000000,0.0000000000,0.0000000000
18,75,0.0000000100,3,40,80,400,67.1279704942,200,132.8720295058,67.1279704942,0.0000000000,132.8720295058,132.8720295058,0.0000000000,0.0000000000,-1.0000000000,0.0000000000,-1,0.3900000000,53.0000000000,0.0000000000,0.0000000000
18,125,0.0000000100,3,40,80,400,67.1279704942,200,132.8720295058,67.1279704942,0.0000000000,132.8720295058,132.8720295058,0.0000000000,0.0000000000,-1.0000000000,0.0000000000,-1,0.6500000000,53.0000000000,0.0000000000,0.0000000000
18,225,0.0000000100,3,40,80,400,67.1279704942,200,132.8720295058,67.1279704942,0.0000000000,132.8720295058,132.8720295058,0.0000000000,0.0000000000,-1.0000000000,0.0000000000,-1,1.1690000000,53.0000000000,0.0000000000,0.0000000000
18,275,0.0000000100,3,40,80,400,67.1279704942,200,132.8720295058,67.1279704942,0.0000000000,132.8720295058,132.8720295058,0.0000000000,0.0000000000,-1.0000000000,0.0000000000,-1,1.4290000000,53.0000000000,0.0000000000,0.0000000000
18,325,0.0000000100,3,40,80,400,67.1279704942,200,132.8720295058,67.1279704942,0.0000000000,132.8720295058,132.8720295058,0.0000000000,0.0000000000,-1.0000000000,0.0000000000,-1,1.6890000000,53.0000000000,0.0000000000,0.0000000000
12,175,0.0000000100,3,40,80,400,67.1279704942,200,132.8720295058,67.1279704942,0.0000000000,132.8720295058,132.8720295058,0.0000000000,0.0000000000,30.0000000000,315.9000000000,100,1.3640000000,53.0000000000,0.0000000000,0.0000000000
15,175,0.0000000100,3,40,80,400,67.1279704942,200,132.8720295058,67.1279704942,0.0000000000,132.8720295058,132.8720295058,0.0000000000,0.0000000000,30.0000000000,315.9000000000,100,1.0910000000,53.0000000000,0.0000000000,0.0000000000
18,175,0.0000000100,3,40,80,400,67.1279704942,200,132.8720295058,67.1279704942,0.0000000000,132.8720295058,132.8720295058,0.0000000000,0.0000000000,30.0000000000,315.9000000000,100,0.9090000000,53.0000000000,0.0000000000,0.0000000000
21,175,0.0000000100,3,40,80,400,67.1279704942,200,132.8720295058,67.1279704942,0.0000000000,132.8720295058,132.8720295058,0.0000000000,0.0000000000,30.0000000000,315.9000000000,100,0.7800000000,53.0000000000,0.0000000000,0.0000000000
24,175,0.0000000100,3,40,80,400,67.1279704942,200,132.8720295058,67.1279704942,0.0000000000,132.8720295058,132.8720295058,0.0000000000,0.0000000000,30.0000000000,315.9000000000,100,0.6820000000,53.0000000000,0.0000000000,0.0000000000
18,25,0.0000000100,3,40,80,400,67.1279704942,200,132.8720295058,67.1279704942,0.0000000000,132.8720295058,132.8720295058,0.0000000000,0.0000000000,30.0000000000,315.9000000000,100,0.1300000000,53.0000000000,0.0000000000,0.0000000000
18,75,0.0000000100,3,40,80,400,67.1279704942,200,132.8720295058,67.1279704942,0.0000000000,132.8720295058,132.8720295058,0.0000000000,0.0000000000,30.0000000000,315.9000000000,100,0.3900000000,53.0000000000,0.0000000000,0.0000000000
18,125,0.0000000100,3,40,80,400,67.1279704942,200,132.8720295058,67.1279704942,0.0000000000,132.8720295058,132.8720295058,0.0000000000,0.0000000000,30.0000000000,315.9000000000,100,0.6500000000,53.0000000000,0.0000000000,0.0000000000
18,225,0.0000000100,3,40,80,400,67.1279704942,200,132.8720295058,67.1279704942,0.0000000000,132.8720295058,132.8720295058,0.0000000000,0.0000000000,30.0000000000,315.9000000000,100,1.1690000000,53.0000000000,0.0000000000,0.0000000000
18,275,0.0000000100,3,40,80,400,67.1279704942,200,132.8720295058,67.1279704942,0.0000000000,132.8720295058,132.8720295058,0.0000000000,0.0000000000,30.0000000000,315.9000000000,100,1.4290000000,53.0000000000,0.0000000000,0.0000000000
18,325,0.0000000100,3,40,80,400,67.1279704942,200,132.8720295058,67.1279704942,0.0000000000,132.8720295058,132.8720295058,0.0000000000,0.0000000000,30.0000000000,315.9000000000,100,1.6890000000,53.0000000000,0.0000000000,0.0000000000
12,175,0.0000000100,3,40,80,400,67.1279704942,200,132.8720295058,67.1279704942,0.0000000000,132.8720295058,132.8720295058,0.0000000000,0.0000000000,200.0000000000,480.5000000000,100,1.3640000000,53.0000000000,0.0000000000,0.0000000000
15,175,0.0000000100,3,40,80,400,67.1279704942,200,132.8720295058,67.1279704942,0.0000000000,132.8720295058,132.8720295058,0.0000000000,0.0000000000,200.0000000000,480.5000000000,100,1.0910000000,53.0000000000,0.0000000000,0.0000000000
18,175,0.0000000100,3,40,80,400,67.1279704942,200,132.8720295058,67.1279704942,0.0000000000,132.8720295058,132.8720295058,0.0000000000,0.0000000000,200.0000000000,480.5000000000,100,0.9090000000,53.0000000000,0.0000000000,0.0000000000
21,175,0.0000000100,3,40,80,400,67.1279704942,200,132.8720295058,67.1279704942,0.0000000000,132.8720295058,132.8720295058,0.0000000000,0.0000000000,200.0000000000,480.5000000000,100,0.7800000000,53.0000000000,0.0000000000,0.0000000000
24,175,0.0000000100,3,40,80,400,67.1279704942,200,132.8720295058,67.1279704942,0.0000000000,132.8720295058,132.8720295058,0.0000000000,0.0000000000,200.0000000000,480.5000000000,100,0.6820000000,53.0000000000,0.0000000000,0.0000000000
18,25,0.0000000100,3,40,80,400,67.1279704942,200,132.8720295058,67.1279704942,0.0000000000,132.8720295058,132.8720295058,0.0000000000,0.0000000000,200.0000000000,480.5000000000,100,0.1300000000,53.0000000000,0.0000000000,0.0000000000
18,75,0.0000000100,3,40,80,400,67.1279704942,200,132.8720295058,67.1279704942,0.0000000000,132.8720295058,132.8720295058,0.0000000000,0.0000000000,200.0000000000,480.5000000000,100,0.3900000000,53.0000000000,0.0000000000,0.0000000000
18,125,0.0000000100,3,40,80,400,67.1279704942,200,132.8720295058,67.1279704942,0.0000000000,132.8720295058,132.8720295058,0.0000000000,0.0000000000,200.0000000000,480.5000000000,100,0.6500000000,53.0000000000,0.0000000000,0.0000000000
18,225,0.0000000100,3,40,80,400,67.1279704942,200,132.8720295058,67.1279704942,0.0000000000,132.8720295058,132.8720295058,0.0000000000,0.0000000000,200.0000000000,480.5000000000,100,1.1690000000,53.0000000000,0.0000000000,0.0000000000
18,275,0.0000000100,3,40,80,400,67.1279704942,200,132.8720295058,67.1279704942,0.0000000000,132.8720295058,132.8720295058,0.0000000000,0.0000000000,200.0000000000,480.5000000000,100,1.4290000000,53.0000000000,0.0000000000,0.0000000000
18,325,0.0000000100,3,40,80,400,67.1279704942,200,132.8720295058,67.1279704942,0.0000000000,132.8720295058,132.8720295058,0.0000000000,0.0000000000,200.0000000000,480.5000000000,100,1.6890000000,53.0000000000,0.0000000000,0.0000000000
12,175,0.0000000100,3,40,80,400,67.1279704942,200,132.8720295058,67.1279704942,0.0000000000,132.8720295058,132.8720295058,0.0000000000,0.0000000000,500.0000000000,586.0000000000,100,1.3640000000,53.0000000000,0.0000000000,0.0000000000
15,175,0.0000000100,3,40,80,400,67.1279704942,200,132.8720295058,67.1279704942,0.0000000000,132.8720295058,132.8720295058,0.0000000000,0.0000000000,500.0000000000,586.0000000000,100,1.0910000000,53.0000000000,0.0000000000,0.0000000000
18,175,0.0000000100,3,40,80,400,67.1279704942,200,132.8720295058,67.1279704942,0.0000000000,132.8720295058,132.8720295058,0.0000000000,0.0000000000,500.0000000000,586.0000000000,100,0.9090000000,53.0000000000,0.0000000000,0.0000000000
21,175,0.0000000100,3,40,80,400,67.1279704942,200,132.8720295058,67.1279704942,0.0000000000,132.8720295058,132.8720295058,0.0000000000,0.0000000000,500.0000000000,586.0000000000,100,0.7800000000,53.0000000000,0.0000000000,0.0000000000
24,175,0.0000000100,3,40,80,400,67.1279704942,200,132.8720295058,67.1279704942,0.0000000000,132.8720295058,132.8720295058,0.0000000000,0.0000000000,500.0000000000,586.0000000000,100,0.6820000000,53.0000000000,0.0000000000,0.0000000000
18,25,0.0000000100,3,40,80,400,67.1279704942,200,132.8720295058,67.1279704942,0.0000000000,132.8720295058,132.8720295058,0.0000000000,0.0000000000,500.0000000000,586.0000000000,100,0.1300000000,53.0000000000,0.0000000000,0.0000000000
18,75,0.0000000100,3,40,80,400,67.1279704942,200,132.8720295058,67.1279704942,0.0000000000,132.8720295058,132.8720295058,0.0000000000,0.0000000000,500.0000000000,586.0000000000,100,0.3900000000,53.0000000000,0.0000000000,0.0000000000
18,125,0.0000000100,3,40,80,400,67.1279704942,200,132.8720295058,67.1279704942,0.0000000000,132.8720295058,132.8720295058,0.0000000000,0.0000000000,500.0000000000,586.0000000000,100,0.6500000000,53.0000000000,0.0000000000,0.0000000000
18,225,0.0000000100,3,40,80,400,67.1279704942,200,132.8720295058,67.1279704942,0.0000000000,132.8720295058,132.8720295058,0.0000000000,0.0000000000,500.0000000000,586.0000000000,100,1.1690000000,53.0000000000,0.0000000000,0.0000000000
18,275,0.0000000100,3,40,80,400,67.1279704942,200,132.8720295058,67.1279704942,0.0000000000,132.8720295058,132.8720295058,0.0000000000,0.0000000000,500.0000000000,586.0000000000,100,1.4290000000,53.0000000000,0.0000000000,0.0000000000
18,325,0.0000000100,3,40,80,400,67.1279704942,200,132.8720295058,67.1279704942,0.0000000000,132.8720295058,132.8720295058,0.0000000000,0.0000000000,500.0000000000,586.0000000000,100,1.6890000000,53.0000000000,0.0000000000,0.0000000000
12,175,0.0000000100,3,40,80,400,67.1279704942,200,132.8720295058,67.1279704942,0.0000000000,132.8720295058,132.8720295058,67.1279704942,0.0000000000,-1.0000000000,0.0000000000,-1,1.4870000000,53.0000000000,67.1279704942,0.0000000000
15,175,0.0000000100,3,40,80,400,67.1279704942,200,132.8720295058,67.1279704942,0.0000000000,132.8720295058,132.8720295058,67.1279704942,0.0000000000,-1.0000000000,0.0000000000,-1,1.1680000000,53.0000000000,67.1279704942,0.0000000000
18,175,0.0000000100,3,40,80,400,67.1279704942,200,132.8720295058,67.1279704942,0.0000000000,132.8720295058,132.8720295058,67.1279704942,0.0000000000,-1.0000000000,0.0000000000,-1,0.9620000000,53.0000000000,67.1279704942,0.0000000000
21,175,0.0000000100,3,40,80,400,67.1279704942,200,132.8720295058,67.1279704942,0.0000000000,132.8720295058,132.8720295058,67.1279704942,0.0000000000,-1.0000000000,0.0000000000,-1,0.8180000000,53.0000000000,67.1279704942,0.0000000000
24,175,0.0000000100,3,40,80,400,67.1279704942,200,132.8720295058,67.1279704942,0.0000000000,132.8720295058,132.8720295058,67.1279704942,0.0000000000,-1.0000000000,0.0000000000,-1,0.7120000000,53.0000000000,67.1279704942,0.0000000000
18,25,0.0000000100,3,40,80,400,67.1279704942,200,132.8720295058,67.1279704942,0.0000000000,132.8720295058,132.8720295058,67.1279704942,0.0000000000,-1.0000000000,0.0000000000,-1,0.1380000000,53.0000000000,67.1279704942,0.0000000000
18,75,0.0000000100,3,40,80,400,67.1279704942,200,132.8720295058,67.1279704942,0.0000000000,132.8720295058,132.8720295058,67.1279704942,0.0000000000,-1.0000000000,0.0000000000,-1,0.4130000000,53.0000000000,67.1279704942,0.0000000000
18,125,0.0000000100,3,40,80,400,67.1279704942,200,132.8720295058,67.1279704942,0.0000000000,132.8720295058,132.8720295058,67.1279704942,0.0000000000,-1.0000000000,0.0000000000,-1,0.6880000000,53.0000000000,67.1279704942,0.0000000000
18,275,0.0000000100,3,40,80,400,67.1279704942,200,132.8720295058,67.1279704942,0.0000000000,132.8720295058,132.8720295058,67.1279704942,0.0000000000,-1.0000000000,0.0000000000,-1,1.5120000000,53.0000000000,67.1279704942,0.0000000000
18,325,0.0000000100,3,40,80,400,67.1279704942,200,132.8720295058,67.1279704942,0.0000000000,132.8720295058,132.8720295058,67.1279704942,0.0000000000,-1.0000000000,0.0000000000,-1,1.7870000000,53.0000000000,67.1279704942,0.0000000000
12,175,0.0000000100,3,40,80,400,67.1279704942,200,132.8720295058,67.1279704942,0.0000000000,132.8720295058,132.8720295058,67.1279704942,0.0000000000,30.0000000000,315.9000000000,100,1.4770000000,53.0000000000,67.1279704942,0.0000000000
15,175,0.0000000100,3,40,80,400,67.1279704942,200,132.8720295058,67.1279704942,0.0000000000,132.8720295058,132.8720295058,67.1279704942,0.0000000000,30.0000000000,315.9000000000,100,1.1620000000,53.0000000000,67.1279704942,0.0000000000
18,175,0.0000000100,3,40,80,400,67.1279704942,200,132.8720295058,67.1279704942,0.0000000000,132.8720295058,132.8720295058,67.1279704942,0.0000000000,30.0000000000,315.9000000000,100,0.9580000000,53.0000000000,67.1279704942,0.0000000000
21,175,0.0000000100,3,40,80,400,67.1279704942,200,132.8720295058,67.1279704942,0.0000000000,132.8720295058,132.8720295058,67.1279704942,0.0000000000,30.0000000000,315.9000000000,100,0.8150000000,53.0000000000,67.1279704942,0.0000000000
24,175,0.0000000100,3,40,80,400,67.1279704942,200,132.8720295058,67.1279704942,0.0000000000,132.8720295058,132.8720295058,67.1279704942,0.0000000000,30.0000000000,315.9000000000,100,0.7090000000,53.0000000000,67.1279704942,0.0000000000
18,25,0.0000000100,3,40,80,400,67.1279704942,200,132.8720295058,67.1279704942,0.0000000000,132.8720295058,132.8720295058,67.1279704942,0.0000000000,30.0000000000,315.9000000000,100,0.1370000000,53.0000000000,67.1279704942,0.0000000000
18,75,0.0000000100,3,40,80,400,67.1279704942,200,132.8720295058,67.1279704942,0.0000000000,132.8720295058,132.8720295058,67.1279704942,0.0000000000,30.0000000000,315.9000000000,100,0.4110000000,53.0000000000,67.1279704942,0.0000000000
18,125,0.0000000100,3,40,80,400,67.1279704942,200,132.8720295058,67.1279704942,0.0000000000,132.8720295058,132.8720295058,67.1279704942,0.0000000000,30.0000000000,315.9000000000,100,0.6850000000,53.0000000000,67.1279704942,0.0000000000
18,275,0.0000000100,3,40,80,400,67.1279704942,200,132.8720295058,67.1279704942,0.0000000000,132.8720295058,132.8720295058,67.1279704942,0.0000000000,30.0000000000,315.9000000000,100,1.5060000000,53.0000000000,67.1279704942,0.0000000000
18,325,0.0000000100,3,40,80,400,67.1279704942,200,132.8720295058,67.1279704942,0.0000000000,132.8720295058,132.8720295058,67.1279704942,0.0000000000,30.0000000000,315.9000000000,100,1.7800000000,53.0000000000,67.1279704942,0.0000000000
12,175,0.0000000100,3,40,80,400,67.1279704942,200,132.8720295058,67.1279704942,0.0000000000,132.8720295058,132.8720295058,67.1279704942,0.0000000000,200.0000000000,480.5000000000,100,1.4770000000,53.0000000000,67.1279704942,0.0000000000
15,175,0.0000000100,3,40,80,400,67.1279704942,200,132.8720295058,67.1279704942,0.0000000000,132.8720295058,132.8720295058,67.1279704942,0.0000000000,200.0000000000,480.5000000000,100,1.1620000000,53.0000000000,67.1279704942,0.0000000000
18,175,0.0000000100,3,40,80,400,67.1279704942,200,132.8720295058,67.1279704942,0.0000000000,132.8720295058,132.8720295058,67.1279704942,0.0000000000,200.0000000000,480.5000000000,100,0.9580000000,53.0000000000,67.1279704942,0.0000000000
21,175,0.0000000100,3,40,80,400,67.1279704942,200,132.8720295058,67.1279704942,0.0000000000,132.8720295058,132.8720295058,67.1279704942,0.0000000000,200.0000000000,480.5000000000,100,0.8150000000,53.0000000000,67.1279704942,0.0000000000
24,175,0.0000000100,3,40,80,400,67.1279704942,200,132.8720295058,67.1279704942,0.0000000000,132.8720295058,132.8720295058,67.1279704942,0.0000000000,200.0000000000,480.5000000000,100,0.7090000000,53.0000000000,67.1279704942,0.0000000000
18,25,0.0000000100,3,40,80,400,67.1279704942,200,132.8720295058,67.1279704942,0.0000000000,132.8720295058,132.8720295058,67.1279704942,0.0000000000,200.0000000000,480.5000000000,100,0.1370000000,53.0000000000,67.1279704942,0.0000000000
18,75,0.0000000100,3,40,80,400,67.1279704942,200,132.8720295058,67.1279704942,0.0000000000,132.8720295058,132.8720295058,67.1279704942,0.0000000000,200.0000000000,480.5000000000,100,0.4110000000,53.0000000000,67.1279704942,0.0000000000
18,125,0.0000000100,3,40,80,400,67.1279704942,200,132.8720295058,67.1279704942,0.0000000000,132.8720295058,132.8720295058,67.1279704942,0.0000000000,200.0000000000,480.5000000000,100,0.6850000000,53.0000000000,67.1279704942,0.0000000000
18,275,0.0000000100,3,40,80,400,67.1279704942,200,132.8720295058,67.1279704942,0.0000000000,132.8720295058,132.8720295058,67.1279704942,0.0000000000,200.0000000000,480.5000000000,100,1.5060000000,53.0000000000,67.1279704942,0.0000000000
18,325,0.0000000100,3,40,80,400,67.1279704942,200,132.8720295058,67.1279704942,0.0000000000,132.8720295058,132.8720295058,67.1279704942,0.0000000000,200.0000000000,480.5000000000,100,1.7800000000,53.0000000000,67.1279704942,0.0000000000
12,175,0.0000000100,3,40,80,400,67.1279704942,200,132.8720295058,67.1279704942,0.0000000000,132.8720295058,132.8720295058,67.1279704942,0.0000000000,500.0000000000,586.0000000000,100,1.4770000000,53.0000000000,67.1279704942,0.0000000000
15,175,0.0000000100,3,40,80,400,67.1279704942,200,132.8720295058,67.1279704942,0.0000000000,132.8720295058,132.8720295058,67.1279704942,0.0000000000,500.0000000000,586.0000000000,100,1.1620000000,53.0000000000,67.1279704942,0.0000000000
18,175,0.0000000100,3,40,80,400,67.1279704942,200,132.8720295058,67.1279704942,0.0000000000,132.8720295058,132.8720295058,67.1279704942,0.0000000000,500.0000000000,586.0000000000,100,0.9580000000,53.0000000000,67.1279704942,0.0000000000
21,175,0.0000000100,3,40,80,400,67.1279704942,200,132.8720295058,67.1279704942,0.0000000000,132.8720295058,132.8720295058,67.1279704942,0.0000000000,500.0000000000,586.0000000000,100,0.8150000000,53.0000000000,67.1279704942,0.0000000000
24,175,0.0000000100,3,40,80,400,67.1279704942,200,132.8720295058,67.1279704942,0.0000000000,132.8720295058,132.8720295058,67.1279704942,0.0000000000,500.0000000000,586.0000000000,100,0.7090000000,53.0000000000,67.1279704942,0.0000000000
18,25,0.0000000100,3,40,80,400,67.1279704942,200,132.8720295058,67.1279704942,0.0000000000,132.8720295058,132.8720295058,67.1279704942,0.0000000000,500.0000000000,586.0000000000,100,0.1370000000,53.0000000000,67.1279704942,0.0000000000
18,75,0.0000000100,3,40,80,400,67.1279704942,200,132.8720295058,67.1279704942,0.0000000000,132.8720295058,132.8720295058,67.1279704942,0.0000000000,500.0000000000,586.0000000000,100,0.4110000000,53.0000000000,67.1279704942,0.0000000000
18,125,0.0000000100,3,40,80,400,67.1279704942,200,132.8720295058,67.1279704942,0.0000000000,132.8720295058,132.8720295058,67.1279704942,0.0000000000,500.0000000000,586.0000000000,100,0.6850000000,53.0000000000,67.1279704942,0.0000000000
18,275,0.0000000100,3,40,80,400,67.1279704942,200,132.8720295058,67.1279704942,0.0000000000,132.8720295058,132.8720295058,67.1279704942,0.0000000000,500.0000000000,586.0000000000,100,1.5060000000,53.0000000000,67.1279704942,0.0000000000
18,325,0.0000000100,3,40,80,400,67.1279704942,200,132.8720295058,67.1279704942,0.0000000000,132.8720295058,132.8720295058,67.1279704942,0.0000000000,500.0000000000,586.0000000000,100,1.7800000000,53.0000000000,67.1279704942,0.0000000000
15,175,0.0000000100,3,40,80,400,67.1279704942,200,132.8720295058,67.1279704942,0.0000000000,132.8720295058,132.8720295058,44.7100000000,0.0000000000,-1.0000000000,0.0000000000,-1,1.1540000000,53.0000000000,44.7100000000,0.0000000000
18,175,0.0000000100,3,40,80,400,67.1279704942,200,132.8720295058,67.1279704942,0.0000000000,132.8720295058,132.8720295058,44.7100000000,0.0000000000,-1.0000000000,0.0000000000,-1,0.9530000000,53.0000000000,44.7100000000,0.0000000000
24,175,0.0000000100,3,40,80,400,67.1279704942,200,132.8720295058,67.1279704942,0.0000000000,132.8720295058,132.8720295058,44.7100000000,0.0000000000,-1.0000000000,0.0000000000,-1,0.7070000000,53.0000000000,44.7100000000,0.0000000000
18,25,0.0000000100,3,40,80,400,67.1279704942,200,132.8720295058,67.1279704942,0.0000000000,132.8720295058,132.8720295058,44.7100000000,0.0000000000,-1.0000000000,0.0000000000,-1,0.1370000000,53.0000000000,44.7100000000,0.0000000000
18,125,0.0000000100,3,40,80,400,67.1279704942,200,132.8720295058,67.1279704942,0.0000000000,132.8720295058,132.8720295058,44.7100000000,0.0000000000,-1.0000000000,0.0000000000,-1,0.6810000000,53.0000000000,44.7100000000,0.0000000000
18,225,0.0000000100,3,40,80,400,67.1279704942,200,132.8720295058,67.1279704942,0.0000000000,132.8720295058,132.8720295058,44.7100000000,0.0000000000,-1.0000000000,0.0000000000,-1,1.2260000000,53.0000000000,44.7100000000,0.0000000000
18,275,0.0000000100,3,40,80,400,67.1279704942,200,132.8720295058,67.1279704942,0.0000000000,132.8720295058,132.8720295058,44.7100000000,0.0000000000,-1.0000000000,0.0000000000,-1,1.4970000000,53.0000000000,44.7100000000,0.0000000000
15,175,0.0000000100,3,40,80,400,67.1279704942,200,132.8720295058,67.1279704942,0.0000000000,132.8720295058,132.8720295058,44.7100000000,0.0000000000,30.0000000000,315.9000000000,100,1.1500000000,53.0000000000,44.7100000000,0.0000000000
18,175,0.0000000100,3,40,80,400,67.1279704942,200,132.8720295058,67.1279704942,0.0000000000,132.8720295058,132.8720295058,44.7100000000,0.0000000000,30.0000000000,315.9000000000,100,0.9490000000,53.0000000000,44.7100000000,0.0000000000
24,175,0.0000000100,3,40,80,400,67.1279704942,200,132.8720295058,67.1279704942,0.0000000000,132.8720295058,132.8720295058,44.7100000000,0.0000000000,30.0000000000,315.9000000000,100,0.7050000000,53.0000000000,44.7100000000,0.0000000000
18,25,0.0000000100,3,40,80,400,67.1279704942,200,132.8720295058,67.1279704942,0.0000000000,132.8720295058,132.8720295058,44.7100000000,0.0000000000,30.0000000000,315.9000000000,100,0.1360000000,53.0000000000,44.7100000000,0.0000000000
18,125,0.0000000100,3,40,80,400,67.1279704942,200,132.8720295058,67.1279704942,0.0000000000,132.8720295058,132.8720295058,44.7100000000,0.0000000000,30.0000000000,315.9000000000,100,0.6780000000,53.0000000000,44.7100000000,0.0000000000
18,225,0.0000000100,3,40,80,400,67.1279704942,200,132.8720295058,67.1279704942,0.0000000000,132.8720295058,132.8720295058,44.7100000000,0.0000000000,30.0000000000,315.9000000000,100,1.2210000000,53.0000000000,44.7100000000,0.0000000000
18,275,0.0000000100,3,40,80,400,67.1279704942,200,132.8720295058,67.1279704942,0.0000000000,132.8720295058,132.8720295058,44.7100000000,0.0000000000,30.0000000000,315.9000000000,100,1.4920000000,53.0000000000,44.7100000000,0.0000000000
15,175,0.0000000100,3,40,80,400,67.1279704942,200,132.8720295058,67.1279704942,0.0000000000,132.8720295058,132.8720295058,44.7100000000,0.0000000000,200.0000000000,480.5000000000,100,1.1500000000,53.0000000000,44.7100000000,0.0000000000
18,175,0.0000000100,3,40,80,400,67.1279704942,200,132.8720295058,67.1279704942,0.0000000000,132.8720295058,132.8720295058,44.7100000000,0.0000000000,200.0000000000,480.5000000000,100,0.9490000000,53.0000000000,44.7100000000,0.0000000000
24,175,0.0000000100,3,40,80,400,67.1279704942,200,132.8720295058,67.1279704942,0.0000000000,132.8720295058,132.8720295058,44.7100000000,0.0000000000,200.0000000000,480.5000000000,100,0.7050000000,53.0000000000,44.7100000000,0.0000000000
18,25,0.0000000100,3,40,80,400,67.1279704942,200,132.8720295058,67.1279704942,0.0000000000,132.8720295058,132.8720295058,44.7100000000,0.0000000000,200.0000000000,480.5000000000,100,0.1360000000,53.0000000000,44.7100000000,0.0000000000
18,125,0.0000000100,3,40,80,400,67.1279704942,200,132.8720295058,67.1279704942,0.0000000000,132.8720295058,132.8720295058,44.7100000000,0.0000000000,200.0000000000,480.5000000000,100,0.6780000000,53.0000000000,44.7100000000,0.0000000000
18,225,0.0000000100,3,40,80,400,67.1279704942,200,132.8720295058,67.1279704942,0.0000000000,132.8720295058,132.8720295058,44.7100000000,0.0000000000,200.0000000000,480.5000000000,100,1.2210000000,53.0000000000,44.7100000000,0.0000000000
18,275,0.0000000100,3,40,80,400,67.1279704942,200,132.8720295058,67.1279704942,0.0000000000,132.8720295058,132.8720295058,44.7100000000,0.0000000000,200.0000000000,480.5000000000,100,1.4920000000,53.0000000000,44.7100000000,0.0000000000
15,175,0.0000000100,3,40,80,400,67.1279704942,200,132.8720295058,67.1279704942,0.0000000000,132.8720295058,132.8720295058,44.7100000000,0.0000000000,500.0000000000,586.0000000000,100,1.1500000000,53.0000000000,44.7100000000,0.0000000000
18,175,0.0000000100,3,40,80,400,67.1279704942,200,132.8720295058,67.1279704942,0.0000000000,132.8720295058,132.8720295058,44.7100000000,0.0000000000,500.0000000000,586.0000000000,100,0.9490000000,53.0000000000,44.7100000000,0.0000000000
24,175,0.0000000100,3,40,80,400,67.1279704942,200,132.8720295058,67.1279704942,0.0000000000,132.8720295058,132.8720295058,44.7100000000,0.0000000000,500.0000000000,586.0000000000,100,0.7050000000,53.0000000000,44.7100000000,0.0000000000
18,25,0.0000000100,3,40,80,400,67.1279704942,200,132.8720295058,67.1279704942,0.0000000000,132.8720295058,132.8720295058,44.7100000000,0.0000000000,500.0000000000,586.0000000000,100,0.1360000000,53.0000000000,44.7100000000,0.0000000000
18,125,0.0000000100,3,40,80,400,67.1279704942,200,132.8720295058,67.1279704942,0.0000000000,132.8720295058,132.8720295058,44.7100000000,0.0000000000,500.0000000000,586.0000000000,100,0.6780000000,53.0000000000,44.7100000000,0.0000000000
18,225,0.0000000100,3,40,80,400,67.1279704942,200,132.8720295058,67.1279704942,0.0000000000,132.8720295058,132.8720295058,44.7100000000,0.0000000000,500.0000000000,586.0000000000,100,1.2210000000,53.0000000000,44.7100000000,0.0000000000
18,275,0.0000000100,3,40,80,400,67.1279704942,200,132.8720295058,67.1279704942,0.0000000000,132.8720295058,132.8720295058,44.7100000000,0.0000000000,500.0000000000,586.0000000000,100,1.4920000000,53.0000000000,44.7100000000,0.0000000000
12,175,0.0000000100,3,50,20,100,23.8350700000,70,46.1649300000,63.0000000000,39.1649300000,7.0000000000,7.0000000000,0.0000000000,0.0000000000,-1.0000000000,0.0000000000,-1,3.7480000000,23.0000000000,0.0000000000,0.0000000000
15,175,0.0000000100,3,50,20,100,23.8350700000,70,46.2000000000,63.0000000000,39.2000000000,7.0000000000,7.0000000000,0.0000000000,0.0000000000,-1.0000000000,0.0000000000,-1,2.9980000000,23.0000000000,0.0000000000,0.0000000000
18,175,0.0000000100,3,50,20,100,23.8350700000,70,46.2000000000,63.0000000000,39.2000000000,7.0000000000,7.0000000000,0.0000000000,0.0000000000,-1.0000000000,0.0000000000,-1,2.4980000000,23.0000000000,0.0000000000,0.0000000000
21,175,0.0000000100,3,50,20,100,23.8350700000,70,46.2000000000,63.0000000000,39.2000000000,7.0000000000,7.0000000000,0.0000000000,0.0000000000,-1.0000000000,0.0000000000,-1,2.1410000000,23.0000000000,0.0000000000,0.0000000000
24,175,0.0000000100,3,50,20,100,23.8350700000,70,46.2000000000,63.0000000000,39.2000000000,7.0000000000,7.0000000000,0.0000000000,0.0000000000,-1.0000000000,0.0000000000,-1,1.8730000000,23.0000000000,0.0000000000,0.0000000000
18,25,0.0000000100,3,50,20,100,23.8350700000,70,46.2000000000,63.0000000000,39.2000000000,7.0000000000,7.0000000000,0.0000000000,0.0000000000,-1.0000000000,0.0000000000,-1,0.3570000000,23.0000000000,0.0000000000,0.0000000000
18,75,0.0000000100,3,50,20,100,23.8350700000,70,46.2000000000,63.0000000000,39.2000000000,7.0000000000,7.0000000000,0.0000000000,0.0000000000,-1.0000000000,0.0000000000,-1,1.0700000000,23.0000000000,0.0000000000,0.0000000000
18,225,0.0000000100,3,50,20,100,23.8350700000,70,46.2000000000,63.0000000000,39.2000000000,7.0000000000,7.0000000000,0.0000000000,0.0000000000,-1.0000000000,0.0000000000,-1,3.2110000000,23.0000000000,0.0000000000,0.0000000000
18,275,0.0000000100,3,50,20,100,23.8350700000,70,46.2000000000,63.0000000000,39.2000000000,7.0000000000,7.0000000000,0.0000000000,0.0000000000,-1.0000000000,0.0000000000,-1,3.9250000000,23.0000000000,0.0000000000,0.0000000000
18,325,0.0000000100,3,50,20,100,23.8350700000,70,46.2000000000,63.0000000000,39.2000000000,7.0000000000,7.0000000000,0.0000000000,0.0000000000,-1.0000000000,0.0000000000,-1,4.6380000000,23.0000000000,0.0000000000,0.0000000000
15,175,0.0000000100,3,50,20,100,23.8350700000,70,46.2000000000,63.0000000000,39.2000000000,7.0000000000,7.0000000000,0.0000000000,0.0000000000,30.0000000000,315.9000000000,100,2.9980000000,23.0000000000,0.0000000000,0.0000000000
18,175,0.0000000100,3,50,20,100,23.8350700000,70,46.2000000000,63.0000000000,39.2000000000,7.0000000000,7.0000000000,0.0000000000,0.0000000000,30.0000000000,315.9000000000,100,2.4980000000,23.0000000000,0.0000000000,0.0000000000
21,175,0.0000000100,3,50,20,100,23.8350700000,70,46.2000000000,63.0000000000,39.2000000000,7.0000000000,7.0000000000,0.0000000000,0.0000000000,30.0000000000,315.9000000000,100,2.1410000000,23.0000000000,0.0000000000,0.0000000000
24,175,0.0000000100,3,50,20,100,23.8350700000,70,46.2000000000,63.0000000000,39.2000000000,7.0000000000,7.0000000000,0.0000000000,0.0000000000,30.0000000000,315.9000000000,100,1.8730000000,23.0000000000,0.0000000000,0.0000000000
18,25,0.0000000100,3,50,20,100,23.8350700000,70,46.2000000000,63.0000000000,39.2000000000,7.0000000000,7.0000000000,0.0000000000,0.0000000000,30.0000000000,315.9000000000,100,0.3570000000,23.0000000000,0.0000000000,0.0000000000
18,75,0.0000000100,3,50,20,100,23.8350700000,70,46.2000000000,63.0000000000,39.2000000000,7.0000000000,7.0000000000,0.0000000000,0.0000000000,30.0000000000,315.9000000000,100,1.0700000000,23.0000000000,0.0000000000,0.0000000000
18,225,0.0000000100,3,50,20,100,23.8350700000,70,46.2000000000,63.0000000000,39.2000000000,7.0000000000,7.0000000000,0.0000000000,0.0000000000,30.0000000000,315.9000000000,100,3.2110000000,23.0000000000,0.0000000000,0.0000000000
18,275,0.0000000100,3,50,20,100,23.8350700000,70,46.2000000000,63.0000000000,39.2000000000,7.0000000000,7.0000000000,0.0000000000,0.0000000000,30.0000000000,315.9000000000,100,3.9250000000,23.0000000000,0.0000000000,0.0000000000
18,325,0.0000000100,3,50,20,100,23.8350700000,70,46.2000000000,63.0000000000,39.2000000000,7.0000000000,7.0000000000,0.0000000000,0.0000000000,30.0000000000,315.9000000000,100,4.6380000000,23.0000000000,0.0000000000,0.0000000000
15,175,0.0000000100,3,50,20,100,23.8350700000,70,46.2000000000,63.0000000000,39.2000000000,7.0000000000,7.0000000000,0.0000000000,0.0000000000,200.0000000000,480.5000000000,100,2.9980000000,23.0000000000,0.0000000000,0.0000000000
18,175,0.0000000100,3,50,20,100,23.8350700000,70,46.2000000000,63.0000000000,39.2000000000,7.0000000000,7.0000000000,0.0000000000,0.0000000000,200.0000000000,480.5000000000,100,2.4980000000,23.0000000000,0.0000000000,0.0000000000
21,175,0.0000000100,3,50,20,100,23.8350700000,70,46.2000000000,63.0000000000,39.2000000000,7.0000000000,7.0000000000,0.0000000000,0.0000000000,200.0000000000,480.5000000000,100,2.1410000000,23.0000000000,0.0000000000,0.0000000000
24,175,0.0000000100,3,50,20,100,23.8350700000,70,46.2000000000,63.0000000000,39.2000000000,7.0000000000,7.0000000000,0.0000000000,0.0000000000,200.0000000000,480.5000000000,100,1.8730000000,23.0000000000,0.0000000000,0.0000000000
18,25,0.0000000100,3,50,20,100,23.8350700000,70,46.2000000000,63.0000000000,39.2000000000,7.0000000000,7.0000000000,0.0000000000,0.0000000000,200.0000000000,480.5000000000,100,0.3570000000,23.0000000000,0.0000000000,0.0000000000
18,75,0.0000000100,3,50,20,100,23.8350700000,70,46.2000000000,63.0000000000,39.2000000000,7.0000000000,7.0000000000,0.0000000000,0.0000000000,200.0000000000,480.5000000000,100,1.0700000000,23.0000000000,0.0000000000,0.0000000000
18,225,0.0000000100,3,50,20,100,23.8350700000,70,46.2000000000,63.0000000000,39.2000000000,7.0000000000,7.0000000000,0.0000000000,0.0000000000,200.0000000000,480.5000000000,100,3.2110000000,23.0000000000,0.0000000000,0.0000000000
18,275,0.0000000100,3,50,20,100,23.8350700000,70,46.2000000000,63.0000000000,39.2000000000,7.0000000000,7.0000000000,0.0000000000,0.0000000000,200.0000000000,480.5000000000,100,3.9250000000,23.0000000000,0.0000000000,0.0000000000
18,325,0.0000000100,3,50,20,100,23.8350700000,70,46.2000000000,63.0000000000,39.2000000000,7.0000000000,7.0000000000,0.0000000000,0.0000000000,200.0000000000,480.5000000000,100,4.6380000000,23.0000000000,0.0000000000,0.0000000000
15,175,0.0000000100,3,50,20,100,23.8350700000,70,46.2000000000,63.0000000000,39.2000000000,7.0000000000,7.0000000000,0.0000000000,0.0000000000,500.0000000000,586.0000000000,100,2.9980000000,23.0000000000,0.0000000000,0.0000000000
18,175,0.0000000100,3,50,20,100,23.8350700000,70,46.2000000000,63.0000000000,39.2000000000,7.0000000000,7.0000000000,0.0000000000,0.0000000000,500.0000000000,586.0000000000,100,2.4980000000,23.0000000000,0.0000000000,0.0000000000
21,175,0.0000000100,3,50,20,100,23.8350700000,70,46.2000000000,63.0000000000,39.2000000000,7.0000000000,7.0000000000,0.0000000000,0.0000000000,500.0000000000,586.0000000000,100,2.1410000000,23.0000000000,0.0000000000,0.0000000000
24,175,0.0000000100,3,50,20,100,23.8350700000,70,46.2000000000,63.0000000000,39.2000000000,7.0000000000,7.0000000000,0.0000000000,0.0000000000,500.0000000000,586.0000000000,100,1.8730000000,23.0000000000,0.0000000000,0.0000000000
18,25,0.0000000100,3,50,20,100,23.8350700000,70,46.2000000000,63.0000000000,39.2000000000,7.0000000000,7.0000000000,0.0000000000,0.0000000000,500.0000000000,586.0000000000,100,0.3570000000,23.0000000000,0.0000000000,0.0000000000
18,75,0.0000000100,3,50,20,100,23.8350700000,70,46.2000000000,63.0000000000,39.2000000000,7.0000000000,7.0000000000,0.0000000000,0.0000000000,500.0000000000,586.0000000000,100,1.0700000000,23.0000000000,0.0000000000,0.0000000000
18,225,0.0000000100,3,50,20,100,23.8350700000,70,46.2000000000,63.0000000000,39.2000000000,7.0000000000,7.0000000000,0.0000000000,0.0000000000,500.0000000000,586.0000000000,100,3.2110000000,23.0000000000,0.0000000000,0.0000000000
18,275,0.0000000100,3,50,20,100,23.8350700000,70,46.2000000000,63.0000000000,39.2000000000,7.0000000000,7.0000000000,0.0000000000,0.0000000000,500.0000000000,586.0000000000,100,3.9250000000,23.0000000000,0.0000000000,0.0000000000
18,325,0.0000000100,3,50,20,100,23.8350700000,70,46.2000000000,63.0000000000,39.2000000000,7.0000000000,7.0000000000,0.0000000000,0.0000000000,500.0000000000,586.0000000000,100,4.6380000000,23.0000000000,0.0000000000,0.0000000000
12,175,0.0000000100,3,50,20,100,23.8350700000,70,46.2000000000,63.0000000000,39.2000000000,7.0000000000,7.0000000000,63.0000000000,39.2000000000,-1.0000000000,0.0000000000,-1,4.0220000000,23.0000000000,63.0000000000,39.2000000000
21,175,0.0000000100,3,50,20,100,23.8350700000,70,46.2000000000,63.0000000000,39.2000000000,7.0000000000,7.0000000000,63.0000000000,39.2000000000,-1.0000000000,0.0000000000,-1,2.2450000000,23.0000000000,63.0000000000,39.2000000000
24,175,0.0000000100,3,50,20,100,23.8350700000,70,46.2000000000,63.0000000000,39.2000000000,7.0000000000,7.0000000000,63.0000000000,39.2000000000,-1.0000000000,0.0000000000,-1,1.9530000000,23.0000000000,63.0000000000,39.2000000000
18,75,0.0000000100,3,50,20,100,23.8350700000,70,46.2000000000,63.0000000000,39.2000000000,7.0000000000,7.0000000000,63.0000000000,39.2000000000,-1.0000000000,0.0000000000,-1,1.1160000000,17.0000000000,63.0000000000,39.2000000000
18,125,0.0000000100,3,50,20,100,23.8350700000,70,46.2000000000,63.0000000000,39.2000000000,7.0000000000,7.0000000000,63.0000000000,39.2000000000,-1.0000000000,0.0000000000,-1,1.8870000000,23.0000000000,63.0000000000,39.2000000000
18,225,0.0000000100,3,50,20,100,23.8350700000,70,46.2000000000,63.0000000000,39.2000000000,7.0000000000,7.0000000000,63.0000000000,39.2000000000,-1.0000000000,0.0000000000,-1,3.3960000000,23.0000000000,63.0000000000,39.2000000000
18,275,0.0000000100,3,50,20,100,23.8350700000,70,46.2000000000,63.0000000000,39.2000000000,7.0000000000,7.0000000000,63.0000000000,39.2000000000,-1.0000000000,0.0000000000,-1,4.0900000000,17.0000000000,63.0000000000,39.2000000000
12,175,0.0000000100,3,50,20,100,23.8350700000,70,46.2000000000,63.0000000000,39.2000000000,7.0000000000,7.0000000000,63.0000000000,39.2000000000,30.0000000000,315.9000000000,100,4.0680000000,23.0000000000,63.0000000000,39.2000000000
21,175,0.0000000100,3,50,20,100,23.8350700000,70,46.2000000000,63.0000000000,39.2000000000,7.0000000000,7.0000000000,63.0000000000,39.2000000000,30.0000000000,315.9000000000,100,2.2420000000,24.0000000000,63.0000000000,39.2000000000
24,175,0.0000000100,3,50,20,100,23.8350700000,70,46.2000000000,63.0000000000,39.2000000000,7.0000000000,7.0000000000,63.0000000000,39.2000000000,30.0000000000,315.9000000000,100,1.9490000000,24.0000000000,63.0000000000,39.2000000000
18,75,0.0000000100,3,50,20,100,23.8350700000,70,46.2000000000,63.0000000000,39.2000000000,7.0000000000,7.0000000000,63.0000000000,39.2000000000,30.0000000000,315.9000000000,100,1.1110000000,17.0000000000,63.0000000000,39.2000000000
18,125,0.0000000100,3,50,20,100,23.8350700000,70,46.2000000000,63.0000000000,39.2000000000,7.0000000000,7.0000000000,63.0000000000,39.2000000000,30.0000000000,315.9000000000,100,1.8830000000,24.0000000000,63.0000000000,39.2000000000
18,225,0.0000000100,3,50,20,100,23.8350700000,70,46.2000000000,63.0000000000,39.2000000000,7.0000000000,7.0000000000,63.0000000000,39.2000000000,30.0000000000,315.9000000000,100,3.3890000000,23.0000000000,63.0000000000,39.2000000000
18,275,0.0000000100,3,50,20,100,23.8350700000,70,46.2000000000,63.0000000000,39.2000000000,7.0000000000,7.0000000000,63.0000000000,39.2000000000,30.0000000000,315.9000000000,100,4.1420000000,23.0000000000,63.0000000000,39.2000000000
12,175,0.0000000100,3,50,20,100,23.8350700000,70,46.2000000000,63.0000000000,39.2000000000,7.0000000000,7.0000000000,63.0000000000,39.2000000000,200.0000000000,480.5000000000,100,4.0680000000,23.0000000000,63.0000000000,39.2000000000
21,175,0.0000000100,3,50,20,100,23.8350700000,70,46.2000000000,63.0000000000,39.2000000000,7.0000000000,7.0000000000,63.0000000000,39.2000000000,200.0000000000,480.5000000000,100,2.2420000000,24.0000000000,63.0000000000,39.2000000000
24,175,0.0000000100,3,50,20,100,23.8350700000,70,46.2000000000,63.0000000000,39.2000000000,7.0000000000,7.0000000000,63.0000000000,39.2000000000,200.0000000000,480.5000000000,100,1.9490000000,24.0000000000,63.0000000000,39.2000000000
18,75,0.0000000100,3,50,20,100,23.8350700000,70,46.2000000000,63.0000000000,39.2000000000,7.0000000000,7.0000000000,63.0000000000,39.2000000000,200.0000000000,480.5000000000,100,1.1110000000,17.0000000000,63.0000000000,39.2000000000
18,125,0.0000000100,3,50,20,100,23.8350700000,70,46.2000000000,63.0000000000,39.2000000000,7.0000000000,7.0000000000,63.0000000000,39.2000000000,200.0000000000,480.5000000000,100,1.8830000000,24.0000000000,63.0000000000,39.2000000000
18,225,0.0000000100,3,50,20,100,23.8350700000,70,46.2000000000,63.0000000000,39.2000000000,7.0000000000,7.0000000000,63.0000000000,39.2000000000,200.0000000000,480.5000000000,100,3.3890000000,23.0000000000,63.0000000000,39.2000000000
18,275,0.0000000100,3,50,20,100,23.8350700000,70,46.2000000000,63.0000000000,39.2000000000,7.0000000000,7.0000000000,63.0000000000,39.2000000000,200.0000000000,480.5000000000,100,4.1420000000,23.0000000000,63.0000000000,39.2000000000
12,175,0.0000000100,3,50,20,100,23.8350700000,70,46.2000000000,63.0000000000,39.2000000000,7.0000000000,7.0000000000,63.0000000000,39.2000000000,500.0000000000,586.0000000000,100,4.0680000000,23.0000000000,63.0000000000,39.2000000000
21,175,0.0000000100,3,50,20,100,23.8350700000,70,46.2000000000,63.0000000000,39.2000000000,7.0000000000,7.0000000000,63.0000000000,39.2000000000,500.0000000000,586.0000000000,100,2.2420000000,24.0000000000,63.0000000000,39.2000000000
24,175,0.0000000100,3,50,20,100,23.8350700000,70,46.2000000000,63.0000000000,39.2000000000,7.0000000000,7.0000000000,63.0000000000,39.2000000000,500.0000000000,586.0000000000,100,1.9490000000,24.0000000000,63.0000000000,39.2000000000
18,75,0.0000000100,3,50,20,100,23.8350700000,70,46.2000000000,63.0000000000,39.2000000000,7.0000000000,7.0000000000,63.0000000000,39.2000000000,500.0000000000,586.0000000000,100,1.1110000000,17.0000000000,63.0000000000,39.2000000000
18,125,0.0000000100,3,50,20,100,23.8350700000,70,46.2000000000,63.0000000000,39.2000000000,7.0000000000,7.0000000000,63.0000000000,39.2000000000,500.0000000000,586.0000000000,100,1.8830000000,24.0000000000,63.0000000000,39.2000000000
18,225,0.0000000100,3,50,20,100,23.8350700000,70,46.2000000000,63.0000000000,39.2000000000,7.0000000000,7.0000000000,63.0000000000,39.2000000000,500.0000000000,586.0000000000,100,3.3890000000,23.0000000000,63.0000000000,39.2000000000
18,275,0.0000000100,3,50,20,100,23.8350700000,70,46.2000000000,63.0000000000,39.2000000000,7.0000000000,7.0000000000,63.0000000000,39.2000000000,500.0000000000,586.0000000000,100,4.1420000000,23.0000000000,63.0000000000,39.2000000000
12,175,0.0000000100,3,50,20,100,23.8350700000,70,46.2000000000,63.0000000000,39.2000000000,7.0000000000,7.0000000000,15.8000000000,0.0000000000,-1.0000000000,0.0000000000,-1,3.9920000000,24.0000000000,15.8000000000,0.0000000000
15,175,0.0000000100,3,50,20,100,23.8350700000,70,46.2000000000,63.0000000000,39.2000000000,7.0000000000,7.0000000000,15.8000000000,0.0000000000,-1.0000000000,0.0000000000,-1,3.1120000000,24.0000000000,15.8000000000,0.0000000000
18,175,0.0000000100,3,50,20,100,23.8350700000,70,46.2000000000,63.0000000000,39.2000000000,7.0000000000,7.0000000000,15.8000000000,0.0000000000,-1.0000000000,0.0000000000,-1,2.5770000000,24.0000000000,15.8000000000,0.0000000000
21,175,0.0000000100,3,50,20,100,23.8350700000,70,46.2000000000,63.0000000000,39.2000000000,7.0000000000,7.0000000000,15.8000000000,0.0000000000,-1.0000000000,0.0000000000,-1,2.1980000000,24.0000000000,15.8000000000,0.0000000000
24,175,0.0000000100,3,50,20,100,23.8350700000,70,46.2000000000,63.0000000000,39.2000000000,7.0000000000,7.0000000000,15.8000000000,0.0000000000,-1.0000000000,0.0000000000,-1,1.9170000000,24.0000000000,15.8000000000,0.0000000000
18,25,0.0000000100,3,50,20,100,23.8350700000,70,46.2000000000,63.0000000000,39.2000000000,7.0000000000,7.0000000000,15.8000000000,0.0000000000,-1.0000000000,0.0000000000,-1,0.3670000000,17.0000000000,15.8000000000,0.0000000000
18,75,0.0000000100,3,50,20,100,23.8350700000,70,46.2000000000,63.0000000000,39.2000000000,7.0000000000,7.0000000000,15.8000000000,0.0000000000,-1.0000000000,0.0000000000,-1,1.1050000000,24.0000000000,15.8000000000,0.0000000000
18,125,0.0000000100,3,50,20,100,23.8350700000,70,46.2000000000,63.0000000000,39.2000000000,7.0000000000,7.0000000000,15.8000000000,0.0000000000,-1.0000000000,0.0000000000,-1,1.8400000000,24.0000000000,15.8000000000,0.0000000000
18,225,0.0000000100,3,50,20,100,23.8350700000,70,46.2000000000,63.0000000000,39.2000000000,7.0000000000,7.0000000000,15.8000000000,0.0000000000,-1.0000000000,0.0000000000,-1,3.3130000000,24.0000000000,15.8000000000,0.0000000000
18,275,0.0000000100,3,50,20,100,23.8350700000,70,46.2000000000,63.0000000000,39.2000000000,7.0000000000,7.0000000000,15.8000000000,0.0000000000,-1.0000000000,0.0000000000,-1,4.0490000000,24.0000000000,15.8000000000,0.0000000000
18,325,0.0000000100,3,50,20,100,23.8350700000,70,46.2000000000,63.0000000000,39.2000000000,7.0000000000,7.0000000000,15.8000000000,0.0000000000,-1.0000000000,0.0000000000,-1,4.7850000000,24.0000000000,15.8000000000,0.0000000000
12,175,0.0000000100,3,50,20,100,23.8350700000,70,46.2000000000,63.0000000000,39.2000000000,7.0000000000,7.0000000000,15.8000000000,0.0000000000,30.0000000000,315.9000000000,100,3.9120000000,24.0000000000,15.8000000000,0.0000000000
15,175,0.0000000100,3,50,20,100,23.8350700000,70,46.2000000000,63.0000000000,39.2000000000,7.0000000000,7.0000000000,15.8000000000,0.0000000000,30.0000000000,315.9000000000,100,3.1020000000,24.0000000000,15.8000000000,0.0000000000
18,175,0.0000000100,3,50,20,100,23.8350700000,70,46.2000000000,63.0000000000,39.2000000000,7.0000000000,7.0000000000,15.8000000000,0.0000000000,30.0000000000,315.9000000000,100,2.5700000000,24.0000000000,15.8000000000,0.0000000000
21,175,0.0000000100,3,50,20,100,23.8350700000,70,46.2000000000,63.0000000000,39.2000000000,7.0000000000,7.0000000000,15.8000000000,0.0000000000,30.0000000000,315.9000000000,100,2.1930000000,24.0000000000,15.8000000000,0.0000000000
24,175,0.0000000100,3,50,20,100,23.8350700000,70,46.2000000000,63.0000000000,39.2000000000,7.0000000000,7.0000000000,15.8000000000,0.0000000000,30.0000000000,315.9000000000,100,1.9130000000,24.0000000000,15.8000000000,0.0000000000
18,25,0.0000000100,3,50,20,100,23.8350700000,70,46.2000000000,63.0000000000,39.2000000000,7.0000000000,7.0000000000,15.8000000000,0.0000000000,30.0000000000,315.9000000000,100,0.3650000000,17.0000000000,15.8000000000,0.0000000000
18,75,0.0000000100,3,50,20,100,23.8350700000,70,46.2000000000,63.0000000000,39.2000000000,7.0000000000,7.0000000000,15.8000000000,0.0000000000,30.0000000000,315.9000000000,100,1.1020000000,24.0000000000,15.8000000000,0.0000000000
18,125,0.0000000100,3,50,20,100,23.8350700000,70,46.2000000000,63.0000000000,39.2000000000,7.0000000000,7.0000000000,15.8000000000,0.0000000000,30.0000000000,315.9000000000,100,1.8350000000,24.0000000000,15.8000000000,0.0000000000
18,225,0.0000000100,3,50,20,100,23.8350700000,70,46.2000000000,63.0000000000,39.2000000000,7.0000000000,7.0000000000,15.8000000000,0.0000000000,30.0000000000,315.9000000000,100,3.3030000000,24.0000000000,15.8000000000,0.0000000000
18,275,0.0000000100,3,50,20,100,23.8350700000,70,46.2000000000,63.0000000000,39.2000000000,7.0000000000,7.0000000000,15.8000000000,0.0000000000,30.0000000000,315.9000000000,100,4.0380000000,24.0000000000,15.8000000000,0.0000000000
18,325,0.0000000100,3,50,20,100,23.8350700000,70,46.2000000000,63.0000000000,39.2000000000,7.0000000000,7.0000000000,15.8000000000,0.0000000000,30.0000000000,315.9000000000,100,4.7720000000,24.0000000000,15.8000000000,0.0000000000
12,175,0.0000000100,3,50,20,100,23.8350700000,70,46.2000000000,63.0000000000,39.2000000000,7.0000000000,7.0000000000,15.8000000000,0.0000000000,200.0000000000,480.5000000000,100,3.9120000000,24.0000000000,15.8000000000,0.0000000000
15,175,0.0000000100,3,50,20,100,23.8350700000,70,46.2000000000,63.0000000000,39.2000000000,7.0000000000,7.0000000000,15.8000000000,0.0000000000,200.0000000000,480.5000000000,100,3.1020000000,24.0000000000,15.8000000000,0.0000000000
18,175,0.0000000100,3,50,20,100,23.8350700000,70,46.2000000000,63.0000000000,39.2000000000,7.0000000000,7.0000000000,15.8000000000,0.0000000000,200.0000000000,480.5000000000,100,2.5700000000,24.0000000000,15.8000000000,0.0000000000
21,175,0.0000000100,3,50,20,100,23.8350700000,70,46.2000000000,63.0000000000,39.2000000000,7.0000000000,7.0000000000,15.8000000000,0.0000000000,200.0000000000,480.5000000000,100,2.1930000000,24.0000000000,15.8000000000,0.0000000000
24,175,0.0000000100,3,50,20,100,23.8350700000,70,46.2000000000,63.0000000000,39.2000000000,7.0000000000,7.0000000000,15.8000000000,0.0000000000,200.0000000000,480.5000000000,100,1.9130000000,24.0000000000,15.8000000000,0.0000000000
18,25,0.0000000100,3,50,20,100,23.8350700000,70,46.2000000000,63.0000000000,39.2000000000,7.0000000000,7.0000000000,15.8000000000,0.0000000000,200.0000000000,480.5000000000,100,0.3650000000,17.0000000000,15.8000000000,0.0000000000
18,75,0.0000000100,3,50,20,100,23.8350700000,70,46.2000000000,63.0000000000,39.2000000000,7.0000000000,7.0000000000,15.8000000000,0.0000000000,200.0000000000,480.5000000000,100,1.1020000000,24.0000000000,15.8000000000,0.0000000000
18,125,0.0000000100,3,50,20,100,23.8350700000,70,46.2000000000,63.0000000000,39.2000000000,7.0000000000,7.0000000000,15.8000000000,0.0000000000,200.0000000000,480.5000000000,100,1.8350000000,24.0000000000,15.8000000000,0.0000000000
18,225,0.0000000100,3,50,20,100,23.8350700000,70,46.2000000000,63.0000000000,39.2000000000,7.0000000000,7.0000000000,15.8000000000,0.0000000000,200.0000000000,480.5000000000,100,3.3030000000,24.0000000000,15.8000000000,0.0000000000
18,275,0.0000000100,3,50,20,100,23.8350700000,70,46.2000000000,63.0000000000,39.2000000000,7.0000000000,7.0000000000,15.8000000000,0.0000000000,200.0000000000,480.5000000000,100,4.0380000000,24.0000000000,15.8000000000,0.0000000000
18,325,0.0000000100,3,50,20,100,23.8350700000,70,46.2000000000,63.0000000000,39.2000000000,7.0000000000,7.0000000000,15.8000000000,0.0000000000,200.0000000000,480.5000000000,100,4.7720000000,24.0000000000,15.8000000000,0.0000000000
12,175,0.0000000100,3,50,20,100,23.8350700000,70,46.2000000000,63.0000000000,39.2000000000,7.0000000000,7.0000000000,15.8000000000,0.0000000000,500.0000000000,586.0000000000,100,3.9120000000,24.0000000000,15.8000000000,0.0000000000
15,175,0.0000000100,3,50,20,100,23.8350700000,70,46.2000000000,63.0000000000,39.2000000000,7.0000000000,7.0000000000,15.8000000000,0.0000000000,500.0000000000,586.0000000000,100,3.1020000000,24.0000000000,15.8000000000,0.0000000000
18,175,0.0000000100,3,50,20,100,23.8350700000,70,46.2000000000,63.0000000000,39.2000000000,7.0000000000,7.0000000000,15.8000000000,0.0000000000,500.0000000000,586.0000000000,100,2.5700000000,24.0000000000,15.8000000000,0.0000000000
21,175,0.0000000100,3,50,20,100,23.8350700000,70,46.2000000000,63.0000000000,39.2000000000,7.0000000000,7.0000000000,15.8000000000,0.0000000000,500.0000000000,586.0000000000,100,2.1930000000,24.0000000000,15.8000000000,0.0000000000
24,175,0.0000000100,3,50,20,100,23.8350700000,70,46.2000000000,63.0000000000,39.2000000000,7.0000000000,7.0000000000,15.8000000000,0.0000000000,500.0000000000,586.0000000000,100,1.9130000000,24.0000000000,15.8000000000,0.0000000000
18,25,0.0000000100,3,50,20,100,23.8350700000,70,46.2000000000,63.0000000000,39.2000000000,7.0000000000,7.0000000000,15.8000000000,0.0000000000,500.0000000000,586.0000000000,100,0.3650000000,17.0000000000,15.8000000000,0.0000000000
18,75,0.0000000100,3,50,20,100,23.8350700000,70,46.2000000000,63.0000000000,39.2000000000,7.0000000000,7.0000000000,15.8000000000,0.0000000000,500.0000000000,586.0000000000,100,1.1020000000,24.0000000000,15.8000000000,0.0000000000
18,125,0.0000000100,3,50,20,100,23.8350700000,70,46.2000000000,63.0000000000,39.2000000000,7.0000000000,7.0000000000,15.8000000000,0.0000000000,500.0000000000,586.0000000000,100,1.8350000000,24.0000000000,15.8000000000,0.0000000000
18,225,0.0000000100,3,50,20,100,23.8350700000,70,46.2000000000,63.0000000000,39.2000000000,7.0000000000,7.0000000000,15.8000000000,0.0000000000,500.0000000000,586.0000000000,100,3.3030000000,24.0000000000,15.8000000000,0.0000000000
18,275,0.0000000100,3,50,20,100,23.8350700000,70,46.2000000000,63.0000000000,39.2000000000,7.0000000000,7.0000000000,15.8000000000,0.0000000000,500.0000000000,586.0000000000,100,4.0380000000,24.0000000000,15.8000000000,0.0000000000
18,325,0.0000000100,3,50,20,100,23.8350700000,70,46.2000000000,63.0000000000,39.2000000000,7.0000000000,7.0000000000,15.8000000000,0.0000000000,500.0000000000,586.0000000000,100,4.7720000000,24.0000000000,15.8000000000,0.0000000000
12,175,0.0000000100,3,50,20,100,23.8350700000,70,46.2000000000,17.5000000000,11.5500000000,52.5000000000,34.6000000000,0.0000000000,0.0000000000,-1.0000000000,0.0000000000,-1,3.7080000000,24.0000000000,0.0000000000,0.0000000000
15,175,0.0000000100,3,50,20,100,23.8350700000,70,46.2000000000,17.5000000000,11.5000000000,52.5000000000,34.6000000000,0.0000000000,0.0000000000,-1.0000000000,0.0000000000,-1,2.9700000000,24.0000000000,0.0000000000,0.0000000000
18,175,0.0000000100,3,50,20,100,23.8350700000,70,46.2000000000,17.5000000000,11.5000000000,52.5000000000,34.6000000000,0.0000000000,0.0000000000,-1.0000000000,0.0000000000,-1,2.4730000000,24.0000000000,0.0000000000,0.0000000000
24,175,0.0000000100,3,50,20,100,23.8350700000,70,46.2000000000,17.5000000000,11.5000000000,52.5000000000,34.6000000000,0.0000000000,0.0000000000,-1.0000000000,0.0000000000,-1,1.8470000000,24.0000000000,0.0000000000,0.0000000000
18,25,0.0000000100,3,50,20,100,23.8350700000,70,46.2000000000,17.5000000000,11.5000000000,52.5000000000,34.6000000000,0.0000000000,0.0000000000,-1.0000000000,0.0000000000,-1,0.3560000000,24.0000000000,0.0000000000,0.0000000000
18,75,0.0000000100,3,50,20,100,23.8350700000,70,46.2000000000,17.5000000000,11.5000000000,52.5000000000,34.6000000000,0.0000000000,0.0000000000,-1.0000000000,0.0000000000,-1,1.0590000000,24.0000000000,0.0000000000,0.0000000000
18,275,0.0000000100,3,50,20,100,23.8350700000,70,46.2000000000,17.5000000000,11.5000000000,52.5000000000,34.6000000000,0.0000000000,0.0000000000,-1.0000000000,0.0000000000,-1,3.8840000000,24.0000000000,0.0000000000,0.0000000000
15,175,0.0000000100,3,50,20,100,23.8350700000,70,46.2000000000,17.5000000000,11.5000000000,52.5000000000,34.6000000000,0.0000000000,0.0000000000,30.0000000000,315.9000000000,100,2.9700000000,24.0000000000,0.0000000000,0.0000000000
18,175,0.0000000100,3,50,20,100,23.8350700000,70,46.2000000000,17.5000000000,11.5000000000,52.5000000000,34.6000000000,0.0000000000,0.0000000000,30.0000000000,315.9000000000,100,2.4730000000,24.0000000000,0.0000000000,0.0000000000
24,175,0.0000000100,3,50,20,100,23.8350700000,70,46.2000000000,17.5000000000,11.5000000000,52.5000000000,34.6000000000,0.0000000000,0.0000000000,30.0000000000,315.9000000000,100,1.8470000000,24.0000000000,0.0000000000,0.0000000000
18,25,0.0000000100,3,50,20,100,23.8350700000,70,46.2000000000,17.5000000000,11.5000000000,52.5000000000,34.6000000000,0.0000000000,0.0000000000,30.0000000000,315.9000000000,100,0.3560000000,24.0000000000,0.0000000000,0.0000000000
18,75,0.0000000100,3,50,20,100,23.8350700000,70,46.2000000000,17.5000000000,11.5000000000,52.5000000000,34.6000000000,0.0000000000,0.0000000000,30.0000000000,315.9000000000,100,1.0590000000,24.0000000000,0.0000000000,0.0000000000
18,275,0.0000000100,3,50,20,100,23.8350700000,70,46.2000000000,17.5000000000,11.5000000000,52.5000000000,34.6000000000,0.0000000000,0.0000000000,30.0000000000,315.9000000000,100,3.8840000000,24.0000000000,0.0000000000,0.0000000000
15,175,0.0000000100,3,50,20,100,23.8350700000,70,46.2000000000,17.5000000000,11.5000000000,52.5000000000,34.6000000000,0.0000000000,0.0000000000,200.0000000000,480.5000000000,100,2.9700000000,24.0000000000,0.0000000000,0.0000000000
18,175,0.0000000100,3,50,20,100,23.8350700000,70,46.2000000000,17.5000000000,11.5000000000,52.5000000000,34.6000000000,0.0000000000,0.0000000000,200.0000000000,480.5000000000,100,2.4730000000,24.0000000000,0.0000000000,0.0000000000
24,175,0.0000000100,3,50,20,100,23.8350700000,70,46.2000000000,17.5000000000,11.5000000000,52.5000000000,34.6000000000,0.0000000000,0.0000000000,200.0000000000,480.5000000000,100,1.8470000000,24.0000000000,0.0000000000,0.0000000000
18,25,0.0000000100,3,50,20,100,23.8350700000,70,46.2000000000,17.5000000000,11.5000000000,52.5000000000,34.6000000000,0.0000000000,0.0000000000,200.0000000000,480.5000000000,100,0.3560000000,24.0000000000,0.0000000000,0.0000000000
18,75,0.0000000100,3,50,20,100,23.8350700000,70,46.2000000000,17.5000000000,11.5000000000,52.5000000000,34.6000000000,0.0000000000,0.0000000000,200.0000000000,480.5000000000,100,1.0590000000,24.0000000000,0.0000000000,0.0000000000
18,275,0.0000000100,3,50,20,100,23.8350700000,70,46.2000000000,17.5000000000,11.5000000000,52.5000000000,34.6000000000,0.0000000000,0.0000000000,200.0000000000,480.5000000000,100,3.8840000000,24.0000000000,0.0000000000,0.0000000000
15,175,0.0000000100,3,50,20,100,23.8350700000,70,46.2000000000,17.5000000000,11.5000000000,52.5000000000,34.6000000000,0.0000000000,0.0000000000,500.0000000000,586.0000000000,100,2.9700000000,24.0000000000,0.0000000000,0.0000000000
18,175,0.0000000100,3,50,20,100,23.8350700000,70,46.2000000000,17.5000000000,11.5000000000,52.5000000000,34.6000000000,0.0000000000,0.0000000000,500.0000000000,586.0000000000,100,2.4730000000,24.0000000000,0.0000000000,0.0000000000
24,175,0.0000000100,3,50,20,100,23.8350700000,70,46.2000000000,17.5000000000,11.5000000000,52.5000000000,34.6000000000,0.0000000000,0.0000000000,500.0000000000,586.0000000000,100,1.8470000000,24.0000000000,0.0000000000,0.0000000000
18,25,0.0000000100,3,50,20,100,23.8350700000,70,46.2000000000,17.5000000000,11.5000000000,52.5000000000,34.6000000000,0.0000000000,0.0000000000,500.0000000000,586.0000000000,100,0.3560000000,24.0000000000,0.0000000000,0.0000000000
18,75,0.0000000100,3,50,20,100,23.8350700000,70,46.2000000000,17.5000000000,11.5000000000,52.5000000000,34.6000000000,0.0000000000,0.0000000000,500.0000000000,586.0000000000,100,1.0590000000,24.0000000000,0.0000000000,0.0000000000
18,275,0.0000000100,3,50,20,100,23.8350700000,70,46.2000000000,17.5000000000,11.5000000000,52.5000000000,34.6000000000,0.0000000000,0.0000000000,500.0000000000,586.0000000000,100,3.8840000000,24.0000000000,0.0000000000,0.0000000000
12,175,0.0000000100,3,50,20,100,23.8350700000,70,46.2000000000,17.5000000000,11.5000000000,52.5000000000,34.6000000000,17.5000000000,11.5000000000,-1.0000000000,0.0000000000,-1,4.0220000000,17.0000000000,17.5000000000,11.5000000000
15,175,0.0000000100,3,50,20,100,23.8350700000,70,46.2000000000,17.5000000000,11.5000000000,52.5000000000,34.6000000000,17.5000000000,11.5000000000,-1.0000000000,0.0000000000,-1,3.2710000000,24.0000000000,17.5000000000,11.5000000000
18,175,0.0000000100,3,50,20,100,23.8350700000,70,46.2000000000,17.5000000000,11.5000000000,52.5000000000,34.6000000000,17.5000000000,11.5000000000,-1.0000000000,0.0000000000,-1,2.6030000000,17.0000000000,17.5000000000,11.5000000000
21,175,0.0000000100,3,50,20,100,23.8350700000,70,46.2000000000,17.5000000000,11.5000000000,52.5000000000,34.6000000000,17.5000000000,11.5000000000,-1.0000000000,0.0000000000,-1,2.2920000000,24.0000000000,17.5000000000,11.5000000000
24,175,0.0000000100,3,50,20,100,23.8350700000,70,46.2000000000,17.5000000000,11.5000000000,52.5000000000,34.6000000000,17.5000000000,11.5000000000,-1.0000000000,0.0000000000,-1,1.9950000000,24.0000000000,17.5000000000,11.5000000000
18,25,0.0000000100,3,50,20,100,23.8350700000,70,46.2000000000,17.5000000000,11.5000000000,52.5000000000,34.6000000000,17.5000000000,11.5000000000,-1.0000000000,0.0000000000,-1,0.3720000000,17.0000000000,17.5000000000,11.5000000000
18,75,0.0000000100,3,50,20,100,23.8350700000,70,46.2000000000,17.5000000000,11.5000000000,52.5000000000,34.6000000000,17.5000000000,11.5000000000,-1.0000000000,0.0000000000,-1,1.1160000000,17.0000000000,17.5000000000,11.5000000000
18,125,0.0000000100,3,50,20,100,23.8350700000,70,46.2000000000,17.5000000000,11.5000000000,52.5000000000,34.6000000000,17.5000000000,11.5000000000,-1.0000000000,0.0000000000,-1,1.9260000000,24.0000000000,17.5000000000,11.5000000000
18,225,0.0000000100,3,50,20,100,23.8350700000,70,46.2000000000,17.5000000000,11.5000000000,52.5000000000,34.6000000000,17.5000000000,11.5000000000,-1.0000000000,0.0000000000,-1,3.4660000000,24.0000000000,17.5000000000,11.5000000000
18,275,0.0000000100,3,50,20,100,23.8350700000,70,46.2000000000,17.5000000000,11.5000000000,52.5000000000,34.6000000000,17.5000000000,11.5000000000,-1.0000000000,0.0000000000,-1,4.0900000000,17.0000000000,17.5000000000,11.5000000000
18,325,0.0000000100,3,50,20,100,23.8350700000,70,46.2000000000,17.5000000000,11.5000000000,52.5000000000,34.6000000000,17.5000000000,11.5000000000,-1.0000000000,0.0000000000,-1,5.0050000000,24.0000000000,17.5000000000,11.5000000000
12,175,0.0000000100,3,50,20,100,23.8350700000,70,46.2000000000,17.5000000000,11.5000000000,52.5000000000,34.6000000000,17.5000000000,11.5000000000,30.0000000000,315.9000000000,100,4.0120000000,24.0000000000,17.5000000000,11.5000000000
15,175,0.0000000100,3,50,20,100,23.8350700000,70,46.2000000000,17.5000000000,11.5000000000,52.5000000000,34.6000000000,17.5000000000,11.5000000000,30.0000000000,315.9000000000,100,3.1540000000,24.0000000000,17.5000000000,11.5000000000
18,175,0.0000000100,3,50,20,100,23.8350700000,70,46.2000000000,17.5000000000,11.5000000000,52.5000000000,34.6000000000,17.5000000000,11.5000000000,30.0000000000,315.9000000000,100,2.5930000000,17.0000000000,17.5000000000,11.5000000000
21,175,0.0000000100,3,50,20,100,23.8350700000,70,46.2000000000,17.5000000000,11.5000000000,52.5000000000,34.6000000000,17.5000000000,11.5000000000,30.0000000000,315.9000000000,100,2.2150000000,24.0000000000,17.5000000000,11.5000000000
24,175,0.0000000100,3,50,20,100,23.8350700000,70,46.2000000000,17.5000000000,11.5000000000,52.5000000000,34.6000000000,17.5000000000,11.5000000000,30.0000000000,315.9000000000,100,1.9270000000,24.0000000000,17.5000000000,11.5000000000
18,25,0.0000000100,3,50,20,100,23.8350700000,70,46.2000000000,17.5000000000,11.5000000000,52.5000000000,34.6000000000,17.5000000000,11.5000000000,30.0000000000,315.9000000000,100,0.3710000000,17.0000000000,17.5000000000,11.5000000000
18,75,0.0000000100,3,50,20,100,23.8350700000,70,46.2000000000,17.5000000000,11.5000000000,52.5000000000,34.6000000000,17.5000000000,11.5000000000,30.0000000000,315.9000000000,100,1.1110000000,17.0000000000,17.5000000000,11.5000000000
18,125,0.0000000100,3,50,20,100,23.8350700000,70,46.2000000000,17.5000000000,11.5000000000,52.5000000000,34.6000000000,17.5000000000,11.5000000000,30.0000000000,315.9000000000,100,1.8600000000,23.0000000000,17.5000000000,11.5000000000
18,225,0.0000000100,3,50,20,100,23.8350700000,70,46.2000000000,17.5000000000,11.5000000000,52.5000000000,34.6000000000,17.5000000000,11.5000000000,30.0000000000,315.9000000000,100,3.3430000000,24.0000000000,17.5000000000,11.5000000000
18,275,0.0000000100,3,50,20,100,23.8350700000,70,46.2000000000,17.5000000000,11.5000000000,52.5000000000,34.6000000000,17.5000000000,11.5000000000,30.0000000000,315.9000000000,100,4.0790000000,24.0000000000,17.5000000000,11.5000000000
18,325,0.0000000100,3,50,20,100,23.8350700000,70,46.2000000000,17.5000000000,11.5000000000,52.5000000000,34.6000000000,17.5000000000,11.5000000000,30.0000000000,315.9000000000,100,4.8330000000,24.0000000000,17.5000000000,11.5000000000
12,175,0.0000000100,3,50,20,100,23.8350700000,70,46.2000000000,17.5000000000,11.5000000000,52.5000000000,34.6000000000,17.5000000000,11.5000000000,200.0000000000,480.5000000000,100,4.0120000000,24.0000000000,17.5000000000,11.5000000000
15,175,0.0000000100,3,50,20,100,23.8350700000,70,46.2000000000,17.5000000000,11.5000000000,52.5000000000,34.6000000000,17.5000000000,11.5000000000,200.0000000000,480.5000000000,100,3.1540000000,24.0000000000,17.5000000000,11.5000000000
18,175,0.0000000100,3,50,20,100,23.8350700000,70,46.2000000000,17.5000000000,11.5000000000,52.5000000000,34.6000000000,17.5000000000,11.5000000000,200.0000000000,480.5000000000,100,2.5930000000,17.0000000000,17.5000000000,11.5000000000
21,175,0.0000000100,3,50,20,100,23.8350700000,70,46.2000000000,17.5000000000,11.5000000000,52.5000000000,34.6000000000,17.5000000000,11.5000000000,200.0000000000,480.5000000000,100,2.2150000000,24.0000000000,17.5000000000,11.5000000000
24,175,0.0000000100,3,50,20,100,23.8350700000,70,46.2000000000,17.5000000000,11.5000000000,52.5000000000,34.6000000000,17.5000000000,11.5000000000,200.0000000000,480.5000000000,100,1.9270000000,24.0000000000,17.5000000000,11.5000000000
18,25,0.0000000100,3,50,20,100,23.8350700000,70,46.2000000000,17.5000000000,11.5000000000,52.5000000000,34.6000000000,17.5000000000,11.5000000000,200.0000000000,480.5000000000,100,0.3710000000,17.0000000000,17.5000000000,11.5000000000
18,75,0.0000000100,3,50,20,100,23.8350700000,70,46.2000000000,17.5000000000,11.5000000000,52.5000000000,34.6000000000,17.5000000000,11.5000000000,200.0000000000,480.5000000000,100,1.1110000000,17.0000000000,17.5000000000,11.5000000000
18,125,0.0000000100,3,50,20,100,23.8350700000,70,46.2000000000,17.5000000000,11.5000000000,52.5000000000,34.6000000000,17.5000000000,11.5000000000,200.0000000000,480.5000000000,100,1.8600000000,23.0000000000,17.5000000000,11.5000000000
18,225,0.0000000100,3,50,20,100,23.8350700000,70,46.2000000000,17.5000000000,11.5000000000,52.5000000000,34.6000000000,17.5000000000,11.5000000000,200.0000000000,480.5000000000,100,3.3430000000,24.0000000000,17.5000000000,11.5000000000
18,275,0.0000000100,3,50,20,100,23.8350700000,70,46.2000000000,17.5000000000,11.5000000000,52.5000000000,34.6000000000,17.5000000000,11.5000000000,200.0000000000,480.5000000000,100,4.0790000000,24.0000000000,17.5000000000,11.5000000000
18,325,0.0000000100,3,50,20,100,23.8350700000,70,46.2000000000,17.5000000000,11.5000000000,52.5000000000,34.6000000000,17.5000000000,11.5000000000,200.0000000000,480.5000000000,100,4.8330000000,24.0000000000,17.5000000000,11.5000000000
12,175,0.0000000100,3,50,20,100,23.8350700000,70,46.2000000000,17.5000000000,11.5000000000,52.5000000000,34.6000000000,17.5000000000,11.5000000000,500.0000000000,586.0000000000,100,4.0120000000,24.0000000000,17.5000000000,11.5000000000
15,175,0.0000000100,3,50,20,100,23.8350700000,70,46.2000000000,17.5000000000,11.5000000000,52.5000000000,34.6000000000,17.5000000000,11.5000000000,500.0000000000,586.0000000000,100,3.1540000000,24.0000000000,17.5000000000,11.5000000000
18,175,0.0000000100,3,50,20,100,23.8350700000,70,46.2000000000,17.5000000000,11.5000000000,52.5000000000,34.6000000000,17.5000000000,11.5000000000,500.0000000000,586.0000000000,100,2.5930000000,17.0000000000,17.5000000000,11.5000000000
21,175,0.0000000100,3,50,20,100,23.8350700000,70,46.2000000000,17.5000000000,11.5000000000,52.5000000000,34.6000000000,17.5000000000,11.5000000000,500.0000000000,586.0000000000,100,2.2150000000,24.0000000000,17.5000000000,11.5000000000
24,175,0.0000000100,3,50,20,100,23.8350700000,70,46.2000000000,17.5000000000,11.5000000000,52.5000000000,34.6000000000,17.5000000000,11.5000000000,500.0000000000,586.0000000000,100,1.9270000000,24.0000000000,17.5000000000,11.5000000000
18,25,0.0000000100,3,50,20,100,23.8350700000,70,46.2000000000,17.5000000000,11.5000000000,52.5000000000,34.6000000000,17.5000000000,11.5000000000,500.0000000000,586.0000000000,100,0.3710000000,17.0000000000,17.5000000000,11.5000000000
18,75,0.0000000100,3,50,20,100,23.8350700000,70,46.2000000000,17.5000000000,11.5000000000,52.5000000000,34.6000000000,17.5000000000,11.5000000000,500.0000000000,586.0000000000,100,1.1110000000,17.0000000000,17.5000000000,11.5000000000
18,125,0.0000000100,3,50,20,100,23.8350700000,70,46.2000000000,17.5000000000,11.5000000000,52.5000000000,34.6000000000,17.5000000000,11.5000000000,500.0000000000,586.0000000000,100,1.8600000000,23.0000000000,17.5000000000,11.5000000000
18,225,0.0000000100,3,50,20,100,23.8350700000,70,46.2000000000,17.5000000000,11.5000000000,52.5000000000,34.6000000000,17.5000000000,11.5000000000,500.0000000000,586.0000000000,100,3.3430000000,24.0000000000,17.5000000000,11.5000000000
18,275,0.0000000100,3,50,20,100,23.8350700000,70,46.2000000000,17.5000000000,11.5000000000,52.5000000000,34.6000000000,17.5000000000,11.5000000000,500.0000000000,586.0000000000,100,4.0790000000,24.0000000000,17.5000000000,11.5000000000
18,325,0.0000000100,3,50,20,100,23.8350700000,70,46.2000000000,17.5000000000,11.5000000000,52.5000000000,34.6000000000,17.5000000000,11.5000000000,500.0000000000,586.0000000000,100,4.8330000000,24.0000000000,17.5000000000,11.5000000000
12,175,0.0000000100,3,50,20,100,23.8350700000,70,46.2000000000,17.5000000000,11.5000000000,52.5000000000,34.6000000000,16.0000000000,0.0000000000,-1.0000000000,0.0000000000,-1,4.0180000000,24.0000000000,16.0000000000,0.0000000000
21,175,0.0000000100,3,50,20,100,23.8350700000,70,46.2000000000,17.5000000000,11.5000000000,52.5000000000,34.6000000000,16.0000000000,0.0000000000,-1.0000000000,0.0000000000,-1,2.2490000000,24.0000000000,16.0000000000,0.0000000000
18,25,0.0000000100,3,50,20,100,23.8350700000,70,46.2000000000,17.5000000000,11.5000000000,52.5000000000,34.6000000000,16.0000000000,0.0000000000,-1.0000000000,0.0000000000,-1,0.3640000000,24.0000000000,16.0000000000,0.0000000000
18,75,0.0000000100,3,50,20,100,23.8350700000,70,46.2000000000,17.5000000000,11.5000000000,52.5000000000,34.6000000000,16.0000000000,0.0000000000,-1.0000000000,0.0000000000,-1,1.1300000000,24.0000000000,16.0000000000,0.0000000000
18,125,0.0000000100,3,50,20,100,23.8350700000,70,46.2000000000,17.5000000000,11.5000000000,52.5000000000,34.6000000000,16.0000000000,0.0000000000,-1.0000000000,0.0000000000,-1,1.8840000000,24.0000000000,16.0000000000,0.0000000000
18,225,0.0000000100,3,50,20,100,23.8350700000,70,46.2000000000,17.5000000000,11.5000000000,52.5000000000,34.6000000000,16.0000000000,0.0000000000,-1.0000000000,0.0000000000,-1,3.3900000000,24.0000000000,16.0000000000,0.0000000000
18,275,0.0000000100,3,50,20,100,23.8350700000,70,46.2000000000,17.5000000000,11.5000000000,52.5000000000,34.6000000000,16.0000000000,0.0000000000,-1.0000000000,0.0000000000,-1,4.1430000000,24.0000000000,16.0000000000,0.0000000000
12,175,0.0000000100,3,50,20,100,23.8350700000,70,46.2000000000,17.5000000000,11.5000000000,52.5000000000,34.6000000000,16.0000000000,0.0000000000,30.0000000000,315.9000000000,100,4.0020000000,24.0000000000,16.0000000000,0.0000000000
21,175,0.0000000100,3,50,20,100,23.8350700000,70,46.2000000000,17.5000000000,11.5000000000,52.5000000000,34.6000000000,16.0000000000,0.0000000000,30.0000000000,315.9000000000,100,2.2440000000,24.0000000000,16.0000000000,0.0000000000
18,25,0.0000000100,3,50,20,100,23.8350700000,70,46.2000000000,17.5000000000,11.5000000000,52.5000000000,34.6000000000,16.0000000000,0.0000000000,30.0000000000,315.9000000000,100,0.3630000000,24.0000000000,16.0000000000,0.0000000000
18,75,0.0000000100,3,50,20,100,23.8350700000,70,46.2000000000,17.5000000000,11.5000000000,52.5000000000,34.6000000000,16.0000000000,0.0000000000,30.0000000000,315.9000000000,100,1.1270000000,24.0000000000,16.0000000000,0.0000000000
18,125,0.0000000100,3,50,20,100,23.8350700000,70,46.2000000000,17.5000000000,11.5000000000,52.5000000000,34.6000000000,16.0000000000,0.0000000000,30.0000000000,315.9000000000,100,1.8790000000,24.0000000000,16.0000000000,0.0000000000
18,225,0.0000000100,3,50,20,100,23.8350700000,70,46.2000000000,17.5000000000,11.5000000000,52.5000000000,34.6000000000,16.0000000000,0.0000000000,30.0000000000,315.9000000000,100,3.3810000000,24.0000000000,16.0000000000,0.0000000000
18,275,0.0000000100,3,50,20,100,23.8350700000,70,46.2000000000,17.5000000000,11.5000000000,52.5000000000,34.6000000000,16.0000000000,0.0000000000,30.0000000000,315.9000000000,100,4.1320000000,24.0000000000,16.0000000000,0.0000000000
12,175,0.0000000100,3,50,20,100,23.8350700000,70,46.2000000000,17.5000000000,11.5000000000,52.5000000000,34.6000000000,16.0000000000,0.0000000000,200.0000000000,480.5000000000,100,4.0020000000,24.0000000000,16.0000000000,0.0000000000
21,175,0.0000000100,3,50,20,100,23.8350700000,70,46.2000000000,17.5000000000,11.5000000000,52.5000000000,34.6000000000,16.0000000000,0.0000000000,200.0000000000,480.5000000000,100,2.2440000000,24.0000000000,16.0000000000,0.0000000000
18,25,0.0000000100,3,50,20,100,23.8350700000,70,46.2000000000,17.5000000000,11.5000000000,52.5000000000,34.6000000000,16.0000000000,0.0000000000,200.0000000000,480.5000000000,100,0.3630000000,24.0000000000,16.0000000000,0.0000000000
18,75,0.0000000100,3,50,20,100,23.8350700000,70,46.2000000000,17.5000000000,11.5000000000,52.5000000000,34.6000000000,16.0000000000,0.0000000000,200.0000000000,480.5000000000,100,1.1270000000,24.0000000000,16.0000000000,0.0000000000
18,125,0.0000000100,3,50,20,100,23.8350700000,70,46.2000000000,17.5000000000,11.5000000000,52.5000000000,34.6000000000,16.0000000000,0.0000000000,200.0000000000,480.5000000000,100,1.8790000000,24.0000000000,16.0000000000,0.0000000000
18,225,0.0000000100,3,50,20,100,23.8350700000,70,46.2000000000,17.5000000000,11.5000000000,52.5000000000,34.6000000000,16.0000000000,0.0000000000,200.0000000000,480.5000000000,100,3.3810000000,24.0000000000,16.0000000000,0.0000000000
18,275,0.0000000100,3,50,20,100,23.8350700000,70,46.2000000000,17.5000000000,11.5000000000,52.5000000000,34.6000000000,16.0000000000,0.0000000000,200.0000000000,480.5000000000,100,4.1320000000,24.0000000000,16.0000000000,0.0000000000
12,175,0.0000000100,3,50,20,100,23.8350700000,70,46.2000000000,17.5000000000,11.5000000000,52.5000000000,34.6000000000,16.0000000000,0.0000000000,500.0000000000,586.0000000000,100,4.0020000000,24.0000000000,16.0000000000,0.0000000000
21,175,0.0000000100,3,50,20,100,23.8350700000,70,46.2000000000,17.5000000000,11.5000000000,52.5000000000,34.6000000000,16.0000000000,0.0000000000,500.0000000000,586.0000000000,100,2.2440000000,24.0000000000,16.0000000000,0.0000000000
18,25,0.0000000100,3,50,20,100,23.8350700000,70,46.2000000000,17.5000000000,11.5000000000,52.5000000000,34.6000000000,16.0000000000,0.0000000000,500.0000000000,586.0000000000,100,0.3630000000,24.0000000000,16.0000000000,0.0000000000
18,75,0.0000000100,3,50,20,100,23.8350700000,70,46.2000000000,17.5000000000,11.5000000000,52.5000000000,34.6000000000,16.0000000000,0.0000000000,500.0000000000,586.0000000000,100,1.1270000000,24.0000000000,16.0000000000,0.0000000000
18,125,0.0000000100,3,50,20,100,23.8350700000,70,46.2000000000,17.5000000000,11.5000000000,52.5000000000,34.6000000000,16.0000000000,0.0000000000,500.0000000000,586.0000000000,100,1.8790000000,24.0000000000,16.0000000000,0.0000000000
18,225,0.0000000100,3,50,20,100,23.8350700000,70,46.2000000000,17.5000000000,11.5000000000,52.5000000000,34.6000000000,16.0000000000,0.0000000000,500.0000000000,586.0000000000,100,3.3810000000,24.0000000000,16.0000000000,0.0000000000
18,275,0.0000000100,3,50,20,100,23.8350700000,70,46.2000000000,17.5000000000,11.5000000000,52.5000000000,34.6000000000,16.0000000000,0.0000000000,500.0000000000,586.0000000000,100,4.1320000000,24.0000000000,16.0000000000,0.0000000000
12,175,0.0000000100,3,50,20,100,23.8350700000,70,46.2000000000,23.8000000000,0.0000000000,46.2000000000,46.2000000000,0.0000000000,0.0000000000,-1.0000000000,0.0000000000,-1,4.2570000000,14.0000000000,0.0000000000,0.0000000000
15,175,0.0000000100,3,50,20,100,23.8350700000,70,46.2000000000,23.8000000000,0.0000000000,46.2000000000,46.2000000000,0.0000000000,0.0000000000,-1.0000000000,0.0000000000,-1,3.4040000000,14.0000000000,0.0000000000,0.0000000000
18,175,0.0000000100,3,50,20,100,23.8350700000,70,46.2000000000,23.8000000000,0.0000000000,46.2000000000,46.2000000000,0.0000000000,0.0000000000,-1.0000000000,0.0000000000,-1,3.0100000000,12.0000000000,0.0000000000,0.0000000000
21,175,0.0000000100,3,50,20,100,23.8350700000,70,46.2000000000,23.8000000000,0.0000000000,46.2000000000,46.2000000000,0.0000000000,0.0000000000,-1.0000000000,0.0000000000,-1,2.6040000000,14.0000000000,0.0000000000,0.0000000000
24,175,0.0000000100,3,50,20,100,23.8350700000,70,46.2000000000,23.8000000000,0.0000000000,46.2000000000,46.2000000000,0.0000000000,0.0000000000,-1.0000000000,0.0000000000,-1,1.8280000000,16.0000000000,0.0000000000,0.0000000000
18,75,0.0000000100,3,50,20,100,23.8350700000,70,46.2000000000,23.8000000000,0.0000000000,46.2000000000,46.2000000000,0.0000000000,0.0000000000,-1.0000000000,0.0000000000,-1,1.0450000000,17.0000000000,0.0000000000,0.0000000000
18,125,0.0000000100,3,50,20,100,23.8350700000,70,46.2000000000,23.8000000000,0.0000000000,46.2000000000,46.2000000000,0.0000000000,0.0000000000,-1.0000000000,0.0000000000,-1,2.1720000000,13.0000000000,0.0000000000,0.0000000000
18,225,0.0000000100,3,50,20,100,23.8350700000,70,46.2000000000,23.8000000000,0.0000000000,46.2000000000,46.2000000000,0.0000000000,0.0000000000,-1.0000000000,0.0000000000,-1,4.2790000000,12.0000000000,0.0000000000,0.0000000000
18,275,0.0000000100,3,50,20,100,23.8350700000,70,46.2000000000,23.8000000000,0.0000000000,46.2000000000,46.2000000000,0.0000000000,0.0000000000,-1.0000000000,0.0000000000,-1,5.2310000000,12.0000000000,0.0000000000,0.0000000000
12,175,0.0000000100,3,50,20,100,23.8350700000,70,46.2000000000,23.8000000000,0.0000000000,46.2000000000,46.2000000000,0.0000000000,0.0000000000,30.0000000000,315.9000000000,100,4.2570000000,14.0000000000,0.0000000000,0.0000000000
15,175,0.0000000100,3,50,20,100,23.8350700000,70,46.2000000000,23.8000000000,0.0000000000,46.2000000000,46.2000000000,0.0000000000,0.0000000000,30.0000000000,315.9000000000,100,3.4040000000,14.0000000000,0.0000000000,0.0000000000
18,175,0.0000000100,3,50,20,100,23.8350700000,70,46.2000000000,23.8000000000,0.0000000000,46.2000000000,46.2000000000,0.0000000000,0.0000000000,30.0000000000,315.9000000000,100,3.0100000000,12.0000000000,0.0000000000,0.0000000000
21,175,0.0000000100,3,50,20,100,23.8350700000,70,46.2000000000,23.8000000000,0.0000000000,46.2000000000,46.2000000000,0.0000000000,0.0000000000,30.0000000000,315.9000000000,100,2.6040000000,14.0000000000,0.0000000000,0.0000000000
24,175,0.0000000100,3,50,20,100,23.8350700000,70,46.2000000000,23.8000000000,0.0000000000,46.2000000000,46.2000000000,0.0000000000,0.0000000000,30.0000000000,315.9000000000,100,1.8280000000,16.0000000000,0.0000000000,0.0000000000
18,75,0.0000000100,3,50,20,100,23.8350700000,70,46.2000000000,23.8000000000,0.0000000000,46.2000000000,46.2000000000,0.0000000000,0.0000000000,30.0000000000,315.9000000000,100,1.0450000000,17.0000000000,0.0000000000,0.0000000000
18,125,0.0000000100,3,50,20,100,23.8350700000,70,46.2000000000,23.8000000000,0.0000000000,46.2000000000,46.2000000000,0.0000000000,0.0000000000,30.0000000000,315.9000000000,100,2.1720000000,13.0000000000,0.0000000000,0.0000000000
18,225,0.0000000100,3,50,20,100,23.8350700000,70,46.2000000000,23.8000000000,0.0000000000,46.2000000000,46.2000000000,0.0000000000,0.0000000000,30.0000000000,315.9000000000,100,4.2790000000,12.0000000000,0.0000000000,0.0000000000
18,275,0.0000000100,3,50,20,100,23.8350700000,70,46.2000000000,23.8000000000,0.0000000000,46.2000000000,46.2000000000,0.0000000000,0.0000000000,30.0000000000,315.9000000000,100,5.2310000000,12.0000000000,0.0000000000,0.0000000000
12,175,0.0000000100,3,50,20,100,23.8350700000,70,46.2000000000,23.8000000000,0.0000000000,46.2000000000,46.2000000000,0.0000000000,0.0000000000,200.0000000000,480.5000000000,100,4.2570000000,14.0000000000,0.0000000000,0.0000000000
15,175,0.0000000100,3,50,20,100,23.8350700000,70,46.2000000000,23.8000000000,0.0000000000,46.2000000000,46.2000000000,0.0000000000,0.0000000000,200.0000000000,480.5000000000,100,3.4040000000,14.0000000000,0.0000000000,0.0000000000
18,175,0.0000000100,3,50,20,100,23.8350700000,70,46.2000000000,23.8000000000,0.0000000000,46.2000000000,46.2000000000,0.0000000000,0.0000000000,200.0000000000,480.5000000000,100,3.0100000000,12.0000000000,0.0000000000,0.0000000000
21,175,0.0000000100,3,50,20,100,23.8350700000,70,46.2000000000,23.8000000000,0.0000000000,46.2000000000,46.2000000000,0.0000000000,0.0000000000,200.0000000000,480.5000000000,100,2.6040000000,14.0000000000,0.0000000000,0.0000000000
24,175,0.0000000100,3,50,20,100,23.8350700000,70,46.2000000000,23.8000000000,0.0000000000,46.2000000000,46.2000000000,0.0000000000,0.0000000000,200.0000000000,480.5000000000,100,1.8280000000,16.0000000000,0.0000000000,0.0000000000
18,75,0.0000000100,3,50,20,100,23.8350700000,70,46.2000000000,23.8000000000,0.0000000000,46.2000000000,46.2000000000,0.0000000000,0.0000000000,200.0000000000,480.5000000000,100,1.0450000000,17.0000000000,0.0000000000,0.0000000000
18,125,0.0000000100,3,50,20,100,23.8350700000,70,46.2000000000,23.8000000000,0.0000000000,46.2000000000,46.2000000000,0.0000000000,0.0000000000,200.0000000000,480.5000000000,100,2.1720000000,13.0000000000,0.0000000000,0.0000000000
18,225,0.0000000100,3,50,20,100,23.8350700000,70,46.2000000000,23.8000000000,0.0000000000,46.2000000000,46.2000000000,0.0000000000,0.0000000000,200.0000000000,480.5000000000,100,4.2790000000,12.0000000000,0.0000000000,0.0000000000
18,275,0.0000000100,3,50,20,100,23.8350700000,70,46.2000000000,23.8000000000,0.0000000000,46.2000000000,46.2000000000,0.0000000000,0.0000000000,200.0000000000,480.5000000000,100,5.2310000000,12.0000000000,0.0000000000,0.0000000000
12,175,0.0000000100,3,50,20,100,23.8350700000,70,46.2000000000,23.8000000000,0.0000000000,46.2000000000,46.2000000000,0.0000000000,0.0000000000,500.0000000000,586.0000000000,100,4.2570000000,14.0000000000,0.0000000000,0.0000000000
15,175,0.0000000100,3,50,20,100,23.8350700000,70,46.2000000000,23.8000000000,0.0000000000,46.2000000000,46.2000000000,0.0000000000,0.0000000000,500.0000000000,586.0000000000,100,3.4040000000,14.0000000000,0.0000000000,0.0000000000
18,175,0.0000000100,3,50,20,100,23.8350700000,70,46.2000000000,23.8000000000,0.0000000000,46.2000000000,46.2000000000,0.0000000000,0.0000000000,500.0000000000,586.0000000000,100,3.0100000000,12.0000000000,0.0000000000,0.0000000000
21,175,0.0000000100,3,50,20,100,23.8350700000,70,46.2000000000,23.8000000000,0.0000000000,46.2000000000,46.2000000000,0.0000000000,0.0000000000,500.0000000000,586.0000000000,100,2.6040000000,14.0000000000,0.0000000000,0.0000000000
24,175,0.0000000100,3,50,20,100,23.8350700000,70,46.2000000000,23.8000000000,0.0000000000,46.2000000000,46.2000000000,0.0000000000,0.0000000000,500.0000000000,586.0000000000,100,1.8280000000,16.0000000000,0.0000000000,0.0000000000
18,75,0.0000000100,3,50,20,100,23.8350700000,70,46.2000000000,23.8000000000,0.0000000000,46.2000000000,46.2000000000,0.0000000000,0.0000000000,500.0000000000,586.0000000000,100,1.0450000000,17.0000000000,0.0000000000,0.0000000000
18,125,0.0000000100,3,50,20,100,23.8350700000,70,46.2000000000,23.8000000000,0.0000000000,46.2000000000,46.2000000000,0.0000000000,0.0000000000,500.0000000000,586.0000000000,100,2.1720000000,13.0000000000,0.0000000000,0.0000000000
18,225,0.0000000100,3,50,20,100,23.8350700000,70,46.2000000000,23.8000000000,0.0000000000,46.2000000000,46.2000000000,0.0000000000,0.0000000000,500.0000000000,586.0000000000,100,4.2790000000,12.0000000000,0.0000000000,0.0000000000
18,275,0.0000000100,3,50,20,100,23.8350700000,70,46.2000000000,23.8000000000,0.0000000000,46.2000000000,46.2000000000,0.0000000000,0.0000000000,500.0000000000,586.0000000000,100,5.2310000000,12.0000000000,0.0000000000,0.0000000000
12,175,0.0000000100,3,50,20,100,23.8350700000,70,46.2000000000,23.8000000000,0.0000000000,46.2000000000,46.2000000000,23.8000000000,0.0000000000,-1.0000000000,0.0000000000,-1,5.5860000000,10.0000000000,23.8000000000,0.0000000000
18,175,0.0000000100,3,50,20,100,23.8350700000,70,46.2000000000,23.8000000000,0.0000000000,46.2000000000,46.2000000000,23.8000000000,0.0000000000,-1.0000000000,0.0000000000,-1,2.5990000000,17.0000000000,23.8000000000,0.0000000000
21,175,0.0000000100,3,50,20,100,23.8350700000,70,46.2000000000,23.8000000000,0.0000000000,46.2000000000,46.2000000000,23.8000000000,0.0000000000,-1.0000000000,0.0000000000,-1,2.7300000000,13.0000000000,23.8000000000,0.0000000000
18,75,0.0000000100,3,50,20,100,23.8350700000,70,46.2000000000,23.8000000000,0.0000000000,46.2000000000,46.2000000000,23.8000000000,0.0000000000,-1.0000000000,0.0000000000,-1,1.1140000000,16.0000000000,23.8000000000,0.0000000000
18,125,0.0000000100,3,50,20,100,23.8350700000,70,46.2000000000,23.8000000000,0.0000000000,46.2000000000,46.2000000000,23.8000000000,0.0000000000,-1.0000000000,0.0000000000,-1,2.3570000000,13.0000000000,23.8000000000,0.0000000000
18,225,0.0000000100,3,50,20,100,23.8350700000,70,46.2000000000,23.8000000000,0.0000000000,46.2000000000,46.2000000000,23.8000000000,0.0000000000,-1.0000000000,0.0000000000,-1,4.1290000000,13.0000000000,23.8000000000,0.0000000000
18,275,0.0000000100,3,50,20,100,23.8350700000,70,46.2000000000,23.8000000000,0.0000000000,46.2000000000,46.2000000000,23.8000000000,0.0000000000,-1.0000000000,0.0000000000,-1,5.6840000000,10.0000000000,23.8000000000,0.0000000000
18,325,0.0000000100,3,50,20,100,23.8350700000,70,46.2000000000,23.8000000000,0.0000000000,46.2000000000,46.2000000000,23.8000000000,0.0000000000,-1.0000000000,0.0000000000,-1,6.7180000000,10.0000000000,23.8000000000,0.0000000000
12,175,0.0000000100,3,50,20,100,23.8350700000,70,46.2000000000,23.8000000000,0.0000000000,46.2000000000,46.2000000000,23.8000000000,0.0000000000,30.0000000000,315.9000000000,100,4.9210000000,13.0000000000,23.8000000000,0.0000000000
18,175,0.0000000100,3,50,20,100,23.8350700000,70,46.2000000000,23.8000000000,0.0000000000,46.2000000000,46.2000000000,23.8000000000,0.0000000000,30.0000000000,315.9000000000,100,2.5900000000,17.0000000000,23.8000000000,0.0000000000
21,175,0.0000000100,3,50,20,100,23.8350700000,70,46.2000000000,23.8000000000,0.0000000000,46.2000000000,46.2000000000,23.8000000000,0.0000000000,30.0000000000,315.9000000000,100,2.7920000000,13.0000000000,23.8000000000,0.0000000000
18,75,0.0000000100,3,50,20,100,23.8350700000,70,46.2000000000,23.8000000000,0.0000000000,46.2000000000,46.2000000000,23.8000000000,0.0000000000,30.0000000000,315.9000000000,100,1.3690000000,13.0000000000,23.8000000000,0.0000000000
18,125,0.0000000100,3,50,20,100,23.8350700000,70,46.2000000000,23.8000000000,0.0000000000,46.2000000000,46.2000000000,23.8000000000,0.0000000000,30.0000000000,315.9000000000,100,2.3440000000,13.0000000000,23.8000000000,0.0000000000
18,225,0.0000000100,3,50,20,100,23.8350700000,70,46.2000000000,23.8000000000,0.0000000000,46.2000000000,46.2000000000,23.8000000000,0.0000000000,30.0000000000,315.9000000000,100,4.1070000000,13.0000000000,23.8000000000,0.0000000000
18,275,0.0000000100,3,50,20,100,23.8350700000,70,46.2000000000,23.8000000000,0.0000000000,46.2000000000,46.2000000000,23.8000000000,0.0000000000,30.0000000000,315.9000000000,100,5.0200000000,13.0000000000,23.8000000000,0.0000000000
18,325,0.0000000100,3,50,20,100,23.8350700000,70,46.2000000000,23.8000000000,0.0000000000,46.2000000000,46.2000000000,23.8000000000,0.0000000000,30.0000000000,315.9000000000,100,6.6730000000,10.0000000000,23.8000000000,0.0000000000
12,175,0.0000000100,3,50,20,100,23.8350700000,70,46.2000000000,23.8000000000,0.0000000000,46.2000000000,46.2000000000,23.8000000000,0.0000000000,200.0000000000,480.5000000000,100,4.9210000000,13.0000000000,23.8000000000,0.0000000000
18,175,0.0000000100,3,50,20,100,23.8350700000,70,46.2000000000,23.8000000000,0.0000000000,46.2000000000,46.2000000000,23.8000000000,0.0000000000,200.0000000000,480.5000000000,100,2.5890000000,17.0000000000,23.8000000000,0.0000000000
21,175,0.0000000100,3,50,20,100,23.8350700000,70,46.2000000000,23.8000000000,0.0000000000,46.2000000000,46.2000000000,23.8000000000,0.0000000000,200.0000000000,480.5000000000,100,2.5380000000,14.0000000000,23.8000000000,0.0000000000
18,75,0.0000000100,3,50,20,100,23.8350700000,70,46.2000000000,23.8000000000,0.0000000000,46.2000000000,46.2000000000,23.8000000000,0.0000000000,200.0000000000,480.5000000000,100,1.1100000000,17.0000000000,23.8000000000,0.0000000000
18,125,0.0000000100,3,50,20,100,23.8350700000,70,46.2000000000,23.8000000000,0.0000000000,46.2000000000,46.2000000000,23.8000000000,0.0000000000,200.0000000000,480.5000000000,100,2.3440000000,13.0000000000,23.8000000000,0.0000000000
18,225,0.0000000100,3,50,20,100,23.8350700000,70,46.2000000000,23.8000000000,0.0000000000,46.2000000000,46.2000000000,23.8000000000,0.0000000000,200.0000000000,480.5000000000,100,4.1070000000,13.0000000000,23.8000000000,0.0000000000
18,275,0.0000000100,3,50,20,100,23.8350700000,70,46.2000000000,23.8000000000,0.0000000000,46.2000000000,46.2000000000,23.8000000000,0.0000000000,200.0000000000,480.5000000000,100,5.0200000000,13.0000000000,23.8000000000,0.0000000000
18,325,0.0000000100,3,50,20,100,23.8350700000,70,46.2000000000,23.8000000000,0.0000000000,46.2000000000,46.2000000000,23.8000000000,0.0000000000,200.0000000000,480.5000000000,100,6.6730000000,10.0000000000,23.8000000000,0.0000000000
12,175,0.0000000100,3,50,20,100,23.8350700000,70,46.2000000000,23.8000000000,0.0000000000,46.2000000000,46.2000000000,23.8000000000,0.0000000000,500.0000000000,586.0000000000,100,4.9210000000,13.0000000000,23.8000000000,0.0000000000
18,175,0.0000000100,3,50,20,100,23.8350700000,70,46.2000000000,23.8000000000,0.0000000000,46.2000000000,46.2000000000,23.8000000000,0.0000000000,500.0000000000,586.0000000000,100,2.5890000000,17.0000000000,23.8000000000,0.0000000000
21,175,0.0000000100,3,50,20,100,23.8350700000,70,46.2000000000,23.8000000000,0.0000000000,46.2000000000,46.2000000000,23.8000000000,0.0000000000,500.0000000000,586.0000000000,100,2.5380000000,14.0000000000,23.8000000000,0.0000000000
18,75,0.0000000100,3,50,20,100,23.8350700000,70,46.2000000000,23.8000000000,0.0000000000,46.2000000000,46.2000000000,23.8000000000,0.0000000000,500.0000000000,586.0000000000,100,1.1100000000,17.0000000000,23.8000000000,0.0000000000
18,125,0.0000000100,3,50,20,100,23.8350700000,70,46.2000000000,23.8000000000,0.0000000000,46.2000000000,46.2000000000,23.8000000000,0.0000000000,500.0000000000,586.0000000000,100,2.3440000000,13.0000000000,23.8000000000,0.0000000000
18,225,0.0000000100,3,50,20,100,23.8350700000,70,46.2000000000,23.8000000000,0.0000000000,46.2000000000,46.2000000000,23.8000000000,0.0000000000,500.0000000000,586.0000000000,100,4.1070000000,13.0000000000,23.8000000000,0.0000000000
18,275,0.0000000100,3,50,20,100,23.8350700000,70,46.2000000000,23.8000000000,0.0000000000,46.2000000000,46.2000000000,23.8000000000,0.0000000000,500.0000000000,586.0000000000,100,5.0200000000,13.0000000000,23.8000000000,0.0000000000
18,325,0.0000000100,3,50,20,100,23.8350700000,70,46.2000000000,23.8000000000,0.0000000000,46.2000000000,46.2000000000,23.8000000000,0.0000000000,500.0000000000,586.0000000000,100,6.6730000000,10.0000000000,23.8000000000,0.0000000000
12,175,0.0000000100,3,50,20,100,23.8350700000,70,46.2000000000,23.8000000000,0.0000000000,46.2000000000,46.2000000000,16.0000000000,0.0000000000,-1.0000000000,0.0000000000,-1,4.6430000000,13.0000000000,16.0000000000,0.0000000000
15,175,0.0000000100,3,50,20,100,23.8350700000,70,46.2000000000,23.8000000000,0.0000000000,46.2000000000,46.2000000000,16.0000000000,0.0000000000,-1.0000000000,0.0000000000,-1,3.0770000000,17.0000000000,16.0000000000,0.0000000000
18,175,0.0000000100,3,50,20,100,23.8350700000,70,46.2000000000,23.8000000000,0.0000000000,46.2000000000,46.2000000000,16.0000000000,0.0000000000,-1.0000000000,0.0000000000,-1,2.5420000000,17.0000000000,16.0000000000,0.0000000000
21,175,0.0000000100,3,50,20,100,23.8350700000,70,46.2000000000,23.8000000000,0.0000000000,46.2000000000,46.2000000000,16.0000000000,0.0000000000,-1.0000000000,0.0000000000,-1,2.1650000000,17.0000000000,16.0000000000,0.0000000000
24,175,0.0000000100,3,50,20,100,23.8350700000,70,46.2000000000,23.8000000000,0.0000000000,46.2000000000,46.2000000000,16.0000000000,0.0000000000,-1.0000000000,0.0000000000,-1,2.0620000000,14.0000000000,16.0000000000,0.0000000000
18,75,0.0000000100,3,50,20,100,23.8350700000,70,46.2000000000,23.8000000000,0.0000000000,46.2000000000,46.2000000000,16.0000000000,0.0000000000,-1.0000000000,0.0000000000,-1,1.4080000000,13.0000000000,16.0000000000,0.0000000000
18,125,0.0000000100,3,50,20,100,23.8350700000,70,46.2000000000,23.8000000000,0.0000000000,46.2000000000,46.2000000000,16.0000000000,0.0000000000,-1.0000000000,0.0000000000,-1,1.8160000000,17.0000000000,16.0000000000,0.0000000000
18,225,0.0000000100,3,50,20,100,23.8350700000,70,46.2000000000,23.8000000000,0.0000000000,46.2000000000,46.2000000000,16.0000000000,0.0000000000,-1.0000000000,0.0000000000,-1,3.2680000000,17.0000000000,16.0000000000,0.0000000000
18,325,0.0000000100,3,50,20,100,23.8350700000,70,46.2000000000,23.8000000000,0.0000000000,46.2000000000,46.2000000000,16.0000000000,0.0000000000,-1.0000000000,0.0000000000,-1,5.1670000000,15.0000000000,16.0000000000,0.0000000000
15,175,0.0000000100,3,40,20,100,23.8350700000,70,46.2000000000,23.8000000000,0.0000000000,46.2000000000,46.2000000000,16.0000000000,0.0000000000,30.0000000000,315.9000000000,100,3.0630000000,17.0000000000,16.0000000000,0.0000000000
21,175,0.0000000100,3,40,20,100,23.8350700000,70,46.2000000000,23.8000000000,0.0000000000,46.2000000000,46.2000000000,16.0000000000,0.0000000000,30.0000000000,315.9000000000,100,2.1580000000,17.0000000000,16.0000000000,0.0000000000
18,25,0.0000000100,3,40,20,100,23.8350700000,70,46.2000000000,23.8000000000,0.0000000000,46.2000000000,46.2000000000,16.0000000000,0.0000000000,30.0000000000,315.9000000000,100,0.3650000000,17.0000000000,16.0000000000,0.0000000000
18,75,0.0000000100,3,40,20,100,23.8350700000,70,46.2000000000,23.8000000000,0.0000000000,46.2000000000,46.2000000000,16.0000000000,0.0000000000,30.0000000000,315.9000000000,100,1.2830000000,17.0000000000,16.0000000000,0.0000000000
18,125,0.0000000100,3,40,20,100,23.8350700000,70,46.2000000000,23.8000000000,0.0000000000,46.2000000000,46.2000000000,16.0000000000,0.0000000000,30.0000000000,315.9000000000,100,1.8090000000,17.0000000000,16.0000000000,0.0000000000
18,225,0.0000000100,3,40,20,100,23.8350700000,70,46.2000000000,23.8000000000,0.0000000000,46.2000000000,46.2000000000,16.0000000000,0.0000000000,30.0000000000,315.9000000000,100,3.5610000000,17.0000000000,16.0000000000,0.0000000000
18,275,0.0000000100,3,40,20,100,23.8350700000,70,46.2000000000,23.8000000000,0.0000000000,46.2000000000,46.2000000000,16.0000000000,0.0000000000,30.0000000000,315.9000000000,100,4.3530000000,14.0000000000,16.0000000000,0.0000000000
18,325,0.0000000100,3,40,20,100,23.8350700000,70,46.2000000000,23.8000000000,0.0000000000,46.2000000000,46.2000000000,16.0000000000,0.0000000000,30.0000000000,315.9000000000,100,5.4990000000,12.0000000000,16.0000000000,0.0000000000
15,175,0.0000000100,3,40,20,100,23.8350700000,70,46.2000000000,23.8000000000,0.0000000000,46.2000000000,46.2000000000,16.0000000000,0.0000000000,200.0000000000,480.5000000000,100,4.3550000000,11.0000000000,16.0000000000,0.0000000000
21,175,0.0000000100,3,40,20,100,23.8350700000,70,46.2000000000,23.8000000000,0.0000000000,46.2000000000,46.2000000000,16.0000000000,0.0000000000,200.0000000000,480.5000000000,100,2.5380000000,14.0000000000,16.0000000000,0.0000000000
18,25,0.0000000100,3,40,20,100,23.8350700000,70,46.2000000000,23.8000000000,0.0000000000,46.2000000000,46.2000000000,16.0000000000,0.0000000000,200.0000000000,480.5000000000,100,0.3660000000,17.0000000000,16.0000000000,0.0000000000
18,75,0.0000000100,3,40,20,100,23.8350700000,70,46.2000000000,23.8000000000,0.0000000000,46.2000000000,46.2000000000,16.0000000000,0.0000000000,200.0000000000,480.5000000000,100,1.1100000000,17.0000000000,16.0000000000,0.0000000000
18,125,0.0000000100,3,40,20,100,23.8350700000,70,46.2000000000,23.8000000000,0.0000000000,46.2000000000,46.2000000000,16.0000000000,0.0000000000,200.0000000000,480.5000000000,100,2.3440000000,13.0000000000,16.0000000000,0.0000000000
18,225,0.0000000100,3,40,20,100,23.8350700000,70,46.2000000000,23.8000000000,0.0000000000,46.2000000000,46.2000000000,16.0000000000,0.0000000000,200.0000000000,480.5000000000,100,4.1070000000,13.0000000000,16.0000000000,0.0000000000
18,275,0.0000000100,3,40,20,100,23.8350700000,70,46.2000000000,23.8000000000,0.0000000000,46.2000000000,46.2000000000,16.0000000000,0.0000000000,200.0000000000,480.5000000000,100,5.0200000000,13.0000000000,16.0000000000,0.0000000000
18,325,0.0000000100,3,40,20,100,23.8350700000,70,46.2000000000,23.8000000000,0.0000000000,46.2000000000,46.2000000000,16.0000000000,0.0000000000,200.0000000000,480.5000000000,100,6.6720000000,10.0000000000,16.0000000000,0.0000000000
15,175,0.0000000100,3,40,20,100,23.8350700000,70,46.2000000000,23.8000000000,0.0000000000,46.2000000000,46.2000000000,16.0000000000,0.0000000000,500.0000000000,586.0000000000,100,4.3550000000,11.0000000000,16.0000000000,0.0000000000
21,175,0.0000000100,3,40,20,100,23.8350700000,70,46.2000000000,23.8000000000,0.0000000000,46.2000000000,46.2000000000,16.0000000000,0.0000000000,500.0000000000,586.0000000000,100,2.5380000000,14.0000000000,16.0000000000,0.0000000000
18,25,0.0000000100,3,40,20,100,23.8350700000,70,46.2000000000,23.8000000000,0.0000000000,46.2000000000,46.2000000000,16.0000000000,0.0000000000,500.0000000000,586.0000000000,100,0.3660000000,17.0000000000,16.0000000000,0.0000000000
18,75,0.0000000100,3,40,20,100,23.8350700000,70,46.2000000000,23.8000000000,0.0000000000,46.2000000000,46.2000000000,16.0000000000,0.0000000000,500.0000000000,586.0000000000,100,1.1100000000,17.0000000000,16.0000000000,0.0000000000
18,125,0.0000000100,3,40,20,100,23.8350700000,70,46.2000000000,23.8000000000,0.0000000000,46.2000000000,46.2000000000,16.0000000000,0.0000000000,500.0000000000,586.0000000000,100,2.3440000000,13.0000000000,16.0000000000,0.0000000000
18,225,0.0000000100,3,40,20,100,23.8350700000,70,46.2000000000,23.8000000000,0.0000000000,46.2000000000,46.2000000000,16.0000000000,0.0000000000,500.0000000000,586.0000000000,100,4.1070000000,13.0000000000,16.0000000000,0.0000000000
18,275,0.0000000100,3,40,20,100,23.8350700000,70,46.2000000000,23.8000000000,0.0000000000,46.2000000000,46.2000000000,16.0000000000,0.0000000000,500.0000000000,586.0000000000,100,5.0200000000,13.0000000000,16.0000000000,0.0000000000
18,325,0.0000000100,3,40,20,100,23.8350700000,70,46.2000000000,23.8000000000,0.0000000000,46.2000000000,46.2000000000,16.0000000000,0.0000000000,500.0000000000,586.0000000000,100,6.6720000000,10.0000000000,16.0000000000,0.0000000000
12,175,0.0000000100,3,50,40,200,47.6700000000,145,97.3000000000,130.5000000000,82.8000000000,14.5000000000,14.5000000000,0.0000000000,0.0000000000,-1.0000000000,0.0000000000,-1,1.8710000000,41.0000000000,0.0000000000,0.0000000000
15,175,0.0000000100,3,50,40,200,47.6700000000,145,97.3000000000,130.5000000000,82.8000000000,14.5000000000,14.5000000000,0.0000000000,0.0000000000,-1.0000000000,0.0000000000,-1,1.4980000000,41.0000000000,0.0000000000,0.0000000000
18,175,0.0000000100,3,50,40,200,47.6700000000,145,97.3000000000,130.5000000000,82.8000000000,14.5000000000,14.5000000000,0.0000000000,0.0000000000,-1.0000000000,0.0000000000,-1,1.2480000000,41.0000000000,0.0000000000,0.0000000000
24,175,0.0000000100,3,50,40,200,47.6700000000,145,97.3000000000,130.5000000000,82.8000000000,14.5000000000,14.5000000000,0.0000000000,0.0000000000,-1.0000000000,0.0000000000,-1,0.9360000000,41.0000000000,0.0000000000,0.0000000000
18,25,0.0000000100,3,50,40,200,47.6700000000,145,97.3000000000,130.5000000000,82.8000000000,14.5000000000,14.5000000000,0.0000000000,0.0000000000,-1.0000000000,0.0000000000,-1,0.1790000000,41.0000000000,0.0000000000,0.0000000000
18,75,0.0000000100,3,50,40,200,47.6700000000,145,97.3000000000,130.5000000000,82.8000000000,14.5000000000,14.5000000000,0.0000000000,0.0000000000,-1.0000000000,0.0000000000,-1,0.5350000000,41.0000000000,0.0000000000,0.0000000000
18,125,0.0000000100,3,50,40,200,47.6700000000,145,97.3000000000,130.5000000000,82.8000000000,14.5000000000,14.5000000000,0.0000000000,0.0000000000,-1.0000000000,0.0000000000,-1,0.8910000000,41.0000000000,0.0000000000,0.0000000000
18,225,0.0000000100,3,50,40,200,47.6700000000,145,97.3000000000,130.5000000000,82.8000000000,14.5000000000,14.5000000000,0.0000000000,0.0000000000,-1.0000000000,0.0000000000,-1,1.6050000000,41.0000000000,0.0000000000,0.0000000000
18,325,0.0000000100,3,50,40,200,47.6700000000,145,97.3000000000,130.5000000000,82.8000000000,14.5000000000,14.5000000000,0.0000000000,0.0000000000,-1.0000000000,0.0000000000,-1,2.3170000000,41.0000000000,0.0000000000,0.0000000000
12,175,0.0000000100,3,40,40,200,47.6700000000,145,97.3000000000,130.5000000000,82.8000000000,14.5000000000,14.5000000000,0.0000000000,0.0000000000,30.0000000000,315.9000000000,100,1.8710000000,41.0000000000,0.0000000000,0.0000000000
18,175,0.0000000100,3,40,40,200,47.6700000000,145,97.3000000000,130.5000000000,82.8000000000,14.5000000000,14.5000000000,0.0000000000,0.0000000000,30.0000000000,315.9000000000,100,1.2480000000,41.0000000000,0.0000000000,0.0000000000
21,175,0.0000000100,3,40,40,200,47.6700000000,145,97.3000000000,130.5000000000,82.8000000000,14.5000000000,14.5000000000,0.0000000000,0.0000000000,30.0000000000,315.9000000000,100,1.0700000000,41.0000000000,0.0000000000,0.0000000000
18,25,0.0000000100,3,40,40,200,47.6700000000,145,97.3000000000,130.5000000000,82.8000000000,14.5000000000,14.5000000000,0.0000000000,0.0000000000,30.0000000000,315.9000000000,100,0.1790000000,41.0000000000,0.0000000000,0.0000000000
18,75,0.0000000100,3,40,40,200,47.6700000000,145,97.3000000000,130.5000000000,82.8000000000,14.5000000000,14.5000000000,0.0000000000,0.0000000000,30.0000000000,315.9000000000,100,0.5350000000,41.0000000000,0.0000000000,0.0000000000
18,125,0.0000000100,3,40,40,200,47.6700000000,145,97.3000000000,130.5000000000,82.8000000000,14.5000000000,14.5000000000,0.0000000000,0.0000000000,30.0000000000,315.9000000000,100,0.8910000000,41.0000000000,0.0000000000,0.0000000000
18,225,0.0000000100,3,40,40,200,47.6700000000,145,97.3000000000,130.5000000000,82.8000000000,14.5000000000,14.5000000000,0.0000000000,0.0000000000,30.0000000000,315.9000000000,100,1.6050000000,41.0000000000,0.0000000000,0.0000000000
18,275,0.0000000100,3,40,40,200,47.6700000000,145,97.3000000000,130.5000000000,82.8000000000,14.5000000000,14.5000000000,0.0000000000,0.0000000000,30.0000000000,315.9000000000,100,1.9610000000,41.0000000000,0.0000000000,0.0000000000
18,325,0.0000000100,3,40,40,200,47.6700000000,145,97.3000000000,130.5000000000,82.8000000000,14.5000000000,14.5000000000,0.0000000000,0.0000000000,30.0000000000,315.9000000000,100,2.3170000000,41.0000000000,0.0000000000,0.0000000000
12,175,0.0000000100,3,40,40,200,47.6700000000,145,97.3000000000,130.5000000000,82.8000000000,14.5000000000,14.5000000000,0.0000000000,0.0000000000,200.0000000000,480.5000000000,100,1.8710000000,41.0000000000,0.0000000000,0.0000000000
18,175,0.0000000100,3,40,40,200,47.6700000000,145,97.3000000000,130.5000000000,82.8000000000,14.5000000000,14.5000000000,0.0000000000,0.0000000000,200.0000000000,480.5000000000,100,1.2480000000,41.0000000000,0.0000000000,0.0000000000
21,175,0.0000000100,3,40,40,200,47.6700000000,145,97.3000000000,130.5000000000,82.8000000000,14.5000000000,14.5000000000,0.0000000000,0.0000000000,200.0000000000,480.5000000000,100,1.0700000000,41.0000000000,0.0000000000,0.0000000000
18,25,0.0000000100,3,40,40,200,47.6700000000,145,97.3000000000,130.5000000000,82.8000000000,14.5000000000,14.5000000000,0.0000000000,0.0000000000,200.0000000000,480.5000000000,100,0.1790000000,41.0000000000,0.0000000000,0.0000000000
18,75,0.0000000100,3,40,40,200,47.6700000000,145,97.3000000000,130.5000000000,82.8000000000,14.5000000000,14.5000000000,0.0000000000,0.0000000000,200.0000000000,480.5000000000,100,0.5350000000,41.0000000000,0.0000000000,0.0000000000
18,125,0.0000000100,3,40,40,200,47.6700000000,145,97.3000000000,130.5000000000,82.8000000000,14.5000000000,14.5000000000,0.0000000000,0.0000000000,200.0000000000,480.5000000000,100,0.8910000000,41.0000000000,0.0000000000,0.0000000000
18,225,0.0000000100,3,40,40,200,47.6700000000,145,97.3000000000,130.5000000000,82.8000000000,14.5000000000,14.5000000000,0.0000000000,0.0000000000,200.0000000000,480.5000000000,100,1.6050000000,41.0000000000,0.0000000000,0.0000000000
18,275,0.0000000100,3,40,40,200,47.6700000000,145,97.3000000000,130.5000000000,82.8000000000,14.5000000000,14.5000000000,0.0000000000,0.0000000000,200.0000000000,480.5000000000,100,1.9610000000,41.0000000000,0.0000000000,0.0000000000
18,325,0.0000000100,3,40,40,200,47.6700000000,145,97.3000000000,130.5000000000,82.8000000000,14.5000000000,14.5000000000,0.0000000000,0.0000000000,200.0000000000,480.5000000000,100,2.3170000000,41.0000000000,0.0000000000,0.0000000000
12,175,0.0000000100,3,40,40,200,47.6700000000,145,97.3000000000,130.5000000000,82.8000000000,14.5000000000,14.5000000000,0.0000000000,0.0000000000,500.0000000000,586.0000000000,100,1.8710000000,41.0000000000,0.0000000000,0.0000000000
18,175,0.0000000100,3,40,40,200,47.6700000000,145,97.3000000000,130.5000000000,82.8000000000,14.5000000000,14.5000000000,0.0000000000,0.0000000000,500.0000000000,586.0000000000,100,1.2480000000,41.0000000000,0.0000000000,0.0000000000
21,175,0.0000000100,3,40,40,200,47.6700000000,145,97.3000000000,130.5000000000,82.8000000000,14.5000000000,14.5000000000,0.0000000000,0.0000000000,500.0000000000,586.0000000000,100,1.0700000000,41.0000000000,0.0000000000,0.0000000000
18,25,0.0000000100,3,40,40,200,47.6700000000,145,97.3000000000,130.5000000000,82.8000000000,14.5000000000,14.5000000000,0.0000000000,0.0000000000,500.0000000000,586.0000000000,100,0.1790000000,41.0000000000,0.0000000000,0.0000000000
18,75,0.0000000100,3,40,40,200,47.6700000000,145,97.3000000000,130.5000000000,82.8000000000,14.5000000000,14.5000000000,0.0000000000,0.0000000000,500.0000000000,586.0000000000,100,0.5350000000,41.0000000000,0.0000000000,0.0000000000
18,125,0.0000000100,3,40,40,200,47.6700000000,145,97.3000000000,130.5000000000,82.8000000000,14.5000000000,14.5000000000,0.0000000000,0.0000000000,500.0000000000,586.0000000000,100,0.8910000000,41.0000000000,0.0000000000,0.0000000000
18,225,0.0000000100,3,40,40,200,47.6700000000,145,97.3000000000,130.5000000000,82.8000000000,14.5000000000,14.5000000000,0.0000000000,0.0000000000,500.0000000000,586.0000000000,100,1.6050000000,41.0000000000,0.0000000000,0.0000000000
18,275,0.0000000100,3,40,40,200,47.6700000000,145,97.3000000000,130.5000000000,82.8000000000,14.5000000000,14.5000000000,0.0000000000,0.0000000000,500.0000000000,586.0000000000,100,1.9610000000,41.0000000000,0.0000000000,0.0000000000
18,325,0.0000000100,3,40,40,200,47.6700000000,145,97.3000000000,130.5000000000,82.8000000000,14.5000000000,14.5000000000,0.0000000000,0.0000000000,500.0000000000,586.0000000000,100,2.3170000000,41.0000000000,0.0000000000,0.0000000000
15,175,0.0000000100,3,40,40,200,47.6700000000,145,97.3000000000,130.5000000000,82.8000000000,14.5000000000,14.5000000000,130.5000000000,82.8000000000,-1.0000000000,0.0000000000,-1,1.5800000000,34.0000000000,130.5000000000,82.8000000000
21,175,0.0000000100,3,40,40,200,47.6700000000,145,97.3000000000,130.5000000000,82.8000000000,14.5000000000,14.5000000000,130.5000000000,82.8000000000,-1.0000000000,0.0000000000,-1,1.1060000000,34.0000000000,130.5000000000,82.8000000000
24,175,0.0000000100,3,40,40,200,47.6700000000,145,97.3000000000,130.5000000000,82.8000000000,14.5000000000,14.5000000000,130.5000000000,82.8000000000,-1.0000000000,0.0000000000,-1,0.9620000000,34.0000000000,130.5000000000,82.8000000000
18,25,0.0000000100,3,40,40,200,47.6700000000,145,97.3000000000,130.5000000000,82.8000000000,14.5000000000,14.5000000000,130.5000000000,82.8000000000,-1.0000000000,0.0000000000,-1,0.1890000000,37.0000000000,130.5000000000,82.8000000000
18,75,0.0000000100,3,40,40,200,47.6700000000,145,97.3000000000,130.5000000000,82.8000000000,14.5000000000,14.5000000000,130.5000000000,82.8000000000,-1.0000000000,0.0000000000,-1,0.5580000000,34.0000000000,130.5000000000,82.8000000000
18,225,0.0000000100,3,40,40,200,47.6700000000,145,97.3000000000,130.5000000000,82.8000000000,14.5000000000,14.5000000000,130.5000000000,82.8000000000,-1.0000000000,0.0000000000,-1,1.6990000000,47.0000000000,130.5000000000,82.8000000000
18,275,0.0000000100,3,40,40,200,47.6700000000,145,97.3000000000,130.5000000000,82.8000000000,14.5000000000,14.5000000000,130.5000000000,82.8000000000,-1.0000000000,0.0000000000,-1,2.0750000000,47.0000000000,130.5000000000,82.8000000000
18,325,0.0000000100,3,40,40,200,47.6700000000,145,97.3000000000,130.5000000000,82.8000000000,14.5000000000,14.5000000000,130.5000000000,82.8000000000,-1.0000000000,0.0000000000,-1,2.4530000000,47.0000000000,130.5000000000,82.8000000000
15,175,0.0000000100,3,40,40,200,47.6700000000,145,97.3000000000,130.5000000000,82.8000000000,14.5000000000,14.5000000000,130.5000000000,82.8000000000,30.0000000000,315.9000000000,100,1.5960000000,46.0000000000,130.5000000000,82.8000000000
21,175,0.0000000100,3,40,40,200,47.6700000000,145,97.3000000000,130.5000000000,82.8000000000,14.5000000000,14.5000000000,130.5000000000,82.8000000000,30.0000000000,315.9000000000,100,1.0990000000,34.0000000000,130.5000000000,82.8000000000
24,175,0.0000000100,3,40,40,200,47.6700000000,145,97.3000000000,130.5000000000,82.8000000000,14.5000000000,14.5000000000,130.5000000000,82.8000000000,30.0000000000,315.9000000000,100,0.9740000000,46.0000000000,130.5000000000,82.8000000000
18,25,0.0000000100,3,40,40,200,47.6700000000,145,97.3000000000,130.5000000000,82.8000000000,14.5000000000,14.5000000000,130.5000000000,82.8000000000,30.0000000000,315.9000000000,100,0.1840000000,34.0000000000,130.5000000000,82.8000000000
18,75,0.0000000100,3,40,40,200,47.6700000000,145,97.3000000000,130.5000000000,82.8000000000,14.5000000000,14.5000000000,130.5000000000,82.8000000000,30.0000000000,315.9000000000,100,0.5540000000,46.0000000000,130.5000000000,82.8000000000
18,225,0.0000000100,3,40,40,200,47.6700000000,145,97.3000000000,130.5000000000,82.8000000000,14.5000000000,14.5000000000,130.5000000000,82.8000000000,30.0000000000,315.9000000000,100,1.6910000000,34.0000000000,130.5000000000,82.8000000000
18,275,0.0000000100,3,40,40,200,47.6700000000,145,97.3000000000,130.5000000000,82.8000000000,14.5000000000,14.5000000000,130.5000000000,82.8000000000,30.0000000000,315.9000000000,100,2.0300000000,34.0000000000,130.5000000000,82.8000000000
18,325,0.0000000100,3,40,40,200,47.6700000000,145,97.3000000000,130.5000000000,82.8000000000,14.5000000000,14.5000000000,130.5000000000,82.8000000000,30.0000000000,315.9000000000,100,2.4430000000,46.0000000000,130.5000000000,82.8000000000
15,175,0.0000000100,3,40,40,200,47.6700000000,145,97.3000000000,130.5000000000,82.8000000000,14.5000000000,14.5000000000,130.5000000000,82.8000000000,200.0000000000,480.5000000000,100,1.5960000000,46.0000000000,130.5000000000,82.8000000000
21,175,0.0000000100,3,40,40,200,47.6700000000,145,97.3000000000,130.5000000000,82.8000000000,14.5000000000,14.5000000000,130.5000000000,82.8000000000,200.0000000000,480.5000000000,100,1.0990000000,34.0000000000,130.5000000000,82.8000000000
24,175,0.0000000100,3,40,40,200,47.6700000000,145,97.3000000000,130.5000000000,82.8000000000,14.5000000000,14.5000000000,130.5000000000,82.8000000000,200.0000000000,480.5000000000,100,0.9740000000,46.0000000000,130.5000000000,82.8000000000
18,25,0.0000000100,3,40,40,200,47.6700000000,145,97.3000000000,130.5000000000,82.8000000000,14.5000000000,14.5000000000,130.5000000000,82.8000000000,200.0000000000,480.5000000000,100,0.1840000000,34.0000000000,130.5000000000,82.8000000000
18,75,0.0000000100,3,40,40,200,47.6700000000,145,97.3000000000,130.5000000000,82.8000000000,14.5000000000,14.5000000000,130.5000000000,82.8000000000,200.0000000000,480.5000000000,100,0.5540000000,46.0000000000,130.5000000000,82.8000000000
18,225,0.0000000100,3,40,40,200,47.6700000000,145,97.3000000000,130.5000000000,82.8000000000,14.5000000000,14.5000000000,130.5000000000,82.8000000000,200.0000000000,480.5000000000,100,1.6910000000,34.0000000000,130.5000000000,82.8000000000
18,275,0.0000000100,3,40,40,200,47.6700000000,145,97.3000000000,130.5000000000,82.8000000000,14.5000000000,14.5000000000,130.5000000000,82.8000000000,200.0000000000,480.5000000000,100,2.0300000000,34.0000000000,130.5000000000,82.8000000000
18,325,0.0000000100,3,40,40,200,47.6700000000,145,97.3000000000,130.5000000000,82.8000000000,14.5000000000,14.5000000000,130.5000000000,82.8000000000,200.0000000000,480.5000000000,100,2.4430000000,46.0000000000,130.5000000000,82.8000000000
15,175,0.0000000100,3,40,40,200,47.6700000000,145,97.3000000000,130.5000000000,82.8000000000,14.5000000000,14.5000000000,130.5000000000,82.8000000000,500.0000000000,586.0000000000,100,1.5960000000,46.0000000000,130.5000000000,82.8000000000
21,175,0.0000000100,3,40,40,200,47.6700000000,145,97.3000000000,130.5000000000,82.8000000000,14.5000000000,14.5000000000,130.5000000000,82.8000000000,500.0000000000,586.0000000000,100,1.0990000000,34.0000000000,130.5000000000,82.8000000000
24,175,0.0000000100,3,40,40,200,47.6700000000,145,97.3000000000,130.5000000000,82.8000000000,14.5000000000,14.5000000000,130.5000000000,82.8000000000,500.0000000000,586.0000000000,100,0.9740000000,46.0000000000,130.5000000000,82.8000000000
18,25,0.0000000100,3,40,40,200,47.6700000000,145,97.3000000000,130.5000000000,82.8000000000,14.5000000000,14.5000000000,130.5000000000,82.8000000000,500.0000000000,586.0000000000,100,0.1840000000,34.0000000000,130.5000000000,82.8000000000
18,75,0.0000000100,3,40,40,200,47.6700000000,145,97.3000000000,130.5000000000,82.8000000000,14.5000000000,14.5000000000,130.5000000000,82.8000000000,500.0000000000,586.0000000000,100,0.5540000000,46.0000000000,130.5000000000,82.8000000000
18,225,0.0000000100,3,40,40,200,47.6700000000,145,97.3000000000,130.5000000000,82.8000000000,14.5000000000,14.5000000000,130.5000000000,82.8000000000,500.0000000000,586.0000000000,100,1.6910000000,34.0000000000,130.5000000000,82.8000000000
18,275,0.0000000100,3,40,40,200,47.6700000000,145,97.3000000000,130.5000000000,82.8000000000,14.5000000000,14.5000000000,130.5000000000,82.8000000000,500.0000000000,586.0000000000,100,2.0300000000,34.0000000000,130.5000000000,82.8000000000
18,325,0.0000000100,3,40,40,200,47.6700000000,145,97.3000000000,130.5000000000,82.8000000000,14.5000000000,14.5000000000,130.5000000000,82.8000000000,500.0000000000,586.0000000000,100,2.4430000000,46.0000000000,130.5000000000,82.8000000000
12,175,0.0000000100,3,40,40,200,47.6700000000,145,97.3000000000,130.5000000000,82.8000000000,14.5000000000,14.5000000000,31.7000000000,0.0000000000,-1.0000000000,0.0000000000,-1,2.0080000000,46.0000000000,31.7000000000,0.0000000000
15,175,0.0000000100,3,40,40,200,47.6700000000,145,97.3000000000,130.5000000000,82.8000000000,14.5000000000,14.5000000000,31.7000000000,0.0000000000,-1.0000000000,0.0000000000,-1,1.5640000000,46.0000000000,31.7000000000,0.0000000000
18,175,0.0000000100,3,40,40,200,47.6700000000,145,97.3000000000,130.5000000000,82.8000000000,14.5000000000,14.5000000000,31.7000000000,0.0000000000,-1.0000000000,0.0000000000,-1,1.2940000000,46.0000000000,31.7000000000,0.0000000000
21,175,0.0000000100,3,40,40,200,47.6700000000,145,97.3000000000,130.5000000000,82.8000000000,14.5000000000,14.5000000000,31.7000000000,0.0000000000,-1.0000000000,0.0000000000,-1,1.1030000000,46.0000000000,31.7000000000,0.0000000000
24,175,0.0000000100,3,40,40,200,47.6700000000,145,97.3000000000,130.5000000000,82.8000000000,14.5000000000,14.5000000000,31.7000000000,0.0000000000,-1.0000000000,0.0000000000,-1,0.9620000000,46.0000000000,31.7000000000,0.0000000000
18,25,0.0000000100,3,40,40,200,47.6700000000,145,97.3000000000,130.5000000000,82.8000000000,14.5000000000,14.5000000000,31.7000000000,0.0000000000,-1.0000000000,0.0000000000,-1,0.1850000000,46.0000000000,31.7000000000,0.0000000000
18,75,0.0000000100,3,40,40,200,47.6700000000,145,97.3000000000,130.5000000000,82.8000000000,14.5000000000,14.5000000000,31.7000000000,0.0000000000,-1.0000000000,0.0000000000,-1,0.5530000000,34.0000000000,31.7000000000,0.0000000000
18,125,0.0000000100,3,40,40,200,47.6700000000,145,97.3000000000,130.5000000000,82.8000000000,14.5000000000,14.5000000000,31.7000000000,0.0000000000,-1.0000000000,0.0000000000,-1,0.9240000000,47.0000000000,31.7000000000,0.0000000000
18,175,0.0000000100,3,40,40,200,47.6700000000,145,97.3000000000,130.5000000000,82.8000000000,14.5000000000,14.5000000000,31.7000000000,0.0000000000,-1.0000000000,0.0000000000,-1,1.2940000000,47.0000000000,31.7000000000,0.0000000000
18,225,0.0000000100,3,40,40,200,47.6700000000,145,97.3000000000,130.5000000000,82.8000000000,14.5000000000,14.5000000000,31.7000000000,0.0000000000,-1.0000000000,0.0000000000,-1,1.6630000000,47.0000000000,31.7000000000,0.0000000000
18,275,0.0000000100,3,40,40,200,47.6700000000,145,97.3000000000,130.5000000000,82.8000000000,14.5000000000,14.5000000000,31.7000000000,0.0000000000,-1.0000000000,0.0000000000,-1,2.0330000000,47.0000000000,31.7000000000,0.0000000000
18,325,0.0000000100,3,40,40,200,47.6700000000,145,97.3000000000,130.5000000000,82.8000000000,14.5000000000,14.5000000000,31.7000000000,0.0000000000,-1.0000000000,0.0000000000,-1,2.4020000000,47.0000000000,31.7000000000,0.0000000000
12,175,0.0000000100,3,40,40,200,47.6700000000,145,97.3000000000,130.5000000000,82.8000000000,14.5000000000,14.5000000000,31.7000000000,0.0000000000,30.0000000000,315.9000000000,100,1.9620000000,46.0000000000,31.7000000000,0.0000000000
15,175,0.0000000100,3,40,40,200,47.6700000000,145,97.3000000000,130.5000000000,82.8000000000,14.5000000000,14.5000000000,31.7000000000,0.0000000000,30.0000000000,315.9000000000,100,1.5550000000,46.0000000000,31.7000000000,0.0000000000
18,175,0.0000000100,3,40,40,200,47.6700000000,145,97.3000000000,130.5000000000,82.8000000000,14.5000000000,14.5000000000,31.7000000000,0.0000000000,30.0000000000,315.9000000000,100,1.2870000000,46.0000000000,31.7000000000,0.0000000000
21,175,0.0000000100,3,40,40,200,47.6700000000,145,97.3000000000,130.5000000000,82.8000000000,14.5000000000,14.5000000000,31.7000000000,0.0000000000,30.0000000000,315.9000000000,100,1.0990000000,46.0000000000,31.7000000000,0.0000000000
24,175,0.0000000100,3,40,40,200,47.6700000000,145,97.3000000000,130.5000000000,82.8000000000,14.5000000000,14.5000000000,31.7000000000,0.0000000000,30.0000000000,315.9000000000,100,0.9500000000,35.0000000000,31.7000000000,0.0000000000
18,25,0.0000000100,3,40,40,200,47.6700000000,145,97.3000000000,130.5000000000,82.8000000000,14.5000000000,14.5000000000,31.7000000000,0.0000000000,30.0000000000,315.9000000000,100,0.1840000000,46.0000000000,31.7000000000,0.0000000000
18,75,0.0000000100,3,40,40,200,47.6700000000,145,97.3000000000,130.5000000000,82.8000000000,14.5000000000,14.5000000000,31.7000000000,0.0000000000,30.0000000000,315.9000000000,100,0.5490000000,34.0000000000,31.7000000000,0.0000000000
18,125,0.0000000100,3,40,40,200,47.6700000000,145,97.3000000000,130.5000000000,82.8000000000,14.5000000000,14.5000000000,31.7000000000,0.0000000000,30.0000000000,315.9000000000,100,0.9200000000,47.0000000000,31.7000000000,0.0000000000
18,175,0.0000000100,3,40,40,200,47.6700000000,145,97.3000000000,130.5000000000,82.8000000000,14.5000000000,14.5000000000,31.7000000000,0.0000000000,30.0000000000,315.9000000000,100,1.2870000000,47.0000000000,31.7000000000,0.0000000000
18,225,0.0000000100,3,40,40,200,47.6700000000,145,97.3000000000,130.5000000000,82.8000000000,14.5000000000,14.5000000000,31.7000000000,0.0000000000,30.0000000000,315.9000000000,100,1.6550000000,47.0000000000,31.7000000000,0.0000000000
18,275,0.0000000100,3,40,40,200,47.6700000000,145,97.3000000000,130.5000000000,82.8000000000,14.5000000000,14.5000000000,31.7000000000,0.0000000000,30.0000000000,315.9000000000,100,2.0230000000,47.0000000000,31.7000000000,0.0000000000
18,325,0.0000000100,3,40,40,200,47.6700000000,145,97.3000000000,130.5000000000,82.8000000000,14.5000000000,14.5000000000,31.7000000000,0.0000000000,30.0000000000,315.9000000000,100,2.3910000000,47.0000000000,31.7000000000,0.0000000000
12,175,0.0000000100,3,40,40,200,47.6700000000,145,97.3000000000,130.5000000000,82.8000000000,14.5000000000,14.5000000000,31.7000000000,0.0000000000,200.0000000000,480.5000000000,100,1.9620000000,46.0000000000,31.7000000000,0.0000000000
15,175,0.0000000100,3,40,40,200,47.6700000000,145,97.3000000000,130.5000000000,82.8000000000,14.5000000000,14.5000000000,31.7000000000,0.0000000000,200.0000000000,480.5000000000,100,1.5550000000,46.0000000000,31.7000000000,0.0000000000
18,175,0.0000000100,3,40,40,200,47.6700000000,145,97.3000000000,130.5000000000,82.8000000000,14.5000000000,14.5000000000,31.7000000000,0.0000000000,200.0000000000,480.5000000000,100,1.2870000000,46.0000000000,31.7000000000,0.0000000000
21,175,0.0000000100,3,40,40,200,47.6700000000,145,97.3000000000,130.5000000000,82.8000000000,14.5000000000,14.5000000000,31.7000000000,0.0000000000,200.0000000000,480.5000000000,100,1.0990000000,46.0000000000,31.7000000000,0.0000000000
24,175,0.0000000100,3,40,40,200,47.6700000000,145,97.3000000000,130.5000000000,82.8000000000,14.5000000000,14.5000000000,31.7000000000,0.0000000000,200.0000000000,480.5000000000,100,0.9500000000,35.0000000000,31.7000000000,0.0000000000
18,25,0.0000000100,3,40,40,200,47.6700000000,145,97.3000000000,130.5000000000,82.8000000000,14.5000000000,14.5000000000,31.7000000000,0.0000000000,200.0000000000,480.5000000000,100,0.1840000000,46.0000000000,31.7000000000,0.0000000000
18,75,0.0000000100,3,40,40,200,47.6700000000,145,97.3000000000,130.5000000000,82.8000000000,14.5000000000,14.5000000000,31.7000000000,0.0000000000,200.0000000000,480.5000000000,100,0.5490000000,34.0000000000,31.7000000000,0.0000000000
18,125,0.0000000100,3,40,40,200,47.6700000000,145,97.3000000000,130.5000000000,82.8000000000,14.5000000000,14.5000000000,31.7000000000,0.0000000000,200.0000000000,480.5000000000,100,0.9200000000,47.0000000000,31.7000000000,0.0000000000
18,175,0.0000000100,3,40,40,200,47.6700000000,145,97.3000000000,130.5000000000,82.8000000000,14.5000000000,14.5000000000,31.7000000000,0.0000000000,200.0000000000,480.5000000000,100,1.2870000000,47.0000000000,31.7000000000,0.0000000000
18,225,0.0000000100,3,40,40,200,47.6700000000,145,97.3000000000,130.5000000000,82.8000000000,14.5000000000,14.5000000000,31.7000000000,0.0000000000,200.0000000000,480.5000000000,100,1.6550000000,47.0000000000,31.7000000000,0.0000000000
18,275,0.0000000100,3,40,40,200,47.6700000000,145,97.3000000000,130.5000000000,82.8000000000,14.5000000000,14.5000000000,31.7000000000,0.0000000000,200.0000000000,480.5000000000,100,2.0230000000,47.0000000000,31.7000000000,0.0000000000
18,325,0.0000000100,3,40,40,200,47.6700000000,145,97.3000000000,130.5000000000,82.8000000000,14.5000000000,14.5000000000,31.7000000000,0.0000000000,200.0000000000,480.5000000000,100,2.3910000000,47.0000000000,31.7000000000,0.0000000000
12,175,0.0000000100,3,40,40,200,47.6700000000,145,97.3000000000,130.5000000000,82.8000000000,14.5000000000,14.5000000000,31.7000000000,0.0000000000,500.0000000000,586.0000000000,100,1.9620000000,46.0000000000,31.7000000000,0.0000000000
15,175,0.0000000100,3,40,40,200,47.6700000000,145,97.3000000000,130.5000000000,82.8000000000,14.5000000000,14.5000000000,31.7000000000,0.0000000000,500.0000000000,586.0000000000,100,1.5550000000,46.0000000000,31.7000000000,0.0000000000
18,175,0.0000000100,3,40,40,200,47.6700000000,145,97.3000000000,130.5000000000,82.8000000000,14.5000000000,14.5000000000,31.7000000000,0.0000000000,500.0000000000,586.0000000000,100,1.2870000000,46.0000000000,31.7000000000,0.0000000000
21,175,0.0000000100,3,40,40,200,47.6700000000,145,97.3000000000,130.5000000000,82.8000000000,14.5000000000,14.5000000000,31.7000000000,0.0000000000,500.0000000000,586.0000000000,100,1.0990000000,46.0000000000,31.7000000000,0.0000000000
24,175,0.0000000100,3,40,40,200,47.6700000000,145,97.3000000000,130.5000000000,82.8000000000,14.5000000000,14.5000000000,31.7000000000,0.0000000000,500.0000000000,586.0000000000,100,0.9500000000,35.0000000000,31.7000000000,0.0000000000
18,25,0.0000000100,3,40,40,200,47.6700000000,145,97.3000000000,130.5000000000,82.8000000000,14.5000000000,14.5000000000,31.7000000000,0.0000000000,500.0000000000,586.0000000000,100,0.1840000000,46.0000000000,31.7000000000,0.0000000000
18,75,0.0000000100,3,40,40,200,47.6700000000,145,97.3000000000,130.5000000000,82.8000000000,14.5000000000,14.5000000000,31.7000000000,0.0000000000,500.0000000000,586.0000000000,100,0.5490000000,34.0000000000,31.7000000000,0.0000000000
18,125,0.0000000100,3,40,40,200,47.6700000000,145,97.3000000000,130.5000000000,82.8000000000,14.5000000000,14.5000000000,31.7000000000,0.0000000000,500.0000000000,586.0000000000,100,0.9200000000,47.0000000000,31.7000000000,0.0000000000
18,175,0.0000000100,3,40,40,200,47.6700000000,145,97.3000000000,130.5000000000,82.8000000000,14.5000000000,14.5000000000,31.7000000000,0.0000000000,500.0000000000,586.0000000000,100,1.2870000000,47.0000000000,31.7000000000,0.0000000000
18,225,0.0000000100,3,40,40,200,47.6700000000,145,97.3000000000,130.5000000000,82.8000000000,14.5000000000,14.5000000000,31.7000000000,0.0000000000,500.0000000000,586.0000000000,100,1.6550000000,47.0000000000,31.7000000000,0.0000000000
18,275,0.0000000100,3,40,40,200,47.6700000000,145,97.3000000000,130.5000000000,82.8000000000,14.5000000000,14.5000000000,31.7000000000,0.0000000000,500.0000000000,586.0000000000,100,2.0230000000,47.0000000000,31.7000000000,0.0000000000
18,325,0.0000000100,3,40,40,200,47.6700000000,145,97.3000000000,130.5000000000,82.8000000000,14.5000000000,14.5000000000,31.7000000000,0.0000000000,500.0000000000,586.0000000000,100,2.3910000000,47.0000000000,31.7000000000,0.0000000000
15,175,0.0000000100,3,50,40,200,47.6700000000,145,97.3000000000,36.3000000000,24.3000000000,108.8000000000,73.0000000000,0.0000000000,0.0000000000,-1.0000000000,0.0000000000,-1,1.4980000000,46.0000000000,0.0000000000,0.0000000000
18,175,0.0000000100,3,50,40,200,47.6700000000,145,97.3000000000,36.3000000000,24.3000000000,108.8000000000,73.0000000000,0.0000000000,0.0000000000,-1.0000000000,0.0000000000,-1,1.2490000000,46.0000000000,0.0000000000,0.0000000000
21,175,0.0000000100,3,50,40,200,47.6700000000,145,97.3000000000,36.3000000000,24.3000000000,108.8000000000,73.0000000000,0.0000000000,0.0000000000,-1.0000000000,0.0000000000,-1,1.0700000000,46.0000000000,0.0000000000,0.0000000000
24,175,0.0000000100,3,50,40,200,47.6700000000,145,97.3000000000,36.3000000000,24.3000000000,108.8000000000,73.0000000000,0.0000000000,0.0000000000,-1.0000000000,0.0000000000,-1,0.9370000000,46.0000000000,0.0000000000,0.0000000000
18,25,0.0000000100,3,50,40,200,47.6700000000,145,97.3000000000,36.3000000000,24.3000000000,108.8000000000,73.0000000000,0.0000000000,0.0000000000,-1.0000000000,0.0000000000,-1,0.1790000000,46.0000000000,0.0000000000,0.0000000000
18,75,0.0000000100,3,50,40,200,47.6700000000,145,97.3000000000,36.3000000000,24.3000000000,108.8000000000,73.0000000000,0.0000000000,0.0000000000,-1.0000000000,0.0000000000,-1,0.5350000000,46.0000000000,0.0000000000,0.0000000000
18,125,0.0000000100,3,50,40,200,47.6700000000,145,97.3000000000,36.3000000000,24.3000000000,108.8000000000,73.0000000000,0.0000000000,0.0000000000,-1.0000000000,0.0000000000,-1,0.8920000000,46.0000000000,0.0000000000,0.0000000000
18,225,0.0000000100,3,50,40,200,47.6700000000,145,97.3000000000,36.3000000000,24.3000000000,108.8000000000,73.0000000000,0.0000000000,0.0000000000,-1.0000000000,0.0000000000,-1,1.6050000000,46.0000000000,0.0000000000,0.0000000000
12,175,0.0000000100,3,40,40,200,47.6700000000,145,97.3000000000,36.3000000000,24.3000000000,108.8000000000,73.0000000000,0.0000000000,0.0000000000,30.0000000000,315.9000000000,100,1.8730000000,46.0000000000,0.0000000000,0.0000000000
18,175,0.0000000100,3,40,40,200,47.6700000000,145,97.3000000000,36.3000000000,24.3000000000,108.8000000000,73.0000000000,0.0000000000,0.0000000000,30.0000000000,315.9000000000,100,1.2490000000,46.0000000000,0.0000000000,0.0000000000
21,175,0.0000000100,3,40,40,200,47.6700000000,145,97.3000000000,36.3000000000,24.3000000000,108.8000000000,73.0000000000,0.0000000000,0.0000000000,30.0000000000,315.9000000000,100,1.0700000000,46.0000000000,0.0000000000,0.0000000000
24,175,0.0000000100,3,40,40,200,47.6700000000,145,97.3000000000,36.3000000000,24.3000000000,108.8000000000,73.0000000000,0.0000000000,0.0000000000,30.0000000000,315.9000000000,100,0.9370000000,46.0000000000,0.0000000000,0.0000000000
18,25,0.0000000100,3,40,40,200,47.6700000000,145,97.3000000000,36.3000000000,24.3000000000,108.8000000000,73.0000000000,0.0000000000,0.0000000000,30.0000000000,315.9000000000,100,0.1790000000,46.0000000000,0.0000000000,0.0000000000
18,75,0.0000000100,3,40,40,200,47.6700000000,145,97.3000000000,36.3000000000,24.3000000000,108.8000000000,73.0000000000,0.0000000000,0.0000000000,30.0000000000,315.9000000000,100,0.5350000000,46.0000000000,0.0000000000,0.0000000000
18,125,0.0000000100,3,40,40,200,47.6700000000,145,97.3000000000,36.3000000000,24.3000000000,108.8000000000,73.0000000000,0.0000000000,0.0000000000,30.0000000000,315.9000000000,100,0.8920000000,46.0000000000,0.0000000000,0.0000000000
18,275,0.0000000100,3,40,40,200,47.6700000000,145,97.3000000000,36.3000000000,24.3000000000,108.8000000000,73.0000000000,0.0000000000,0.0000000000,30.0000000000,315.9000000000,100,1.9620000000,46.0000000000,0.0000000000,0.0000000000
12,175,0.0000000100,3,40,40,200,47.6700000000,145,97.3000000000,36.3000000000,24.3000000000,108.8000000000,73.0000000000,0.0000000000,0.0000000000,200.0000000000,480.5000000000,100,1.8730000000,46.0000000000,0.0000000000,0.0000000000
18,175,0.0000000100,3,40,40,200,47.6700000000,145,97.3000000000,36.3000000000,24.3000000000,108.8000000000,73.0000000000,0.0000000000,0.0000000000,200.0000000000,480.5000000000,100,1.2490000000,46.0000000000,0.0000000000,0.0000000000
21,175,0.0000000100,3,40,40,200,47.6700000000,145,97.3000000000,36.3000000000,24.3000000000,108.8000000000,73.0000000000,0.0000000000,0.0000000000,200.0000000000,480.5000000000,100,1.0700000000,46.0000000000,0.0000000000,0.0000000000
24,175,0.0000000100,3,40,40,200,47.6700000000,145,97.3000000000,36.3000000000,24.3000000000,108.8000000000,73.0000000000,0.0000000000,0.0000000000,200.0000000000,480.5000000000,100,0.9370000000,46.0000000000,0.0000000000,0.0000000000
18,25,0.0000000100,3,40,40,200,47.6700000000,145,97.3000000000,36.3000000000,24.3000000000,108.8000000000,73.0000000000,0.0000000000,0.0000000000,200.0000000000,480.5000000000,100,0.1790000000,46.0000000000,0.0000000000,0.0000000000
18,75,0.0000000100,3,40,40,200,47.6700000000,145,97.3000000000,36.3000000000,24.3000000000,108.8000000000,73.0000000000,0.0000000000,0.0000000000,200.0000000000,480.5000000000,100,0.5350000000,46.0000000000,0.0000000000,0.0000000000
18,125,0.0000000100,3,40,40,200,47.6700000000,145,97.3000000000,36.3000000000,24.3000000000,108.8000000000,73.0000000000,0.0000000000,0.0000000000,200.0000000000,480.5000000000,100,0.8920000000,46.0000000000,0.0000000000,0.0000000000
18,275,0.0000000100,3,40,40,200,47.6700000000,145,97.3000000000,36.3000000000,24.3000000000,108.8000000000,73.0000000000,0.0000000000,0.0000000000,200.0000000000,480.5000000000,100,1.9620000000,46.0000000000,0.0000000000,0.0000000000
12,175,0.0000000100,3,40,40,200,47.6700000000,145,97.3000000000,36.3000000000,24.3000000000,108.8000000000,73.0000000000,0.0000000000,0.0000000000,500.0000000000,586.0000000000,100,1.8730000000,46.0000000000,0.0000000000,0.0000000000
18,175,0.0000000100,3,40,40,200,47.6700000000,145,97.3000000000,36.3000000000,24.3000000000,108.8000000000,73.0000000000,0.0000000000,0.0000000000,500.0000000000,586.0000000000,100,1.2490000000,46.0000000000,0.0000000000,0.0000000000
21,175,0.0000000100,3,40,40,200,47.6700000000,145,97.3000000000,36.3000000000,24.3000000000,108.8000000000,73.0000000000,0.0000000000,0.0000000000,500.0000000000,586.0000000000,100,1.0700000000,46.0000000000,0.0000000000,0.0000000000
24,175,0.0000000100,3,40,40,200,47.6700000000,145,97.3000000000,36.3000000000,24.3000000000,108.8000000000,73.0000000000,0.0000000000,0.0000000000,500.0000000000,586.0000000000,100,0.9370000000,46.0000000000,0.0000000000,0.0000000000
18,25,0.0000000100,3,40,40,200,47.6700000000,145,97.3000000000,36.3000000000,24.3000000000,108.8000000000,73.0000000000,0.0000000000,0.0000000000,500.0000000000,586.0000000000,100,0.1790000000,46.0000000000,0.0000000000,0.0000000000
18,75,0.0000000100,3,40,40,200,47.6700000000,145,97.3000000000,36.3000000000,24.3000000000,108.8000000000,73.0000000000,0.0000000000,0.0000000000,500.0000000000,586.0000000000,100,0.5350000000,46.0000000000,0.0000000000,0.0000000000
18,125,0.0000000100,3,40,40,200,47.6700000000,145,97.3000000000,36.3000000000,24.3000000000,108.8000000000,73.0000000000,0.0000000000,0.0000000000,500.0000000000,586.0000000000,100,0.8920000000,46.0000000000,0.0000000000,0.0000000000
18,275,0.0000000100,3,40,40,200,47.6700000000,145,97.3000000000,36.3000000000,24.3000000000,108.8000000000,73.0000000000,0.0000000000,0.0000000000,500.0000000000,586.0000000000,100,1.9620000000,46.0000000000,0.0000000000,0.0000000000
12,175,0.0000000100,3,40,40,200,47.6700000000,145,97.3000000000,36.3000000000,24.3000000000,108.8000000000,73.0000000000,36.3000000000,24.3000000000,-1.0000000000,0.0000000000,-1,2.0380000000,48.0000000000,36.3000000000,24.3000000000
15,175,0.0000000100,3,40,40,200,47.6700000000,145,97.3000000000,36.3000000000,24.3000000000,108.8000000000,73.0000000000,36.3000000000,24.3000000000,-1.0000000000,0.0000000000,-1,1.5800000000,48.0000000000,36.3000000000,24.3000000000
18,175,0.0000000100,3,40,40,200,47.6700000000,145,97.3000000000,36.3000000000,24.3000000000,108.8000000000,73.0000000000,36.3000000000,24.3000000000,-1.0000000000,0.0000000000,-1,1.3010000000,48.0000000000,36.3000000000,24.3000000000
21,175,0.0000000100,3,40,40,200,47.6700000000,145,97.3000000000,36.3000000000,24.3000000000,108.8000000000,73.0000000000,36.3000000000,24.3000000000,-1.0000000000,0.0000000000,-1,1.1060000000,48.0000000000,36.3000000000,24.3000000000
24,175,0.0000000100,3,40,40,200,47.6700000000,145,97.3000000000,36.3000000000,24.3000000000,108.8000000000,73.0000000000,36.3000000000,24.3000000000,-1.0000000000,0.0000000000,-1,0.9620000000,48.0000000000,36.3000000000,24.3000000000
18,25,0.0000000100,3,40,40,200,47.6700000000,145,97.3000000000,36.3000000000,24.3000000000,108.8000000000,73.0000000000,36.3000000000,24.3000000000,-1.0000000000,0.0000000000,-1,0.1890000000,48.0000000000,36.3000000000,24.3000000000
18,75,0.0000000100,3,40,40,200,47.6700000000,145,97.3000000000,36.3000000000,24.3000000000,108.8000000000,73.0000000000,36.3000000000,24.3000000000,-1.0000000000,0.0000000000,-1,0.5580000000,48.0000000000,36.3000000000,24.3000000000
18,125,0.0000000100,3,40,40,200,47.6700000000,145,97.3000000000,36.3000000000,24.3000000000,108.8000000000,73.0000000000,36.3000000000,24.3000000000,-1.0000000000,0.0000000000,-1,0.9300000000,48.0000000000,36.3000000000,24.3000000000
18,225,0.0000000100,3,40,40,200,47.6700000000,145,97.3000000000,36.3000000000,24.3000000000,108.8000000000,73.0000000000,36.3000000000,24.3000000000,-1.0000000000,0.0000000000,-1,1.6970000000,48.0000000000,36.3000000000,24.3000000000
18,325,0.0000000100,3,40,40,200,47.6700000000,145,97.3000000000,36.3000000000,24.3000000000,108.8000000000,73.0000000000,36.3000000000,24.3000000000,-1.0000000000,0.0000000000,-1,2.4510000000,48.0000000000,36.3000000000,24.3000000000
12,175,0.0000000100,3,40,40,200,47.6700000000,145,97.3000000000,36.3000000000,24.3000000000,108.8000000000,73.0000000000,36.3000000000,24.3000000000,30.0000000000,315.9000000000,100,2.0260000000,48.0000000000,36.3000000000,24.3000000000
15,175,0.0000000100,3,40,40,200,47.6700000000,145,97.3000000000,36.3000000000,24.3000000000,108.8000000000,73.0000000000,36.3000000000,24.3000000000,30.0000000000,315.9000000000,100,1.5950000000,48.0000000000,36.3000000000,24.3000000000
18,175,0.0000000100,3,40,40,200,47.6700000000,145,97.3000000000,36.3000000000,24.3000000000,108.8000000000,73.0000000000,36.3000000000,24.3000000000,30.0000000000,315.9000000000,100,1.3150000000,48.0000000000,36.3000000000,24.3000000000
21,175,0.0000000100,3,40,40,200,47.6700000000,145,97.3000000000,36.3000000000,24.3000000000,108.8000000000,73.0000000000,36.3000000000,24.3000000000,30.0000000000,315.9000000000,100,1.1000000000,48.0000000000,36.3000000000,24.3000000000
24,175,0.0000000100,3,40,40,200,47.6700000000,145,97.3000000000,36.3000000000,24.3000000000,108.8000000000,73.0000000000,36.3000000000,24.3000000000,30.0000000000,315.9000000000,100,0.9730000000,48.0000000000,36.3000000000,24.3000000000
18,25,0.0000000100,3,40,40,200,47.6700000000,145,97.3000000000,36.3000000000,24.3000000000,108.8000000000,73.0000000000,36.3000000000,24.3000000000,30.0000000000,315.9000000000,100,0.1840000000,48.0000000000,36.3000000000,24.3000000000
18,75,0.0000000100,3,40,40,200,47.6700000000,145,97.3000000000,36.3000000000,24.3000000000,108.8000000000,73.0000000000,36.3000000000,24.3000000000,30.0000000000,315.9000000000,100,0.5540000000,48.0000000000,36.3000000000,24.3000000000
18,125,0.0000000100,3,40,40,200,47.6700000000,145,97.3000000000,36.3000000000,24.3000000000,108.8000000000,73.0000000000,36.3000000000,24.3000000000,30.0000000000,315.9000000000,100,0.9390000000,48.0000000000,36.3000000000,24.3000000000
18,225,0.0000000100,3,40,40,200,47.6700000000,145,97.3000000000,36.3000000000,24.3000000000,108.8000000000,73.0000000000,36.3000000000,24.3000000000,30.0000000000,315.9000000000,100,1.6900000000,48.0000000000,36.3000000000,24.3000000000
18,325,0.0000000100,3,40,40,200,47.6700000000,145,97.3000000000,36.3000000000,24.3000000000,108.8000000000,73.0000000000,36.3000000000,24.3000000000,30.0000000000,315.9000000000,100,2.4420000000,48.0000000000,36.3000000000,24.3000000000
12,175,0.0000000100,3,40,40,200,47.6700000000,145,97.3000000000,36.3000000000,24.3000000000,108.8000000000,73.0000000000,36.3000000000,24.3000000000,200.0000000000,480.5000000000,100,2.0260000000,48.0000000000,36.3000000000,24.3000000000
15,175,0.0000000100,3,40,40,200,47.6700000000,145,97.3000000000,36.3000000000,24.3000000000,108.8000000000,73.0000000000,36.3000000000,24.3000000000,200.0000000000,480.5000000000,100,1.5950000000,48.0000000000,36.3000000000,24.3000000000
18,175,0.0000000100,3,40,40,200,47.6700000000,145,97.3000000000,36.3000000000,24.3000000000,108.8000000000,73.0000000000,36.3000000000,24.3000000000,200.0000000000,480.5000000000,100,1.3150000000,48.0000000000,36.3000000000,24.3000000000
21,175,0.0000000100,3,40,40,200,47.6700000000,145,97.3000000000,36.3000000000,24.3000000000,108.8000000000,73.0000000000,36.3000000000,24.3000000000,200.0000000000,480.5000000000,100,1.1000000000,48.0000000000,36.3000000000,24.3000000000
24,175,0.0000000100,3,40,40,200,47.6700000000,145,97.3000000000,36.3000000000,24.3000000000,108.8000000000,73.0000000000,36.3000000000,24.3000000000,200.0000000000,480.5000000000,100,0.9730000000,48.0000000000,36.3000000000,24.3000000000
18,25,0.0000000100,3,40,40,200,47.6700000000,145,97.3000000000,36.3000000000,24.3000000000,108.8000000000,73.0000000000,36.3000000000,24.3000000000,200.0000000000,480.5000000000,100,0.1840000000,48.0000000000,36.3000000000,24.3000000000
18,75,0.0000000100,3,40,40,200,47.6700000000,145,97.3000000000,36.3000000000,24.3000000000,108.8000000000,73.0000000000,36.3000000000,24.3000000000,200.0000000000,480.5000000000,100,0.5540000000,48.0000000000,36.3000000000,24.3000000000
18,125,0.0000000100,3,40,40,200,47.6700000000,145,97.3000000000,36.3000000000,24.3000000000,108.8000000000,73.0000000000,36.3000000000,24.3000000000,200.0000000000,480.5000000000,100,0.9390000000,48.0000000000,36.3000000000,24.3000000000
18,225,0.0000000100,3,40,40,200,47.6700000000,145,97.3000000000,36.3000000000,24.3000000000,108.8000000000,73.0000000000,36.3000000000,24.3000000000,200.0000000000,480.5000000000,100,1.6900000000,48.0000000000,36.3000000000,24.3000000000
18,325,0.0000000100,3,40,40,200,47.6700000000,145,97.3000000000,36.3000000000,24.3000000000,108.8000000000,73.0000000000,36.3000000000,24.3000000000,200.0000000000,480.5000000000,100,2.4420000000,48.0000000000,36.3000000000,24.3000000000
12,175,0.0000000100,3,40,40,200,47.6700000000,145,97.3000000000,36.3000000000,24.3000000000,108.8000000000,73.0000000000,36.3000000000,24.3000000000,500.0000000000,586.0000000000,100,2.0260000000,48.0000000000,36.3000000000,24.3000000000
15,175,0.0000000100,3,40,40,200,47.6700000000,145,97.3000000000,36.3000000000,24.3000000000,108.8000000000,73.0000000000,36.3000000000,24.3000000000,500.0000000000,586.0000000000,100,1.5950000000,48.0000000000,36.3000000000,24.3000000000
18,175,0.0000000100,3,40,40,200,47.6700000000,145,97.3000000000,36.3000000000,24.3000000000,108.8000000000,73.0000000000,36.3000000000,24.3000000000,500.0000000000,586.0000000000,100,1.3150000000,48.0000000000,36.3000000000,24.3000000000
21,175,0.0000000100,3,40,40,200,47.6700000000,145,97.3000000000,36.3000000000,24.3000000000,108.8000000000,73.0000000000,36.3000000000,24.3000000000,500.0000000000,586.0000000000,100,1.1000000000,48.0000000000,36.3000000000,24.3000000000
24,175,0.0000000100,3,40,40,200,47.6700000000,145,97.3000000000,36.3000000000,24.3000000000,108.8000000000,73.0000000000,36.3000000000,24.3000000000,500.0000000000,586.0000000000,100,0.9730000000,48.0000000000,36.3000000000,24.3000000000
18,25,0.0000000100,3,40,40,200,47.6700000000,145,97.3000000000,36.3000000000,24.3000000000,108.8000000000,73.0000000000,36.3000000000,24.3000000000,500.0000000000,586.0000000000,100,0.1840000000,48.0000000000,36.3000000000,24.3000000000
18,75,0.0000000100,3,40,40,200,47.6700000000,145,97.3000000000,36.3000000000,24.3000000000,108.8000000000,73.0000000000,36.3000000000,24.3000000000,500.0000000000,586.0000000000,100,0.5540000000,48.0000000000,36.3000000000,24.3000000000
18,125,0.0000000100,3,40,40,200,47.6700000000,145,97.3000000000,36.3000000000,24.3000000000,108.8000000000,73.0000000000,36.3000000000,24.3000000000,500.0000000000,586.0000000000,100,0.9390000000,48.0000000000,36.3000000000,24.3000000000
18,225,0.0000000100,3,40,40,200,47.6700000000,145,97.3000000000,36.3000000000,24.3000000000,108.8000000000,73.0000000000,36.3000000000,24.3000000000,500.0000000000,586.0000000000,100,1.6900000000,48.0000000000,36.3000000000,24.3000000000
18,325,0.0000000100,3,40,40,200,47.6700000000,145,97.3000000000,36.3000000000,24.3000000000,108.8000000000,73.0000000000,36.3000000000,24.3000000000,500.0000000000,586.0000000000,100,2.4420000000,48.0000000000,36.3000000000,24.3000000000
12,175,0.0000000100,3,40,40,200,47.6700000000,145,97.3000000000,36.3000000000,24.3000000000,108.8000000000,73.0000000000,32.0000000000,0.0000000000,-1.0000000000,0.0000000000,-1,2.0140000000,46.0000000000,22.4020000000,0.0000000000
15,175,0.0000000100,3,40,40,200,47.6700000000,145,97.3000000000,36.3000000000,24.3000000000,108.8000000000,73.0000000000,32.0000000000,0.0000000000,-1.0000000000,0.0000000000,-1,1.5630000000,46.0000000000,22.4020000000,0.0000000000
18,175,0.0000000100,3,40,40,200,47.6700000000,145,97.3000000000,36.3000000000,24.3000000000,108.8000000000,73.0000000000,32.0000000000,0.0000000000,-1.0000000000,0.0000000000,-1,1.2930000000,46.0000000000,22.4020000000,0.0000000000
21,175,0.0000000100,3,40,40,200,47.6700000000,145,97.3000000000,36.3000000000,24.3000000000,108.8000000000,73.0000000000,32.0000000000,0.0000000000,-1.0000000000,0.0000000000,-1,1.1030000000,46.0000000000,22.4020000000,0.0000000000
24,175,0.0000000100,3,40,40,200,47.6700000000,145,97.3000000000,36.3000000000,24.3000000000,108.8000000000,73.0000000000,32.0000000000,0.0000000000,-1.0000000000,0.0000000000,-1,0.9610000000,46.0000000000,22.4020000000,0.0000000000
18,25,0.0000000100,3,40,40,200,47.6700000000,145,97.3000000000,36.3000000000,24.3000000000,108.8000000000,73.0000000000,32.0000000000,0.0000000000,-1.0000000000,0.0000000000,-1,0.1850000000,46.0000000000,22.4020000000,0.0000000000
18,75,0.0000000100,3,40,40,200,47.6700000000,145,97.3000000000,36.3000000000,24.3000000000,108.8000000000,73.0000000000,32.0000000000,0.0000000000,-1.0000000000,0.0000000000,-1,0.5520000000,34.0000000000,22.4020000000,0.0000000000
18,125,0.0000000100,3,40,40,200,47.6700000000,145,97.3000000000,36.3000000000,24.3000000000,108.8000000000,73.0000000000,32.0000000000,0.0000000000,-1.0000000000,0.0000000000,-1,0.9240000000,47.0000000000,22.4020000000,0.0000000000
18,175,0.0000000100,3,40,40,200,47.6700000000,145,97.3000000000,36.3000000000,24.3000000000,108.8000000000,73.0000000000,32.0000000000,0.0000000000,-1.0000000000,0.0000000000,-1,1.2930000000,47.0000000000,22.4020000000,0.0000000000
18,225,0.0000000100,3,40,40,200,47.6700000000,145,97.3000000000,36.3000000000,24.3000000000,108.8000000000,73.0000000000,32.0000000000,0.0000000000,-1.0000000000,0.0000000000,-1,1.6620000000,47.0000000000,22.4020000000,0.0000000000
18,275,0.0000000100,3,40,40,200,47.6700000000,145,97.3000000000,36.3000000000,24.3000000000,108.8000000000,73.0000000000,32.0000000000,0.0000000000,-1.0000000000,0.0000000000,-1,2.0320000000,47.0000000000,22.4020000000,0.0000000000
18,325,0.0000000100,3,40,40,200,47.6700000000,145,97.3000000000,36.3000000000,24.3000000000,108.8000000000,73.0000000000,32.0000000000,0.0000000000,-1.0000000000,0.0000000000,-1,2.4010000000,47.0000000000,22.4020000000,0.0000000000
12,175,0.0000000100,3,40,40,200,47.6700000000,145,97.3000000000,36.3000000000,24.3000000000,108.8000000000,73.0000000000,32.0000000000,0.0000000000,30.0000000000,315.9000000000,100,1.9610000000,46.0000000000,22.4020000000,0.0000000000
15,175,0.0000000100,3,40,40,200,47.6700000000,145,97.3000000000,36.3000000000,24.3000000000,108.8000000000,73.0000000000,32.0000000000,0.0000000000,30.0000000000,315.9000000000,100,1.5540000000,46.0000000000,22.4020000000,0.0000000000
18,175,0.0000000100,3,40,40,200,47.6700000000,145,97.3000000000,36.3000000000,24.3000000000,108.8000000000,73.0000000000,32.0000000000,0.0000000000,30.0000000000,315.9000000000,100,1.2870000000,46.0000000000,22.4020000000,0.0000000000
21,175,0.0000000100,3,40,40,200,47.6700000000,145,97.3000000000,36.3000000000,24.3000000000,108.8000000000,73.0000000000,32.0000000000,0.0000000000,30.0000000000,315.9000000000,100,1.0990000000,46.0000000000,22.4020000000,0.0000000000
24,175,0.0000000100,3,40,40,200,47.6700000000,145,97.3000000000,36.3000000000,24.3000000000,108.8000000000,73.0000000000,32.0000000000,0.0000000000,30.0000000000,315.9000000000,100,0.9580000000,46.0000000000,22.4020000000,0.0000000000
18,25,0.0000000100,3,40,40,200,47.6700000000,145,97.3000000000,36.3000000000,24.3000000000,108.8000000000,73.0000000000,32.0000000000,0.0000000000,30.0000000000,315.9000000000,100,0.1830000000,34.0000000000,22.4020000000,0.0000000000
18,75,0.0000000100,3,40,40,200,47.6700000000,145,97.3000000000,36.3000000000,24.3000000000,108.8000000000,73.0000000000,32.0000000000,0.0000000000,30.0000000000,315.9000000000,100,0.5490000000,34.0000000000,22.4020000000,0.0000000000
18,125,0.0000000100,3,40,40,200,47.6700000000,145,97.3000000000,36.3000000000,24.3000000000,108.8000000000,73.0000000000,32.0000000000,0.0000000000,30.0000000000,315.9000000000,100,0.9200000000,46.0000000000,22.4020000000,0.0000000000
18,225,0.0000000100,3,40,40,200,47.6700000000,145,97.3000000000,36.3000000000,24.3000000000,108.8000000000,73.0000000000,32.0000000000,0.0000000000,30.0000000000,315.9000000000,100,1.6550000000,46.0000000000,22.4020000000,0.0000000000
18,275,0.0000000100,3,40,40,200,47.6700000000,145,97.3000000000,36.3000000000,24.3000000000,108.8000000000,73.0000000000,32.0000000000,0.0000000000,30.0000000000,315.9000000000,100,2.0230000000,46.0000000000,22.4020000000,0.0000000000
18,325,0.0000000100,3,40,40,200,47.6700000000,145,97.3000000000,36.3000000000,24.3000000000,108.8000000000,73.0000000000,32.0000000000,0.0000000000,30.0000000000,315.9000000000,100,2.3900000000,46.0000000000,22.4020000000,0.0000000000
12,175,0.0000000100,3,40,40,200,47.6700000000,145,97.3000000000,36.3000000000,24.3000000000,108.8000000000,73.0000000000,32.0000000000,0.0000000000,200.0000000000,480.5000000000,100,1.9610000000,46.0000000000,22.4020000000,0.0000000000
15,175,0.0000000100,3,40,40,200,47.6700000000,145,97.3000000000,36.3000000000,24.3000000000,108.8000000000,73.0000000000,32.0000000000,0.0000000000,200.0000000000,480.5000000000,100,1.5540000000,46.0000000000,22.4020000000,0.0000000000
18,175,0.0000000100,3,40,40,200,47.6700000000,145,97.3000000000,36.3000000000,24.3000000000,108.8000000000,73.0000000000,32.0000000000,0.0000000000,200.0000000000,480.5000000000,100,1.2870000000,46.0000000000,22.4020000000,0.0000000000
21,175,0.0000000100,3,40,40,200,47.6700000000,145,97.3000000000,36.3000000000,24.3000000000,108.8000000000,73.0000000000,32.0000000000,0.0000000000,200.0000000000,480.5000000000,100,1.0990000000,46.0000000000,22.4020000000,0.0000000000
24,175,0.0000000100,3,40,40,200,47.6700000000,145,97.3000000000,36.3000000000,24.3000000000,108.8000000000,73.0000000000,32.0000000000,0.0000000000,200.0000000000,480.5000000000,100,0.9580000000,46.0000000000,22.4020000000,0.0000000000
18,25,0.0000000100,3,40,40,200,47.6700000000,145,97.3000000000,36.3000000000,24.3000000000,108.8000000000,73.0000000000,32.0000000000,0.0000000000,200.0000000000,480.5000000000,100,0.1830000000,34.0000000000,22.4020000000,0.0000000000
18,75,0.0000000100,3,40,40,200,47.6700000000,145,97.3000000000,36.3000000000,24.3000000000,108.8000000000,73.0000000000,32.0000000000,0.0000000000,200.0000000000,480.5000000000,100,0.5490000000,34.0000000000,22.4020000000,0.0000000000
18,125,0.0000000100,3,40,40,200,47.6700000000,145,97.3000000000,36.3000000000,24.3000000000,108.8000000000,73.0000000000,32.0000000000,0.0000000000,200.0000000000,480.5000000000,100,0.9200000000,46.0000000000,22.4020000000,0.0000000000
18,225,0.0000000100,3,40,40,200,47.6700000000,145,97.3000000000,36.3000000000,24.3000000000,108.8000000000,73.0000000000,32.0000000000,0.0000000000,200.0000000000,480.5000000000,100,1.6550000000,46.0000000000,22.4020000000,0.0000000000
18,275,0.0000000100,3,40,40,200,47.6700000000,145,97.3000000000,36.3000000000,24.3000000000,108.8000000000,73.0000000000,32.0000000000,0.0000000000,200.0000000000,480.5000000000,100,2.0230000000,46.0000000000,22.4020000000,0.0000000000
18,325,0.0000000100,3,40,40,200,47.6700000000,145,97.3000000000,36.3000000000,24.3000000000,108.8000000000,73.0000000000,32.0000000000,0.0000000000,200.0000000000,480.5000000000,100,2.3900000000,46.0000000000,22.4020000000,0.0000000000
12,175,0.0000000100,3,40,40,200,47.6700000000,145,97.3000000000,36.3000000000,24.3000000000,108.8000000000,73.0000000000,32.0000000000,0.0000000000,500.0000000000,586.0000000000,100,1.9610000000,46.0000000000,22.4020000000,0.0000000000
15,175,0.0000000100,3,40,40,200,47.6700000000,145,97.3000000000,36.3000000000,24.3000000000,108.8000000000,73.0000000000,32.0000000000,0.0000000000,500.0000000000,586.0000000000,100,1.5540000000,46.0000000000,22.4020000000,0.0000000000
18,175,0.0000000100,3,40,40,200,47.6700000000,145,97.3000000000,36.3000000000,24.3000000000,108.8000000000,73.0000000000,32.0000000000,0.0000000000,500.0000000000,586.0000000000,100,1.2870000000,46.0000000000,22.4020000000,0.0000000000
21,175,0.0000000100,3,40,40,200,47.6700000000,145,97.3000000000,36.3000000000,24.3000000000,108.8000000000,73.0000000000,32.0000000000,0.0000000000,500.0000000000,586.0000000000,100,1.0990000000,46.0000000000,22.4020000000,0.0000000000
24,175,0.0000000100,3,40,40,200,47.6700000000,145,97.3000000000,36.3000000000,24.3000000000,108.8000000000,73.0000000000,32.0000000000,0.0000000000,500.0000000000,586.0000000000,100,0.9580000000,46.0000000000,22.4020000000,0.0000000000
18,25,0.0000000100,3,40,40,200,47.6700000000,145,97.3000000000,36.3000000000,24.3000000000,108.8000000000,73.0000000000,32.0000000000,0.0000000000,500.0000000000,586.0000000000,100,0.1830000000,34.0000000000,22.4020000000,0.0000000000
18,75,0.0000000100,3,40,40,200,47.6700000000,145,97.3000000000,36.3000000000,24.3000000000,108.8000000000,73.0000000000,32.0000000000,0.0000000000,500.0000000000,586.0000000000,100,0.5490000000,34.0000000000,22.4020000000,0.0000000000
18,125,0.0000000100,3,40,40,200,47.6700000000,145,97.3000000000,36.3000000000,24.3000000000,108.8000000000,73.0000000000,32.0000000000,0.0000000000,500.0000000000,586.0000000000,100,0.9200000000,46.0000000000,22.4020000000,0.0000000000
18,225,0.0000000100,3,40,40,200,47.6700000000,145,97.3000000000,36.3000000000,24.3000000000,108.8000000000,73.0000000000,32.0000000000,0.0000000000,500.0000000000,586.0000000000,100,1.6550000000,46.0000000000,22.4020000000,0.0000000000
18,275,0.0000000100,3,40,40,200,47.6700000000,145,97.3000000000,36.3000000000,24.3000000000,108.8000000000,73.0000000000,32.0000000000,0.0000000000,500.0000000000,586.0000000000,100,2.0230000000,46.0000000000,22.4020000000,0.0000000000
18,325,0.0000000100,3,40,40,200,47.6700000000,145,97.3000000000,36.3000000000,24.3000000000,108.8000000000,73.0000000000,32.0000000000,0.0000000000,500.0000000000,586.0000000000,100,2.3900000000,46.0000000000,22.4020000000,0.0000000000
12,175,0.0000000100,3,50,40,200,47.6700000000,145,97.3000000000,47.7000000000,0.0000000000,97.3000000000,97.3000000000,0.0000000000,0.0000000000,-1.0000000000,0.0000000000,-1,1.8060000000,33.0000000000,0.0000000000,0.0000000000
15,175,0.0000000100,3,50,40,200,47.6700000000,145,97.3000000000,47.7000000000,0.0000000000,97.3000000000,97.3000000000,0.0000000000,0.0000000000,-1.0000000000,0.0000000000,-1,1.6000000000,29.0000000000,0.0000000000,0.0000000000
18,175,0.0000000100,3,50,40,200,47.6700000000,145,97.3000000000,47.7000000000,0.0000000000,97.3000000000,97.3000000000,0.0000000000,0.0000000000,-1.0000000000,0.0000000000,-1,1.4170000000,28.0000000000,0.0000000000,0.0000000000
21,175,0.0000000100,3,50,40,200,47.6700000000,145,97.3000000000,47.7000000000,0.0000000000,97.3000000000,97.3000000000,0.0000000000,0.0000000000,-1.0000000000,0.0000000000,-1,1.2890000000,25.0000000000,0.0000000000,0.0000000000
24,175,0.0000000100,3,50,40,200,47.6700000000,145,97.3000000000,47.7000000000,0.0000000000,97.3000000000,97.3000000000,0.0000000000,0.0000000000,-1.0000000000,0.0000000000,-1,0.9130000000,33.0000000000,0.0000000000,0.0000000000
18,25,0.0000000100,3,50,40,200,47.6700000000,145,97.3000000000,47.7000000000,0.0000000000,97.3000000000,97.3000000000,0.0000000000,0.0000000000,-1.0000000000,0.0000000000,-1,0.1720000000,33.0000000000,0.0000000000,0.0000000000
18,125,0.0000000100,3,50,40,200,47.6700000000,145,97.3000000000,47.7000000000,0.0000000000,97.3000000000,97.3000000000,0.0000000000,0.0000000000,-1.0000000000,0.0000000000,-1,0.9520000000,29.0000000000,0.0000000000,0.0000000000
18,225,0.0000000100,3,50,40,200,47.6700000000,145,97.3000000000,47.7000000000,0.0000000000,97.3000000000,97.3000000000,0.0000000000,0.0000000000,-1.0000000000,0.0000000000,-1,1.8220000000,28.0000000000,0.0000000000,0.0000000000
18,275,0.0000000100,3,50,40,200,47.6700000000,145,97.3000000000,47.7000000000,0.0000000000,97.3000000000,97.3000000000,0.0000000000,0.0000000000,-1.0000000000,0.0000000000,-1,2.3850000000,26.0000000000,0.0000000000,0.0000000000
18,325,0.0000000100,3,50,40,200,47.6700000000,145,97.3000000000,47.7000000000,0.0000000000,97.3000000000,97.3000000000,0.0000000000,0.0000000000,-1.0000000000,0.0000000000,-1,2.7920000000,24.0000000000,0.0000000000,0.0000000000
12,175,0.0000000100,3,40,40,200,47.6700000000,145,97.3000000000,47.7000000000,0.0000000000,97.3000000000,97.3000000000,0.0000000000,0.0000000000,30.0000000000,315.9000000000,100,1.8060000000,33.0000000000,0.0000000000,0.0000000000
15,175,0.0000000100,3,40,40,200,47.6700000000,145,97.3000000000,47.7000000000,0.0000000000,97.3000000000,97.3000000000,0.0000000000,0.0000000000,30.0000000000,315.9000000000,100,1.6000000000,29.0000000000,0.0000000000,0.0000000000
24,175,0.0000000100,3,40,40,200,47.6700000000,145,97.3000000000,47.7000000000,0.0000000000,97.3000000000,97.3000000000,0.0000000000,0.0000000000,30.0000000000,315.9000000000,100,0.9130000000,33.0000000000,0.0000000000,0.0000000000
18,25,0.0000000100,3,40,40,200,47.6700000000,145,97.3000000000,47.7000000000,0.0000000000,97.3000000000,97.3000000000,0.0000000000,0.0000000000,30.0000000000,315.9000000000,100,0.1720000000,33.0000000000,0.0000000000,0.0000000000
18,75,0.0000000100,3,40,40,200,47.6700000000,145,97.3000000000,47.7000000000,0.0000000000,97.3000000000,97.3000000000,0.0000000000,0.0000000000,30.0000000000,315.9000000000,100,0.5710000000,29.0000000000,0.0000000000,0.0000000000
18,125,0.0000000100,3,40,40,200,47.6700000000,145,97.3000000000,47.7000000000,0.0000000000,97.3000000000,97.3000000000,0.0000000000,0.0000000000,30.0000000000,315.9000000000,100,0.9520000000,29.0000000000,0.0000000000,0.0000000000
18,225,0.0000000100,3,40,40,200,47.6700000000,145,97.3000000000,47.7000000000,0.0000000000,97.3000000000,97.3000000000,0.0000000000,0.0000000000,30.0000000000,315.9000000000,100,1.8220000000,28.0000000000,0.0000000000,0.0000000000
18,275,0.0000000100,3,40,40,200,47.6700000000,145,97.3000000000,47.7000000000,0.0000000000,97.3000000000,97.3000000000,0.0000000000,0.0000000000,30.0000000000,315.9000000000,100,2.3850000000,26.0000000000,0.0000000000,0.0000000000
18,325,0.0000000100,3,40,40,200,47.6700000000,145,97.3000000000,47.7000000000,0.0000000000,97.3000000000,97.3000000000,0.0000000000,0.0000000000,30.0000000000,315.9000000000,100,2.7920000000,24.0000000000,0.0000000000,0.0000000000
12,175,0.0000000100,3,40,40,200,47.6700000000,145,97.3000000000,47.7000000000,0.0000000000,97.3000000000,97.3000000000,0.0000000000,0.0000000000,200.0000000000,480.5000000000,100,1.8060000000,33.0000000000,0.0000000000,0.0000000000
15,175,0.0000000100,3,40,40,200,47.6700000000,145,97.3000000000,47.7000000000,0.0000000000,97.3000000000,97.3000000000,0.0000000000,0.0000000000,200.0000000000,480.5000000000,100,1.6000000000,29.0000000000,0.0000000000,0.0000000000
24,175,0.0000000100,3,40,40,200,47.6700000000,145,97.3000000000,47.7000000000,0.0000000000,97.3000000000,97.3000000000,0.0000000000,0.0000000000,200.0000000000,480.5000000000,100,0.9130000000,33.0000000000,0.0000000000,0.0000000000
18,25,0.0000000100,3,40,40,200,47.6700000000,145,97.3000000000,47.7000000000,0.0000000000,97.3000000000,97.3000000000,0.0000000000,0.0000000000,200.0000000000,480.5000000000,100,0.1720000000,33.0000000000,0.0000000000,0.0000000000
18,75,0.0000000100,3,40,40,200,47.6700000000,145,97.3000000000,47.7000000000,0.0000000000,97.3000000000,97.3000000000,0.0000000000,0.0000000000,200.0000000000,480.5000000000,100,0.5710000000,29.0000000000,0.0000000000,0.0000000000
18,125,0.0000000100,3,40,40,200,47.6700000000,145,97.3000000000,47.7000000000,0.0000000000,97.3000000000,97.3000000000,0.0000000000,0.0000000000,200.0000000000,480.5000000000,100,0.9520000000,29.0000000000,0.0000000000,0.0000000000
18,225,0.0000000100,3,40,40,200,47.6700000000,145,97.3000000000,47.7000000000,0.0000000000,97.3000000000,97.3000000000,0.0000000000,0.0000000000,200.0000000000,480.5000000000,100,1.8220000000,28.0000000000,0.0000000000,0.0000000000
18,275,0.0000000100,3,40,40,200,47.6700000000,145,97.3000000000,47.7000000000,0.0000000000,97.3000000000,97.3000000000,0.0000000000,0.0000000000,200.0000000000,480.5000000000,100,2.3850000000,26.0000000000,0.0000000000,0.0000000000
18,325,0.0000000100,3,40,40,200,47.6700000000,145,97.3000000000,47.7000000000,0.0000000000,97.3000000000,97.3000000000,0.0000000000,0.0000000000,200.0000000000,480.5000000000,100,2.7920000000,24.0000000000,0.0000000000,0.0000000000
12,175,0.0000000100,3,40,40,200,47.6700000000,145,97.3000000000,47.7000000000,0.0000000000,97.3000000000,97.3000000000,0.0000000000,0.0000000000,500.0000000000,586.0000000000,100,1.8060000000,33.0000000000,0.0000000000,0.0000000000
15,175,0.0000000100,3,40,40,200,47.6700000000,145,97.3000000000,47.7000000000,0.0000000000,97.3000000000,97.3000000000,0.0000000000,0.0000000000,500.0000000000,586.0000000000,100,1.6000000000,29.0000000000,0.0000000000,0.0000000000
24,175,0.0000000100,3,40,40,200,47.6700000000,145,97.3000000000,47.7000000000,0.0000000000,97.3000000000,97.3000000000,0.0000000000,0.0000000000,500.0000000000,586.0000000000,100,0.9130000000,33.0000000000,0.0000000000,0.0000000000
18,25,0.0000000100,3,40,40,200,47.6700000000,145,97.3000000000,47.7000000000,0.0000000000,97.3000000000,97.3000000000,0.0000000000,0.0000000000,500.0000000000,586.0000000000,100,0.1720000000,33.0000000000,0.0000000000,0.0000000000
18,75,0.0000000100,3,40,40,200,47.6700000000,145,97.3000000000,47.7000000000,0.0000000000,97.3000000000,97.3000000000,0.0000000000,0.0000000000,500.0000000000,586.0000000000,100,0.5710000000,29.0000000000,0.0000000000,0.0000000000
18,125,0.0000000100,3,40,40,200,47.6700000000,145,97.3000000000,47.7000000000,0.0000000000,97.3000000000,97.3000000000,0.0000000000,0.0000000000,500.0000000000,586.0000000000,100,0.9520000000,29.0000000000,0.0000000000,0.0000000000
18,225,0.0000000100,3,40,40,200,47.6700000000,145,97.3000000000,47.7000000000,0.0000000000,97.3000000000,97.3000000000,0.0000000000,0.0000000000,500.0000000000,586.0000000000,100,1.8220000000,28.0000000000,0.0000000000,0.0000000000
18,275,0.0000000100,3,40,40,200,47.6700000000,145,97.3000000000,47.7000000000,0.0000000000,97.3000000000,97.3000000000,0.0000000000,0.0000000000,500.0000000000,586.0000000000,100,2.3850000000,26.0000000000,0.0000000000,0.0000000000
18,325,0.0000000100,3,40,40,200,47.6700000000,145,97.3000000000,47.7000000000,0.0000000000,97.3000000000,97.3000000000,0.0000000000,0.0000000000,500.0000000000,586.0000000000,100,2.7920000000,24.0000000000,0.0000000000,0.0000000000
12,175,0.0000000100,3,40,40,200,47.6700000000,145,97.3000000000,47.7000000000,0.0000000000,97.3000000000,97.3000000000,97.3000000000,0.0000000000,-1.0000000000,0.0000000000,-1,2.3170000000,28.0000000000,97.3000000000,0.0000000000
18,175,0.0000000100,3,40,40,200,47.6700000000,145,97.3000000000,47.7000000000,0.0000000000,97.3000000000,97.3000000000,97.3000000000,0.0000000000,-1.0000000000,0.0000000000,-1,1.3010000000,34.0000000000,97.3000000000,0.0000000000
24,175,0.0000000100,3,40,40,200,47.6700000000,145,97.3000000000,47.7000000000,0.0000000000,97.3000000000,97.3000000000,97.3000000000,0.0000000000,-1.0000000000,0.0000000000,-1,1.0790000000,30.0000000000,97.3000000000,0.0000000000
18,75,0.0000000100,3,40,40,200,47.6700000000,145,97.3000000000,47.7000000000,0.0000000000,97.3000000000,97.3000000000,97.3000000000,0.0000000000,-1.0000000000,0.0000000000,-1,0.5520000000,34.0000000000,97.3000000000,0.0000000000
18,125,0.0000000100,3,40,40,200,47.6700000000,145,97.3000000000,47.7000000000,0.0000000000,97.3000000000,97.3000000000,97.3000000000,0.0000000000,-1.0000000000,0.0000000000,-1,1.0420000000,30.0000000000,97.3000000000,0.0000000000
18,225,0.0000000100,3,40,40,200,47.6700000000,145,97.3000000000,47.7000000000,0.0000000000,97.3000000000,97.3000000000,97.3000000000,0.0000000000,-1.0000000000,0.0000000000,-1,1.9280000000,28.0000000000,97.3000000000,0.0000000000
18,275,0.0000000100,3,40,40,200,47.6700000000,145,97.3000000000,47.7000000000,0.0000000000,97.3000000000,97.3000000000,97.3000000000,0.0000000000,-1.0000000000,0.0000000000,-1,2.5920000000,26.0000000000,97.3000000000,0.0000000000
18,325,0.0000000100,3,40,40,200,47.6700000000,145,97.3000000000,47.7000000000,0.0000000000,97.3000000000,97.3000000000,97.3000000000,0.0000000000,-1.0000000000,0.0000000000,-1,3.0640000000,26.0000000000,97.3000000000,0.0000000000
12,175,0.0000000100,3,40,40,200,47.6700000000,145,97.3000000000,47.7000000000,0.0000000000,97.3000000000,97.3000000000,97.3000000000,0.0000000000,30.0000000000,315.9000000000,100,2.5110000000,26.0000000000,97.3000000000,0.0000000000
18,175,0.0000000100,3,40,40,200,47.6700000000,145,97.3000000000,47.7000000000,0.0000000000,97.3000000000,97.3000000000,97.3000000000,0.0000000000,30.0000000000,315.9000000000,100,1.2890000000,34.0000000000,97.3000000000,0.0000000000
24,175,0.0000000100,3,40,40,200,47.6700000000,145,97.3000000000,47.7000000000,0.0000000000,97.3000000000,97.3000000000,97.3000000000,0.0000000000,30.0000000000,315.9000000000,100,1.2120000000,28.0000000000,97.3000000000,0.0000000000
18,75,0.0000000100,3,40,40,200,47.6700000000,145,97.3000000000,47.7000000000,0.0000000000,97.3000000000,97.3000000000,97.3000000000,0.0000000000,30.0000000000,315.9000000000,100,0.5480000000,34.0000000000,97.3000000000,0.0000000000
18,125,0.0000000100,3,40,40,200,47.6700000000,145,97.3000000000,47.7000000000,0.0000000000,97.3000000000,97.3000000000,97.3000000000,0.0000000000,30.0000000000,315.9000000000,100,1.1690000000,28.0000000000,97.3000000000,0.0000000000
18,225,0.0000000100,3,40,40,200,47.6700000000,145,97.3000000000,47.7000000000,0.0000000000,97.3000000000,97.3000000000,97.3000000000,0.0000000000,30.0000000000,315.9000000000,100,2.1040000000,28.0000000000,97.3000000000,0.0000000000
18,275,0.0000000100,3,40,40,200,47.6700000000,145,97.3000000000,47.7000000000,0.0000000000,97.3000000000,97.3000000000,97.3000000000,0.0000000000,30.0000000000,315.9000000000,100,2.5670000000,27.0000000000,97.3000000000,0.0000000000
18,325,0.0000000100,3,40,40,200,47.6700000000,145,97.3000000000,47.7000000000,0.0000000000,97.3000000000,97.3000000000,97.3000000000,0.0000000000,30.0000000000,315.9000000000,100,3.0340000000,27.0000000000,97.3000000000,0.0000000000
12,175,0.0000000100,3,40,40,200,47.6700000000,145,97.3000000000,47.7000000000,0.0000000000,97.3000000000,97.3000000000,97.3000000000,0.0000000000,200.0000000000,480.5000000000,100,2.5110000000,26.0000000000,97.3000000000,0.0000000000
18,175,0.0000000100,3,40,40,200,47.6700000000,145,97.3000000000,47.7000000000,0.0000000000,97.3000000000,97.3000000000,97.3000000000,0.0000000000,200.0000000000,480.5000000000,100,1.2890000000,34.0000000000,97.3000000000,0.0000000000
24,175,0.0000000100,3,40,40,200,47.6700000000,145,97.3000000000,47.7000000000,0.0000000000,97.3000000000,97.3000000000,97.3000000000,0.0000000000,200.0000000000,480.5000000000,100,1.2120000000,28.0000000000,97.3000000000,0.0000000000
18,75,0.0000000100,3,40,40,200,47.6700000000,145,97.3000000000,47.7000000000,0.0000000000,97.3000000000,97.3000000000,97.3000000000,0.0000000000,200.0000000000,480.5000000000,100,0.5480000000,34.0000000000,97.3000000000,0.0000000000
18,125,0.0000000100,3,40,40,200,47.6700000000,145,97.3000000000,47.7000000000,0.0000000000,97.3000000000,97.3000000000,97.3000000000,0.0000000000,200.0000000000,480.5000000000,100,1.1690000000,28.0000000000,97.3000000000,0.0000000000
18,225,0.0000000100,3,40,40,200,47.6700000000,145,97.3000000000,47.7000000000,0.0000000000,97.3000000000,97.3000000000,97.3000000000,0.0000000000,200.0000000000,480.5000000000,100,2.1040000000,28.0000000000,97.3000000000,0.0000000000
18,275,0.0000000100,3,40,40,200,47.6700000000,145,97.3000000000,47.7000000000,0.0000000000,97.3000000000,97.3000000000,97.3000000000,0.0000000000,200.0000000000,480.5000000000,100,2.5670000000,27.0000000000,97.3000000000,0.0000000000
18,325,0.0000000100,3,40,40,200,47.6700000000,145,97.3000000000,47.7000000000,0.0000000000,97.3000000000,97.3000000000,97.3000000000,0.0000000000,200.0000000000,480.5000000000,100,3.0340000000,27.0000000000,97.3000000000,0.0000000000
12,175,0.0000000100,3,40,40,200,47.6700000000,145,97.3000000000,47.7000000000,0.0000000000,97.3000000000,97.3000000000,97.3000000000,0.0000000000,500.0000000000,586.0000000000,100,2.5110000000,26.0000000000,97.3000000000,0.0000000000
18,175,0.0000000100,3,40,40,200,47.6700000000,145,97.3000000000,47.7000000000,0.0000000000,97.3000000000,97.3000000000,97.3000000000,0.0000000000,500.0000000000,586.0000000000,100,1.2890000000,34.0000000000,97.3000000000,0.0000000000
24,175,0.0000000100,3,40,40,200,47.6700000000,145,97.3000000000,47.7000000000,0.0000000000,97.3000000000,97.3000000000,97.3000000000,0.0000000000,500.0000000000,586.0000000000,100,1.2120000000,28.0000000000,97.3000000000,0.0000000000
18,75,0.0000000100,3,40,40,200,47.6700000000,145,97.3000000000,47.7000000000,0.0000000000,97.3000000000,97.3000000000,97.3000000000,0.0000000000,500.0000000000,586.0000000000,100,0.5480000000,34.0000000000,97.3000000000,0.0000000000
18,125,0.0000000100,3,40,40,200,47.6700000000,145,97.3000000000,47.7000000000,0.0000000000,97.3000000000,97.3000000000,97.3000000000,0.0000000000,500.0000000000,586.0000000000,100,1.1690000000,28.0000000000,97.3000000000,0.0000000000
18,225,0.0000000100,3,40,40,200,47.6700000000,145,97.3000000000,47.7000000000,0.0000000000,97.3000000000,97.3000000000,97.3000000000,0.0000000000,500.0000000000,586.0000000000,100,2.1040000000,28.0000000000,97.3000000000,0.0000000000
18,275,0.0000000100,3,40,40,200,47.6700000000,145,97.3000000000,47.7000000000,0.0000000000,97.3000000000,97.3000000000,97.3000000000,0.0000000000,500.0000000000,586.0000000000,100,2.5670000000,27.0000000000,97.3000000000,0.0000000000
18,325,0.0000000100,3,40,40,200,47.6700000000,145,97.3000000000,47.7000000000,0.0000000000,97.3000000000,97.3000000000,97.3000000000,0.0000000000,500.0000000000,586.0000000000,100,3.0340000000,27.0000000000,97.3000000000,0.0000000000
12,175,0.0000000100,3,40,40,200,47.6700000000,145,97.3000000000,47.7000000000,0.0000000000,97.3000000000,97.3000000000,31.8300000000,0.0000000000,-1.0000000000,0.0000000000,-1,1.9640000000,33.0000000000,31.8300000000,0.0000000000
15,175,0.0000000100,3,40,40,200,47.6700000000,145,97.3000000000,47.7000000000,0.0000000000,97.3000000000,97.3000000000,31.8300000000,0.0000000000,-1.0000000000,0.0000000000,-1,1.5480000000,33.0000000000,31.8300000000,0.0000000000
18,175,0.0000000100,3,40,40,200,47.6700000000,145,97.3000000000,47.7000000000,0.0000000000,97.3000000000,97.3000000000,31.8300000000,0.0000000000,-1.0000000000,0.0000000000,-1,1.2770000000,33.0000000000,31.8300000000,0.0000000000
21,175,0.0000000100,3,40,40,200,47.6700000000,145,97.3000000000,47.7000000000,0.0000000000,97.3000000000,97.3000000000,31.8300000000,0.0000000000,-1.0000000000,0.0000000000,-1,1.0870000000,33.0000000000,31.8300000000,0.0000000000
18,25,0.0000000100,3,40,40,200,47.6700000000,145,97.3000000000,47.7000000000,0.0000000000,97.3000000000,97.3000000000,31.8300000000,0.0000000000,-1.0000000000,0.0000000000,-1,0.1780000000,33.0000000000,31.8300000000,0.0000000000
18,75,0.0000000100,3,40,40,200,47.6700000000,145,97.3000000000,47.7000000000,0.0000000000,97.3000000000,97.3000000000,31.8300000000,0.0000000000,-1.0000000000,0.0000000000,-1,0.5480000000,33.0000000000,31.8300000000,0.0000000000
18,125,0.0000000100,3,40,40,200,47.6700000000,145,97.3000000000,47.7000000000,0.0000000000,97.3000000000,97.3000000000,31.8300000000,0.0000000000,-1.0000000000,0.0000000000,-1,0.9190000000,33.0000000000,31.8300000000,0.0000000000
18,225,0.0000000100,3,40,40,200,47.6700000000,145,97.3000000000,47.7000000000,0.0000000000,97.3000000000,97.3000000000,31.8300000000,0.0000000000,-1.0000000000,0.0000000000,-1,1.6420000000,33.0000000000,31.8300000000,0.0000000000
18,275,0.0000000100,3,40,40,200,47.6700000000,145,97.3000000000,47.7000000000,0.0000000000,97.3000000000,97.3000000000,31.8300000000,0.0000000000,-1.0000000000,0.0000000000,-1,2.3490000000,28.0000000000,31.8300000000,0.0000000000
12,175,0.0000000100,3,40,40,200,47.6700000000,145,97.3000000000,47.7000000000,0.0000000000,97.3000000000,97.3000000000,31.8300000000,0.0000000000,30.0000000000,315.9000000000,100,2.7380000000,21.0000000000,31.8300000000,0.0000000000
15,175,0.0000000100,3,40,40,200,47.6700000000,145,97.3000000000,47.7000000000,0.0000000000,97.3000000000,97.3000000000,31.8300000000,0.0000000000,30.0000000000,315.9000000000,100,1.5340000000,33.0000000000,31.8300000000,0.0000000000
18,175,0.0000000100,3,40,40,200,47.6700000000,145,97.3000000000,47.7000000000,0.0000000000,97.3000000000,97.3000000000,31.8300000000,0.0000000000,30.0000000000,315.9000000000,100,1.2680000000,33.0000000000,31.8300000000,0.0000000000
21,175,0.0000000100,3,40,40,200,47.6700000000,145,97.3000000000,47.7000000000,0.0000000000,97.3000000000,97.3000000000,31.8300000000,0.0000000000,30.0000000000,315.9000000000,100,1.0800000000,33.0000000000,31.8300000000,0.0000000000
18,25,0.0000000100,3,40,40,200,47.6700000000,145,97.3000000000,47.7000000000,0.0000000000,97.3000000000,97.3000000000,31.8300000000,0.0000000000,30.0000000000,315.9000000000,100,0.1770000000,33.0000000000,31.8300000000,0.0000000000
18,75,0.0000000100,3,40,40,200,47.6700000000,145,97.3000000000,47.7000000000,0.0000000000,97.3000000000,97.3000000000,31.8300000000,0.0000000000,30.0000000000,315.9000000000,100,0.5430000000,33.0000000000,31.8300000000,0.0000000000
18,125,0.0000000100,3,40,40,200,47.6700000000,145,97.3000000000,47.7000000000,0.0000000000,97.3000000000,97.3000000000,31.8300000000,0.0000000000,30.0000000000,315.9000000000,100,1.0580000000,28.0000000000,31.8300000000,0.0000000000
18,225,0.0000000100,3,40,40,200,47.6700000000,145,97.3000000000,47.7000000000,0.0000000000,97.3000000000,97.3000000000,31.8300000000,0.0000000000,30.0000000000,315.9000000000,100,1.6300000000,33.0000000000,31.8300000000,0.0000000000
18,275,0.0000000100,3,40,40,200,47.6700000000,145,97.3000000000,47.7000000000,0.0000000000,97.3000000000,97.3000000000,31.8300000000,0.0000000000,30.0000000000,315.9000000000,100,2.1780000000,29.0000000000,31.8300000000,0.0000000000
12,175,0.0000000100,3,40,40,200,47.6700000000,145,97.3000000000,47.7000000000,0.0000000000,97.3000000000,97.3000000000,31.8300000000,0.0000000000,200.0000000000,480.5000000000,100,2.7380000000,21.0000000000,31.8300000000,0.0000000000
15,175,0.0000000100,3,40,40,200,47.6700000000,145,97.3000000000,47.7000000000,0.0000000000,97.3000000000,97.3000000000,31.8300000000,0.0000000000,200.0000000000,480.5000000000,100,1.5340000000,33.0000000000,31.8300000000,0.0000000000
18,175,0.0000000100,3,40,40,200,47.6700000000,145,97.3000000000,47.7000000000,0.0000000000,97.3000000000,97.3000000000,31.8300000000,0.0000000000,200.0000000000,480.5000000000,100,1.2680000000,33.0000000000,31.8300000000,0.0000000000
21,175,0.0000000100,3,40,40,200,47.6700000000,145,97.3000000000,47.7000000000,0.0000000000,97.3000000000,97.3000000000,31.8300000000,0.0000000000,200.0000000000,480.5000000000,100,1.0800000000,33.0000000000,31.8300000000,0.0000000000
18,25,0.0000000100,3,40,40,200,47.6700000000,145,97.3000000000,47.7000000000,0.0000000000,97.3000000000,97.3000000000,31.8300000000,0.0000000000,200.0000000000,480.5000000000,100,0.1770000000,33.0000000000,31.8300000000,0.0000000000
18,75,0.0000000100,3,40,40,200,47.6700000000,145,97.3000000000,47.7000000000,0.0000000000,97.3000000000,97.3000000000,31.8300000000,0.0000000000,200.0000000000,480.5000000000,100,0.5430000000,33.0000000000,31.8300000000,0.0000000000
18,125,0.0000000100,3,40,40,200,47.6700000000,145,97.3000000000,47.7000000000,0.0000000000,97.3000000000,97.3000000000,31.8300000000,0.0000000000,200.0000000000,480.5000000000,100,1.0580000000,28.0000000000,31.8300000000,0.0000000000
18,225,0.0000000100,3,40,40,200,47.6700000000,145,97.3000000000,47.7000000000,0.0000000000,97.3000000000,97.3000000000,31.8300000000,0.0000000000,200.0000000000,480.5000000000,100,1.6300000000,33.0000000000,31.8300000000,0.0000000000
18,275,0.0000000100,3,40,40,200,47.6700000000,145,97.3000000000,47.7000000000,0.0000000000,97.3000000000,97.3000000000,31.8300000000,0.0000000000,200.0000000000,480.5000000000,100,2.1780000000,29.0000000000,31.8300000000,0.0000000000
12,175,0.0000000100,3,40,40,200,47.6700000000,145,97.3000000000,47.7000000000,0.0000000000,97.3000000000,97.3000000000,31.8300000000,0.0000000000,500.0000000000,586.0000000000,100,2.7380000000,21.0000000000,31.8300000000,0.0000000000
15,175,0.0000000100,3,40,40,200,47.6700000000,145,97.3000000000,47.7000000000,0.0000000000,97.3000000000,97.3000000000,31.8300000000,0.0000000000,500.0000000000,586.0000000000,100,1.5340000000,33.0000000000,31.8300000000,0.0000000000
18,175,0.0000000100,3,40,40,200,47.6700000000,145,97.3000000000,47.7000000000,0.0000000000,97.3000000000,97.3000000000,31.8300000000,0.0000000000,500.0000000000,586.0000000000,100,1.2680000000,33.0000000000,31.8300000000,0.0000000000
21,175,0.0000000100,3,40,40,200,47.6700000000,145,97.3000000000,47.7000000000,0.0000000000,97.3000000000,97.3000000000,31.8300000000,0.0000000000,500.0000000000,586.0000000000,100,1.0800000000,33.0000000000,31.8300000000,0.0000000000
18,25,0.0000000100,3,40,40,200,47.6700000000,145,97.3000000000,47.7000000000,0.0000000000,97.3000000000,97.3000000000,31.8300000000,0.0000000000,500.0000000000,586.0000000000,100,0.1770000000,33.0000000000,31.8300000000,0.0000000000
18,75,0.0000000100,3,40,40,200,47.6700000000,145,97.3000000000,47.7000000000,0.0000000000,97.3000000000,97.3000000000,31.8300000000,0.0000000000,500.0000000000,586.0000000000,100,0.5430000000,33.0000000000,31.8300000000,0.0000000000
18,125,0.0000000100,3,40,40,200,47.6700000000,145,97.3000000000,47.7000000000,0.0000000000,97.3000000000,97.3000000000,31.8300000000,0.0000000000,500.0000000000,586.0000000000,100,1.0580000000,28.0000000000,31.8300000000,0.0000000000
18,225,0.0000000100,3,40,40,200,47.6700000000,145,97.3000000000,47.7000000000,0.0000000000,97.3000000000,97.3000000000,31.8300000000,0.0000000000,500.0000000000,586.0000000000,100,1.6300000000,33.0000000000,31.8300000000,0.0000000000
18,275,0.0000000100,3,40,40,200,47.6700000000,145,97.3000000000,47.7000000000,0.0000000000,97.3000000000,97.3000000000,31.8300000000,0.0000000000,500.0000000000,586.0000000000,100,2.1780000000,29.0000000000,31.8300000000,0.0000000000
12,175,0.0000000100,3,50,80,400,95.3402874075,290,194.6597125925,261.0000000000,165.6597125925,29.0000000000,29.0000000000,0.0000000000,0.0000000000,-1.0000000000,0.0000000000,-1,0.9370000000,93.0000000000,0.0000000000,0.0000000000
15,175,0.0000000100,3,50,80,400,95.3402874075,290,194.6597125925,261.0000000000,165.6597125925,29.0000000000,29.0000000000,0.0000000000,0.0000000000,-1.0000000000,0.0000000000,-1,0.7490000000,93.0000000000,0.0000000000,0.0000000000
18,175,0.0000000100,3,50,80,400,95.3402874075,290,194.6597125925,261.0000000000,165.6597125925,29.0000000000,29.0000000000,0.0000000000,0.0000000000,-1.0000000000,0.0000000000,-1,0.6240000000,93.0000000000,0.0000000000,0.0000000000
24,175,0.0000000100,3,50,80,400,95.3402874075,290,194.6597125925,261.0000000000,165.6597125925,29.0000000000,29.0000000000,0.0000000000,0.0000000000,-1.0000000000,0.0000000000,-1,0.4680000000,93.0000000000,0.0000000000,0.0000000000
18,25,0.0000000100,3,50,80,400,95.3402874075,290,194.6597125925,261.0000000000,165.6597125925,29.0000000000,29.0000000000,0.0000000000,0.0000000000,-1.0000000000,0.0000000000,-1,0.1060000000,93.0000000000,0.0000000000,0.0000000000
18,125,0.0000000100,3,50,80,400,95.3402874075,290,194.6597125925,261.0000000000,165.6597125925,29.0000000000,29.0000000000,0.0000000000,0.0000000000,-1.0000000000,0.0000000000,-1,0.4460000000,93.0000000000,0.0000000000,0.0000000000
18,225,0.0000000100,3,50,80,400,95.3402874075,290,194.6597125925,261.0000000000,165.6597125925,29.0000000000,29.0000000000,0.0000000000,0.0000000000,-1.0000000000,0.0000000000,-1,0.8030000000,93.0000000000,0.0000000000,0.0000000000
18,325,0.0000000100,3,50,80,400,95.3402874075,290,194.6597125925,261.0000000000,165.6597125925,29.0000000000,29.0000000000,0.0000000000,0.0000000000,-1.0000000000,0.0000000000,-1,1.1590000000,93.0000000000,0.0000000000,0.0000000000
12,175,0.0000000100,3,50,80,400,95.3402874075,290,194.6597125925,261.0000000000,165.6597125925,29.0000000000,29.0000000000,0.0000000000,0.0000000000,30.0000000000,315.9000000000,100,0.9370000000,93.0000000000,0.0000000000,0.0000000000
15,175,0.0000000100,3,50,80,400,95.3402874075,290,194.6597125925,261.0000000000,165.6597125925,29.0000000000,29.0000000000,0.0000000000,0.0000000000,30.0000000000,315.9000000000,100,0.7490000000,93.0000000000,0.0000000000,0.0000000000
18,175,0.0000000100,3,50,80,400,95.3402874075,290,194.6597125925,261.0000000000,165.6597125925,29.0000000000,29.0000000000,0.0000000000,0.0000000000,30.0000000000,315.9000000000,100,0.6240000000,93.0000000000,0.0000000000,0.0000000000
24,175,0.0000000100,3,50,80,400,95.3402874075,290,194.6597125925,261.0000000000,165.6597125925,29.0000000000,29.0000000000,0.0000000000,0.0000000000,30.0000000000,315.9000000000,100,0.4680000000,93.0000000000,0.0000000000,0.0000000000
18,25,0.0000000100,3,50,80,400,95.3402874075,290,194.6597125925,261.0000000000,165.6597125925,29.0000000000,29.0000000000,0.0000000000,0.0000000000,30.0000000000,315.9000000000,100,0.1060000000,93.0000000000,0.0000000000,0.0000000000
18,125,0.0000000100,3,50,80,400,95.3402874075,290,194.6597125925,261.0000000000,165.6597125925,29.0000000000,29.0000000000,0.0000000000,0.0000000000,30.0000000000,315.9000000000,100,0.4460000000,93.0000000000,0.0000000000,0.0000000000
18,225,0.0000000100,3,50,80,400,95.3402874075,290,194.6597125925,261.0000000000,165.6597125925,29.0000000000,29.0000000000,0.0000000000,0.0000000000,30.0000000000,315.9000000000,100,0.8030000000,93.0000000000,0.0000000000,0.0000000000
18,325,0.0000000100,3,50,80,400,95.3402874075,290,194.6597125925,261.0000000000,165.6597125925,29.0000000000,29.0000000000,0.0000000000,0.0000000000,30.0000000000,315.9000000000,100,1.1590000000,93.0000000000,0.0000000000,0.0000000000
12,175,0.0000000100,3,50,80,400,95.3402874075,290,194.6597125925,261.0000000000,165.6597125925,29.0000000000,29.0000000000,0.0000000000,0.0000000000,200.0000000000,480.5000000000,100,0.9370000000,93.0000000000,0.0000000000,0.0000000000
15,175,0.0000000100,3,50,80,400,95.3402874075,290,194.6597125925,261.0000000000,165.6597125925,29.0000000000,29.0000000000,0.0000000000,0.0000000000,200.0000000000,480.5000000000,100,0.7490000000,93.0000000000,0.0000000000,0.0000000000
18,175,0.0000000100,3,50,80,400,95.3402874075,290,194.6597125925,261.0000000000,165.6597125925,29.0000000000,29.0000000000,0.0000000000,0.0000000000,200.0000000000,480.5000000000,100,0.6240000000,93.0000000000,0.0000000000,0.0000000000
24,175,0.0000000100,3,50,80,400,95.3402874075,290,194.6597125925,261.0000000000,165.6597125925,29.0000000000,29.0000000000,0.0000000000,0.0000000000,200.0000000000,480.5000000000,100,0.4680000000,93.0000000000,0.0000000000,0.0000000000
18,25,0.0000000100,3,50,80,400,95.3402874075,290,194.6597125925,261.0000000000,165.6597125925,29.0000000000,29.0000000000,0.0000000000,0.0000000000,200.0000000000,480.5000000000,100,0.1060000000,93.0000000000,0.0000000000,0.0000000000
18,125,0.0000000100,3,50,80,400,95.3402874075,290,194.6597125925,261.0000000000,165.6597125925,29.0000000000,29.0000000000,0.0000000000,0.0000000000,200.0000000000,480.5000000000,100,0.4460000000,93.0000000000,0.0000000000,0.0000000000
18,225,0.0000000100,3,50,80,400,95.3402874075,290,194.6597125925,261.0000000000,165.6597125925,29.0000000000,29.0000000000,0.0000000000,0.0000000000,200.0000000000,480.5000000000,100,0.8030000000,93.0000000000,0.0000000000,0.0000000000
18,325,0.0000000100,3,50,80,400,95.3402874075,290,194.6597125925,261.0000000000,165.6597125925,29.0000000000,29.0000000000,0.0000000000,0.0000000000,200.0000000000,480.5000000000,100,1.1590000000,93.0000000000,0.0000000000,0.0000000000
12,175,0.0000000100,3,50,80,400,95.3402874075,290,194.6597125925,261.0000000000,165.6597125925,29.0000000000,29.0000000000,0.0000000000,0.0000000000,500.0000000000,586.0000000000,100,0.9370000000,93.0000000000,0.0000000000,0.0000000000
15,175,0.0000000100,3,50,80,400,95.3402874075,290,194.6597125925,261.0000000000,165.6597125925,29.0000000000,29.0000000000,0.0000000000,0.0000000000,500.0000000000,586.0000000000,100,0.7490000000,93.0000000000,0.0000000000,0.0000000000
18,175,0.0000000100,3,50,80,400,95.3402874075,290,194.6597125925,261.0000000000,165.6597125925,29.0000000000,29.0000000000,0.0000000000,0.0000000000,500.0000000000,586.0000000000,100,0.6240000000,93.0000000000,0.0000000000,0.0000000000
24,175,0.0000000100,3,50,80,400,95.3402874075,290,194.6597125925,261.0000000000,165.6597125925,29.0000000000,29.0000000000,0.0000000000,0.0000000000,500.0000000000,586.0000000000,100,0.4680000000,93.0000000000,0.0000000000,0.0000000000
18,25,0.0000000100,3,50,80,400,95.3402874075,290,194.6597125925,261.0000000000,165.6597125925,29.0000000000,29.0000000000,0.0000000000,0.0000000000,500.0000000000,586.0000000000,100,0.1060000000,93.0000000000,0.0000000000,0.0000000000
18,125,0.0000000100,3,50,80,400,95.3402874075,290,194.6597125925,261.0000000000,165.6597125925,29.0000000000,29.0000000000,0.0000000000,0.0000000000,500.0000000000,586.0000000000,100,0.4460000000,93.0000000000,0.0000000000,0.0000000000
18,225,0.0000000100,3,50,80,400,95.3402874075,290,194.6597125925,261.0000000000,165.6597125925,29.0000000000,29.0000000000,0.0000000000,0.0000000000,500.0000000000,586.0000000000,100,0.8030000000,93.0000000000,0.0000000000,0.0000000000
18,325,0.0000000100,3,50,80,400,95.3402874075,290,194.6597125925,261.0000000000,165.6597125925,29.0000000000,29.0000000000,0.0000000000,0.0000000000,500.0000000000,586.0000000000,100,1.1590000000,93.0000000000,0.0000000000,0.0000000000
18,175,0.0000000100,3,50,80,400,95.3402874075,290,194.6597125925,261.0000000000,165.6597125925,29.0000000000,29.0000000000,261.0000000000,165.6597125925,-1.0000000000,0.0000000000,-1,0.6500000000,42.0000000000,261.0000000000,165.6597125925
21,175,0.0000000100,3,50,80,400,95.3402874075,290,194.6597125925,261.0000000000,165.6597125925,29.0000000000,29.0000000000,261.0000000000,165.6597125925,-1.0000000000,0.0000000000,-1,0.5530000000,68.0000000000,261.0000000000,165.6597125925
24,175,0.0000000100,3,50,80,400,95.3402874075,290,194.6597125925,261.0000000000,165.6597125925,29.0000000000,29.0000000000,261.0000000000,165.6597125925,-1.0000000000,0.0000000000,-1,0.4880000000,68.0000000000,261.0000000000,165.6597125925
18,25,0.0000000100,3,50,80,400,95.3402874075,290,194.6597125925,261.0000000000,165.6597125925,29.0000000000,29.0000000000,261.0000000000,165.6597125925,-1.0000000000,0.0000000000,-1,0.1050000000,63.0000000000,261.0000000000,165.6597125925
18,75,0.0000000100,3,50,80,400,95.3402874075,290,194.6597125925,261.0000000000,165.6597125925,29.0000000000,29.0000000000,261.0000000000,165.6597125925,-1.0000000000,0.0000000000,-1,0.2790000000,68.0000000000,261.0000000000,165.6597125925
18,125,0.0000000100,3,50,80,400,95.3402874075,290,194.6597125925,261.0000000000,165.6597125925,29.0000000000,29.0000000000,261.0000000000,165.6597125925,-1.0000000000,0.0000000000,-1,0.4650000000,68.0000000000,261.0000000000,165.6597125925
18,275,0.0000000100,3,50,80,400,95.3402874075,290,194.6597125925,261.0000000000,165.6597125925,29.0000000000,29.0000000000,261.0000000000,165.6597125925,-1.0000000000,0.0000000000,-1,1.0380000000,68.0000000000,261.0000000000,165.6597125925
18,325,0.0000000100,3,50,80,400,95.3402874075,290,194.6597125925,261.0000000000,165.6597125925,29.0000000000,29.0000000000,261.0000000000,165.6597125925,-1.0000000000,0.0000000000,-1,1.2080000000,68.0000000000,261.0000000000,165.6597125925
18,175,0.0000000100,3,50,80,400,95.3402874075,290,194.6597125925,261.0000000000,165.6597125925,29.0000000000,29.0000000000,261.0000000000,165.6597125925,30.0000000000,315.9000000000,100,0.6470000000,42.0000000000,261.0000000000,165.6597125925
21,175,0.0000000100,3,50,80,400,95.3402874075,290,194.6597125925,261.0000000000,165.6597125925,29.0000000000,29.0000000000,261.0000000000,165.6597125925,30.0000000000,315.9000000000,100,0.5510000000,68.0000000000,261.0000000000,165.6597125925
24,175,0.0000000100,3,50,80,400,95.3402874075,290,194.6597125925,261.0000000000,165.6597125925,29.0000000000,29.0000000000,261.0000000000,165.6597125925,30.0000000000,315.9000000000,100,0.4870000000,68.0000000000,261.0000000000,165.6597125925
18,25,0.0000000100,3,50,80,400,95.3402874075,290,194.6597125925,261.0000000000,165.6597125925,29.0000000000,29.0000000000,261.0000000000,165.6597125925,30.0000000000,315.9000000000,100,0.1070000000,63.0000000000,261.0000000000,165.6597125925
18,75,0.0000000100,3,50,80,400,95.3402874075,290,194.6597125925,261.0000000000,165.6597125925,29.0000000000,29.0000000000,261.0000000000,165.6597125925,30.0000000000,315.9000000000,100,0.2770000000,68.0000000000,261.0000000000,165.6597125925
18,125,0.0000000100,3,50,80,400,95.3402874075,290,194.6597125925,261.0000000000,165.6597125925,29.0000000000,29.0000000000,261.0000000000,165.6597125925,30.0000000000,315.9000000000,100,0.4630000000,68.0000000000,261.0000000000,165.6597125925
18,275,0.0000000100,3,50,80,400,95.3402874075,290,194.6597125925,261.0000000000,165.6597125925,29.0000000000,29.0000000000,261.0000000000,165.6597125925,30.0000000000,315.9000000000,100,1.0350000000,68.0000000000,261.0000000000,165.6597125925
18,325,0.0000000100,3,50,80,400,95.3402874075,290,194.6597125925,261.0000000000,165.6597125925,29.0000000000,29.0000000000,261.0000000000,165.6597125925,30.0000000000,315.9000000000,100,1.2020000000,68.0000000000,261.0000000000,165.6597125925
18,175,0.0000000100,3,50,80,400,95.3402874075,290,194.6597125925,261.0000000000,165.6597125925,29.0000000000,29.0000000000,261.0000000000,165.6597125925,200.0000000000,480.5000000000,100,0.6470000000,42.0000000000,261.0000000000,165.6597125925
21,175,0.0000000100,3,50,80,400,95.3402874075,290,194.6597125925,261.0000000000,165.6597125925,29.0000000000,29.0000000000,261.0000000000,165.6597125925,200.0000000000,480.5000000000,100,0.5510000000,68.0000000000,261.0000000000,165.6597125925
24,175,0.0000000100,3,50,80,400,95.3402874075,290,194.6597125925,261.0000000000,165.6597125925,29.0000000000,29.0000000000,261.0000000000,165.6597125925,200.0000000000,480.5000000000,100,0.4870000000,68.0000000000,261.0000000000,165.6597125925
18,25,0.0000000100,3,50,80,400,95.3402874075,290,194.6597125925,261.0000000000,165.6597125925,29.0000000000,29.0000000000,261.0000000000,165.6597125925,200.0000000000,480.5000000000,100,0.1070000000,63.0000000000,261.0000000000,165.6597125925
18,75,0.0000000100,3,50,80,400,95.3402874075,290,194.6597125925,261.0000000000,165.6597125925,29.0000000000,29.0000000000,261.0000000000,165.6597125925,200.0000000000,480.5000000000,100,0.2770000000,68.0000000000,261.0000000000,165.6597125925
18,125,0.0000000100,3,50,80,400,95.3402874075,290,194.6597125925,261.0000000000,165.6597125925,29.0000000000,29.0000000000,261.0000000000,165.6597125925,200.0000000000,480.5000000000,100,0.4630000000,68.0000000000,261.0000000000,165.6597125925
18,275,0.0000000100,3,50,80,400,95.3402874075,290,194.6597125925,261.0000000000,165.6597125925,29.0000000000,29.0000000000,261.0000000000,165.6597125925,200.0000000000,480.5000000000,100,1.0350000000,68.0000000000,261.0000000000,165.6597125925
18,325,0.0000000100,3,50,80,400,95.3402874075,290,194.6597125925,261.0000000000,165.6597125925,29.0000000000,29.0000000000,261.0000000000,165.6597125925,200.0000000000,480.5000000000,100,1.2020000000,68.0000000000,261.0000000000,165.6597125925
18,175,0.0000000100,3,50,80,400,95.3402874075,290,194.6597125925,261.0000000000,165.6597125925,29.0000000000,29.0000000000,261.0000000000,165.6597125925,500.0000000000,586.0000000000,100,0.6470000000,42.0000000000,261.0000000000,165.6597125925
21,175,0.0000000100,3,50,80,400,95.3402874075,290,194.6597125925,261.0000000000,165.6597125925,29.0000000000,29.0000000000,261.0000000000,165.6597125925,500.0000000000,586.0000000000,100,0.5510000000,68.0000000000,261.0000000000,165.6597125925
24,175,0.0000000100,3,50,80,400,95.3402874075,290,194.6597125925,261.0000000000,165.6597125925,29.0000000000,29.0000000000,261.0000000000,165.6597125925,500.0000000000,586.0000000000,100,0.4870000000,68.0000000000,261.0000000000,165.6597125925
18,25,0.0000000100,3,50,80,400,95.3402874075,290,194.6597125925,261.0000000000,165.6597125925,29.0000000000,29.0000000000,261.0000000000,165.6597125925,500.0000000000,586.0000000000,100,0.1070000000,63.0000000000,261.0000000000,165.6597125925
18,75,0.0000000100,3,50,80,400,95.3402874075,290,194.6597125925,261.0000000000,165.6597125925,29.0000000000,29.0000000000,261.0000000000,165.6597125925,500.0000000000,586.0000000000,100,0.2770000000,68.0000000000,261.0000000000,165.6597125925
18,125,0.0000000100,3,50,80,400,95.3402874075,290,194.6597125925,261.0000000000,165.6597125925,29.0000000000,29.0000000000,261.0000000000,165.6597125925,500.0000000000,586.0000000000,100,0.4630000000,68.0000000000,261.0000000000,165.6597125925
18,275,0.0000000100,3,50,80,400,95.3402874075,290,194.6597125925,261.0000000000,165.6597125925,29.0000000000,29.0000000000,261.0000000000,165.6597125925,500.0000000000,586.0000000000,100,1.0350000000,68.0000000000,261.0000000000,165.6597125925
18,325,0.0000000100,3,50,80,400,95.3402874075,290,194.6597125925,261.0000000000,165.6597125925,29.0000000000,29.0000000000,261.0000000000,165.6597125925,500.0000000000,586.0000000000,100,1.2020000000,68.0000000000,261.0000000000,165.6597125925
12,175,0.0000000100,3,50,80,400,95.3402874075,290,194.6597125925,261.0000000000,165.6597125925,29.0000000000,29.0000000000,63.6700000000,0.0000000000,-1.0000000000,0.0000000000,-1,1.2000000000,94.0000000000,63.6700000000,0.0000000000
15,175,0.0000000100,3,50,80,400,95.3402874075,290,194.6597125925,261.0000000000,165.6597125925,29.0000000000,29.0000000000,63.6700000000,0.0000000000,-1.0000000000,0.0000000000,-1,0.9120000000,94.0000000000,63.6700000000,0.0000000000
18,175,0.0000000100,3,50,80,400,95.3402874075,290,194.6597125925,261.0000000000,165.6597125925,29.0000000000,29.0000000000,63.6700000000,0.0000000000,-1.0000000000,0.0000000000,-1,0.7360000000,94.0000000000,63.6700000000,0.0000000000
24,175,0.0000000100,3,50,80,400,95.3402874075,290,194.6597125925,261.0000000000,165.6597125925,29.0000000000,29.0000000000,63.6700000000,0.0000000000,-1.0000000000,0.0000000000,-1,0.5310000000,94.0000000000,63.6700000000,0.0000000000
18,75,0.0000000100,3,50,80,400,95.3402874075,290,194.6597125925,261.0000000000,165.6597125925,29.0000000000,29.0000000000,63.6700000000,0.0000000000,-1.0000000000,0.0000000000,-1,0.3150000000,94.0000000000,63.6700000000,0.0000000000
18,125,0.0000000100,3,50,80,400,95.3402874075,290,194.6597125925,261.0000000000,165.6597125925,29.0000000000,29.0000000000,63.6700000000,0.0000000000,-1.0000000000,0.0000000000,-1,0.5260000000,94.0000000000,63.6700000000,0.0000000000
18,275,0.0000000100,3,50,80,400,95.3402874075,290,194.6597125925,261.0000000000,165.6597125925,29.0000000000,29.0000000000,63.6700000000,0.0000000000,-1.0000000000,0.0000000000,-1,1.1560000000,94.0000000000,63.6700000000,0.0000000000
12,175,0.0000000100,3,50,80,400,95.3402874075,290,194.6597125925,261.0000000000,165.6597125925,29.0000000000,29.0000000000,63.6700000000,0.0000000000,30.0000000000,315.9000000000,100,1.1910000000,94.0000000000,63.2500000000,0.0000000000
15,175,0.0000000100,3,50,80,400,95.3402874075,290,194.6597125925,261.0000000000,165.6597125925,29.0000000000,29.0000000000,63.6700000000,0.0000000000,30.0000000000,315.9000000000,100,0.9070000000,94.0000000000,63.2500000000,0.0000000000
18,175,0.0000000100,3,50,80,400,95.3402874075,290,194.6597125925,261.0000000000,165.6597125925,29.0000000000,29.0000000000,63.6700000000,0.0000000000,30.0000000000,315.9000000000,100,0.7320000000,94.0000000000,63.2500000000,0.0000000000
24,175,0.0000000100,3,50,80,400,95.3402874075,290,194.6597125925,261.0000000000,165.6597125925,29.0000000000,29.0000000000,63.6700000000,0.0000000000,30.0000000000,315.9000000000,100,0.5290000000,94.0000000000,63.2500000000,0.0000000000
18,75,0.0000000100,3,50,80,400,95.3402874075,290,194.6597125925,261.0000000000,165.6597125925,29.0000000000,29.0000000000,63.6700000000,0.0000000000,30.0000000000,315.9000000000,100,0.3140000000,94.0000000000,63.2500000000,0.0000000000
18,125,0.0000000100,3,50,80,400,95.3402874075,290,194.6597125925,261.0000000000,165.6597125925,29.0000000000,29.0000000000,63.6700000000,0.0000000000,30.0000000000,315.9000000000,100,0.5240000000,94.0000000000,63.2500000000,0.0000000000
18,275,0.0000000100,3,50,80,400,95.3402874075,290,194.6597125925,261.0000000000,165.6597125925,29.0000000000,29.0000000000,63.6700000000,0.0000000000,30.0000000000,315.9000000000,100,1.1510000000,94.0000000000,63.2500000000,0.0000000000
12,175,0.0000000100,3,50,80,400,95.3402874075,290,194.6597125925,261.0000000000,165.6597125925,29.0000000000,29.0000000000,63.6700000000,0.0000000000,200.0000000000,480.5000000000,100,1.1870000000,94.0000000000,63.2500000000,0.0000000000
15,175,0.0000000100,3,50,80,400,95.3402874075,290,194.6597125925,261.0000000000,165.6597125925,29.0000000000,29.0000000000,63.6700000000,0.0000000000,200.0000000000,480.5000000000,100,0.9050000000,94.0000000000,63.2500000000,0.0000000000
18,175,0.0000000100,3,50,80,400,95.3402874075,290,194.6597125925,261.0000000000,165.6597125925,29.0000000000,29.0000000000,63.6700000000,0.0000000000,200.0000000000,480.5000000000,100,0.7310000000,94.0000000000,63.2500000000,0.0000000000
24,175,0.0000000100,3,50,80,400,95.3402874075,290,194.6597125925,261.0000000000,165.6597125925,29.0000000000,29.0000000000,63.6700000000,0.0000000000,200.0000000000,480.5000000000,100,0.5280000000,94.0000000000,63.2500000000,0.0000000000
18,75,0.0000000100,3,50,80,400,95.3402874075,290,194.6597125925,261.0000000000,165.6597125925,29.0000000000,29.0000000000,63.6700000000,0.0000000000,200.0000000000,480.5000000000,100,0.3130000000,94.0000000000,63.2500000000,0.0000000000
18,125,0.0000000100,3,50,80,400,95.3402874075,290,194.6597125925,261.0000000000,165.6597125925,29.0000000000,29.0000000000,63.6700000000,0.0000000000,200.0000000000,480.5000000000,100,0.5230000000,94.0000000000,63.2500000000,0.0000000000
18,275,0.0000000100,3,50,80,400,95.3402874075,290,194.6597125925,261.0000000000,165.6597125925,29.0000000000,29.0000000000,63.6700000000,0.0000000000,200.0000000000,480.5000000000,100,1.1490000000,94.0000000000,63.2500000000,0.0000000000
12,175,0.0000000100,3,50,80,400,95.3402874075,290,194.6597125925,261.0000000000,165.6597125925,29.0000000000,29.0000000000,63.6700000000,0.0000000000,500.0000000000,586.0000000000,100,1.1850000000,94.0000000000,63.2500000000,0.0000000000
15,175,0.0000000100,3,50,80,400,95.3402874075,290,194.6597125925,261.0000000000,165.6597125925,29.0000000000,29.0000000000,63.6700000000,0.0000000000,500.0000000000,586.0000000000,100,0.9030000000,94.0000000000,63.2500000000,0.0000000000
18,175,0.0000000100,3,50,80,400,95.3402874075,290,194.6597125925,261.0000000000,165.6597125925,29.0000000000,29.0000000000,63.6700000000,0.0000000000,500.0000000000,586.0000000000,100,0.7300000000,94.0000000000,63.2500000000,0.0000000000
24,175,0.0000000100,3,50,80,400,95.3402874075,290,194.6597125925,261.0000000000,165.6597125925,29.0000000000,29.0000000000,63.6700000000,0.0000000000,500.0000000000,586.0000000000,100,0.5280000000,94.0000000000,63.2500000000,0.0000000000
18,75,0.0000000100,3,50,80,400,95.3402874075,290,194.6597125925,261.0000000000,165.6597125925,29.0000000000,29.0000000000,63.6700000000,0.0000000000,500.0000000000,586.0000000000,100,0.3130000000,94.0000000000,63.2500000000,0.0000000000
18,125,0.0000000100,3,50,80,400,95.3402874075,290,194.6597125925,261.0000000000,165.6597125925,29.0000000000,29.0000000000,63.6700000000,0.0000000000,500.0000000000,586.0000000000,100,0.5220000000,94.0000000000,63.2500000000,0.0000000000
18,275,0.0000000100,3,50,80,400,95.3402874075,290,194.6597125925,261.0000000000,165.6597125925,29.0000000000,29.0000000000,63.6700000000,0.0000000000,500.0000000000,586.0000000000,100,1.1480000000,94.0000000000,63.2500000000,0.0000000000
12,175,0.0000000100,3,50,80,400,95.3402874075,290,194.6597125925,72.5000000000,48.6649281481,217.5000000000,145.9947844443,0.0000000000,0.0000000000,-1.0000000000,0.0000000000,-1,1.1720000000,56.0000000000,0.0000000000,0.0000000000
15,175,0.0000000100,3,50,80,400,95.3402874075,290,194.6597125925,72.5000000000,48.6649281481,217.5000000000,145.9947844443,0.0000000000,0.0000000000,-1.0000000000,0.0000000000,-1,0.9700000000,47.0000000000,0.0000000000,0.0000000000
18,175,0.0000000100,3,50,80,400,95.3402874075,290,194.6597125925,72.5000000000,48.6649281481,217.5000000000,145.9947844443,0.0000000000,0.0000000000,-1.0000000000,0.0000000000,-1,0.5870000000,47.0000000000,0.0000000000,0.0000000000
21,175,0.0000000100,3,50,80,400,95.3402874075,290,194.6597125925,72.5000000000,48.6649281481,217.5000000000,145.9947844443,0.0000000000,0.0000000000,-1.0000000000,0.0000000000,-1,0.6160000000,47.0000000000,0.0000000000,0.0000000000
24,175,0.0000000100,3,50,80,400,95.3402874075,290,194.6597125925,72.5000000000,48.6649281481,217.5000000000,145.9947844443,0.0000000000,0.0000000000,-1.0000000000,0.0000000000,-1,0.5640000000,47.0000000000,0.0000000000,0.0000000000
18,25,0.0000000100,3,50,80,400,95.3402874075,290,194.6597125925,72.5000000000,48.6649281481,217.5000000000,145.9947844443,0.0000000000,0.0000000000,-1.0000000000,0.0000000000,-1,0.1090000000,55.0000000000,0.0000000000,0.0000000000
18,75,0.0000000100,3,50,80,400,95.3402874075,290,194.6597125925,72.5000000000,48.6649281481,217.5000000000,145.9947844443,0.0000000000,0.0000000000,-1.0000000000,0.0000000000,-1,0.3080000000,50.0000000000,0.0000000000,0.0000000000
18,225,0.0000000100,3,50,80,400,95.3402874075,290,194.6597125925,72.5000000000,48.6649281481,217.5000000000,145.9947844443,0.0000000000,0.0000000000,-1.0000000000,0.0000000000,-1,0.9670000000,47.0000000000,0.0000000000,0.0000000000
18,275,0.0000000100,3,50,80,400,95.3402874075,290,194.6597125925,72.5000000000,48.6649281481,217.5000000000,145.9947844443,0.0000000000,0.0000000000,-1.0000000000,0.0000000000,-1,0.9490000000,47.0000000000,0.0000000000,0.0000000000
12,175,0.0000000100,3,50,80,400,95.3402874075,290,194.6597125925,72.5000000000,48.6649281481,217.5000000000,145.9947844443,0.0000000000,0.0000000000,30.0000000000,315.9000000000,100,1.1720000000,56.0000000000,0.0000000000,0.0000000000
15,175,0.0000000100,3,50,80,400,95.3402874075,290,194.6597125925,72.5000000000,48.6649281481,217.5000000000,145.9947844443,0.0000000000,0.0000000000,30.0000000000,315.9000000000,100,0.9700000000,47.0000000000,0.0000000000,0.0000000000
18,175,0.0000000100,3,50,80,400,95.3402874075,290,194.6597125925,72.5000000000,48.6649281481,217.5000000000,145.9947844443,0.0000000000,0.0000000000,30.0000000000,315.9000000000,100,0.5870000000,47.0000000000,0.0000000000,0.0000000000
21,175,0.0000000100,3,50,80,400,95.3402874075,290,194.6597125925,72.5000000000,48.6649281481,217.5000000000,145.9947844443,0.0000000000,0.0000000000,30.0000000000,315.9000000000,100,0.6160000000,47.0000000000,0.0000000000,0.0000000000
24,175,0.0000000100,3,50,80,400,95.3402874075,290,194.6597125925,72.5000000000,48.6649281481,217.5000000000,145.9947844443,0.0000000000,0.0000000000,30.0000000000,315.9000000000,100,0.5640000000,47.0000000000,0.0000000000,0.0000000000
18,25,0.0000000100,3,50,80,400,95.3402874075,290,194.6597125925,72.5000000000,48.6649281481,217.5000000000,145.9947844443,0.0000000000,0.0000000000,30.0000000000,315.9000000000,100,0.1090000000,55.0000000000,0.0000000000,0.0000000000
18,75,0.0000000100,3,50,80,400,95.3402874075,290,194.6597125925,72.5000000000,48.6649281481,217.5000000000,145.9947844443,0.0000000000,0.0000000000,30.0000000000,315.9000000000,100,0.3080000000,50.0000000000,0.0000000000,0.0000000000
18,225,0.0000000100,3,50,80,400,95.3402874075,290,194.6597125925,72.5000000000,48.6649281481,217.5000000000,145.9947844443,0.0000000000,0.0000000000,30.0000000000,315.9000000000,100,0.9670000000,47.0000000000,0.0000000000,0.0000000000
18,275,0.0000000100,3,50,80,400,95.3402874075,290,194.6597125925,72.5000000000,48.6649281481,217.5000000000,145.9947844443,0.0000000000,0.0000000000,30.0000000000,315.9000000000,100,0.9490000000,47.0000000000,0.0000000000,0.0000000000
12,175,0.0000000100,3,50,80,400,95.3402874075,290,194.6597125925,72.5000000000,48.6649281481,217.5000000000,145.9947844443,0.0000000000,0.0000000000,200.0000000000,480.5000000000,100,1.1720000000,56.0000000000,0.0000000000,0.0000000000
15,175,0.0000000100,3,50,80,400,95.3402874075,290,194.6597125925,72.5000000000,48.6649281481,217.5000000000,145.9947844443,0.0000000000,0.0000000000,200.0000000000,480.5000000000,100,0.9700000000,47.0000000000,0.0000000000,0.0000000000
18,175,0.0000000100,3,50,80,400,95.3402874075,290,194.6597125925,72.5000000000,48.6649281481,217.5000000000,145.9947844443,0.0000000000,0.0000000000,200.0000000000,480.5000000000,100,0.5870000000,47.0000000000,0.0000000000,0.0000000000
21,175,0.0000000100,3,50,80,400,95.3402874075,290,194.6597125925,72.5000000000,48.6649281481,217.5000000000,145.9947844443,0.0000000000,0.0000000000,200.0000000000,480.5000000000,100,0.6160000000,47.0000000000,0.0000000000,0.0000000000
24,175,0.0000000100,3,50,80,400,95.3402874075,290,194.6597125925,72.5000000000,48.6649281481,217.5000000000,145.9947844443,0.0000000000,0.0000000000,200.0000000000,480.5000000000,100,0.5640000000,47.0000000000,0.0000000000,0.0000000000
18,25,0.0000000100,3,50,80,400,95.3402874075,290,194.6597125925,72.5000000000,48.6649281481,217.5000000000,145.9947844443,0.0000000000,0.0000000000,200.0000000000,480.5000000000,100,0.1090000000,55.0000000000,0.0000000000,0.0000000000
18,75,0.0000000100,3,50,80,400,95.3402874075,290,194.6597125925,72.5000000000,48.6649281481,217.5000000000,145.9947844443,0.0000000000,0.0000000000,200.0000000000,480.5000000000,100,0.3080000000,50.0000000000,0.0000000000,0.0000000000
18,225,0.0000000100,3,50,80,400,95.3402874075,290,194.6597125925,72.5000000000,48.6649281481,217.5000000000,145.9947844443,0.0000000000,0.0000000000,200.0000000000,480.5000000000,100,0.9670000000,47.0000000000,0.0000000000,0.0000000000
18,275,0.0000000100,3,50,80,400,95.3402874075,290,194.6597125925,72.5000000000,48.6649281481,217.5000000000,145.9947844443,0.0000000000,0.0000000000,200.0000000000,480.5000000000,100,0.9490000000,47.0000000000,0.0000000000,0.0000000000
12,175,0.0000000100,3,50,80,400,95.3402874075,290,194.6597125925,72.5000000000,48.6649281481,217.5000000000,145.9947844443,0.0000000000,0.0000000000,500.0000000000,586.0000000000,100,1.1720000000,56.0000000000,0.0000000000,0.0000000000
15,175,0.0000000100,3,50,80,400,95.3402874075,290,194.6597125925,72.5000000000,48.6649281481,217.5000000000,145.9947844443,0.0000000000,0.0000000000,500.0000000000,586.0000000000,100,0.9700000000,47.0000000000,0.0000000000,0.0000000000
18,175,0.0000000100,3,50,80,400,95.3402874075,290,194.6597125925,72.5000000000,48.6649281481,217.5000000000,145.9947844443,0.0000000000,0.0000000000,500.0000000000,586.0000000000,100,0.5870000000,47.0000000000,0.0000000000,0.0000000000
21,175,0.0000000100,3,50,80,400,95.3402874075,290,194.6597125925,72.5000000000,48.6649281481,217.5000000000,145.9947844443,0.0000000000,0.0000000000,500.0000000000,586.0000000000,100,0.6160000000,47.0000000000,0.0000000000,0.0000000000
24,175,0.0000000100,3,50,80,400,95.3402874075,290,194.6597125925,72.5000000000,48.6649281481,217.5000000000,145.9947844443,0.0000000000,0.0000000000,500.0000000000,586.0000000000,100,0.5640000000,47.0000000000,0.0000000000,0.0000000000
18,25,0.0000000100,3,50,80,400,95.3402874075,290,194.6597125925,72.5000000000,48.6649281481,217.5000000000,145.9947844443,0.0000000000,0.0000000000,500.0000000000,586.0000000000,100,0.1090000000,55.0000000000,0.0000000000,0.0000000000
18,75,0.0000000100,3,50,80,400,95.3402874075,290,194.6597125925,72.5000000000,48.6649281481,217.5000000000,145.9947844443,0.0000000000,0.0000000000,500.0000000000,586.0000000000,100,0.3080000000,50.0000000000,0.0000000000,0.0000000000
18,225,0.0000000100,3,50,80,400,95.3402874075,290,194.6597125925,72.5000000000,48.6649281481,217.5000000000,145.9947844443,0.0000000000,0.0000000000,500.0000000000,586.0000000000,100,0.9670000000,47.0000000000,0.0000000000,0.0000000000
18,275,0.0000000100,3,50,80,400,95.3402874075,290,194.6597125925,72.5000000000,48.6649281481,217.5000000000,145.9947844443,0.0000000000,0.0000000000,500.0000000000,586.0000000000,100,0.9490000000,47.0000000000,0.0000000000,0.0000000000
12,175,0.0000000100,3,50,80,400,95.3402874075,290,194.6597125925,72.5000000000,48.6649281481,217.5000000000,145.9947844443,72.5000000000,48.6649281481,-1.0000000000,0.0000000000,-1,1.2880000000,56.0000000000,72.5000000000,48.6649281481
15,175,0.0000000100,3,50,80,400,95.3402874075,290,194.6597125925,72.5000000000,48.6649281481,217.5000000000,145.9947844443,72.5000000000,48.6649281481,-1.0000000000,0.0000000000,-1,0.9060000000,47.0000000000,72.5000000000,48.6649281481
18,175,0.0000000100,3,50,80,400,95.3402874075,290,194.6597125925,72.5000000000,48.6649281481,217.5000000000,145.9947844443,72.5000000000,48.6649281481,-1.0000000000,0.0000000000,-1,0.5710000000,47.0000000000,72.5000000000,48.6649281481
21,175,0.0000000100,3,50,80,400,95.3402874075,290,194.6597125925,72.5000000000,48.6649281481,217.5000000000,145.9947844443,72.5000000000,48.6649281481,-1.0000000000,0.0000000000,-1,0.5870000000,47.0000000000,72.5000000000,48.6649281481
18,75,0.0000000100,3,50,80,400,95.3402874075,290,194.6597125925,72.5000000000,48.6649281481,217.5000000000,145.9947844443,72.5000000000,48.6649281481,-1.0000000000,0.0000000000,-1,0.3140000000,50.0000000000,72.5000000000,48.6649281481
18,125,0.0000000100,3,50,80,400,95.3402874075,290,194.6597125925,72.5000000000,48.6649281481,217.5000000000,145.9947844443,72.5000000000,48.6649281481,-1.0000000000,0.0000000000,-1,0.4900000000,57.0000000000,72.5000000000,48.6649281481
18,225,0.0000000100,3,50,80,400,95.3402874075,290,194.6597125925,72.5000000000,48.6649281481,217.5000000000,145.9947844443,72.5000000000,48.6649281481,-1.0000000000,0.0000000000,-1,0.9070000000,47.0000000000,72.5000000000,48.6649281481
18,275,0.0000000100,3,50,80,400,95.3402874075,290,194.6597125925,72.5000000000,48.6649281481,217.5000000000,145.9947844443,72.5000000000,48.6649281481,-1.0000000000,0.0000000000,-1,1.5860000000,47.0000000000,72.5000000000,48.6649281481
12,175,0.0000000100,3,50,80,400,95.3402874075,290,194.6597125925,72.5000000000,48.6649281481,217.5000000000,145.9947844443,72.5000000000,48.6649281481,30.0000000000,315.9000000000,100,1.2900000000,56.0000000000,72.5000000000,48.6649281481
15,175,0.0000000100,3,50,80,400,95.3402874075,290,194.6597125925,72.5000000000,48.6649281481,217.5000000000,145.9947844443,72.5000000000,48.6649281481,30.0000000000,315.9000000000,100,0.8450000000,47.0000000000,72.5000000000,48.6649281481
18,175,0.0000000100,3,50,80,400,95.3402874075,290,194.6597125925,72.5000000000,48.6649281481,217.5000000000,145.9947844443,72.5000000000,48.6649281481,30.0000000000,315.9000000000,100,0.6720000000,47.0000000000,72.5000000000,48.6649281481
21,175,0.0000000100,3,50,80,400,95.3402874075,290,194.6597125925,72.5000000000,48.6649281481,217.5000000000,145.9947844443,72.5000000000,48.6649281481,30.0000000000,315.9000000000,100,0.6210000000,47.0000000000,72.5000000000,48.6649281481
18,75,0.0000000100,3,50,80,400,95.3402874075,290,194.6597125925,72.5000000000,48.6649281481,217.5000000000,145.9947844443,72.5000000000,48.6649281481,30.0000000000,315.9000000000,100,0.3230000000,50.0000000000,72.5000000000,48.6649281481
18,125,0.0000000100,3,50,80,400,95.3402874075,290,194.6597125925,72.5000000000,48.6649281481,217.5000000000,145.9947844443,72.5000000000,48.6649281481,30.0000000000,315.9000000000,100,0.5010000000,57.0000000000,72.5000000000,48.6649281481
18,225,0.0000000100,3,50,80,400,95.3402874075,290,194.6597125925,72.5000000000,48.6649281481,217.5000000000,145.9947844443,72.5000000000,48.6649281481,30.0000000000,315.9000000000,100,0.8780000000,47.0000000000,72.5000000000,48.6649281481
18,275,0.0000000100,3,50,80,400,95.3402874075,290,194.6597125925,72.5000000000,48.6649281481,217.5000000000,145.9947844443,72.5000000000,48.6649281481,30.0000000000,315.9000000000,100,1.1620000000,47.0000000000,72.5000000000,48.6649281481
12,175,0.0000000100,3,50,80,400,95.3402874075,290,194.6597125925,72.5000000000,48.6649281481,217.5000000000,145.9947844443,72.5000000000,48.6649281481,200.0000000000,480.5000000000,100,1.2900000000,56.0000000000,72.5000000000,48.6649281481
15,175,0.0000000100,3,50,80,400,95.3402874075,290,194.6597125925,72.5000000000,48.6649281481,217.5000000000,145.9947844443,72.5000000000,48.6649281481,200.0000000000,480.5000000000,100,0.8450000000,47.0000000000,72.5000000000,48.6649281481
18,175,0.0000000100,3,50,80,400,95.3402874075,290,194.6597125925,72.5000000000,48.6649281481,217.5000000000,145.9947844443,72.5000000000,48.6649281481,200.0000000000,480.5000000000,100,0.6720000000,47.0000000000,72.5000000000,48.6649281481
21,175,0.0000000100,3,50,80,400,95.3402874075,290,194.6597125925,72.5000000000,48.6649281481,217.5000000000,145.9947844443,72.5000000000,48.6649281481,200.0000000000,480.5000000000,100,0.6210000000,47.0000000000,72.5000000000,48.6649281481
18,75,0.0000000100,3,50,80,400,95.3402874075,290,194.6597125925,72.5000000000,48.6649281481,217.5000000000,145.9947844443,72.5000000000,48.6649281481,200.0000000000,480.5000000000,100,0.3230000000,50.0000000000,72.5000000000,48.6649281481
18,125,0.0000000100,3,50,80,400,95.3402874075,290,194.6597125925,72.5000000000,48.6649281481,217.5000000000,145.9947844443,72.5000000000,48.6649281481,200.0000000000,480.5000000000,100,0.5010000000,57.0000000000,72.5000000000,48.6649281481
18,225,0.0000000100,3,50,80,400,95.3402874075,290,194.6597125925,72.5000000000,48.6649281481,217.5000000000,145.9947844443,72.5000000000,48.6649281481,200.0000000000,480.5000000000,100,0.8780000000,47.0000000000,72.5000000000,48.6649281481
18,275,0.0000000100,3,50,80,400,95.3402874075,290,194.6597125925,72.5000000000,48.6649281481,217.5000000000,145.9947844443,72.5000000000,48.6649281481,200.0000000000,480.5000000000,100,1.1620000000,47.0000000000,72.5000000000,48.6649281481
12,175,0.0000000100,3,50,80,400,95.3402874075,290,194.6597125925,72.5000000000,48.6649281481,217.5000000000,145.9947844443,72.5000000000,48.6649281481,500.0000000000,586.0000000000,100,1.2900000000,56.0000000000,72.5000000000,48.6649281481
15,175,0.0000000100,3,50,80,400,95.3402874075,290,194.6597125925,72.5000000000,48.6649281481,217.5000000000,145.9947844443,72.5000000000,48.6649281481,500.0000000000,586.0000000000,100,0.8450000000,47.0000000000,72.5000000000,48.6649281481
18,175,0.0000000100,3,50,80,400,95.3402874075,290,194.6597125925,72.5000000000,48.6649281481,217.5000000000,145.9947844443,72.5000000000,48.6649281481,500.0000000000,586.0000000000,100,0.6720000000,47.0000000000,72.5000000000,48.6649281481
21,175,0.0000000100,3,50,80,400,95.3402874075,290,194.6597125925,72.5000000000,48.6649281481,217.5000000000,145.9947844443,72.5000000000,48.6649281481,500.0000000000,586.0000000000,100,0.6210000000,47.0000000000,72.5000000000,48.6649281481
18,75,0.0000000100,3,50,80,400,95.3402874075,290,194.6597125925,72.5000000000,48.6649281481,217.5000000000,145.9947844443,72.5000000000,48.6649281481,500.0000000000,586.0000000000,100,0.3230000000,50.0000000000,72.5000000000,48.6649281481
18,125,0.0000000100,3,50,80,400,95.3402874075,290,194.6597125925,72.5000000000,48.6649281481,217.5000000000,145.9947844443,72.5000000000,48.6649281481,500.0000000000,586.0000000000,100,0.5010000000,57.0000000000,72.5000000000,48.6649281481
18,225,0.0000000100,3,50,80,400,95.3402874075,290,194.6597125925,72.5000000000,48.6649281481,217.5000000000,145.9947844443,72.5000000000,48.6649281481,500.0000000000,586.0000000000,100,0.8780000000,47.0000000000,72.5000000000,48.6649281481
18,275,0.0000000100,3,50,80,400,95.3402874075,290,194.6597125925,72.5000000000,48.6649281481,217.5000000000,145.9947844443,72.5000000000,48.6649281481,500.0000000000,586.0000000000,100,1.1620000000,47.0000000000,72.5000000000,48.6649281481
15,175,0.0000000100,3,50,80,400,95.3402874075,290,194.6597125925,72.5000000000,48.6649281481,217.5000000000,145.9947844443,63.6700000000,0.0000000000,-1.0000000000,0.0000000000,-1,0.9660000000,47.0000000000,63.6700000000,0.0000000000
18,175,0.0000000100,3,50,80,400,95.3402874075,290,194.6597125925,72.5000000000,48.6649281481,217.5000000000,145.9947844443,63.6700000000,0.0000000000,-1.0000000000,0.0000000000,-1,0.7040000000,47.0000000000,63.6700000000,0.0000000000
21,175,0.0000000100,3,50,80,400,95.3402874075,290,194.6597125925,72.5000000000,48.6649281481,217.5000000000,145.9947844443,63.6700000000,0.0000000000,-1.0000000000,0.0000000000,-1,0.5640000000,47.0000000000,63.6700000000,0.0000000000
24,175,0.0000000100,3,50,80,400,95.3402874075,290,194.6597125925,72.5000000000,48.6649281481,217.5000000000,145.9947844443,63.6700000000,0.0000000000,-1.0000000000,0.0000000000,-1,0.5000000000,47.0000000000,63.6700000000,0.0000000000
18,25,0.0000000100,3,50,80,400,95.3402874075,290,194.6597125925,72.5000000000,48.6649281481,217.5000000000,145.9947844443,63.6700000000,0.0000000000,-1.0000000000,0.0000000000,-1,0.1540000000,55.0000000000,63.6700000000,0.0000000000
18,75,0.0000000100,3,50,80,400,95.3402874075,290,194.6597125925,72.5000000000,48.6649281481,217.5000000000,145.9947844443,63.6700000000,0.0000000000,-1.0000000000,0.0000000000,-1,0.2970000000,50.0000000000,63.6700000000,0.0000000000
18,125,0.0000000100,3,50,80,400,95.3402874075,290,194.6597125925,72.5000000000,48.6649281481,217.5000000000,145.9947844443,63.6700000000,0.0000000000,-1.0000000000,0.0000000000,-1,0.5060000000,57.0000000000,63.6700000000,0.0000000000
18,225,0.0000000100,3,50,80,400,95.3402874075,290,194.6597125925,72.5000000000,48.6649281481,217.5000000000,145.9947844443,63.6700000000,0.0000000000,-1.0000000000,0.0000000000,-1,0.9820000000,47.0000000000,63.6700000000,0.0000000000
18,275,0.0000000100,3,50,80,400,95.3402874075,290,194.6597125925,72.5000000000,48.6649281481,217.5000000000,145.9947844443,63.6700000000,0.0000000000,-1.0000000000,0.0000000000,-1,1.1860000000,47.0000000000,63.6700000000,0.0000000000
18,325,0.0000000100,3,50,80,400,95.3402874075,290,194.6597125925,72.5000000000,48.6649281481,217.5000000000,145.9947844443,63.6700000000,0.0000000000,-1.0000000000,0.0000000000,-1,1.2820000000,47.0000000000,63.6700000000,0.0000000000
15,175,0.0000000100,3,50,80,400,95.3402874075,290,194.6597125925,72.5000000000,48.6649281481,217.5000000000,145.9947844443,63.6700000000,0.0000000000,30.0000000000,315.9000000000,100,0.8550000000,47.0000000000,63.6700000000,0.0000000000
18,175,0.0000000100,3,50,80,400,95.3402874075,290,194.6597125925,72.5000000000,48.6649281481,217.5000000000,145.9947844443,63.6700000000,0.0000000000,30.0000000000,315.9000000000,100,0.7030000000,47.0000000000,63.6700000000,0.0000000000
21,175,0.0000000100,3,50,80,400,95.3402874075,290,194.6597125925,72.5000000000,48.6649281481,217.5000000000,145.9947844443,63.6700000000,0.0000000000,30.0000000000,315.9000000000,100,0.5860000000,47.0000000000,63.6700000000,0.0000000000
24,175,0.0000000100,3,50,80,400,95.3402874075,290,194.6597125925,72.5000000000,48.6649281481,217.5000000000,145.9947844443,63.6700000000,0.0000000000,30.0000000000,315.9000000000,100,0.4940000000,47.0000000000,63.6700000000,0.0000000000
18,25,0.0000000100,3,50,80,400,95.3402874075,290,194.6597125925,72.5000000000,48.6649281481,217.5000000000,145.9947844443,63.6700000000,0.0000000000,30.0000000000,315.9000000000,100,0.1530000000,55.0000000000,63.6700000000,0.0000000000
18,75,0.0000000100,3,50,80,400,95.3402874075,290,194.6597125925,72.5000000000,48.6649281481,217.5000000000,145.9947844443,63.6700000000,0.0000000000,30.0000000000,315.9000000000,100,0.3280000000,50.0000000000,63.6700000000,0.0000000000
18,125,0.0000000100,3,50,80,400,95.3402874075,290,194.6597125925,72.5000000000,48.6649281481,217.5000000000,145.9947844443,63.6700000000,0.0000000000,30.0000000000,315.9000000000,100,0.5120000000,57.0000000000,63.6700000000,0.0000000000
18,225,0.0000000100,3,50,80,400,95.3402874075,290,194.6597125925,72.5000000000,48.6649281481,217.5000000000,145.9947844443,63.6700000000,0.0000000000,30.0000000000,315.9000000000,100,0.9630000000,47.0000000000,63.6700000000,0.0000000000
18,275,0.0000000100,3,50,80,400,95.3402874075,290,194.6597125925,72.5000000000,48.6649281481,217.5000000000,145.9947844443,63.6700000000,0.0000000000,30.0000000000,315.9000000000,100,1.0820000000,47.0000000000,63.6700000000,0.0000000000
18,325,0.0000000100,3,50,80,400,95.3402874075,290,194.6597125925,72.5000000000,48.6649281481,217.5000000000,145.9947844443,63.6700000000,0.0000000000,30.0000000000,315.9000000000,100,1.2730000000,47.0000000000,63.6700000000,0.0000000000
15,175,0.0000000100,3,50,80,400,95.3402874075,290,194.6597125925,72.5000000000,48.6649281481,217.5000000000,145.9947844443,63.6700000000,0.0000000000,200.0000000000,480.5000000000,100,0.8550000000,47.0000000000,63.6700000000,0.0000000000
18,175,0.0000000100,3,50,80,400,95.3402874075,290,194.6597125925,72.5000000000,48.6649281481,217.5000000000,145.9947844443,63.6700000000,0.0000000000,200.0000000000,480.5000000000,100,0.7030000000,47.0000000000,63.6700000000,0.0000000000
21,175,0.0000000100,3,50,80,400,95.3402874075,290,194.6597125925,72.5000000000,48.6649281481,217.5000000000,145.9947844443,63.6700000000,0.0000000000,200.0000000000,480.5000000000,100,0.5860000000,47.0000000000,63.6700000000,0.0000000000
24,175,0.0000000100,3,50,80,400,95.3402874075,290,194.6597125925,72.5000000000,48.6649281481,217.5000000000,145.9947844443,63.6700000000,0.0000000000,200.0000000000,480.5000000000,100,0.4940000000,47.0000000000,63.6700000000,0.0000000000
18,25,0.0000000100,3,50,80,400,95.3402874075,290,194.6597125925,72.5000000000,48.6649281481,217.5000000000,145.9947844443,63.6700000000,0.0000000000,200.0000000000,480.5000000000,100,0.1530000000,55.0000000000,63.6700000000,0.0000000000
18,75,0.0000000100,3,50,80,400,95.3402874075,290,194.6597125925,72.5000000000,48.6649281481,217.5000000000,145.9947844443,63.6700000000,0.0000000000,200.0000000000,480.5000000000,100,0.3280000000,50.0000000000,63.6700000000,0.0000000000
18,125,0.0000000100,3,50,80,400,95.3402874075,290,194.6597125925,72.5000000000,48.6649281481,217.5000000000,145.9947844443,63.6700000000,0.0000000000,200.0000000000,480.5000000000,100,0.5120000000,57.0000000000,63.6700000000,0.0000000000
18,225,0.0000000100,3,50,80,400,95.3402874075,290,194.6597125925,72.5000000000,48.6649281481,217.5000000000,145.9947844443,63.6700000000,0.0000000000,200.0000000000,480.5000000000,100,0.9630000000,47.0000000000,63.6700000000,0.0000000000
18,275,0.0000000100,3,50,80,400,95.3402874075,290,194.6597125925,72.5000000000,48.6649281481,217.5000000000,145.9947844443,63.6700000000,0.0000000000,200.0000000000,480.5000000000,100,1.0820000000,47.0000000000,63.6700000000,0.0000000000
18,325,0.0000000100,3,50,80,400,95.3402874075,290,194.6597125925,72.5000000000,48.6649281481,217.5000000000,145.9947844443,63.6700000000,0.0000000000,200.0000000000,480.5000000000,100,1.2730000000,47.0000000000,63.6700000000,0.0000000000
15,175,0.0000000100,3,50,80,400,95.3402874075,290,194.6597125925,72.5000000000,48.6649281481,217.5000000000,145.9947844443,63.6700000000,0.0000000000,500.0000000000,586.0000000000,100,0.8550000000,47.0000000000,63.6700000000,0.0000000000
18,175,0.0000000100,3,50,80,400,95.3402874075,290,194.6597125925,72.5000000000,48.6649281481,217.5000000000,145.9947844443,63.6700000000,0.0000000000,500.0000000000,586.0000000000,100,0.7030000000,47.0000000000,63.6700000000,0.0000000000
21,175,0.0000000100,3,50,80,400,95.3402874075,290,194.6597125925,72.5000000000,48.6649281481,217.5000000000,145.9947844443,63.6700000000,0.0000000000,500.0000000000,586.0000000000,100,0.5860000000,47.0000000000,63.6700000000,0.0000000000
24,175,0.0000000100,3,50,80,400,95.3402874075,290,194.6597125925,72.5000000000,48.6649281481,217.5000000000,145.9947844443,63.6700000000,0.0000000000,500.0000000000,586.0000000000,100,0.4940000000,47.0000000000,63.6700000000,0.0000000000
18,25,0.0000000100,3,50,80,400,95.3402874075,290,194.6597125925,72.5000000000,48.6649281481,217.5000000000,145.9947844443,63.6700000000,0.0000000000,500.0000000000,586.0000000000,100,0.1530000000,55.0000000000,63.6700000000,0.0000000000
18,75,0.0000000100,3,50,80,400,95.3402874075,290,194.6597125925,72.5000000000,48.6649281481,217.5000000000,145.9947844443,63.6700000000,0.0000000000,500.0000000000,586.0000000000,100,0.3280000000,50.0000000000,63.6700000000,0.0000000000
18,125,0.0000000100,3,50,80,400,95.3402874075,290,194.6597125925,72.5000000000,48.6649281481,217.5000000000,145.9947844443,63.6700000000,0.0000000000,500.0000000000,586.0000000000,100,0.5120000000,57.0000000000,63.6700000000,0.0000000000
18,225,0.0000000100,3,50,80,400,95.3402874075,290,194.6597125925,72.5000000000,48.6649281481,217.5000000000,145.9947844443,63.6700000000,0.0000000000,500.0000000000,586.0000000000,100,0.9630000000,47.0000000000,63.6700000000,0.0000000000
18,275,0.0000000100,3,50,80,400,95.3402874075,290,194.6597125925,72.5000000000,48.6649281481,217.5000000000,145.9947844443,63.6700000000,0.0000000000,500.0000000000,586.0000000000,100,1.0820000000,47.0000000000,63.6700000000,0.0000000000
18,325,0.0000000100,3,50,80,400,95.3402874075,290,194.6597125925,72.5000000000,48.6649281481,217.5000000000,145.9947844443,63.6700000000,0.0000000000,500.0000000000,586.0000000000,100,1.2730000000,47.0000000000,63.6700000000,0.0000000000
12,175,0.0000000100,3,50,80,400,95.3402874075,290,194.6597125925,95.3402874075,0.0000000000,194.6597125925,194.6597125925,0.0000000000,0.0000000000,-1.0000000000,0.0000000000,-1,1.0000000000,66.0000000000,0.0000000000,0.0000000000
15,175,0.0000000100,3,50,80,400,95.3402874075,290,194.6597125925,95.3402874075,0.0000000000,194.6597125925,194.6597125925,0.0000000000,0.0000000000,-1.0000000000,0.0000000000,-1,0.7230000000,66.0000000000,0.0000000000,0.0000000000
18,175,0.0000000100,3,50,80,400,95.3402874075,290,194.6597125925,95.3402874075,0.0000000000,194.6597125925,194.6597125925,0.0000000000,0.0000000000,-1.0000000000,0.0000000000,-1,0.6020000000,66.0000000000,0.0000000000,0.0000000000
21,175,0.0000000100,3,50,80,400,95.3402874075,290,194.6597125925,95.3402874075,0.0000000000,194.6597125925,194.6597125925,0.0000000000,0.0000000000,-1.0000000000,0.0000000000,-1,0.5160000000,66.0000000000,0.0000000000,0.0000000000
18,25,0.0000000100,3,50,80,400,95.3402874075,290,194.6597125925,95.3402874075,0.0000000000,194.6597125925,194.6597125925,0.0000000000,0.0000000000,-1.0000000000,0.0000000000,-1,0.1060000000,66.0000000000,0.0000000000,0.0000000000
18,75,0.0000000100,3,50,80,400,95.3402874075,290,194.6597125925,95.3402874075,0.0000000000,194.6597125925,194.6597125925,0.0000000000,0.0000000000,-1.0000000000,0.0000000000,-1,0.2550000000,66.0000000000,0.0000000000,0.0000000000
18,125,0.0000000100,3,50,80,400,95.3402874075,290,194.6597125925,95.3402874075,0.0000000000,194.6597125925,194.6597125925,0.0000000000,0.0000000000,-1.0000000000,0.0000000000,-1,0.4300000000,66.0000000000,0.0000000000,0.0000000000
18,225,0.0000000100,3,50,80,400,95.3402874075,290,194.6597125925,95.3402874075,0.0000000000,194.6597125925,194.6597125925,0.0000000000,0.0000000000,-1.0000000000,0.0000000000,-1,0.8570000000,66.0000000000,0.0000000000,0.0000000000
18,275,0.0000000100,3,50,80,400,95.3402874075,290,194.6597125925,95.3402874075,0.0000000000,194.6597125925,194.6597125925,0.0000000000,0.0000000000,-1.0000000000,0.0000000000,-1,0.9570000000,66.0000000000,0.0000000000,0.0000000000
12,175,0.0000000100,3,50,80,400,95.3402874075,290,194.6597125925,95.3402874075,0.0000000000,194.6597125925,194.6597125925,0.0000000000,0.0000000000,30.0000000000,315.9000000000,100,1.0000000000,66.0000000000,0.0000000000,0.0000000000
15,175,0.0000000100,3,50,80,400,95.3402874075,290,194.6597125925,95.3402874075,0.0000000000,194.6597125925,194.6597125925,0.0000000000,0.0000000000,30.0000000000,315.9000000000,100,0.7230000000,66.0000000000,0.0000000000,0.0000000000
18,175,0.0000000100,3,50,80,400,95.3402874075,290,194.6597125925,95.3402874075,0.0000000000,194.6597125925,194.6597125925,0.0000000000,0.0000000000,30.0000000000,315.9000000000,100,0.6020000000,66.0000000000,0.0000000000,0.0000000000
21,175,0.0000000100,3,50,80,400,95.3402874075,290,194.6597125925,95.3402874075,0.0000000000,194.6597125925,194.6597125925,0.0000000000,0.0000000000,30.0000000000,315.9000000000,100,0.5160000000,66.0000000000,0.0000000000,0.0000000000
18,25,0.0000000100,3,50,80,400,95.3402874075,290,194.6597125925,95.3402874075,0.0000000000,194.6597125925,194.6597125925,0.0000000000,0.0000000000,30.0000000000,315.9000000000,100,0.1060000000,66.0000000000,0.0000000000,0.0000000000
18,75,0.0000000100,3,50,80,400,95.3402874075,290,194.6597125925,95.3402874075,0.0000000000,194.6597125925,194.6597125925,0.0000000000,0.0000000000,30.0000000000,315.9000000000,100,0.2550000000,66.0000000000,0.0000000000,0.0000000000
18,125,0.0000000100,3,50,80,400,95.3402874075,290,194.6597125925,95.3402874075,0.0000000000,194.6597125925,194.6597125925,0.0000000000,0.0000000000,30.0000000000,315.9000000000,100,0.4300000000,66.0000000000,0.0000000000,0.0000000000
18,225,0.0000000100,3,50,80,400,95.3402874075,290,194.6597125925,95.3402874075,0.0000000000,194.6597125925,194.6597125925,0.0000000000,0.0000000000,30.0000000000,315.9000000000,100,0.8570000000,66.0000000000,0.0000000000,0.0000000000
18,275,0.0000000100,3,50,80,400,95.3402874075,290,194.6597125925,95.3402874075,0.0000000000,194.6597125925,194.6597125925,0.0000000000,0.0000000000,30.0000000000,315.9000000000,100,0.9570000000,66.0000000000,0.0000000000,0.0000000000
12,175,0.0000000100,3,50,80,400,95.3402874075,290,194.6597125925,95.3402874075,0.0000000000,194.6597125925,194.6597125925,0.0000000000,0.0000000000,200.0000000000,480.5000000000,100,1.0000000000,66.0000000000,0.0000000000,0.0000000000
15,175,0.0000000100,3,50,80,400,95.3402874075,290,194.6597125925,95.3402874075,0.0000000000,194.6597125925,194.6597125925,0.0000000000,0.0000000000,200.0000000000,480.5000000000,100,0.7230000000,66.0000000000,0.0000000000,0.0000000000
18,175,0.0000000100,3,50,80,400,95.3402874075,290,194.6597125925,95.3402874075,0.0000000000,194.6597125925,194.6597125925,0.0000000000,0.0000000000,200.0000000000,480.5000000000,100,0.6020000000,66.0000000000,0.0000000000,0.0000000000
21,175,0.0000000100,3,50,80,400,95.3402874075,290,194.6597125925,95.3402874075,0.0000000000,194.6597125925,194.6597125925,0.0000000000,0.0000000000,200.0000000000,480.5000000000,100,0.5160000000,66.0000000000,0.0000000000,0.0000000000
18,25,0.0000000100,3,50,80,400,95.3402874075,290,194.6597125925,95.3402874075,0.0000000000,194.6597125925,194.6597125925,0.0000000000,0.0000000000,200.0000000000,480.5000000000,100,0.1060000000,66.0000000000,0.0000000000,0.0000000000
18,75,0.0000000100,3,50,80,400,95.3402874075,290,194.6597125925,95.3402874075,0.0000000000,194.6597125925,194.6597125925,0.0000000000,0.0000000000,200.0000000000,480.5000000000,100,0.2550000000,66.0000000000,0.0000000000,0.0000000000
18,125,0.0000000100,3,50,80,400,95.3402874075,290,194.6597125925,95.3402874075,0.0000000000,194.6597125925,194.6597125925,0.0000000000,0.0000000000,200.0000000000,480.5000000000,100,0.4300000000,66.0000000000,0.0000000000,0.0000000000
18,225,0.0000000100,3,50,80,400,95.3402874075,290,194.6597125925,95.3402874075,0.0000000000,194.6597125925,194.6597125925,0.0000000000,0.0000000000,200.0000000000,480.5000000000,100,0.8570000000,66.0000000000,0.0000000000,0.0000000000
18,275,0.0000000100,3,50,80,400,95.3402874075,290,194.6597125925,95.3402874075,0.0000000000,194.6597125925,194.6597125925,0.0000000000,0.0000000000,200.0000000000,480.5000000000,100,0.9570000000,66.0000000000,0.0000000000,0.0000000000
12,175,0.0000000100,3,50,80,400,95.3402874075,290,194.6597125925,95.3402874075,0.0000000000,194.6597125925,194.6597125925,0.0000000000,0.0000000000,500.0000000000,586.0000000000,100,1.0000000000,66.0000000000,0.0000000000,0.0000000000
15,175,0.0000000100,3,50,80,400,95.3402874075,290,194.6597125925,95.3402874075,0.0000000000,194.6597125925,194.6597125925,0.0000000000,0.0000000000,500.0000000000,586.0000000000,100,0.7230000000,66.0000000000,0.0000000000,0.0000000000
18,175,0.0000000100,3,50,80,400,95.3402874075,290,194.6597125925,95.3402874075,0.0000000000,194.6597125925,194.6597125925,0.0000000000,0.0000000000,500.0000000000,586.0000000000,100,0.6020000000,66.0000000000,0.0000000000,0.0000000000
21,175,0.0000000100,3,50,80,400,95.3402874075,290,194.6597125925,95.3402874075,0.0000000000,194.6597125925,194.6597125925,0.0000000000,0.0000000000,500.0000000000,586.0000000000,100,0.5160000000,66.0000000000,0.0000000000,0.0000000000
18,25,0.0000000100,3,50,80,400,95.3402874075,290,194.6597125925,95.3402874075,0.0000000000,194.6597125925,194.6597125925,0.0000000000,0.0000000000,500.0000000000,586.0000000000,100,0.1060000000,66.0000000000,0.0000000000,0.0000000000
18,75,0.0000000100,3,50,80,400,95.3402874075,290,194.6597125925,95.3402874075,0.0000000000,194.6597125925,194.6597125925,0.0000000000,0.0000000000,500.0000000000,586.0000000000,100,0.2550000000,66.0000000000,0.0000000000,0.0000000000
18,125,0.0000000100,3,50,80,400,95.3402874075,290,194.6597125925,95.3402874075,0.0000000000,194.6597125925,194.6597125925,0.0000000000,0.0000000000,500.0000000000,586.0000000000,100,0.4300000000,66.0000000000,0.0000000000,0.0000000000
18,225,0.0000000100,3,50,80,400,95.3402874075,290,194.6597125925,95.3402874075,0.0000000000,194.6597125925,194.6597125925,0.0000000000,0.0000000000,500.0000000000,586.0000000000,100,0.8570000000,66.0000000000,0.0000000000,0.0000000000
18,275,0.0000000100,3,50,80,400,95.3402874075,290,194.6597125925,95.3402874075,0.0000000000,194.6597125925,194.6597125925,0.0000000000,0.0000000000,500.0000000000,586.0000000000,100,0.9570000000,66.0000000000,0.0000000000,0.0000000000
12,175,0.0000000100,3,50,80,400,95.3402874075,290,194.6597125925,95.3402874075,0.0000000000,194.6597125925,194.6597125925,95.3402874075,0.0000000000,-1.0000000000,0.0000000000,-1,1.2760000000,66.0000000000,95.3402874075,0.0000000000
15,175,0.0000000100,3,50,80,400,95.3402874075,290,194.6597125925,95.3402874075,0.0000000000,194.6597125925,194.6597125925,95.3402874075,0.0000000000,-1.0000000000,0.0000000000,-1,0.7890000000,66.0000000000,95.3402874075,0.0000000000
21,175,0.0000000100,3,50,80,400,95.3402874075,290,194.6597125925,95.3402874075,0.0000000000,194.6597125925,194.6597125925,95.3402874075,0.0000000000,-1.0000000000,0.0000000000,-1,0.5530000000,66.0000000000,95.3402874075,0.0000000000
18,25,0.0000000100,3,50,80,400,95.3402874075,290,194.6597125925,95.3402874075,0.0000000000,194.6597125925,194.6597125925,95.3402874075,0.0000000000,-1.0000000000,0.0000000000,-1,0.1050000000,66.0000000000,95.3402874075,0.0000000000
18,75,0.0000000100,3,50,80,400,95.3402874075,290,194.6597125925,95.3402874075,0.0000000000,194.6597125925,194.6597125925,95.3402874075,0.0000000000,-1.0000000000,0.0000000000,-1,0.2790000000,66.0000000000,95.3402874075,0.0000000000
18,125,0.0000000100,3,50,80,400,95.3402874075,290,194.6597125925,95.3402874075,0.0000000000,194.6597125925,194.6597125925,95.3402874075,0.0000000000,-1.0000000000,0.0000000000,-1,0.4650000000,66.0000000000,95.3402874075,0.0000000000
18,225,0.0000000100,3,50,80,400,95.3402874075,290,194.6597125925,95.3402874075,0.0000000000,194.6597125925,194.6597125925,95.3402874075,0.0000000000,-1.0000000000,0.0000000000,-1,0.8350000000,66.0000000000,95.3402874075,0.0000000000
18,325,0.0000000100,3,50,80,400,95.3402874075,290,194.6597125925,95.3402874075,0.0000000000,194.6597125925,194.6597125925,95.3402874075,0.0000000000,-1.0000000000,0.0000000000,-1,1.2080000000,66.0000000000,95.3402874075,0.0000000000
12,175,0.0000000100,3,50,80,400,95.3402874075,290,194.6597125925,95.3402874075,0.0000000000,194.6597125925,194.6597125925,95.3402874075,0.0000000000,30.0000000000,315.9000000000,100,1.2770000000,66.0000000000,95.3402874075,0.0000000000
15,175,0.0000000100,3,50,80,400,95.3402874075,290,194.6597125925,95.3402874075,0.0000000000,194.6597125925,194.6597125925,95.3402874075,0.0000000000,30.0000000000,315.9000000000,100,0.7840000000,66.0000000000,95.3402874075,0.0000000000
21,175,0.0000000100,3,50,80,400,95.3402874075,290,194.6597125925,95.3402874075,0.0000000000,194.6597125925,194.6597125925,95.3402874075,0.0000000000,30.0000000000,315.9000000000,100,0.5450000000,66.0000000000,95.3402874075,0.0000000000
18,25,0.0000000100,3,50,80,400,95.3402874075,290,194.6597125925,95.3402874075,0.0000000000,194.6597125925,194.6597125925,95.3402874075,0.0000000000,30.0000000000,315.9000000000,100,0.1070000000,66.0000000000,95.3402874075,0.0000000000
18,75,0.0000000100,3,50,80,400,95.3402874075,290,194.6597125925,95.3402874075,0.0000000000,194.6597125925,194.6597125925,95.3402874075,0.0000000000,30.0000000000,315.9000000000,100,0.2750000000,66.0000000000,95.3402874075,0.0000000000
18,125,0.0000000100,3,50,80,400,95.3402874075,290,194.6597125925,95.3402874075,0.0000000000,194.6597125925,194.6597125925,95.3402874075,0.0000000000,30.0000000000,315.9000000000,100,0.4620000000,66.0000000000,95.3402874075,0.0000000000
18,225,0.0000000100,3,50,80,400,95.3402874075,290,194.6597125925,95.3402874075,0.0000000000,194.6597125925,194.6597125925,95.3402874075,0.0000000000,30.0000000000,315.9000000000,100,1.0250000000,66.0000000000,95.3402874075,0.0000000000
18,325,0.0000000100,3,50,80,400,95.3402874075,290,194.6597125925,95.3402874075,0.0000000000,194.6597125925,194.6597125925,95.3402874075,0.0000000000,30.0000000000,315.9000000000,100,1.2000000000,66.0000000000,95.3402874075,0.0000000000
12,175,0.0000000100,3,50,80,400,95.3402874075,290,194.6597125925,95.3402874075,0.0000000000,194.6597125925,194.6597125925,95.3402874075,0.0000000000,200.0000000000,480.5000000000,100,1.2770000000,66.0000000000,95.3402874075,0.0000000000
15,175,0.0000000100,3,50,80,400,95.3402874075,290,194.6597125925,95.3402874075,0.0000000000,194.6597125925,194.6597125925,95.3402874075,0.0000000000,200.0000000000,480.5000000000,100,0.7840000000,66.0000000000,95.3402874075,0.0000000000
21,175,0.0000000100,3,50,80,400,95.3402874075,290,194.6597125925,95.3402874075,0.0000000000,194.6597125925,194.6597125925,95.3402874075,0.0000000000,200.0000000000,480.5000000000,100,0.5450000000,66.0000000000,95.3402874075,0.0000000000
18,25,0.0000000100,3,50,80,400,95.3402874075,290,194.6597125925,95.3402874075,0.0000000000,194.6597125925,194.6597125925,95.3402874075,0.0000000000,200.0000000000,480.5000000000,100,0.1070000000,66.0000000000,95.3402874075,0.0000000000
18,75,0.0000000100,3,50,80,400,95.3402874075,290,194.6597125925,95.3402874075,0.0000000000,194.6597125925,194.6597125925,95.3402874075,0.0000000000,200.0000000000,480.5000000000,100,0.2750000000,66.0000000000,95.3402874075,0.0000000000
18,125,0.0000000100,3,50,80,400,95.3402874075,290,194.6597125925,95.3402874075,0.0000000000,194.6597125925,194.6597125925,95.3402874075,0.0000000000,200.0000000000,480.5000000000,100,0.4620000000,66.0000000000,95.3402874075,0.0000000000
18,225,0.0000000100,3,50,80,400,95.3402874075,290,194.6597125925,95.3402874075,0.0000000000,194.6597125925,194.6597125925,95.3402874075,0.0000000000,200.0000000000,480.5000000000,100,1.0250000000,66.0000000000,95.3402874075,0.0000000000
18,325,0.0000000100,3,50,80,400,95.3402874075,290,194.6597125925,95.3402874075,0.0000000000,194.6597125925,194.6597125925,95.3402874075,0.0000000000,200.0000000000,480.5000000000,100,1.2000000000,66.0000000000,95.3402874075,0.0000000000
12,175,0.0000000100,3,50,80,400,95.3402874075,290,194.6597125925,95.3402874075,0.0000000000,194.6597125925,194.6597125925,95.3402874075,0.0000000000,500.0000000000,586.0000000000,100,1.2770000000,66.0000000000,95.3402874075,0.0000000000
15,175,0.0000000100,3,50,80,400,95.3402874075,290,194.6597125925,95.3402874075,0.0000000000,194.6597125925,194.6597125925,95.3402874075,0.0000000000,500.0000000000,586.0000000000,100,0.7840000000,66.0000000000,95.3402874075,0.0000000000
21,175,0.0000000100,3,50,80,400,95.3402874075,290,194.6597125925,95.3402874075,0.0000000000,194.6597125925,194.6597125925,95.3402874075,0.0000000000,500.0000000000,586.0000000000,100,0.5450000000,66.0000000000,95.3402874075,0.0000000000
18,25,0.0000000100,3,50,80,400,95.3402874075,290,194.6597125925,95.3402874075,0.0000000000,194.6597125925,194.6597125925,95.3402874075,0.0000000000,500.0000000000,586.0000000000,100,0.1070000000,66.0000000000,95.3402874075,0.0000000000
18,75,0.0000000100,3,50,80,400,95.3402874075,290,194.6597125925,95.3402874075,0.0000000000,194.6597125925,194.6597125925,95.3402874075,0.0000000000,500.0000000000,586.0000000000,100,0.2750000000,66.0000000000,95.3402874075,0.0000000000
18,125,0.0000000100,3,50,80,400,95.3402874075,290,194.6597125925,95.3402874075,0.0000000000,194.6597125925,194.6597125925,95.3402874075,0.0000000000,500.0000000000,586.0000000000,100,0.4620000000,66.0000000000,95.3402874075,0.0000000000
18,225,0.0000000100,3,50,80,400,95.3402874075,290,194.6597125925,95.3402874075,0.0000000000,194.6597125925,194.6597125925,95.3402874075,0.0000000000,500.0000000000,586.0000000000,100,1.0250000000,66.0000000000,95.3402874075,0.0000000000
18,325,0.0000000100,3,50,80,400,95.3402874075,290,194.6597125925,95.3402874075,0.0000000000,194.6597125925,194.6597125925,95.3402874075,0.0000000000,500.0000000000,586.0000000000,100,1.2000000000,66.0000000000,95.3402874075,0.0000000000
12,175,0.0000000100,3,50,80,400,95.3402874075,290,194.6597125925,95.3402874075,0.0000000000,194.6597125925,194.6597125925,63.6700000000,0.0000000000,-1.0000000000,0.0000000000,-1,1.0800000000,66.0000000000,63.6700000000,0.0000000000
18,175,0.0000000100,3,50,80,400,95.3402874075,290,194.6597125925,95.3402874075,0.0000000000,194.6597125925,194.6597125925,63.6700000000,0.0000000000,-1.0000000000,0.0000000000,-1,0.6400000000,66.0000000000,63.6700000000,0.0000000000
24,175,0.0000000100,3,50,80,400,95.3402874075,290,194.6597125925,95.3402874075,0.0000000000,194.6597125925,194.6597125925,63.6700000000,0.0000000000,-1.0000000000,0.0000000000,-1,0.4780000000,66.0000000000,63.6700000000,0.0000000000
18,25,0.0000000100,3,50,80,400,95.3402874075,290,194.6597125925,95.3402874075,0.0000000000,194.6597125925,194.6597125925,63.6700000000,0.0000000000,-1.0000000000,0.0000000000,-1,0.1070000000,66.0000000000,63.6700000000,0.0000000000
18,125,0.0000000100,3,50,80,400,95.3402874075,290,194.6597125925,95.3402874075,0.0000000000,194.6597125925,194.6597125925,63.6700000000,0.0000000000,-1.0000000000,0.0000000000,-1,0.4520000000,66.0000000000,63.6700000000,0.0000000000
18,225,0.0000000100,3,50,80,400,95.3402874075,290,194.6597125925,95.3402874075,0.0000000000,194.6597125925,194.6597125925,63.6700000000,0.0000000000,-1.0000000000,0.0000000000,-1,0.8230000000,66.0000000000,63.6700000000,0.0000000000
18,275,0.0000000100,3,50,80,400,95.3402874075,290,194.6597125925,95.3402874075,0.0000000000,194.6597125925,194.6597125925,63.6700000000,0.0000000000,-1.0000000000,0.0000000000,-1,1.0060000000,66.0000000000,63.6700000000,0.0000000000
18,325,0.0000000100,3,50,80,400,95.3402874075,290,194.6597125925,95.3402874075,0.0000000000,194.6597125925,194.6597125925,63.6700000000,0.0000000000,-1.0000000000,0.0000000000,-1,1.1980000000,66.0000000000,63.6700000000,0.0000000000
12,175,0.0000000100,3,50,80,400,95.3402874075,290,194.6597125925,95.3402874075,0.0000000000,194.6597125925,194.6597125925,63.6700000000,0.0000000000,30.0000000000,315.9000000000,100,0.9770000000,66.0000000000,63.6700000000,0.0000000000
18,175,0.0000000100,3,50,80,400,95.3402874075,290,194.6597125925,95.3402874075,0.0000000000,194.6597125925,194.6597125925,63.6700000000,0.0000000000,30.0000000000,315.9000000000,100,0.6360000000,66.0000000000,63.6700000000,0.0000000000
24,175,0.0000000100,3,50,80,400,95.3402874075,290,194.6597125925,95.3402874075,0.0000000000,194.6597125925,194.6597125925,63.6700000000,0.0000000000,30.0000000000,315.9000000000,100,0.4760000000,66.0000000000,63.6700000000,0.0000000000
18,25,0.0000000100,3,50,80,400,95.3402874075,290,194.6597125925,95.3402874075,0.0000000000,194.6597125925,194.6597125925,63.6700000000,0.0000000000,30.0000000000,315.9000000000,100,0.1070000000,66.0000000000,63.6700000000,0.0000000000
18,125,0.0000000100,3,50,80,400,95.3402874075,290,194.6597125925,95.3402874075,0.0000000000,194.6597125925,194.6597125925,63.6700000000,0.0000000000,30.0000000000,315.9000000000,100,0.4500000000,66.0000000000,63.6700000000,0.0000000000
18,225,0.0000000100,3,50,80,400,95.3402874075,290,194.6597125925,95.3402874075,0.0000000000,194.6597125925,194.6597125925,63.6700000000,0.0000000000,30.0000000000,315.9000000000,100,0.8250000000,66.0000000000,63.6700000000,0.0000000000
18,275,0.0000000100,3,50,80,400,95.3402874075,290,194.6597125925,95.3402874075,0.0000000000,194.6597125925,194.6597125925,63.6700000000,0.0000000000,30.0000000000,315.9000000000,100,1.0000000000,66.0000000000,63.6700000000,0.0000000000
18,325,0.0000000100,3,50,80,400,95.3402874075,290,194.6597125925,95.3402874075,0.0000000000,194.6597125925,194.6597125925,63.6700000000,0.0000000000,30.0000000000,315.9000000000,100,1.2930000000,66.0000000000,63.6700000000,0.0000000000
12,175,0.0000000100,3,50,80,400,95.3402874075,290,194.6597125925,95.3402874075,0.0000000000,194.6597125925,194.6597125925,63.6700000000,0.0000000000,200.0000000000,480.5000000000,100,0.9770000000,66.0000000000,63.6700000000,0.0000000000
18,175,0.0000000100,3,50,80,400,95.3402874075,290,194.6597125925,95.3402874075,0.0000000000,194.6597125925,194.6597125925,63.6700000000,0.0000000000,200.0000000000,480.5000000000,100,0.6360000000,66.0000000000,63.6700000000,0.0000000000
24,175,0.0000000100,3,50,80,400,95.3402874075,290,194.6597125925,95.3402874075,0.0000000000,194.6597125925,194.6597125925,63.6700000000,0.0000000000,200.0000000000,480.5000000000,100,0.4760000000,66.0000000000,63.6700000000,0.0000000000
18,25,0.0000000100,3,50,80,400,95.3402874075,290,194.6597125925,95.3402874075,0.0000000000,194.6597125925,194.6597125925,63.6700000000,0.0000000000,200.0000000000,480.5000000000,100,0.1070000000,66.0000000000,63.6700000000,0.0000000000
18,125,0.0000000100,3,50,80,400,95.3402874075,290,194.6597125925,95.3402874075,0.0000000000,194.6597125925,194.6597125925,63.6700000000,0.0000000000,200.0000000000,480.5000000000,100,0.4500000000,66.0000000000,63.6700000000,0.0000000000
18,225,0.0000000100,3,50,80,400,95.3402874075,290,194.6597125925,95.3402874075,0.0000000000,194.6597125925,194.6597125925,63.6700000000,0.0000000000,200.0000000000,480.5000000000,100,0.8250000000,66.0000000000,63.6700000000,0.0000000000
18,275,0.0000000100,3,50,80,400,95.3402874075,290,194.6597125925,95.3402874075,0.0000000000,194.6597125925,194.6597125925,63.6700000000,0.0000000000,200.0000000000,480.5000000000,100,1.0000000000,66.0000000000,63.6700000000,0.0000000000
18,325,0.0000000100,3,50,80,400,95.3402874075,290,194.6597125925,95.3402874075,0.0000000000,194.6597125925,194.6597125925,63.6700000000,0.0000000000,200.0000000000,480.5000000000,100,1.2930000000,66.0000000000,63.6700000000,0.0000000000
12,175,0.0000000100,3,50,80,400,95.3402874075,290,194.6597125925,95.3402874075,0.0000000000,194.6597125925,194.6597125925,63.6700000000,0.0000000000,500.0000000000,586.0000000000,100,0.9770000000,66.0000000000,63.6700000000,0.0000000000
18,175,0.0000000100,3,50,80,400,95.3402874075,290,194.6597125925,95.3402874075,0.0000000000,194.6597125925,194.6597125925,63.6700000000,0.0000000000,500.0000000000,586.0000000000,100,0.6360000000,66.0000000000,63.6700000000,0.0000000000
24,175,0.0000000100,3,50,80,400,95.3402874075,290,194.6597125925,95.3402874075,0.0000000000,194.6597125925,194.6597125925,63.6700000000,0.0000000000,500.0000000000,586.0000000000,100,0.4760000000,66.0000000000,63.6700000000,0.0000000000
18,25,0.0000000100,3,50,80,400,95.3402874075,290,194.6597125925,95.3402874075,0.0000000000,194.6597125925,194.6597125925,63.6700000000,0.0000000000,500.0000000000,586.0000000000,100,0.1070000000,66.0000000000,63.6700000000,0.0000000000
18,125,0.0000000100,3,50,80,400,95.3402874075,290,194.6597125925,95.3402874075,0.0000000000,194.6597125925,194.6597125925,63.6700000000,0.0000000000,500.0000000000,586.0000000000,100,0.4500000000,66.0000000000,63.6700000000,0.0000000000
18,225,0.0000000100,3,50,80,400,95.3402874075,290,194.6597125925,95.3402874075,0.0000000000,194.6597125925,194.6597125925,63.6700000000,0.0000000000,500.0000000000,586.0000000000,100,0.8250000000,66.0000000000,63.6700000000,0.0000000000
18,275,0.0000000100,3,50,80,400,95.3402874075,290,194.6597125925,95.3402874075,0.0000000000,194.6597125925,194.6597125925,63.6700000000,0.0000000000,500.0000000000,586.0000000000,100,1.0000000000,66.0000000000,63.6700000000,0.0000000000
18,325,0.0000000100,3,50,80,400,95.3402874075,290,194.6597125925,95.3402874075,0.0000000000,194.6597125925,194.6597125925,63.6700000000,0.0000000000,500.0000000000,586.0000000000,100,1.2930000000,66.0000000000,63.6700000000,0.0000000000
